{"0": {"mean": -0.28756049275398254, "variance": 0.017308950424194336, "std_dev": 0.1315634846687317, "median": -0.31015878915786743, "range": 0.6288362145423889, "iq_range": 0.14181947335600853, "density": 0.23499396094646416, "accuracy": 1.0, "distance": 0.36358776688575745}, "1": {"mean": -0.287805438041687, "variance": 0.017168017104268074, "std_dev": 0.13102677464485168, "median": -0.3099881410598755, "range": 0.6191851496696472, "iq_range": 0.14317387342453003, "density": 0.23809059523003065, "accuracy": -1.0, "distance": 0.9703585505485535}, "2": {"mean": -0.28438037633895874, "variance": 0.01912778429687023, "std_dev": 0.1383032351732254, "median": -0.29331135749816895, "range": 0.6191851496696472, "iq_range": 0.16537941992282867, "density": 0.23579632550446586, "accuracy": -1.0, "distance": 0.44462451338768005}, "3": {"mean": -0.2869153320789337, "variance": 0.017679570242762566, "std_dev": 0.13296455144882202, "median": -0.3042263984680176, "range": 0.588631808757782, "iq_range": 0.16928616538643837, "density": 0.23597351458851368, "accuracy": -1.0, "distance": 0.6946749687194824}, "4": {"mean": -0.2877998650074005, "variance": 0.0171712264418602, "std_dev": 0.13103902339935303, "median": -0.30163314938545227, "range": 0.6288362145423889, "iq_range": 0.1505935788154602, "density": 0.23531264408644922, "accuracy": -1.0, "distance": 0.5579094290733337}, "5": {"mean": -0.2908526062965393, "variance": 0.015404762700200081, "std_dev": 0.12411592155694962, "median": -0.31517595052719116, "range": 0.6007345914840698, "iq_range": 0.11892484873533249, "density": 0.235982223665784, "accuracy": -1.0, "distance": 0.5584637522697449}, "6": {"mean": -0.28510403633117676, "variance": 0.018715685233473778, "std_dev": 0.13680528104305267, "median": -0.2975178360939026, "range": 0.6191851496696472, "iq_range": 0.17438041046261787, "density": 0.23631369457430232, "accuracy": 1.0, "distance": 0.5692360997200012}, "7": {"mean": -0.28637176752090454, "variance": 0.017991218715906143, "std_dev": 0.13413134217262268, "median": -0.30075329542160034, "range": 0.6600216627120972, "iq_range": 0.1621684618294239, "density": 0.23200581795460518, "accuracy": 1.0, "distance": 0.664584755897522}, "8": {"mean": -0.2864985466003418, "variance": 0.01791859045624733, "std_dev": 0.13386033475399017, "median": -0.2982904314994812, "range": 0.6207359433174133, "iq_range": 0.1604616567492485, "density": 0.23843518224180568, "accuracy": 1.0, "distance": 0.6950111389160156}, "9": {"mean": -0.286594033241272, "variance": 0.01786387525498867, "std_dev": 0.13365581631660461, "median": -0.3042536675930023, "range": 0.6288362145423889, "iq_range": 0.1594824343919754, "density": 0.23626139303440105, "accuracy": 1.0, "distance": 0.8588303923606873}, "10": {"mean": -0.28576478362083435, "variance": 0.018338486552238464, "std_dev": 0.13541966676712036, "median": -0.29510319232940674, "range": 0.6179154515266418, "iq_range": 0.16452908888459206, "density": 0.23894107933502612, "accuracy": 1.0, "distance": 0.7063368558883667}, "11": {"mean": -0.2873920798301697, "variance": 0.01740577630698681, "std_dev": 0.13193094730377197, "median": -0.31077736616134644, "range": 0.6600216627120972, "iq_range": 0.15303165838122368, "density": 0.23580467627313256, "accuracy": -1.0, "distance": 0.6056370735168457}, "12": {"mean": -0.29044389724731445, "variance": 0.015642346814274788, "std_dev": 0.12506936490535736, "median": -0.3157850503921509, "range": 0.6179154515266418, "iq_range": 0.13274843618273735, "density": 0.23594350812762305, "accuracy": 1.0, "distance": 0.32407188415527344}, "13": {"mean": -0.28645598888397217, "variance": 0.017942965030670166, "std_dev": 0.1339513510465622, "median": -0.3066253960132599, "range": 0.6179154515266418, "iq_range": 0.17449795082211494, "density": 0.2352977423233996, "accuracy": -1.0, "distance": 0.8149110078811646}, "14": {"mean": -0.2905721962451935, "variance": 0.015567783266305923, "std_dev": 0.12477092444896698, "median": -0.3159308433532715, "range": 0.6007345914840698, "iq_range": 0.12505753338336945, "density": 0.23672840835462308, "accuracy": 1.0, "distance": 0.3756576180458069}}