{"0": {"mean": -0.2839217483997345, "variance": 0.019388431683182716, "std_dev": 0.13924235105514526, "median": -0.29342687129974365, "range": 0.6600216627120972, "iq_range": 0.18038558587431908, "density": 0.23574680821658128, "accuracy": -1.0, "distance": 1.232345700263977}, "1": {"mean": -0.28684496879577637, "variance": 0.017719943076372147, "std_dev": 0.13311627507209778, "median": -0.3057630658149719, "range": 0.6600216627120972, "iq_range": 0.15881378203630447, "density": 0.23615247120260985, "accuracy": -1.0, "distance": 0.8345301151275635}, "2": {"mean": -0.28984588384628296, "variance": 0.01598936878144741, "std_dev": 0.1264490783214569, "median": -0.31722748279571533, "range": 0.6288362145423889, "iq_range": 0.13192875683307648, "density": 0.24489264711623387, "accuracy": 1.0, "distance": 0.8139047026634216}, "3": {"mean": -0.28536278009414673, "variance": 0.018568076193332672, "std_dev": 0.13626472651958466, "median": -0.30223405361175537, "range": 0.6191851496696472, "iq_range": 0.18056416511535645, "density": 0.23523607079557954, "accuracy": 1.0, "distance": 0.49351364374160767}, "4": {"mean": -0.29351046681404114, "variance": 0.013851596042513847, "std_dev": 0.11769280582666397, "median": -0.32061728835105896, "range": 0.596330463886261, "iq_range": 0.11204981058835983, "density": 0.24192583986177962, "accuracy": -1.0, "distance": 0.5726574659347534}, "5": {"mean": -0.28496500849723816, "variance": 0.018794940784573555, "std_dev": 0.137094646692276, "median": -0.2962327003479004, "range": 0.6288362145423889, "iq_range": 0.1658780574798584, "density": 0.2361092051566622, "accuracy": 1.0, "distance": 0.6322795152664185}, "6": {"mean": -0.2905890643596649, "variance": 0.015558019280433655, "std_dev": 0.12473178654909134, "median": -0.30795589089393616, "range": 0.6207359433174133, "iq_range": 0.1302546076476574, "density": 0.23711140573092562, "accuracy": -1.0, "distance": 0.3924703598022461}, "7": {"mean": -0.2909151613712311, "variance": 0.015368375927209854, "std_dev": 0.12396925687789917, "median": -0.3168882131576538, "range": 0.6207359433174133, "iq_range": 0.1269369274377823, "density": 0.2374274308030753, "accuracy": -1.0, "distance": 1.1195898056030273}, "8": {"mean": -0.28983861207962036, "variance": 0.015993570908904076, "std_dev": 0.12646569311618805, "median": -0.3159906566143036, "range": 0.6079211831092834, "iq_range": 0.1323615089058876, "density": 0.23930034531318972, "accuracy": -1.0, "distance": 1.0605690479278564}, "9": {"mean": -0.2852328419685364, "variance": 0.018642224371433258, "std_dev": 0.13653653860092163, "median": -0.2978231906890869, "range": 0.6191851496696472, "iq_range": 0.1616200990974903, "density": 0.23522673040542996, "accuracy": -1.0, "distance": 0.9518625736236572}, "10": {"mean": -0.2887325882911682, "variance": 0.016633495688438416, "std_dev": 0.1289709061384201, "median": -0.3054729104042053, "range": 0.6600216627120972, "iq_range": 0.1401582434773445, "density": 0.23482388632977289, "accuracy": -1.0, "distance": 0.913088858127594}, "11": {"mean": -0.28794267773628235, "variance": 0.017089013010263443, "std_dev": 0.1307249516248703, "median": -0.3110313415527344, "range": 0.6288362145423889, "iq_range": 0.13820494711399078, "density": 0.2374318551577323, "accuracy": 1.0, "distance": 0.9867569804191589}, "12": {"mean": -0.29058903455734253, "variance": 0.015558019280433655, "std_dev": 0.12473178654909134, "median": -0.30795589089393616, "range": 0.6207359433174133, "iq_range": 0.1302546076476574, "density": 0.23711140573092562, "accuracy": -1.0, "distance": 0.3919171988964081}, "13": {"mean": -0.28658536076545715, "variance": 0.01786883920431137, "std_dev": 0.13367438316345215, "median": -0.3068189024925232, "range": 0.6191851496696472, "iq_range": 0.15675710886716843, "density": 0.23629541853043723, "accuracy": -1.0, "distance": 0.6999198794364929}, "14": {"mean": -0.2878531515598297, "variance": 0.017140552401542664, "std_dev": 0.13092193007469177, "median": -0.3047744631767273, "range": 0.6600216627120972, "iq_range": 0.1531546711921692, "density": 0.23628134342476997, "accuracy": -1.0, "distance": 1.0962892770767212}}