{
    "0": [
        0.0,
        0
    ],
    "1": [
        3.269894476271904,
        0
    ],
    "2": [
        1.036147019454394,
        0
    ],
    "3": [
        0.9002070778539608,
        0
    ],
    "4": [
        0.0,
        0
    ],
    "5": [
        3.2855610892119564,
        0
    ],
    "6": [
        0.0,
        0
    ],
    "7": [
        0.13126168650226985,
        0
    ],
    "8": [
        3.341164576067734,
        0
    ],
    "9": [
        1.9056797261897778,
        0
    ],
    "10": [
        0.0,
        0
    ],
    "11": [
        3.9557412964575343,
        0
    ],
    "12": [
        1.8169985099705364,
        0
    ],
    "13": [
        0.0,
        0
    ],
    "14": [
        0.0,
        0
    ]
}