{
    "0": [
        1.8347650225364431,
        0
    ],
    "1": [
        0.38995330082835467,
        0
    ],
    "2": [
        2.049536149947804,
        0
    ],
    "3": [
        2.802397221767425,
        0
    ],
    "4": [
        0.0,
        0
    ],
    "5": [
        2.0120387268022926,
        0
    ],
    "6": [
        0.4716603277726736,
        0
    ],
    "7": [
        3.2262196490210213,
        0
    ],
    "8": [
        0.3143940932208277,
        0
    ],
    "9": [
        0.3466089347371811,
        0
    ],
    "10": [
        0.39688287393254257,
        0
    ],
    "11": [
        0.0,
        0
    ],
    "12": [
        2.374147432568661,
        0
    ],
    "13": [
        1.3673559061571883,
        0
    ],
    "14": [
        1.0896974254990028,
        0
    ]
}