{
    "0": [
        70.60241407243602,
        0
    ],
    "1": [
        84.76137034232532,
        0
    ],
    "2": [
        58.08912873476459,
        0
    ],
    "3": [
        61.484961690294114,
        0
    ],
    "4": [
        38.509713104649265,
        0
    ],
    "5": [
        73.7577363638723,
        0
    ],
    "6": [
        43.69388687325231,
        0
    ],
    "7": [
        95.29618668779756,
        0
    ],
    "8": [
        29.592057493185973,
        0
    ],
    "9": [
        74.01059703310949,
        0
    ],
    "10": [
        87.9277001730795,
        0
    ],
    "11": [
        33.54688003394583,
        0
    ],
    "12": [
        43.709957859747526,
        0
    ],
    "13": [
        66.68059747621939,
        0
    ],
    "14": [
        85.09205267549758,
        0
    ]
}