{
    "0": [
        47.276045030343276,
        0
    ],
    "1": [
        96.62710217091497,
        0
    ],
    "2": [
        81.45478968720546,
        0
    ],
    "3": [
        73.34089183631816,
        0
    ],
    "4": [
        75.16484217432848,
        0
    ],
    "5": [
        85.36402523043435,
        0
    ],
    "6": [
        49.21454137736523,
        0
    ],
    "7": [
        75.34181088509185,
        0
    ],
    "8": [
        44.135860098202976,
        0
    ],
    "9": [
        59.60697006764892,
        0
    ],
    "10": [
        54.528631492292824,
        0
    ],
    "11": [
        62.718741589919375,
        0
    ],
    "12": [
        51.022972913871556,
        0
    ],
    "13": [
        40.521052186405704,
        0
    ],
    "14": [
        43.69006250048103,
        0
    ]
}