{
    "0": [
        0.08866479676803557,
        50582
    ],
    "1": [
        0.0627009338558713,
        49029
    ],
    "2": [
        0.05957863699836375,
        46782
    ],
    "3": [
        0.06009204075020804,
        47298
    ],
    "4": [
        0.062004394973388305,
        46723
    ],
    "5": [
        0.08784947132699007,
        47190
    ],
    "6": [
        0.06545493075854533,
        47505
    ],
    "7": [
        0.09128693412032436,
        51993
    ],
    "8": [
        0.06790310141898404,
        49195
    ],
    "9": [
        0.06638987680828137,
        47981
    ],
    "10": [
        0.05061984628296518,
        44647
    ],
    "11": [
        0.06307396076219719,
        46551
    ],
    "12": [
        0.04977279287401457,
        44801
    ],
    "13": [
        0.055936216223884214,
        47865
    ],
    "14": [
        0.06867206607794689,
        46691
    ]
}