{
    "0": [
        134.04653689543227,
        0
    ],
    "1": [
        205.81303214835793,
        0
    ],
    "2": [
        71.47432310682787,
        0
    ],
    "3": [
        337.99685457496605,
        0
    ],
    "4": [
        235.44814205390145,
        0
    ],
    "5": [
        157.57954623807206,
        0
    ],
    "6": [
        181.92039735228667,
        0
    ],
    "7": [
        177.14445280511072,
        0
    ],
    "8": [
        250.6643485589679,
        0
    ],
    "9": [
        149.21668013028014,
        0
    ],
    "10": [
        142.14782284233664,
        0
    ],
    "11": [
        207.08241621663984,
        0
    ],
    "12": [
        207.70675434513538,
        0
    ],
    "13": [
        166.2943488383386,
        0
    ],
    "14": [
        245.79083304233043,
        0
    ]
}