{
    "0": [
        304.16692340992705,
        0
    ],
    "1": [
        179.8363740847479,
        0
    ],
    "2": [
        118.11671014054647,
        0
    ],
    "3": [
        145.65723818577126,
        0
    ],
    "4": [
        206.42510976279414,
        0
    ],
    "5": [
        245.02937737926055,
        0
    ],
    "6": [
        181.33920031311615,
        0
    ],
    "7": [
        282.8378935779265,
        0
    ],
    "8": [
        210.2650194813099,
        0
    ],
    "9": [
        149.10105098668126,
        0
    ],
    "10": [
        268.81829641778097,
        0
    ],
    "11": [
        193.69086558057853,
        0
    ],
    "12": [
        164.79451133414676,
        0
    ],
    "13": [
        135.81668131138795,
        0
    ],
    "14": [
        98.5215032724048,
        0
    ]
}