{
    "0": [
        0.06785279512405396,
        2860
    ],
    "1": [
        0.036183230578899384,
        2966
    ],
    "2": [
        0.04659425839781761,
        2868
    ],
    "3": [
        0.07151273638010025,
        2757
    ],
    "4": [
        0.04240996763110161,
        3046
    ],
    "5": [
        0.0569881871342659,
        3222
    ],
    "6": [
        0.05647032707929611,
        3250
    ],
    "7": [
        0.09419041872024536,
        217
    ],
    "8": [
        0.0734562873840332,
        3219
    ],
    "9": [
        0.08742096275091171,
        3206
    ],
    "10": [
        0.10667826235294342,
        3406
    ],
    "11": [
        0.09200936555862427,
        3017
    ],
    "12": [
        0.0791536271572113,
        3458
    ],
    "13": [
        0.039886221289634705,
        2383
    ],
    "14": [
        0.049193352460861206,
        3174
    ]
}