{
    "0": [
        0.05103334039449692,
        2976
    ],
    "1": [
        0.02955951727926731,
        3342
    ],
    "2": [
        0.028035452589392662,
        1606
    ],
    "3": [
        0.11574031412601471,
        1831
    ],
    "4": [
        0.07916340231895447,
        3902
    ],
    "5": [
        0.07565102726221085,
        3202
    ],
    "6": [
        0.07320541888475418,
        3488
    ],
    "7": [
        0.08743806928396225,
        3756
    ],
    "8": [
        0.057994548231363297,
        3307
    ],
    "9": [
        0.05653783306479454,
        3153
    ],
    "10": [
        0.07776395231485367,
        2639
    ],
    "11": [
        0.0891512855887413,
        2980
    ],
    "12": [
        0.06396277993917465,
        2276
    ],
    "13": [
        0.04399727284908295,
        2944
    ],
    "14": [
        0.07076572626829147,
        3448
    ]
}