{
    "0": [
        0.009583498595926792,
        0
    ],
    "1": [
        0.0,
        0
    ],
    "2": [
        0.0,
        0
    ],
    "3": [
        0.24516552845807205,
        0
    ],
    "4": [
        3.6639249780649807,
        0
    ],
    "5": [
        1.51549986483757,
        0
    ],
    "6": [
        2.7400210840453796,
        0
    ],
    "7": [
        3.553887020590501,
        0
    ],
    "8": [
        3.009998979990688,
        0
    ],
    "9": [
        0.0,
        0
    ],
    "10": [
        0.0,
        0
    ],
    "11": [
        0.8895774780690786,
        0
    ],
    "12": [
        3.5537641032516367,
        0
    ],
    "13": [
        0.0,
        0
    ],
    "14": [
        0.0,
        0
    ]
}