{
    "0": [
        0.09239285024599116,
        52877
    ],
    "1": [
        0.06784728220141388,
        48628
    ],
    "2": [
        0.06215990816728926,
        49299
    ],
    "3": [
        0.06393427328789496,
        46228
    ],
    "4": [
        0.07339429373035647,
        50097
    ],
    "5": [
        0.06139333663104548,
        49236
    ],
    "6": [
        0.0522263609892783,
        45589
    ],
    "7": [
        0.07568869525587513,
        48701
    ],
    "8": [
        0.056762203719654715,
        49274
    ],
    "9": [
        0.054282109562141065,
        46625
    ],
    "10": [
        0.04481551838231522,
        44763
    ],
    "11": [
        0.05358189021540055,
        44165
    ],
    "12": [
        0.07359976348182004,
        49393
    ],
    "13": [
        0.0905690005206254,
        46697
    ],
    "14": [
        0.07735251360889847,
        52614
    ]
}