{
    "0": [
        0.05096018877657694,
        54319
    ],
    "1": [
        0.06832770664740266,
        59124
    ],
    "2": [
        0.0705299139793124,
        58169
    ],
    "3": [
        0.09962185366673046,
        55165
    ],
    "4": [
        0.08768969018431491,
        58167
    ],
    "5": [
        0.06614989978146638,
        50550
    ],
    "6": [
        0.045812279717748705,
        52277
    ],
    "7": [
        0.06134152923524254,
        54387
    ],
    "8": [
        0.08099239016590655,
        58859
    ],
    "9": [
        0.06550428814833144,
        49405
    ],
    "10": [
        0.05844256920471321,
        52154
    ],
    "11": [
        0.061586507432439354,
        49470
    ],
    "12": [
        0.0643097261894791,
        52065
    ],
    "13": [
        0.05950714553842686,
        55347
    ],
    "14": [
        0.059224311331908606,
        55167
    ]
}