{
    "0": [
        176.863358068852,
        0
    ],
    "1": [
        224.97053922639847,
        0
    ],
    "2": [
        144.3050573060189,
        0
    ],
    "3": [
        182.66470874301854,
        0
    ],
    "4": [
        160.43688092672022,
        0
    ],
    "5": [
        215.70600206243472,
        0
    ],
    "6": [
        180.081667030651,
        0
    ],
    "7": [
        126.7518023020714,
        0
    ],
    "8": [
        194.3750816161846,
        0
    ],
    "9": [
        154.9029670929301,
        0
    ],
    "10": [
        155.78375310387014,
        0
    ],
    "11": [
        150.41446356079038,
        0
    ],
    "12": [
        264.80419690418296,
        0
    ],
    "13": [
        165.5426910424415,
        0
    ],
    "14": [
        223.80160488571295,
        0
    ]
}