{
    "0": [
        0.03376750648021698,
        2971
    ],
    "1": [
        0.0414855033159256,
        2674
    ],
    "2": [
        0.11097461730241776,
        4183
    ],
    "3": [
        0.07316569983959198,
        3106
    ],
    "4": [
        0.07143590599298477,
        3305
    ],
    "5": [
        0.06048939377069473,
        3298
    ],
    "6": [
        0.12091730535030365,
        2582
    ],
    "7": [
        0.01869478076696396,
        1925
    ],
    "8": [
        0.04639337584376335,
        2680
    ],
    "9": [
        0.05111239477992058,
        2632
    ],
    "10": [
        0.046643778681755066,
        2676
    ],
    "11": [
        0.06888242810964584,
        3171
    ],
    "12": [
        0.10279151052236557,
        2653
    ],
    "13": [
        0.06800619512796402,
        3154
    ],
    "14": [
        0.08523958176374435,
        2248
    ]
}