{"0": {"mean": -0.28740575909614563, "variance": 0.0173979289829731, "std_dev": 0.13190120458602905, "median": -0.3050585985183716, "range": 0.6600216627120972, "iq_range": 0.14532974362373352, "density": 0.23936148593437004, "accuracy": -1.0, "distance": 1.806325078010559}, "1": {"mean": -0.29023948311805725, "variance": 0.015761056914925575, "std_dev": 0.1255430430173874, "median": -0.3164029121398926, "range": 0.6191851496696472, "iq_range": 0.13005921244621277, "density": 0.237404022861077, "accuracy": -1.0, "distance": 0.9030686616897583}, "2": {"mean": -0.28880560398101807, "variance": 0.01659131422638893, "std_dev": 0.12880727648735046, "median": -0.3150028884410858, "range": 0.6179154515266418, "iq_range": 0.13682211562991142, "density": 0.23750942770021113, "accuracy": -1.0, "distance": 1.2046900987625122}, "3": {"mean": -0.2914399802684784, "variance": 0.015062747523188591, "std_dev": 0.12273038178682327, "median": -0.3190726637840271, "range": 0.6288362145423889, "iq_range": 0.11962775513529778, "density": 0.2415189816906021, "accuracy": 1.0, "distance": 0.866521418094635}, "4": {"mean": -0.28638118505477905, "variance": 0.017985805869102478, "std_dev": 0.1341111660003662, "median": -0.3050587475299835, "range": 0.6600216627120972, "iq_range": 0.1523853912949562, "density": 0.23503406141118283, "accuracy": -1.0, "distance": 1.0764108896255493}, "5": {"mean": -0.28355634212493896, "variance": 0.019595805555582047, "std_dev": 0.13998502492904663, "median": -0.29470154643058777, "range": 0.6288362145423889, "iq_range": 0.1674732305109501, "density": 0.23553645985685928, "accuracy": 1.0, "distance": 0.7247409820556641}, "6": {"mean": -0.28760194778442383, "variance": 0.017285114154219627, "std_dev": 0.1314728707075119, "median": -0.3089112341403961, "range": 0.6288362145423889, "iq_range": 0.14715057983994484, "density": 0.23841026102496526, "accuracy": 1.0, "distance": 0.22122721374034882}, "7": {"mean": -0.2883792221546173, "variance": 0.016837429255247116, "std_dev": 0.12975911796092987, "median": -0.3133222460746765, "range": 0.6600216627120972, "iq_range": 0.13630311191082, "density": 0.2365410179941668, "accuracy": -1.0, "distance": 1.1302193403244019}, "8": {"mean": -0.2883634865283966, "variance": 0.016846492886543274, "std_dev": 0.12979404628276825, "median": -0.3105267882347107, "range": 0.6179154515266418, "iq_range": 0.15035059303045273, "density": 0.2342663031453194, "accuracy": -1.0, "distance": 0.48968270421028137}, "9": {"mean": -0.28629517555236816, "variance": 0.018035074695944786, "std_dev": 0.13429473340511322, "median": -0.30265235900878906, "range": 0.6288362145423889, "iq_range": 0.1605757288634777, "density": 0.23283430961255938, "accuracy": 1.0, "distance": 1.1166496276855469}, "10": {"mean": -0.29191771149635315, "variance": 0.014784030616283417, "std_dev": 0.12158960103988647, "median": -0.32136186957359314, "range": 0.6191851496696472, "iq_range": 0.1165197566151619, "density": 0.24466040026871047, "accuracy": 1.0, "distance": 1.3834649324417114}, "11": {"mean": -0.29167670011520386, "variance": 0.01492470782250166, "std_dev": 0.1221667230129242, "median": -0.32052987813949585, "range": 0.6288362145423889, "iq_range": 0.12061216682195663, "density": 0.24350614942547072, "accuracy": 1.0, "distance": 0.8691660761833191}, "12": {"mean": -0.28607624769210815, "variance": 0.018160376697778702, "std_dev": 0.13476043939590454, "median": -0.30770179629325867, "range": 0.6600216627120972, "iq_range": 0.16792778298258781, "density": 0.23649877999475705, "accuracy": -1.0, "distance": 1.0507862567901611}, "13": {"mean": -0.28793010115623474, "variance": 0.017096256837248802, "std_dev": 0.13075265288352966, "median": -0.31042325496673584, "range": 0.6191851496696472, "iq_range": 0.14349130913615227, "density": 0.238506483654907, "accuracy": 1.0, "distance": 1.0497266054153442}, "14": {"mean": -0.2938683331012726, "variance": 0.013641408644616604, "std_dev": 0.11679644137620926, "median": -0.32101011276245117, "range": 0.5370676517486572, "iq_range": 0.11214376986026764, "density": 0.2415000448676009, "accuracy": -1.0, "distance": 0.33031874895095825}}