{"0": {"mean": -0.28620317578315735, "variance": 0.018087726086378098, "std_dev": 0.13449062407016754, "median": -0.3097255229949951, "range": 0.6288362145423889, "iq_range": 0.15636571869254112, "density": 0.23548791855634355, "accuracy": 1.0, "distance": 1.4144161939620972}, "1": {"mean": -0.2866479754447937, "variance": 0.017832934856414795, "std_dev": 0.13354001939296722, "median": -0.30259066820144653, "range": 0.6288362145423889, "iq_range": 0.15719541534781456, "density": 0.23487326027749134, "accuracy": -1.0, "distance": 0.5582627058029175}, "2": {"mean": -0.28785979747772217, "variance": 0.017136748880147934, "std_dev": 0.13090740144252777, "median": -0.30904653668403625, "range": 0.6600216627120972, "iq_range": 0.14138464257121086, "density": 0.23492018614505686, "accuracy": -1.0, "distance": 1.2366472482681274}, "3": {"mean": -0.28360244631767273, "variance": 0.0195696409791708, "std_dev": 0.13989153504371643, "median": -0.29331135749816895, "range": 0.6288362145423889, "iq_range": 0.17778850719332695, "density": 0.23573254248435102, "accuracy": -1.0, "distance": 1.0013117790222168}, "4": {"mean": -0.2856931686401367, "variance": 0.018379414454102516, "std_dev": 0.1355707049369812, "median": -0.306411474943161, "range": 0.6179154515266418, "iq_range": 0.1800125613808632, "density": 0.23599775902114292, "accuracy": 1.0, "distance": 0.6416496634483337}, "5": {"mean": -0.28908771276474, "variance": 0.01642831787467003, "std_dev": 0.12817299365997314, "median": -0.3050071895122528, "range": 0.6600216627120972, "iq_range": 0.1420973315834999, "density": 0.23365297598062645, "accuracy": -1.0, "distance": 0.5611412525177002}, "6": {"mean": -0.28959932923316956, "variance": 0.016132229939103127, "std_dev": 0.1270127147436142, "median": -0.3149314224720001, "range": 0.6600216627120972, "iq_range": 0.12753162533044815, "density": 0.23722101391821765, "accuracy": 1.0, "distance": 1.1326522827148438}, "7": {"mean": -0.28610625863075256, "variance": 0.018143197521567345, "std_dev": 0.13469669222831726, "median": -0.30376285314559937, "range": 0.6600216627120972, "iq_range": 0.15009326487779617, "density": 0.23705852065429228, "accuracy": -1.0, "distance": 1.1399023532867432}, "8": {"mean": -0.2857404351234436, "variance": 0.018352406099438667, "std_dev": 0.13547104597091675, "median": -0.30238038301467896, "range": 0.6600216627120972, "iq_range": 0.154230747371912, "density": 0.23566021790006095, "accuracy": -1.0, "distance": 1.155612826347351}, "9": {"mean": -0.2837986648082733, "variance": 0.01945832371711731, "std_dev": 0.13949309289455414, "median": -0.2941417098045349, "range": 0.6191850900650024, "iq_range": 0.17007507011294365, "density": 0.23576656657063597, "accuracy": 1.0, "distance": 1.229891300201416}, "10": {"mean": -0.2848977744579315, "variance": 0.018833251670002937, "std_dev": 0.13723430037498474, "median": -0.30066022276878357, "range": 0.6600216627120972, "iq_range": 0.16780879721045494, "density": 0.23711577699323252, "accuracy": -1.0, "distance": 1.473085880279541}, "11": {"mean": -0.2844700217247009, "variance": 0.019076820462942123, "std_dev": 0.13811886310577393, "median": -0.29797089099884033, "range": 0.6191851496696472, "iq_range": 0.18043740093708038, "density": 0.2345003273621725, "accuracy": 1.0, "distance": 0.7439372539520264}, "12": {"mean": -0.2885468006134033, "variance": 0.01674073562026024, "std_dev": 0.12938599288463593, "median": -0.3109368681907654, "range": 0.6079211831092834, "iq_range": 0.13689348101615906, "density": 0.23587041269726008, "accuracy": 1.0, "distance": 0.8559268712997437}, "13": {"mean": -0.2857149839401245, "variance": 0.01836693100631237, "std_dev": 0.13552464544773102, "median": -0.30293142795562744, "range": 0.6288362145423889, "iq_range": 0.16463621705770493, "density": 0.23511429140873696, "accuracy": 1.0, "distance": 0.737225353717804}, "14": {"mean": -0.28436338901519775, "variance": 0.019137458875775337, "std_dev": 0.13833820819854736, "median": -0.29506826400756836, "range": 0.6600216627120972, "iq_range": 0.17213160917162895, "density": 0.23311768782791384, "accuracy": -1.0, "distance": 1.2799973487854004}}