{"0": {"mean": -0.28732988238334656, "variance": 0.017441527917981148, "std_dev": 0.13206638395786285, "median": -0.30152902007102966, "range": 0.6288362145423889, "iq_range": 0.15072372555732727, "density": 0.23656768058410524, "accuracy": -1.0, "distance": 1.1079734563827515}, "1": {"mean": -0.28886878490448, "variance": 0.016554830595850945, "std_dev": 0.12866558134555817, "median": -0.3152287006378174, "range": 0.6288361549377441, "iq_range": 0.13716643303632736, "density": 0.24317693819261219, "accuracy": -1.0, "distance": 0.8398511409759521}, "2": {"mean": -0.28639838099479675, "variance": 0.01797596551477909, "std_dev": 0.13407447934150696, "median": -0.29990655183792114, "range": 0.6207359433174133, "iq_range": 0.16395219787955284, "density": 0.23910971359815913, "accuracy": -1.0, "distance": 1.3360410928726196}, "3": {"mean": -0.2866908609867096, "variance": 0.017808357253670692, "std_dev": 0.13344796001911163, "median": -0.30582213401794434, "range": 0.6600216627120972, "iq_range": 0.152847271412611, "density": 0.23541518887800145, "accuracy": 1.0, "distance": 0.5377622246742249}, "4": {"mean": -0.28618690371513367, "variance": 0.018097054213285446, "std_dev": 0.13452529907226562, "median": -0.3003060817718506, "range": 0.6179154515266418, "iq_range": 0.15640756487846375, "density": 0.23553991882261624, "accuracy": -1.0, "distance": 0.6044681072235107}, "5": {"mean": -0.28622716665267944, "variance": 0.01807400956749916, "std_dev": 0.134439617395401, "median": -0.30540305376052856, "range": 0.6288362145423889, "iq_range": 0.15170035138726234, "density": 0.2373480927700202, "accuracy": 1.0, "distance": 0.9184980988502502}, "6": {"mean": -0.2875441312789917, "variance": 0.017318371683359146, "std_dev": 0.1315992772579193, "median": -0.30599457025527954, "range": 0.6600216627120972, "iq_range": 0.15041976049542427, "density": 0.23441023072113754, "accuracy": 1.0, "distance": 1.0108612775802612}, "7": {"mean": -0.2906689941883087, "variance": 0.01551152765750885, "std_dev": 0.12454528361558914, "median": -0.3159381151199341, "range": 0.6288362145423889, "iq_range": 0.12371060624718666, "density": 0.24519125380556317, "accuracy": 1.0, "distance": 0.8649274706840515}, "8": {"mean": -0.2885127067565918, "variance": 0.016760418191552162, "std_dev": 0.12946203351020813, "median": -0.3038114309310913, "range": 0.6600216627120972, "iq_range": 0.1441691778600216, "density": 0.23637772000979992, "accuracy": -1.0, "distance": 1.0528998374938965}, "9": {"mean": -0.288266122341156, "variance": 0.01690264418721199, "std_dev": 0.13001017272472382, "median": -0.3030109405517578, "range": 0.6207359433174133, "iq_range": 0.15130988135933876, "density": 0.23694470808295953, "accuracy": -1.0, "distance": 0.49977409839630127}, "10": {"mean": -0.2876910865306854, "variance": 0.017233828082680702, "std_dev": 0.1312776803970337, "median": -0.31207340955734253, "range": 0.6007345914840698, "iq_range": 0.1606134995818138, "density": 0.2391313298631354, "accuracy": -1.0, "distance": 0.4095112383365631}, "11": {"mean": -0.28800493478775024, "variance": 0.01705314591526985, "std_dev": 0.13058769702911377, "median": -0.3059651255607605, "range": 0.6288362145423889, "iq_range": 0.15035530924797058, "density": 0.23353139931005243, "accuracy": 1.0, "distance": 0.717013955116272}, "12": {"mean": -0.29278117418289185, "variance": 0.014279179275035858, "std_dev": 0.11949551850557327, "median": -0.31993240118026733, "range": 0.6079211831092834, "iq_range": 0.11233092099428177, "density": 0.24469294470764089, "accuracy": 1.0, "distance": 0.5206379890441895}, "13": {"mean": -0.2878836989402771, "variance": 0.01712297834455967, "std_dev": 0.1308548003435135, "median": -0.30981576442718506, "range": 0.6146379113197327, "iq_range": 0.14004597440361977, "density": 0.2391911758512651, "accuracy": 1.0, "distance": 0.6804097890853882}, "14": {"mean": -0.2889058291912079, "variance": 0.016533421352505684, "std_dev": 0.12858235836029053, "median": -0.30562907457351685, "range": 0.6207359433174133, "iq_range": 0.13914191350340843, "density": 0.2364557403711824, "accuracy": -1.0, "distance": 1.103015661239624}}