{"0": {"mean": -0.2886452376842499, "variance": 0.016683928668498993, "std_dev": 0.12916629016399384, "median": -0.3064318895339966, "range": 0.6600216627120972, "iq_range": 0.13790998607873917, "density": 0.24012169984571186, "accuracy": -1.0, "distance": 1.1495611667633057}, "1": {"mean": -0.29037171602249146, "variance": 0.01568426936864853, "std_dev": 0.1252368539571762, "median": -0.315390408039093, "range": 0.6079211831092834, "iq_range": 0.12019979953765869, "density": 0.23842939076362307, "accuracy": 1.0, "distance": 0.802676260471344}, "2": {"mean": -0.2921362817287445, "variance": 0.014656388200819492, "std_dev": 0.12106356769800186, "median": -0.32113584876060486, "range": 0.6288362145423889, "iq_range": 0.11878881603479385, "density": 0.24469887913428812, "accuracy": -1.0, "distance": 1.122352123260498}, "3": {"mean": -0.2843811511993408, "variance": 0.01912735030055046, "std_dev": 0.13830167055130005, "median": -0.3031986653804779, "range": 0.6288362145423889, "iq_range": 0.18096740171313286, "density": 0.23768978917213793, "accuracy": -1.0, "distance": 1.4929953813552856}, "4": {"mean": -0.2836214303970337, "variance": 0.019558878615498543, "std_dev": 0.13985306024551392, "median": -0.2983289361000061, "range": 0.6288362145423889, "iq_range": 0.17307907342910767, "density": 0.23197094919100048, "accuracy": -1.0, "distance": 1.3562946319580078}, "5": {"mean": -0.28485774993896484, "variance": 0.01885606162250042, "std_dev": 0.13731737434864044, "median": -0.29947739839553833, "range": 0.6288362145423889, "iq_range": 0.17838482186198235, "density": 0.23632675942739273, "accuracy": 1.0, "distance": 0.5096819400787354}, "6": {"mean": -0.2860253155231476, "variance": 0.01818952150642872, "std_dev": 0.1348685324192047, "median": -0.30272769927978516, "range": 0.6288362145423889, "iq_range": 0.16380572319030762, "density": 0.23421587470517574, "accuracy": -1.0, "distance": 1.0088943243026733}, "7": {"mean": -0.28502920269966125, "variance": 0.018758350983262062, "std_dev": 0.13696113228797913, "median": -0.3033984303474426, "range": 0.6288362145423889, "iq_range": 0.16530780866742134, "density": 0.23371050451475706, "accuracy": -1.0, "distance": 1.4296237230300903}, "8": {"mean": -0.2863923907279968, "variance": 0.017979400232434273, "std_dev": 0.13408727943897247, "median": -0.30567947030067444, "range": 0.6600216627120972, "iq_range": 0.1562032215297222, "density": 0.23731660688863884, "accuracy": -1.0, "distance": 1.1865323781967163}, "9": {"mean": -0.28974196314811707, "variance": 0.0160495825111866, "std_dev": 0.1266869455575943, "median": -0.3152628540992737, "range": 0.6207359433174133, "iq_range": 0.13021220266819, "density": 0.23715112708073027, "accuracy": -1.0, "distance": 1.3657597303390503}, "10": {"mean": -0.2867131233215332, "variance": 0.017795579507946968, "std_dev": 0.1334000676870346, "median": -0.3075537085533142, "range": 0.6600216627120972, "iq_range": 0.15154899284243584, "density": 0.23776393996093076, "accuracy": -1.0, "distance": 1.132472276687622}, "11": {"mean": -0.2891761362552643, "variance": 0.016377145424485207, "std_dev": 0.12797322869300842, "median": -0.31270933151245117, "range": 0.6079211831092834, "iq_range": 0.1340608298778534, "density": 0.23628321408836006, "accuracy": 1.0, "distance": 1.3538024425506592}, "12": {"mean": -0.28649282455444336, "variance": 0.01792186312377453, "std_dev": 0.13387256860733032, "median": -0.3056753873825073, "range": 0.6600216627120972, "iq_range": 0.1603807471692562, "density": 0.23445888480403446, "accuracy": 1.0, "distance": 0.4105154871940613}, "13": {"mean": -0.2905391752719879, "variance": 0.015586975030601025, "std_dev": 0.12484780699014664, "median": -0.3164691627025604, "range": 0.6288362145423889, "iq_range": 0.12614830955863, "density": 0.2407267160824647, "accuracy": 1.0, "distance": 1.0013309717178345}, "14": {"mean": -0.29096025228500366, "variance": 0.015342114493250847, "std_dev": 0.12386328727006912, "median": -0.3177410960197449, "range": 0.596330463886261, "iq_range": 0.12547070160508156, "density": 0.23857104064494997, "accuracy": 1.0, "distance": 1.0868569612503052}}