{"0": {"mean": -0.2905395030975342, "variance": 0.015586799941956997, "std_dev": 0.12484710663557053, "median": -0.31477782130241394, "range": 0.6007345914840698, "iq_range": 0.11793612688779831, "density": 0.23657702707578063, "accuracy": 1.0, "distance": 0.2663938105106354}, "1": {"mean": -0.28404614329338074, "variance": 0.019317790865898132, "std_dev": 0.1389884501695633, "median": -0.29517680406570435, "range": 0.6191851496696472, "iq_range": 0.16443857178092003, "density": 0.2340765401280499, "accuracy": 1.0, "distance": 0.7092825174331665}, "2": {"mean": -0.2877263128757477, "variance": 0.017213545739650726, "std_dev": 0.1312004029750824, "median": -0.30495649576187134, "range": 0.6288362145423889, "iq_range": 0.14985151588916779, "density": 0.23655022274871626, "accuracy": 1.0, "distance": 0.7834045886993408}, "3": {"mean": -0.28534436225891113, "variance": 0.018578605726361275, "std_dev": 0.1363033652305603, "median": -0.29518479108810425, "range": 0.6207359433174133, "iq_range": 0.15595189109444618, "density": 0.23439423347932936, "accuracy": -1.0, "distance": 0.6056475043296814}, "4": {"mean": -0.29358774423599243, "variance": 0.013806246221065521, "std_dev": 0.11749998480081558, "median": -0.3193689286708832, "range": 0.6191851496696472, "iq_range": 0.11482907086610794, "density": 0.24195115546411514, "accuracy": -1.0, "distance": 0.602016270160675}, "5": {"mean": -0.2854754328727722, "variance": 0.01850377768278122, "std_dev": 0.13602858781814575, "median": -0.3007888197898865, "range": 0.6600216627120972, "iq_range": 0.17112085595726967, "density": 0.23376999401690143, "accuracy": 1.0, "distance": 0.9428971409797668}, "6": {"mean": -0.28619909286499023, "variance": 0.018090087920427322, "std_dev": 0.13449940085411072, "median": -0.2975791096687317, "range": 0.6600216627120972, "iq_range": 0.15619400143623352, "density": 0.2332855145400883, "accuracy": -1.0, "distance": 0.7626889944076538}, "7": {"mean": -0.2921355664730072, "variance": 0.01465680729597807, "std_dev": 0.12106530368328094, "median": -0.3208911120891571, "range": 0.6288362145423889, "iq_range": 0.11389577388763428, "density": 0.2480195348305454, "accuracy": 1.0, "distance": 1.1010419130325317}, "8": {"mean": -0.28572624921798706, "variance": 0.018360519781708717, "std_dev": 0.13550099730491638, "median": -0.29954594373703003, "range": 0.6207359433174133, "iq_range": 0.15769215300679207, "density": 0.23772006265510826, "accuracy": 1.0, "distance": 1.0363014936447144}, "9": {"mean": -0.2897869348526001, "variance": 0.0160235445946455, "std_dev": 0.12658414244651794, "median": -0.3125494122505188, "range": 0.6600216627120972, "iq_range": 0.133214820176363, "density": 0.23470559378894676, "accuracy": -1.0, "distance": 1.0906051397323608}, "10": {"mean": -0.29165709018707275, "variance": 0.014936123043298721, "std_dev": 0.12221343070268631, "median": -0.31184303760528564, "range": 0.6207359433174133, "iq_range": 0.12823858112096786, "density": 0.23570584541861414, "accuracy": -1.0, "distance": 0.7296608090400696}, "11": {"mean": -0.2854129672050476, "variance": 0.0185394249856472, "std_dev": 0.13615955412387848, "median": -0.30020472407341003, "range": 0.6288362145423889, "iq_range": 0.16483382880687714, "density": 0.23480097806398215, "accuracy": -1.0, "distance": 0.6094152927398682}, "12": {"mean": -0.2860736548900604, "variance": 0.018161864951252937, "std_dev": 0.13476596772670746, "median": -0.2985000014305115, "range": 0.6600216627120972, "iq_range": 0.1660507209599018, "density": 0.2356694082776105, "accuracy": -1.0, "distance": 0.3021000027656555}, "13": {"mean": -0.2890523076057434, "variance": 0.01644875667989254, "std_dev": 0.12825269997119904, "median": -0.3112998902797699, "range": 0.6288362145423889, "iq_range": 0.13589118793606758, "density": 0.2412985747838009, "accuracy": -1.0, "distance": 0.78716641664505}, "14": {"mean": -0.2864043712615967, "variance": 0.017972540110349655, "std_dev": 0.13406170904636383, "median": -0.30249184370040894, "range": 0.6079211831092834, "iq_range": 0.16959991306066513, "density": 0.23707214224422876, "accuracy": 1.0, "distance": 0.678354024887085}}