{"0": {"mean": -0.29001668095588684, "variance": 0.01589031144976616, "std_dev": 0.12605677545070648, "median": -0.3116215765476227, "range": 0.6079211831092834, "iq_range": 0.1261461041867733, "density": 0.23821854158539174, "accuracy": 1.0, "distance": 0.6451799273490906}, "1": {"mean": -0.28934240341186523, "variance": 0.016280964016914368, "std_dev": 0.1275968849658966, "median": -0.3049563765525818, "range": 0.6135308146476746, "iq_range": 0.14829262346029282, "density": 0.23643272674702284, "accuracy": -1.0, "distance": 0.41946306824684143}, "2": {"mean": -0.2866712510585785, "variance": 0.017819583415985107, "std_dev": 0.13349001109600067, "median": -0.3066253960132599, "range": 0.6079211831092834, "iq_range": 0.1718033142387867, "density": 0.24032517139098714, "accuracy": 1.0, "distance": 0.9663127660751343}, "3": {"mean": -0.2883784770965576, "variance": 0.01683785952627659, "std_dev": 0.1297607719898224, "median": -0.31200945377349854, "range": 0.6191851496696472, "iq_range": 0.14118487015366554, "density": 0.2357695297750468, "accuracy": 1.0, "distance": 0.3982962667942047}, "4": {"mean": -0.28875279426574707, "variance": 0.016621818765997887, "std_dev": 0.1289256364107132, "median": -0.30650752782821655, "range": 0.6600216627120972, "iq_range": 0.13753332570195198, "density": 0.23822468022132678, "accuracy": -1.0, "distance": 1.0294106006622314}, "5": {"mean": -0.2869203984737396, "variance": 0.01767667382955551, "std_dev": 0.13295365869998932, "median": -0.3041585087776184, "range": 0.6600216627120972, "iq_range": 0.15285376459360123, "density": 0.23515056308653412, "accuracy": 1.0, "distance": 0.7915507555007935}, "6": {"mean": -0.2887309193611145, "variance": 0.01663445308804512, "std_dev": 0.12897461652755737, "median": -0.31224799156188965, "range": 0.6191851496696472, "iq_range": 0.13689516484737396, "density": 0.23737856833074303, "accuracy": 1.0, "distance": 0.787209153175354}, "7": {"mean": -0.28943687677383423, "variance": 0.016226280480623245, "std_dev": 0.12738241255283356, "median": -0.31593990325927734, "range": 0.6207359433174133, "iq_range": 0.13155655562877655, "density": 0.23880256724623594, "accuracy": 1.0, "distance": 1.2087492942810059}, "8": {"mean": -0.29269349575042725, "variance": 0.014330536127090454, "std_dev": 0.11971021443605423, "median": -0.3191208243370056, "range": 0.6207359433174133, "iq_range": 0.11865207552909851, "density": 0.23940884224447762, "accuracy": -1.0, "distance": 0.629427433013916}, "9": {"mean": -0.28641974925994873, "variance": 0.01796373538672924, "std_dev": 0.1340288668870926, "median": -0.3086542785167694, "range": 0.6600216627120972, "iq_range": 0.15828737616539001, "density": 0.23729340309959512, "accuracy": 1.0, "distance": 0.9879257678985596}, "10": {"mean": -0.286682665348053, "variance": 0.017813049256801605, "std_dev": 0.13346552848815918, "median": -0.3051011860370636, "range": 0.6600216627120972, "iq_range": 0.15268055722117424, "density": 0.23484087084001237, "accuracy": -1.0, "distance": 0.8058851957321167}, "11": {"mean": -0.2878991663455963, "variance": 0.017114080488681793, "std_dev": 0.13082079589366913, "median": -0.3056645393371582, "range": 0.6600216627120972, "iq_range": 0.15904546529054642, "density": 0.2351204978278644, "accuracy": -1.0, "distance": 0.5771577954292297}, "12": {"mean": -0.2881435453891754, "variance": 0.01697329245507717, "std_dev": 0.13028158247470856, "median": -0.31287628412246704, "range": 0.5967985987663269, "iq_range": 0.13900114968419075, "density": 0.23797443671993002, "accuracy": 1.0, "distance": 1.0922008752822876}, "13": {"mean": -0.289811909198761, "variance": 0.01600906439125538, "std_dev": 0.12652693688869476, "median": -0.31201261281967163, "range": 0.6007345914840698, "iq_range": 0.1327759586274624, "density": 0.23394100823192304, "accuracy": -1.0, "distance": 0.8822382688522339}, "14": {"mean": -0.28980058431625366, "variance": 0.016015609726309776, "std_dev": 0.1265527904033661, "median": -0.31449636816978455, "range": 0.6007345914840698, "iq_range": 0.13060523569583893, "density": 0.23604648096889297, "accuracy": 1.0, "distance": 0.6108385324478149}}