{"0": {"mean": -0.28883102536201477, "variance": 0.016576630994677544, "std_dev": 0.1287502646446228, "median": -0.3116215765476227, "range": 0.6600216627120972, "iq_range": 0.12943971529603004, "density": 0.23631614781322008, "accuracy": 1.0, "distance": 0.7534776329994202}, "1": {"mean": -0.2881532311439514, "variance": 0.016967715695500374, "std_dev": 0.1302601844072342, "median": -0.31302815675735474, "range": 0.6288362145423889, "iq_range": 0.14070799201726913, "density": 0.23528719722273556, "accuracy": 1.0, "distance": 1.080513834953308}, "2": {"mean": -0.2880517840385437, "variance": 0.01702616736292839, "std_dev": 0.13048435747623444, "median": -0.30603763461112976, "range": 0.6207359433174133, "iq_range": 0.14942369610071182, "density": 0.23490949363715954, "accuracy": 1.0, "distance": 0.64227294921875}, "3": {"mean": -0.28646907210350037, "variance": 0.017935458570718765, "std_dev": 0.13392333686351776, "median": -0.3029603362083435, "range": 0.6288362145423889, "iq_range": 0.15683384612202644, "density": 0.23817154330676968, "accuracy": 1.0, "distance": 0.71437668800354}, "4": {"mean": -0.28535470366477966, "variance": 0.018572689965367317, "std_dev": 0.13628165423870087, "median": -0.2977985143661499, "range": 0.6288362145423889, "iq_range": 0.15669351443648338, "density": 0.23450601371418153, "accuracy": 1.0, "distance": 0.37140846252441406}, "5": {"mean": -0.29195961356163025, "variance": 0.014759575016796589, "std_dev": 0.12148898839950562, "median": -0.3168676793575287, "range": 0.5778919458389282, "iq_range": 0.12021957337856293, "density": 0.2391040384666686, "accuracy": -1.0, "distance": 0.46004343032836914}, "6": {"mean": -0.2874770164489746, "variance": 0.01735697127878666, "std_dev": 0.1317458599805832, "median": -0.30571144819259644, "range": 0.6600216627120972, "iq_range": 0.15289275720715523, "density": 0.23716482433762093, "accuracy": -1.0, "distance": 1.0529134273529053}, "7": {"mean": -0.2885499894618988, "variance": 0.016738899052143097, "std_dev": 0.12937889993190765, "median": -0.31002405285835266, "range": 0.6600216627120972, "iq_range": 0.13554956018924713, "density": 0.2365436809038613, "accuracy": 1.0, "distance": 0.9856746196746826}, "8": {"mean": -0.28975218534469604, "variance": 0.0160436499863863, "std_dev": 0.12666353583335876, "median": -0.3150221109390259, "range": 0.6007345914840698, "iq_range": 0.12901907414197922, "density": 0.23826710067625612, "accuracy": 1.0, "distance": 1.090433955192566}, "9": {"mean": -0.28415563702583313, "variance": 0.01925557851791382, "std_dev": 0.13876447081565857, "median": -0.29660338163375854, "range": 0.6288361549377441, "iq_range": 0.16147475317120552, "density": 0.23566091976596784, "accuracy": 1.0, "distance": 0.60225510597229}, "10": {"mean": -0.2841132879257202, "variance": 0.01927965134382248, "std_dev": 0.13885118067264557, "median": -0.3007909059524536, "range": 0.6191851496696472, "iq_range": 0.17454038932919502, "density": 0.23487333316160325, "accuracy": 1.0, "distance": 0.8594602942466736}, "11": {"mean": -0.2835705280303955, "variance": 0.019587760791182518, "std_dev": 0.1399562805891037, "median": -0.2982153594493866, "range": 0.6288362145423889, "iq_range": 0.18117546290159225, "density": 0.23435073194293252, "accuracy": 1.0, "distance": 1.091697096824646}, "12": {"mean": -0.28838562965393066, "variance": 0.016833720728754997, "std_dev": 0.12974482774734497, "median": -0.31261390447616577, "range": 0.6079211831092834, "iq_range": 0.13859884813427925, "density": 0.23831909371529772, "accuracy": 1.0, "distance": 0.5622854828834534}, "13": {"mean": -0.28509068489074707, "variance": 0.018723290413618088, "std_dev": 0.1368330717086792, "median": -0.29797470569610596, "range": 0.6600216627120972, "iq_range": 0.15425562113523483, "density": 0.23261519506540893, "accuracy": 1.0, "distance": 0.8171829581260681}, "14": {"mean": -0.28582122921943665, "variance": 0.01830621249973774, "std_dev": 0.13530045747756958, "median": -0.3068486154079437, "range": 0.6600216627120972, "iq_range": 0.17114973440766335, "density": 0.24144908438606558, "accuracy": -1.0, "distance": 1.1198575496673584}}