{"0": {"mean": -0.2859004735946655, "variance": 0.018260912969708443, "std_dev": 0.13513293862342834, "median": -0.30469805002212524, "range": 0.6288362145423889, "iq_range": 0.1670755036175251, "density": 0.23903345157466369, "accuracy": 1.0, "distance": 1.4453693628311157}, "1": {"mean": -0.2884180247783661, "variance": 0.01681503653526306, "std_dev": 0.1296728104352951, "median": -0.30577048659324646, "range": 0.6600216627120972, "iq_range": 0.14220187067985535, "density": 0.23815732285240915, "accuracy": -1.0, "distance": 1.2989470958709717}, "2": {"mean": -0.285444051027298, "variance": 0.018521681427955627, "std_dev": 0.13609439134597778, "median": -0.3054264783859253, "range": 0.6600216627120972, "iq_range": 0.15602877363562584, "density": 0.2318725278552655, "accuracy": -1.0, "distance": 1.6914899349212646}, "3": {"mean": -0.28224068880081177, "variance": 0.020340198650956154, "std_dev": 0.1426190733909607, "median": -0.2919946610927582, "range": 0.6288360953330994, "iq_range": 0.17433620989322662, "density": 0.2341913471632921, "accuracy": 1.0, "distance": 1.2370843887329102}, "4": {"mean": -0.29031530022621155, "variance": 0.01571701467037201, "std_dev": 0.12536752223968506, "median": -0.3124668598175049, "range": 0.6288362145423889, "iq_range": 0.1317892037332058, "density": 0.24246441381156875, "accuracy": -1.0, "distance": 1.074995517730713}, "5": {"mean": -0.2864930033683777, "variance": 0.017921753227710724, "std_dev": 0.1338721513748169, "median": -0.30582213401794434, "range": 0.6600216627120972, "iq_range": 0.1530854068696499, "density": 0.23826452125814937, "accuracy": -1.0, "distance": 1.6429635286331177}, "6": {"mean": -0.28659743070602417, "variance": 0.017861906439065933, "std_dev": 0.13364844024181366, "median": -0.3057788610458374, "range": 0.6600216627120972, "iq_range": 0.15688112378120422, "density": 0.23761977245419796, "accuracy": 1.0, "distance": 1.3704173564910889}, "7": {"mean": -0.2901923358440399, "variance": 0.015788424760103226, "std_dev": 0.1256520003080368, "median": -0.3166040778160095, "range": 0.6288361549377441, "iq_range": 0.1239667758345604, "density": 0.24649789431991706, "accuracy": -1.0, "distance": 1.086570143699646}, "8": {"mean": -0.28460368514060974, "variance": 0.019000746309757233, "std_dev": 0.13784319162368774, "median": -0.298317015171051, "range": 0.6600216627120972, "iq_range": 0.1747998371720314, "density": 0.23615212553687662, "accuracy": -1.0, "distance": 1.594657301902771}, "9": {"mean": -0.28599265217781067, "variance": 0.018208205699920654, "std_dev": 0.13493777811527252, "median": -0.3053954243659973, "range": 0.6207359433174133, "iq_range": 0.1709529012441635, "density": 0.23901678505111304, "accuracy": 1.0, "distance": 0.9776366353034973}, "10": {"mean": -0.2906329929828644, "variance": 0.015532470308244228, "std_dev": 0.12462933361530304, "median": -0.31658029556274414, "range": 0.6288362145423889, "iq_range": 0.1241193450987339, "density": 0.25022434814723665, "accuracy": -1.0, "distance": 1.4790962934494019}, "11": {"mean": -0.29106253385543823, "variance": 0.015282605774700642, "std_dev": 0.1236228346824646, "median": -0.3187146484851837, "range": 0.6288362145423889, "iq_range": 0.12072982266545296, "density": 0.24527176208958731, "accuracy": -1.0, "distance": 1.3507112264633179}, "12": {"mean": -0.2885875105857849, "variance": 0.016717253252863884, "std_dev": 0.129295215010643, "median": -0.31347304582595825, "range": 0.6600216627120972, "iq_range": 0.13334721699357033, "density": 0.2378949369049349, "accuracy": 1.0, "distance": 1.135576844215393}, "13": {"mean": -0.2870727777481079, "variance": 0.01758921518921852, "std_dev": 0.13262434303760529, "median": -0.30055293440818787, "range": 0.6600216627120972, "iq_range": 0.15727954357862473, "density": 0.23297566350666463, "accuracy": -1.0, "distance": 0.9961473941802979}, "14": {"mean": -0.28484129905700684, "variance": 0.018865441903471947, "std_dev": 0.13735152781009674, "median": -0.3022565543651581, "range": 0.6179154515266418, "iq_range": 0.1714967116713524, "density": 0.2352260553682296, "accuracy": 1.0, "distance": 1.2231228351593018}}