{"0": {"mean": -0.2879621088504791, "variance": 0.01707783155143261, "std_dev": 0.13068217039108276, "median": -0.3131188750267029, "range": 0.6207359433174133, "iq_range": 0.1505860947072506, "density": 0.23496971369068836, "accuracy": 1.0, "distance": 0.3390734791755676}, "1": {"mean": -0.2861897647380829, "variance": 0.018095413222908974, "std_dev": 0.13451918959617615, "median": -0.3062557876110077, "range": 0.6600216627120972, "iq_range": 0.16215622797608376, "density": 0.2346693218037129, "accuracy": -1.0, "distance": 0.5695884823799133}, "2": {"mean": -0.2900594174861908, "variance": 0.01586553268134594, "std_dev": 0.12595845758914948, "median": -0.31611838936805725, "range": 0.6079211831092834, "iq_range": 0.12854187563061714, "density": 0.2391285795658124, "accuracy": 1.0, "distance": 1.5423208475112915}, "3": {"mean": -0.2838793396949768, "variance": 0.019412532448768616, "std_dev": 0.13932886719703674, "median": -0.29418596625328064, "range": 0.6288362145423889, "iq_range": 0.16983026638627052, "density": 0.23650827603081184, "accuracy": 1.0, "distance": 0.8660104870796204}, "4": {"mean": -0.28649720549583435, "variance": 0.017919356003403664, "std_dev": 0.1338631957769394, "median": -0.2983919680118561, "range": 0.6191851496696472, "iq_range": 0.15219691768288612, "density": 0.23462258065517033, "accuracy": -1.0, "distance": 0.7093695402145386}, "5": {"mean": -0.2869037687778473, "variance": 0.017686214298009872, "std_dev": 0.1329895257949829, "median": -0.3057788610458374, "range": 0.6600216627120972, "iq_range": 0.14841872826218605, "density": 0.23591305538756246, "accuracy": -1.0, "distance": 1.2157727479934692}, "6": {"mean": -0.28910425305366516, "variance": 0.01641872338950634, "std_dev": 0.1281355619430542, "median": -0.30685675144195557, "range": 0.6207359433174133, "iq_range": 0.13930441811680794, "density": 0.23680729877826698, "accuracy": -1.0, "distance": 0.9376730918884277}, "7": {"mean": -0.2852223515510559, "variance": 0.01864820159971714, "std_dev": 0.1365584135055542, "median": -0.3022242784500122, "range": 0.6288362145423889, "iq_range": 0.1752547137439251, "density": 0.2333321945895013, "accuracy": 1.0, "distance": 0.5334511399269104}, "8": {"mean": -0.2870418131351471, "variance": 0.01760699972510338, "std_dev": 0.1326913684606552, "median": -0.3029925227165222, "range": 0.6179154515266418, "iq_range": 0.16878915205597878, "density": 0.23846486164392264, "accuracy": 1.0, "distance": 0.48898622393608093}, "9": {"mean": -0.28803789615631104, "variance": 0.017034154385328293, "std_dev": 0.1305149644613266, "median": -0.3075178861618042, "range": 0.6288362145423889, "iq_range": 0.1520674154162407, "density": 0.23593355758950083, "accuracy": -1.0, "distance": 1.1047048568725586}, "10": {"mean": -0.28866082429885864, "variance": 0.016674909740686417, "std_dev": 0.12913136184215546, "median": -0.31302469968795776, "range": 0.6288362145423889, "iq_range": 0.14304707571864128, "density": 0.23776048489192728, "accuracy": -1.0, "distance": 0.7392210364341736}, "11": {"mean": -0.2871954143047333, "variance": 0.01751881279051304, "std_dev": 0.13235865533351898, "median": -0.3035915493965149, "range": 0.6600216627120972, "iq_range": 0.15525200590491295, "density": 0.23410259108138734, "accuracy": -1.0, "distance": 1.0524168014526367}, "12": {"mean": -0.2868681252002716, "variance": 0.017706668004393578, "std_dev": 0.13306640088558197, "median": -0.30651941895484924, "range": 0.6207359433174133, "iq_range": 0.1699797287583351, "density": 0.24099923989442415, "accuracy": -1.0, "distance": 1.1046695709228516}, "13": {"mean": -0.2854398190975189, "variance": 0.018524108454585075, "std_dev": 0.1361033022403717, "median": -0.29516035318374634, "range": 0.6600216627120972, "iq_range": 0.1583743393421173, "density": 0.23524613704223493, "accuracy": 1.0, "distance": 0.40550196170806885}, "14": {"mean": -0.28801044821739197, "variance": 0.017049983143806458, "std_dev": 0.13057558238506317, "median": -0.30362504720687866, "range": 0.6600216627120972, "iq_range": 0.14403203502297401, "density": 0.23576279439344058, "accuracy": -1.0, "distance": 1.004786491394043}}