{
    "0": [
        0.0,
        0
    ],
    "1": [
        0.8774905134223523,
        0
    ],
    "2": [
        2.5992351280722534,
        0
    ],
    "3": [
        5.63419200971859,
        0
    ],
    "4": [
        2.458226468349499,
        0
    ],
    "5": [
        1.4206366043905287,
        0
    ],
    "6": [
        1.1058948022142387,
        0
    ],
    "7": [
        3.8060709473548973,
        0
    ],
    "8": [
        0.7640756906846216,
        0
    ],
    "9": [
        0.2567526574803452,
        0
    ],
    "10": [
        0.1361920573280341,
        0
    ],
    "11": [
        0.11022383490905592,
        0
    ],
    "12": [
        0.0,
        0
    ],
    "13": [
        1.67260323462093,
        0
    ],
    "14": [
        0.0,
        0
    ]
}