{
    "0": [
        4.1128782143686236,
        0
    ],
    "1": [
        0.9626157383101085,
        0
    ],
    "2": [
        1.6329145278468478,
        0
    ],
    "3": [
        0.0,
        0
    ],
    "4": [
        0.794171115672368,
        0
    ],
    "5": [
        3.7791249612103512,
        0
    ],
    "6": [
        2.8085927939690913,
        0
    ],
    "7": [
        2.513685350302531,
        0
    ],
    "8": [
        1.4270874978832662,
        0
    ],
    "9": [
        0.0,
        0
    ],
    "10": [
        1.5727345642041581,
        0
    ],
    "11": [
        2.174278652139262,
        0
    ],
    "12": [
        3.2369538402894054,
        0
    ],
    "13": [
        0.0,
        0
    ],
    "14": [
        0.9071306135297544,
        0
    ]
}