{
    "0": [
        0.0,
        0
    ],
    "1": [
        0.0,
        0
    ],
    "2": [
        2.998719123073419,
        0
    ],
    "3": [
        4.128554865563101,
        0
    ],
    "4": [
        0.00010543860883601976,
        0
    ],
    "5": [
        0.2978075116751346,
        0
    ],
    "6": [
        3.3033232720544174,
        0
    ],
    "7": [
        0.6242594166185237,
        0
    ],
    "8": [
        2.070412471912361,
        0
    ],
    "9": [
        2.308527077963195,
        0
    ],
    "10": [
        3.579741366313711,
        0
    ],
    "11": [
        3.330356204277256,
        0
    ],
    "12": [
        0.0,
        0
    ],
    "13": [
        1.4803834275730454,
        0
    ],
    "14": [
        2.0797046554086243,
        0
    ]
}