{
    "0": [
        3.4941990613368454,
        0
    ],
    "1": [
        1.370323518631697,
        0
    ],
    "2": [
        0.0,
        0
    ],
    "3": [
        0.4534394722506069,
        0
    ],
    "4": [
        4.620986411469306,
        0
    ],
    "5": [
        2.169456621938435,
        0
    ],
    "6": [
        0.06975565766949103,
        0
    ],
    "7": [
        0.0,
        0
    ],
    "8": [
        1.934433089536042,
        0
    ],
    "9": [
        0.0,
        0
    ],
    "10": [
        2.9532100903384952,
        0
    ],
    "11": [
        2.8040691112060614,
        0
    ],
    "12": [
        0.6528041759985388,
        0
    ],
    "13": [
        0.6685852031992903,
        0
    ],
    "14": [
        0.0,
        0
    ]
}