{
    "0": [
        2.709740514708189,
        0
    ],
    "1": [
        3.229461607208871,
        0
    ],
    "2": [
        0.0,
        0
    ],
    "3": [
        3.2220542670340717,
        0
    ],
    "4": [
        1.3048235111337363,
        0
    ],
    "5": [
        1.053920899549558,
        0
    ],
    "6": [
        0.13636344196824754,
        0
    ],
    "7": [
        1.8315877576677762,
        0
    ],
    "8": [
        0.0,
        0
    ],
    "9": [
        0.17316912093208553,
        0
    ],
    "10": [
        0.31003681705356123,
        0
    ],
    "11": [
        3.2212353550745014,
        0
    ],
    "12": [
        2.5720175622517747,
        0
    ],
    "13": [
        0.0,
        0
    ],
    "14": [
        2.0651839417272315,
        0
    ]
}