{
    "0": [
        0.24128552491441224,
        0
    ],
    "1": [
        1.6689295606775245,
        0
    ],
    "2": [
        1.0393330698968386,
        0
    ],
    "3": [
        3.008275989393119,
        0
    ],
    "4": [
        0.2298278911223999,
        0
    ],
    "5": [
        0.22669657905870197,
        0
    ],
    "6": [
        1.004078759179356,
        0
    ],
    "7": [
        0.12009642790002066,
        0
    ],
    "8": [
        7.0057505364168415,
        0
    ],
    "9": [
        0.2849979559032562,
        0
    ],
    "10": [
        0.0,
        0
    ],
    "11": [
        0.0,
        0
    ],
    "12": [
        2.9598804817169184,
        0
    ],
    "13": [
        1.2637717361817928,
        0
    ],
    "14": [
        2.607750214877071,
        0
    ]
}