{
    "0": [
        0.19839000236512186,
        0
    ],
    "1": [
        0.0,
        0
    ],
    "2": [
        0.8974093906321048,
        0
    ],
    "3": [
        0.8383082977524101,
        0
    ],
    "4": [
        0.49074707259485395,
        0
    ],
    "5": [
        1.0534669443329152,
        0
    ],
    "6": [
        4.334088695286836,
        0
    ],
    "7": [
        1.6359394559830502,
        0
    ],
    "8": [
        2.34307433048295,
        0
    ],
    "9": [
        0.2906576653049601,
        0
    ],
    "10": [
        0.0,
        0
    ],
    "11": [
        2.142793958576947,
        0
    ],
    "12": [
        2.241710955584491,
        0
    ],
    "13": [
        0.5060293679131296,
        0
    ],
    "14": [
        4.321162255662718,
        0
    ]
}