{
    "0": [
        5.76494018304405,
        0
    ],
    "1": [
        0.8045981552217885,
        0
    ],
    "2": [
        3.8411059204147846,
        0
    ],
    "3": [
        1.611586932312887,
        0
    ],
    "4": [
        2.1182625558061634,
        0
    ],
    "5": [
        2.657119234327616,
        0
    ],
    "6": [
        0.0,
        0
    ],
    "7": [
        0.7225429356069749,
        0
    ],
    "8": [
        1.339143793336172,
        0
    ],
    "9": [
        2.3876320646442526,
        0
    ],
    "10": [
        0.30002795426343737,
        0
    ],
    "11": [
        0.7922725024452996,
        0
    ],
    "12": [
        0.0,
        0
    ],
    "13": [
        2.836839077041775,
        0
    ],
    "14": [
        2.4524020921821705,
        0
    ]
}