{
    "0": [
        2.057970686597154,
        0
    ],
    "1": [
        3.2224651920714162,
        0
    ],
    "2": [
        2.5987604808442484,
        0
    ],
    "3": [
        3.3822612639561704,
        0
    ],
    "4": [
        0.0,
        0
    ],
    "5": [
        0.0,
        0
    ],
    "6": [
        0.6754851679118817,
        0
    ],
    "7": [
        0.6415076015057523,
        0
    ],
    "8": [
        1.8148495266784181,
        0
    ],
    "9": [
        0.0,
        0
    ],
    "10": [
        0.0,
        0
    ],
    "11": [
        0.0,
        0
    ],
    "12": [
        2.5364328218061183,
        0
    ],
    "13": [
        3.543025430169933,
        0
    ],
    "14": [
        3.9084324799043726,
        0
    ]
}