{
    "0": [
        0.054377756865523354,
        131
    ],
    "1": [
        0.07351164784586899,
        89
    ],
    "2": [
        0.05600613259679797,
        141
    ],
    "3": [
        0.1038673100112403,
        150
    ],
    "4": [
        0.031112854651739314,
        123
    ],
    "5": [
        0.06526415210045107,
        139
    ],
    "6": [
        0.03998208161238666,
        127
    ],
    "7": [
        0.045216960452308885,
        107
    ],
    "8": [
        0.07870098432831873,
        141
    ],
    "9": [
        0.16245472919269033,
        151
    ],
    "10": [
        0.07916736027848732,
        157
    ],
    "11": [
        0.03890576972510637,
        115
    ],
    "12": [
        0.07297577484048264,
        146
    ],
    "13": [
        0.07274487374441327,
        125
    ],
    "14": [
        0.025711611754184772,
        118
    ]
}