{
    "0": [
        0.10942252278633938,
        147
    ],
    "1": [
        0.05956415559606474,
        151
    ],
    "2": [
        0.14641486821389746,
        166
    ],
    "3": [
        0.05265520212917451,
        131
    ],
    "4": [
        0.1301982786824703,
        87
    ],
    "5": [
        0.03521349867127396,
        132
    ],
    "6": [
        0.032822094101053585,
        117
    ],
    "7": [
        0.032885574979322686,
        107
    ],
    "8": [
        0.08227741984404974,
        134
    ],
    "9": [
        0.029714265630497373,
        120
    ],
    "10": [
        0.04163900949641952,
        127
    ],
    "11": [
        0.04638942456666821,
        132
    ],
    "12": [
        0.08448198875807506,
        138
    ],
    "13": [
        0.07007973012465833,
        142
    ],
    "14": [
        0.04624196642003514,
        112
    ]
}