{
    "0": [
        0.06029329749492932,
        141
    ],
    "1": [
        0.0862054106288424,
        131
    ],
    "2": [
        0.09809629598210438,
        117
    ],
    "3": [
        0.04397116672629977,
        126
    ],
    "4": [
        0.08612868207642299,
        140
    ],
    "5": [
        0.023626108883864856,
        106
    ],
    "6": [
        0.08179218400937655,
        148
    ],
    "7": [
        0.05660192477916764,
        133
    ],
    "8": [
        0.09999296703211591,
        213
    ],
    "9": [
        0.09275792594931581,
        142
    ],
    "10": [
        0.01652641409286826,
        71
    ],
    "11": [
        0.0954769705610171,
        118
    ],
    "12": [
        0.07492001706428306,
        165
    ],
    "13": [
        0.05744435067273883,
        140
    ],
    "14": [
        0.02616628404665311,
        104
    ]
}