{
    "0": [
        0.027032440782151126,
        117
    ],
    "1": [
        0.03394642972053269,
        125
    ],
    "2": [
        0.03112060327115863,
        132
    ],
    "3": [
        0.10271892327269229,
        169
    ],
    "4": [
        0.05422422111874532,
        170
    ],
    "5": [
        0.049972196430632845,
        130
    ],
    "6": [
        0.1072945216175968,
        148
    ],
    "7": [
        0.06028546613266068,
        148
    ],
    "8": [
        0.13675099739388724,
        160
    ],
    "9": [
        0.04419760297836497,
        104
    ],
    "10": [
        0.06143518803490174,
        136
    ],
    "11": [
        0.12249268276094234,
        103
    ],
    "12": [
        0.03349721982957285,
        108
    ],
    "13": [
        0.11189305173998208,
        159
    ],
    "14": [
        0.02313845491617848,
        108
    ]
}