{
    "0": [
        0.028224808259198205,
        126
    ],
    "1": [
        0.06784939114829165,
        152
    ],
    "2": [
        0.03637829808401763,
        134
    ],
    "3": [
        0.11330566489628775,
        130
    ],
    "4": [
        0.07309424806462543,
        93
    ],
    "5": [
        0.0831605264585921,
        131
    ],
    "6": [
        0.07375525269664707,
        160
    ],
    "7": [
        0.0747499066570003,
        147
    ],
    "8": [
        0.11272279725952912,
        167
    ],
    "9": [
        0.02605185362482948,
        83
    ],
    "10": [
        0.04724126598212585,
        98
    ],
    "11": [
        0.06329497952563332,
        133
    ],
    "12": [
        0.0926138679732334,
        174
    ],
    "13": [
        0.04303452561052816,
        106
    ],
    "14": [
        0.0645226137594605,
        170
    ]
}