{
    "0": [
        0.03288951952432935,
        107
    ],
    "1": [
        0.09961631837411984,
        142
    ],
    "2": [
        0.08485664449842535,
        157
    ],
    "3": [
        0.05210187370895949,
        106
    ],
    "4": [
        0.07769919965410713,
        147
    ],
    "5": [
        0.04956064507721384,
        125
    ],
    "6": [
        0.10602391349033377,
        140
    ],
    "7": [
        0.025309369007517516,
        91
    ],
    "8": [
        0.027111697599695683,
        103
    ],
    "9": [
        0.04170049754693706,
        131
    ],
    "10": [
        0.07367466890430721,
        145
    ],
    "11": [
        0.09742595606452911,
        169
    ],
    "12": [
        0.07910252458312268,
        176
    ],
    "13": [
        0.10594071287718708,
        127
    ],
    "14": [
        0.04698645908921482,
        128
    ]
}