{
    "0": [
        0.04973430905674447,
        147
    ],
    "1": [
        0.06707792560786605,
        141
    ],
    "2": [
        0.09191361014035157,
        190
    ],
    "3": [
        0.02864152411358038,
        114
    ],
    "4": [
        0.05866950039760272,
        143
    ],
    "5": [
        0.09310543701481339,
        212
    ],
    "6": [
        0.041985176644400345,
        118
    ],
    "7": [
        0.07289119032220799,
        155
    ],
    "8": [
        0.11378013640629574,
        165
    ],
    "9": [
        0.100801088450557,
        118
    ],
    "10": [
        0.10204001514697869,
        172
    ],
    "11": [
        0.05899162871521105,
        129
    ],
    "12": [
        0.04570134221552566,
        133
    ],
    "13": [
        0.032363186108934267,
        127
    ],
    "14": [
        0.04230392965893084,
        118
    ]
}