{
    "0": [
        0.09231153439696133,
        100
    ],
    "1": [
        0.12384011688839468,
        102
    ],
    "2": [
        0.10271309571825127,
        149
    ],
    "3": [
        0.07829381225395944,
        114
    ],
    "4": [
        0.07438506904155091,
        108
    ],
    "5": [
        0.08577881580423496,
        128
    ],
    "6": [
        0.05381053025122713,
        106
    ],
    "7": [
        0.02021460963734318,
        111
    ],
    "8": [
        0.0459125264300026,
        113
    ],
    "9": [
        0.06743974779217209,
        111
    ],
    "10": [
        0.08389762492189785,
        120
    ],
    "11": [
        0.03287010735261867,
        114
    ],
    "12": [
        0.04660250639092845,
        126
    ],
    "13": [
        0.02129642518185376,
        91
    ],
    "14": [
        0.07063347793860364,
        99
    ]
}