{
    "0": [
        0.0739641962623758,
        69
    ],
    "1": [
        0.020003454535419584,
        84
    ],
    "2": [
        0.10331712120704349,
        71
    ],
    "3": [
        0.10449883689461772,
        106
    ],
    "4": [
        0.028309318110480864,
        80
    ],
    "5": [
        0.14075858159899085,
        117
    ],
    "6": [
        0.031094146724977074,
        89
    ],
    "7": [
        0.02681563223936194,
        86
    ],
    "8": [
        0.04169729319898157,
        77
    ],
    "9": [
        0.028346546532654355,
        95
    ],
    "10": [
        0.07737526164385047,
        82
    ],
    "11": [
        0.03665726504719669,
        97
    ],
    "12": [
        0.07386470255875761,
        133
    ],
    "13": [
        0.08977844879642218,
        87
    ],
    "14": [
        0.1235191946488697,
        121
    ]
}