{
    "0": [
        0.05360655283275748,
        135
    ],
    "1": [
        0.029427654731970242,
        110
    ],
    "2": [
        0.08349276847455928,
        138
    ],
    "3": [
        0.03313942272587721,
        119
    ],
    "4": [
        0.033069635471157356,
        134
    ],
    "5": [
        0.09110970186263519,
        145
    ],
    "6": [
        0.03248655296193564,
        88
    ],
    "7": [
        0.05876295949861018,
        89
    ],
    "8": [
        0.07514513622170875,
        135
    ],
    "9": [
        0.09848552006864346,
        120
    ],
    "10": [
        0.11144062387835461,
        166
    ],
    "11": [
        0.05523516312632942,
        149
    ],
    "12": [
        0.07280790972022204,
        157
    ],
    "13": [
        0.10074716418024693,
        146
    ],
    "14": [
        0.0710432342449921,
        101
    ]
}