{
    "0": [
        0.028148650279823453,
        109
    ],
    "1": [
        0.07698305400814091,
        134
    ],
    "2": [
        0.060309204401004936,
        151
    ],
    "3": [
        0.028128510300344984,
        103
    ],
    "4": [
        0.12746034278093613,
        141
    ],
    "5": [
        0.08257843146593727,
        142
    ],
    "6": [
        0.023006506289439302,
        92
    ],
    "7": [
        0.1554626290896025,
        145
    ],
    "8": [
        0.03660375267361128,
        72
    ],
    "9": [
        0.04391080762255269,
        113
    ],
    "10": [
        0.07261625099671187,
        113
    ],
    "11": [
        0.07032916679176014,
        73
    ],
    "12": [
        0.12483688458432027,
        143
    ],
    "13": [
        0.05218689658341571,
        112
    ],
    "14": [
        0.01743891213239869,
        77
    ]
}