{
    "0": [
        68.68792492617092,
        0
    ],
    "1": [
        58.49743879220751,
        0
    ],
    "2": [
        42.50307361138661,
        0
    ],
    "3": [
        25.780895553809,
        0
    ],
    "4": [
        23.702523275200697,
        0
    ],
    "5": [
        50.862250876606836,
        0
    ],
    "6": [
        35.459113360145814,
        0
    ],
    "7": [
        29.511588449562385,
        0
    ],
    "8": [
        69.02648276225003,
        0
    ],
    "9": [
        46.54173196782459,
        0
    ],
    "10": [
        41.65089325277333,
        0
    ],
    "11": [
        52.905154276090755,
        0
    ],
    "12": [
        37.11603495467544,
        0
    ],
    "13": [
        40.095131133447886,
        0
    ],
    "14": [
        45.58628957113525,
        0
    ]
}