{
    "0": [
        24.999306694747904,
        0
    ],
    "1": [
        30.614812990637276,
        0
    ],
    "2": [
        50.29586150727897,
        0
    ],
    "3": [
        33.95192597783387,
        0
    ],
    "4": [
        28.252056045754188,
        0
    ],
    "5": [
        58.779472403865554,
        0
    ],
    "6": [
        62.15802099543852,
        0
    ],
    "7": [
        51.77987104489971,
        0
    ],
    "8": [
        37.709123690080354,
        0
    ],
    "9": [
        40.065105395094676,
        0
    ],
    "10": [
        36.19204517311171,
        0
    ],
    "11": [
        67.32016269510626,
        0
    ],
    "12": [
        41.899685441472585,
        0
    ],
    "13": [
        19.429959347777967,
        0
    ],
    "14": [
        67.65970715688135,
        0
    ]
}