{
    "0": [
        41.850350889954306,
        0
    ],
    "1": [
        33.44230766440126,
        0
    ],
    "2": [
        30.273739928287874,
        0
    ],
    "3": [
        33.15072107699839,
        0
    ],
    "4": [
        27.45640981555143,
        0
    ],
    "5": [
        43.40044358855417,
        0
    ],
    "6": [
        38.23285384680771,
        0
    ],
    "7": [
        46.851803134514334,
        0
    ],
    "8": [
        57.21600510986868,
        0
    ],
    "9": [
        35.79513633767712,
        0
    ],
    "10": [
        59.569859260005096,
        0
    ],
    "11": [
        58.37242716695476,
        0
    ],
    "12": [
        41.238008838555906,
        0
    ],
    "13": [
        52.62581695873336,
        0
    ],
    "14": [
        62.39143466632696,
        0
    ]
}