{
    "0": [
        59.01513859352965,
        0
    ],
    "1": [
        61.34120411973929,
        0
    ],
    "2": [
        64.97890775719598,
        0
    ],
    "3": [
        48.38658101902153,
        0
    ],
    "4": [
        47.04360245016857,
        0
    ],
    "5": [
        43.223911833759225,
        0
    ],
    "6": [
        41.80235556478221,
        0
    ],
    "7": [
        29.83081235955763,
        0
    ],
    "8": [
        44.359294407662595,
        0
    ],
    "9": [
        47.45585118736659,
        0
    ],
    "10": [
        60.97602365455546,
        0
    ],
    "11": [
        21.795257651768647,
        0
    ],
    "12": [
        54.670266826307945,
        0
    ],
    "13": [
        20.386553244916765,
        0
    ],
    "14": [
        38.51123142130607,
        0
    ]
}