{
    "0": [
        58.268794632228925,
        0
    ],
    "1": [
        46.572988924434775,
        0
    ],
    "2": [
        46.447557459735414,
        0
    ],
    "3": [
        48.6107461757786,
        0
    ],
    "4": [
        57.06897239329103,
        0
    ],
    "5": [
        38.48139569899801,
        0
    ],
    "6": [
        41.216389532455516,
        0
    ],
    "7": [
        43.518574237650036,
        0
    ],
    "8": [
        30.758202267793283,
        0
    ],
    "9": [
        39.56704628479959,
        0
    ],
    "10": [
        58.056787794643505,
        0
    ],
    "11": [
        53.00682239804205,
        0
    ],
    "12": [
        34.520980867217006,
        0
    ],
    "13": [
        39.446485359438036,
        0
    ],
    "14": [
        64.65109205563768,
        0
    ]
}