{
    "0": [
        50.48521357000162,
        0
    ],
    "1": [
        35.25202369976075,
        0
    ],
    "2": [
        40.58718105311718,
        0
    ],
    "3": [
        42.835551434754876,
        0
    ],
    "4": [
        45.151983516047316,
        0
    ],
    "5": [
        54.970636861453734,
        0
    ],
    "6": [
        50.4882743778465,
        0
    ],
    "7": [
        39.34761986553321,
        0
    ],
    "8": [
        35.07516282451735,
        0
    ],
    "9": [
        62.6825796305551,
        0
    ],
    "10": [
        58.44295666382862,
        0
    ],
    "11": [
        32.75364381311941,
        0
    ],
    "12": [
        49.37141969784024,
        0
    ],
    "13": [
        40.37276816538137,
        0
    ],
    "14": [
        50.49841869758016,
        0
    ]
}