{
    "0": [
        33.86400243123033,
        0
    ],
    "1": [
        51.3303243047421,
        0
    ],
    "2": [
        59.800822582331925,
        0
    ],
    "3": [
        43.30347696641734,
        0
    ],
    "4": [
        51.86753230914766,
        0
    ],
    "5": [
        51.25920742392,
        0
    ],
    "6": [
        31.593758982190955,
        0
    ],
    "7": [
        35.418336096343175,
        0
    ],
    "8": [
        34.49133412732236,
        0
    ],
    "9": [
        44.34820321421051,
        0
    ],
    "10": [
        39.558755814493665,
        0
    ],
    "11": [
        32.420941804945784,
        0
    ],
    "12": [
        35.564969584573184,
        0
    ],
    "13": [
        51.5311710424234,
        0
    ],
    "14": [
        51.596339382725006,
        0
    ]
}