{
    "0": [
        43.08956209502048,
        0
    ],
    "1": [
        33.36603544909067,
        0
    ],
    "2": [
        63.24631486250477,
        0
    ],
    "3": [
        44.82298788783316,
        0
    ],
    "4": [
        41.570726313684716,
        0
    ],
    "5": [
        18.597252485734476,
        0
    ],
    "6": [
        57.93713814001744,
        0
    ],
    "7": [
        33.786491789888096,
        0
    ],
    "8": [
        44.41268815797699,
        0
    ],
    "9": [
        37.38726072200781,
        0
    ],
    "10": [
        40.7896715746677,
        0
    ],
    "11": [
        62.55414228901093,
        0
    ],
    "12": [
        53.82516682326677,
        0
    ],
    "13": [
        33.551808784015435,
        0
    ],
    "14": [
        36.51385710667127,
        0
    ]
}