{
    "0": [
        46.89592557926705,
        0
    ],
    "1": [
        33.81819528423168,
        0
    ],
    "2": [
        35.81706768293354,
        0
    ],
    "3": [
        51.56475474976559,
        0
    ],
    "4": [
        41.7993913305425,
        0
    ],
    "5": [
        55.43757997132282,
        0
    ],
    "6": [
        55.0481650396285,
        0
    ],
    "7": [
        43.5479798477735,
        0
    ],
    "8": [
        51.496302334955004,
        0
    ],
    "9": [
        27.515124342197478,
        0
    ],
    "10": [
        51.565234507727276,
        0
    ],
    "11": [
        33.58298847292874,
        0
    ],
    "12": [
        81.30185651395962,
        0
    ],
    "13": [
        22.975095093714415,
        0
    ],
    "14": [
        41.025757877425974,
        0
    ]
}