{
    "0": [
        0.08487251332353676,
        19946
    ],
    "1": [
        0.042647983433376,
        18025
    ],
    "2": [
        0.04177567703895653,
        17738
    ],
    "3": [
        0.07316112093489795,
        20083
    ],
    "4": [
        0.08252806838994665,
        18485
    ],
    "5": [
        0.07669631382298946,
        18060
    ],
    "6": [
        0.07176452122771568,
        20074
    ],
    "7": [
        0.08753708561821297,
        21649
    ],
    "8": [
        0.05943510984074245,
        19187
    ],
    "9": [
        0.07073696629958803,
        18426
    ],
    "10": [
        0.05676490885879654,
        18414
    ],
    "11": [
        0.07058229876632638,
        19762
    ],
    "12": [
        0.07165931445450954,
        20281
    ],
    "13": [
        0.05190897179209219,
        17515
    ],
    "14": [
        0.057929146198312874,
        18345
    ]
}