{
    "0": [
        0.06611468021518345,
        18203
    ],
    "1": [
        0.07000953227718183,
        18055
    ],
    "2": [
        0.09074252854892695,
        18440
    ],
    "3": [
        0.07694221352564971,
        17110
    ],
    "4": [
        0.07578429582046625,
        18255
    ],
    "5": [
        0.07455017760167666,
        17148
    ],
    "6": [
        0.07778351475649196,
        17970
    ],
    "7": [
        0.05117527806233909,
        16248
    ],
    "8": [
        0.05235071879450849,
        16611
    ],
    "9": [
        0.0602006852400827,
        17898
    ],
    "10": [
        0.08509988055871857,
        17125
    ],
    "11": [
        0.0676625232775357,
        17740
    ],
    "12": [
        0.056352160756872674,
        16746
    ],
    "13": [
        0.04533623510475553,
        17966
    ],
    "14": [
        0.04989557545961038,
        16134
    ]
}