{
    "0": [
        0.0744644658289849,
        20266
    ],
    "1": [
        0.05825172174455651,
        17673
    ],
    "2": [
        0.05858880185498515,
        18795
    ],
    "3": [
        0.050352773454373015,
        18073
    ],
    "4": [
        0.04519970555778711,
        17111
    ],
    "5": [
        0.06295163746614996,
        17733
    ],
    "6": [
        0.06794535245478388,
        19442
    ],
    "7": [
        0.04654311788658328,
        18096
    ],
    "8": [
        0.09502653460199799,
        20142
    ],
    "9": [
        0.08376647935278428,
        20191
    ],
    "10": [
        0.06731923224728632,
        17372
    ],
    "11": [
        0.0898989037892523,
        21057
    ],
    "12": [
        0.06878493260659867,
        17795
    ],
    "13": [
        0.05721620815130428,
        18444
    ],
    "14": [
        0.07369013300257221,
        18428
    ]
}