{
    "0": [
        0.06231244043864353,
        17619
    ],
    "1": [
        0.06317622062811994,
        18957
    ],
    "2": [
        0.06052400678210812,
        18810
    ],
    "3": [
        0.05293474083350668,
        19736
    ],
    "4": [
        0.08081307969116207,
        20913
    ],
    "5": [
        0.06960829231787795,
        19617
    ],
    "6": [
        0.055456702131438065,
        17346
    ],
    "7": [
        0.07628939998874901,
        20519
    ],
    "8": [
        0.06387436707863021,
        20249
    ],
    "9": [
        0.0710514149938021,
        19914
    ],
    "10": [
        0.09788473403465797,
        22063
    ],
    "11": [
        0.06003798831618562,
        17489
    ],
    "12": [
        0.04821434044514819,
        18180
    ],
    "13": [
        0.0662690992510243,
        19289
    ],
    "14": [
        0.0715531730689464,
        19628
    ]
}