{
    "0": [
        0.05431775335318055,
        18576
    ],
    "1": [
        0.06400605023636205,
        18669
    ],
    "2": [
        0.053502683607653895,
        17679
    ],
    "3": [
        0.05561463881081321,
        18343
    ],
    "4": [
        0.059233935318613894,
        17100
    ],
    "5": [
        0.07288533056397367,
        18986
    ],
    "6": [
        0.07030588219468221,
        18976
    ],
    "7": [
        0.07084747264537893,
        19257
    ],
    "8": [
        0.10059612975986543,
        20858
    ],
    "9": [
        0.06311299769414856,
        18071
    ],
    "10": [
        0.0639655287812135,
        20229
    ],
    "11": [
        0.08273188160678359,
        20683
    ],
    "12": [
        0.05832259900801384,
        17873
    ],
    "13": [
        0.06338177727362458,
        19460
    ],
    "14": [
        0.0671753391456921,
        21250
    ]
}