{
    "0": [
        0.06181794631860738,
        18333
    ],
    "1": [
        0.07779468140672514,
        19438
    ],
    "2": [
        0.06250260359599986,
        19272
    ],
    "3": [
        0.08504831057721465,
        21123
    ],
    "4": [
        0.065449628040635,
        19378
    ],
    "5": [
        0.053858110844971094,
        17108
    ],
    "6": [
        0.06915674908668187,
        20662
    ],
    "7": [
        0.06558897722945582,
        18074
    ],
    "8": [
        0.0468862347517181,
        17003
    ],
    "9": [
        0.07952636502257707,
        20351
    ],
    "10": [
        0.08459004895247664,
        19360
    ],
    "11": [
        0.07893279155878798,
        21347
    ],
    "12": [
        0.06431268733808783,
        19260
    ],
    "13": [
        0.052595001656549206,
        17832
    ],
    "14": [
        0.05193986361951245,
        18671
    ]
}