{
    "0": [
        0.07353799117932747,
        20664
    ],
    "1": [
        0.08448150112415086,
        20563
    ],
    "2": [
        0.05757462563050417,
        19815
    ],
    "3": [
        0.0772282523135077,
        21367
    ],
    "4": [
        0.06865370868649505,
        20011
    ],
    "5": [
        0.04895221615277568,
        18135
    ],
    "6": [
        0.04740951103204568,
        17705
    ],
    "7": [
        0.0642462555659993,
        18189
    ],
    "8": [
        0.0693554878622747,
        20360
    ],
    "9": [
        0.0756954882976134,
        22434
    ],
    "10": [
        0.04361116188534099,
        18508
    ],
    "11": [
        0.05304285919785228,
        17584
    ],
    "12": [
        0.06376296890044525,
        20283
    ],
    "13": [
        0.08917495112413036,
        23084
    ],
    "14": [
        0.08327302104753706,
        22594
    ]
}