{
    "0": [
        0.054988773351688475,
        17077
    ],
    "1": [
        0.07390654329674087,
        19600
    ],
    "2": [
        0.09668402952940323,
        19312
    ],
    "3": [
        0.061148218051554105,
        18116
    ],
    "4": [
        0.08792780214499828,
        18258
    ],
    "5": [
        0.051230253802913794,
        16652
    ],
    "6": [
        0.04940785305489706,
        17807
    ],
    "7": [
        0.06370424628471409,
        16759
    ],
    "8": [
        0.0656614493976254,
        17575
    ],
    "9": [
        0.05783368921569126,
        17112
    ],
    "10": [
        0.06765014327129425,
        17968
    ],
    "11": [
        0.051779290852629,
        17185
    ],
    "12": [
        0.0724729448183566,
        18496
    ],
    "13": [
        0.0821348806829388,
        17967
    ],
    "14": [
        0.06346988224455485,
        18341
    ]
}