{
    "0": [
        0.08623119505220049,
        18999
    ],
    "1": [
        0.07610751454207602,
        19711
    ],
    "2": [
        0.09965652763200085,
        20102
    ],
    "3": [
        0.06555608081183287,
        19265
    ],
    "4": [
        0.06644193249021305,
        18647
    ],
    "5": [
        0.05476747259808802,
        17562
    ],
    "6": [
        0.0574554148427364,
        18314
    ],
    "7": [
        0.061438902425975876,
        16933
    ],
    "8": [
        0.06502805685704528,
        19080
    ],
    "9": [
        0.05551160662639271,
        17845
    ],
    "10": [
        0.05483651438823733,
        18497
    ],
    "11": [
        0.06594527382257405,
        16404
    ],
    "12": [
        0.06953476846395892,
        19462
    ],
    "13": [
        0.055909399371792845,
        15865
    ],
    "14": [
        0.06557934007487548,
        18131
    ]
}