{
    "0": [
        0.06529976638687697,
        20222
    ],
    "1": [
        0.0609094390878917,
        18246
    ],
    "2": [
        0.052838852299689126,
        19170
    ],
    "3": [
        0.07191781166663261,
        19577
    ],
    "4": [
        0.07222769124238576,
        19577
    ],
    "5": [
        0.06653156160145926,
        20925
    ],
    "6": [
        0.08839123053394204,
        21247
    ],
    "7": [
        0.07141910653018617,
        19933
    ],
    "8": [
        0.07119406646695957,
        20273
    ],
    "9": [
        0.06446324525843493,
        19432
    ],
    "10": [
        0.06704458945496714,
        20897
    ],
    "11": [
        0.043152684637596375,
        18453
    ],
    "12": [
        0.10129490996789298,
        22156
    ],
    "13": [
        0.048881024529691355,
        18350
    ],
    "14": [
        0.05443402033539392,
        19721
    ]
}