{
    "0": [
        0.05110256162127777,
        17474
    ],
    "1": [
        0.04902605082659605,
        17599
    ],
    "2": [
        0.08026504288033395,
        19731
    ],
    "3": [
        0.07203523052065268,
        19007
    ],
    "4": [
        0.05265923654075496,
        17487
    ],
    "5": [
        0.08925119381459279,
        19329
    ],
    "6": [
        0.0877192653051761,
        20425
    ],
    "7": [
        0.06845115465414246,
        20025
    ],
    "8": [
        0.058052386431431985,
        18313
    ],
    "9": [
        0.0596483891562798,
        18775
    ],
    "10": [
        0.05185172264526777,
        17317
    ],
    "11": [
        0.06003034574144177,
        19160
    ],
    "12": [
        0.0642903697869088,
        19095
    ],
    "13": [
        0.051839447949274885,
        17889
    ],
    "14": [
        0.10377760212586824,
        21000
    ]
}