{
    "0": [
        97.71794038097619,
        0
    ],
    "1": [
        129.63621748601417,
        0
    ],
    "2": [
        100.4199458533771,
        0
    ],
    "3": [
        167.50053085710817,
        0
    ],
    "4": [
        147.89311956928734,
        0
    ],
    "5": [
        88.11282438812299,
        0
    ],
    "6": [
        134.97874460050585,
        0
    ],
    "7": [
        177.1646598514885,
        0
    ],
    "8": [
        176.31261587798213,
        0
    ],
    "9": [
        164.11858092701118,
        0
    ],
    "10": [
        112.85162575845659,
        0
    ],
    "11": [
        131.91960630563648,
        0
    ],
    "12": [
        116.45831286953667,
        0
    ],
    "13": [
        157.38845203575937,
        0
    ],
    "14": [
        87.13755519108217,
        0
    ]
}