{
    "0": [
        128.09665505216282,
        0
    ],
    "1": [
        159.04136428146415,
        0
    ],
    "2": [
        92.92772140851628,
        0
    ],
    "3": [
        132.50345880447412,
        0
    ],
    "4": [
        149.88222010311432,
        0
    ],
    "5": [
        195.89398362636825,
        0
    ],
    "6": [
        125.82805565272146,
        0
    ],
    "7": [
        132.19639653010407,
        0
    ],
    "8": [
        163.25063852464265,
        0
    ],
    "9": [
        164.69121479842116,
        0
    ],
    "10": [
        166.2633136332505,
        0
    ],
    "11": [
        203.11443827663788,
        0
    ],
    "12": [
        104.09171337377445,
        0
    ],
    "13": [
        177.34484374548273,
        0
    ],
    "14": [
        131.10961565643876,
        0
    ]
}