{
    "0": [
        214.80203138104605,
        0
    ],
    "1": [
        94.54689843388327,
        0
    ],
    "2": [
        152.27125339371435,
        0
    ],
    "3": [
        75.66630237441447,
        0
    ],
    "4": [
        156.21111754287617,
        0
    ],
    "5": [
        63.89336433906472,
        0
    ],
    "6": [
        105.1905453744483,
        0
    ],
    "7": [
        172.86536409471157,
        0
    ],
    "8": [
        161.8419931116802,
        0
    ],
    "9": [
        143.46934705720992,
        0
    ],
    "10": [
        75.257846322262,
        0
    ],
    "11": [
        91.10497561884475,
        0
    ],
    "12": [
        100.7931072223502,
        0
    ],
    "13": [
        203.7279936391035,
        0
    ],
    "14": [
        173.31865946273786,
        0
    ]
}