{
    "0": [
        128.3768061233683,
        0
    ],
    "1": [
        113.9435555844521,
        0
    ],
    "2": [
        130.47625895417795,
        0
    ],
    "3": [
        133.08141085795774,
        0
    ],
    "4": [
        113.54958754420167,
        0
    ],
    "5": [
        86.52166430798756,
        0
    ],
    "6": [
        103.448438604547,
        0
    ],
    "7": [
        174.62321211027333,
        0
    ],
    "8": [
        70.78077803067643,
        0
    ],
    "9": [
        78.77224433021708,
        0
    ],
    "10": [
        130.66435512573406,
        0
    ],
    "11": [
        139.3255610469028,
        0
    ],
    "12": [
        202.25677365638143,
        0
    ],
    "13": [
        210.148915603468,
        0
    ],
    "14": [
        181.9474178006984,
        0
    ]
}