{
    "0": [
        174.84025943989468,
        0
    ],
    "1": [
        89.09207413034221,
        0
    ],
    "2": [
        129.42062872305343,
        0
    ],
    "3": [
        120.31828277100178,
        0
    ],
    "4": [
        122.22041472604431,
        0
    ],
    "5": [
        122.23315634912913,
        0
    ],
    "6": [
        81.14939094555436,
        0
    ],
    "7": [
        116.5778998464021,
        0
    ],
    "8": [
        113.959480761347,
        0
    ],
    "9": [
        116.47779404008666,
        0
    ],
    "10": [
        133.7943905800276,
        0
    ],
    "11": [
        117.71619831309732,
        0
    ],
    "12": [
        200.75922413705524,
        0
    ],
    "13": [
        137.71938418914186,
        0
    ],
    "14": [
        194.99569493556334,
        0
    ]
}