{
    "0": [
        172.26779861123492,
        0
    ],
    "1": [
        128.55817546043875,
        0
    ],
    "2": [
        190.79446892089524,
        0
    ],
    "3": [
        173.74808056957258,
        0
    ],
    "4": [
        134.8140746574948,
        0
    ],
    "5": [
        106.50965448174884,
        0
    ],
    "6": [
        148.51741505890152,
        0
    ],
    "7": [
        156.57584334348917,
        0
    ],
    "8": [
        126.52078430846463,
        0
    ],
    "9": [
        128.12247179058693,
        0
    ],
    "10": [
        144.25000103247376,
        0
    ],
    "11": [
        94.51914269872223,
        0
    ],
    "12": [
        183.33381808606123,
        0
    ],
    "13": [
        141.94457994007973,
        0
    ],
    "14": [
        183.60759677975364,
        0
    ]
}