{
    "0": [
        99.85048307722343,
        0
    ],
    "1": [
        158.13089157222487,
        0
    ],
    "2": [
        181.95709474552265,
        0
    ],
    "3": [
        125.04782915126916,
        0
    ],
    "4": [
        137.8540637092441,
        0
    ],
    "5": [
        88.17631308710988,
        0
    ],
    "6": [
        130.12430744432083,
        0
    ],
    "7": [
        130.97779567281313,
        0
    ],
    "8": [
        165.38722952205367,
        0
    ],
    "9": [
        113.70693230061282,
        0
    ],
    "10": [
        125.69816454891209,
        0
    ],
    "11": [
        112.90520229820883,
        0
    ],
    "12": [
        165.24935453917888,
        0
    ],
    "13": [
        130.07335496917582,
        0
    ],
    "14": [
        163.97899452678598,
        0
    ]
}