{
    "0": [
        211.49616809155154,
        0
    ],
    "1": [
        113.59896132745601,
        0
    ],
    "2": [
        93.0888314121671,
        0
    ],
    "3": [
        178.77407027859076,
        0
    ],
    "4": [
        186.63053650796826,
        0
    ],
    "5": [
        129.5488572027278,
        0
    ],
    "6": [
        140.11323099260647,
        0
    ],
    "7": [
        84.44624441596088,
        0
    ],
    "8": [
        127.07588448356182,
        0
    ],
    "9": [
        143.81525103770443,
        0
    ],
    "10": [
        139.1378055131934,
        0
    ],
    "11": [
        60.4643040724758,
        0
    ],
    "12": [
        84.62798237396828,
        0
    ],
    "13": [
        212.22620343085683,
        0
    ],
    "14": [
        160.97239739403213,
        0
    ]
}