{
    "0": [
        168.46598661804742,
        0
    ],
    "1": [
        135.22327835455718,
        0
    ],
    "2": [
        123.75530400033962,
        0
    ],
    "3": [
        154.94936041709977,
        0
    ],
    "4": [
        115.34453587838357,
        0
    ],
    "5": [
        138.56468887211298,
        0
    ],
    "6": [
        124.72977218187107,
        0
    ],
    "7": [
        116.4590468565185,
        0
    ],
    "8": [
        90.33452330381662,
        0
    ],
    "9": [
        115.44927277426822,
        0
    ],
    "10": [
        155.38788913712594,
        0
    ],
    "11": [
        94.89573123717777,
        0
    ],
    "12": [
        209.27207674230215,
        0
    ],
    "13": [
        151.10284492487534,
        0
    ],
    "14": [
        131.78966339864624,
        0
    ]
}