{
    "0": [
        0.060493484139442444,
        2757
    ],
    "1": [
        0.10156942903995514,
        1904
    ],
    "2": [
        0.02001861110329628,
        1266
    ],
    "3": [
        0.05375874787569046,
        1684
    ],
    "4": [
        0.07863523066043854,
        2725
    ],
    "5": [
        0.06040716543793678,
        2238
    ],
    "6": [
        0.02180832251906395,
        1459
    ],
    "7": [
        0.10060837864875793,
        2754
    ],
    "8": [
        0.06177229806780815,
        2269
    ],
    "9": [
        0.10637803375720978,
        2600
    ],
    "10": [
        0.03909935802221298,
        2945
    ],
    "11": [
        0.08521398156881332,
        2160
    ],
    "12": [
        0.11215575784444809,
        2330
    ],
    "13": [
        0.0510445162653923,
        2256
    ],
    "14": [
        0.04703664779663086,
        2773
    ]
}