{
    "0": [
        0.06607115268707275,
        2497
    ],
    "1": [
        0.07324591279029846,
        1661
    ],
    "2": [
        0.03803390637040138,
        2309
    ],
    "3": [
        0.04211490973830223,
        2486
    ],
    "4": [
        0.06541241705417633,
        2124
    ],
    "5": [
        0.07264943420886993,
        2405
    ],
    "6": [
        0.07706992328166962,
        2883
    ],
    "7": [
        0.06061219424009323,
        2747
    ],
    "8": [
        0.07894784212112427,
        3017
    ],
    "9": [
        0.07417809218168259,
        2374
    ],
    "10": [
        0.12070923298597336,
        3027
    ],
    "11": [
        0.043947722762823105,
        2076
    ],
    "12": [
        0.033230286091566086,
        1331
    ],
    "13": [
        0.09224288165569305,
        1910
    ],
    "14": [
        0.06153416633605957,
        2304
    ]
}