{
    "0": [
        0.06223699077963829,
        2727
    ],
    "1": [
        0.07248510420322418,
        2485
    ],
    "2": [
        0.05416390299797058,
        2434
    ],
    "3": [
        0.08537636697292328,
        2665
    ],
    "4": [
        0.052749622613191605,
        2109
    ],
    "5": [
        0.05544169619679451,
        2401
    ],
    "6": [
        0.0750025138258934,
        1908
    ],
    "7": [
        0.06568845361471176,
        1993
    ],
    "8": [
        0.128187358379364,
        2325
    ],
    "9": [
        0.05516485497355461,
        2447
    ],
    "10": [
        0.05900569260120392,
        2258
    ],
    "11": [
        0.03918548300862312,
        2009
    ],
    "12": [
        0.061616841703653336,
        2286
    ],
    "13": [
        0.09579286724328995,
        2364
    ],
    "14": [
        0.037902139127254486,
        2379
    ]
}