{
    "0": [
        0.04092540219426155,
        1985
    ],
    "1": [
        0.09340386092662811,
        2677
    ],
    "2": [
        0.040748219937086105,
        2566
    ],
    "3": [
        0.06358432024717331,
        3104
    ],
    "4": [
        0.03398245945572853,
        1985
    ],
    "5": [
        0.051294680684804916,
        1920
    ],
    "6": [
        0.1638520061969757,
        2434
    ],
    "7": [
        0.06800109893083572,
        1745
    ],
    "8": [
        0.04646999388933182,
        1981
    ],
    "9": [
        0.05060334876179695,
        2465
    ],
    "10": [
        0.11190515011548996,
        2974
    ],
    "11": [
        0.07196137309074402,
        2807
    ],
    "12": [
        0.03478480875492096,
        2380
    ],
    "13": [
        0.083770751953125,
        2711
    ],
    "14": [
        0.04471255838871002,
        2070
    ]
}