{
    "0": [
        0.05184278264641762,
        1780
    ],
    "1": [
        0.03931665048003197,
        2565
    ],
    "2": [
        0.04378154128789902,
        1773
    ],
    "3": [
        0.06959157437086105,
        2265
    ],
    "4": [
        0.06341371685266495,
        2374
    ],
    "5": [
        0.09699474275112152,
        3078
    ],
    "6": [
        0.06365806609392166,
        2170
    ],
    "7": [
        0.07820659875869751,
        2235
    ],
    "8": [
        0.06264326721429825,
        2069
    ],
    "9": [
        0.05017153546214104,
        2202
    ],
    "10": [
        0.03891806676983833,
        2261
    ],
    "11": [
        0.06154961884021759,
        2339
    ],
    "12": [
        0.11867149919271469,
        2959
    ],
    "13": [
        0.09011731296777725,
        3103
    ],
    "14": [
        0.07112311571836472,
        2118
    ]
}