{
    "0": [
        0.06770019233226776,
        2736
    ],
    "1": [
        0.10131451487541199,
        2599
    ],
    "2": [
        0.03847154974937439,
        1686
    ],
    "3": [
        0.05034647136926651,
        2292
    ],
    "4": [
        0.021305209025740623,
        1856
    ],
    "5": [
        0.09696464240550995,
        2158
    ],
    "6": [
        0.07583130896091461,
        3340
    ],
    "7": [
        0.0628526359796524,
        1759
    ],
    "8": [
        0.05708125978708267,
        1879
    ],
    "9": [
        0.04082092270255089,
        2458
    ],
    "10": [
        0.10543236881494522,
        2530
    ],
    "11": [
        0.08590047061443329,
        2172
    ],
    "12": [
        0.07591395825147629,
        2094
    ],
    "13": [
        0.04030315577983856,
        1681
    ],
    "14": [
        0.07976143062114716,
        2629
    ]
}