{
    "0": [
        0.02656972035765648,
        1898
    ],
    "1": [
        0.11397441476583481,
        1341
    ],
    "2": [
        0.06280448287725449,
        2988
    ],
    "3": [
        0.08076146990060806,
        2908
    ],
    "4": [
        0.055954791605472565,
        2482
    ],
    "5": [
        0.03958982229232788,
        2288
    ],
    "6": [
        0.08402052521705627,
        2546
    ],
    "7": [
        0.03854096308350563,
        3035
    ],
    "8": [
        0.09234917163848877,
        1704
    ],
    "9": [
        0.07206114381551743,
        2840
    ],
    "10": [
        0.0790293887257576,
        2130
    ],
    "11": [
        0.05678678676486015,
        2630
    ],
    "12": [
        0.03886839374899864,
        1510
    ],
    "13": [
        0.11383737623691559,
        2736
    ],
    "14": [
        0.04485161975026131,
        1721
    ]
}