{
    "0": [
        0.05237887054681778,
        1941
    ],
    "1": [
        0.06600027531385422,
        1929
    ],
    "2": [
        0.05251124128699303,
        2017
    ],
    "3": [
        0.06280019879341125,
        2356
    ],
    "4": [
        0.026762686669826508,
        2609
    ],
    "5": [
        0.04690585285425186,
        2359
    ],
    "6": [
        0.08680630475282669,
        2812
    ],
    "7": [
        0.0630548968911171,
        2045
    ],
    "8": [
        0.13745646178722382,
        2260
    ],
    "9": [
        0.10949508100748062,
        2236
    ],
    "10": [
        0.04707514867186546,
        2318
    ],
    "11": [
        0.04464810714125633,
        2292
    ],
    "12": [
        0.0687042772769928,
        2596
    ],
    "13": [
        0.04507269337773323,
        2206
    ],
    "14": [
        0.09032785892486572,
        2825
    ]
}