{
    "0": [
        0.08108802139759064,
        2465
    ],
    "1": [
        0.05963120236992836,
        1869
    ],
    "2": [
        0.031527139246463776,
        2024
    ],
    "3": [
        0.06503704190254211,
        2171
    ],
    "4": [
        0.05766705423593521,
        2465
    ],
    "5": [
        0.09118582308292389,
        2178
    ],
    "6": [
        0.0831928700208664,
        2641
    ],
    "7": [
        0.08286959677934647,
        3213
    ],
    "8": [
        0.05826207622885704,
        2209
    ],
    "9": [
        0.06465204805135727,
        2180
    ],
    "10": [
        0.0517779104411602,
        2302
    ],
    "11": [
        0.07535804063081741,
        2053
    ],
    "12": [
        0.04371362552046776,
        2398
    ],
    "13": [
        0.09581485390663147,
        2333
    ],
    "14": [
        0.058222707360982895,
        2114
    ]
}