{
    "0": [
        0.08649169653654099,
        2625
    ],
    "1": [
        0.03450089320540428,
        1610
    ],
    "2": [
        0.023205207660794258,
        1711
    ],
    "3": [
        0.05093876272439957,
        2131
    ],
    "4": [
        0.0865042582154274,
        2589
    ],
    "5": [
        0.04122414067387581,
        2700
    ],
    "6": [
        0.0781078189611435,
        2286
    ],
    "7": [
        0.030709976330399513,
        2065
    ],
    "8": [
        0.09907887130975723,
        2286
    ],
    "9": [
        0.05761610344052315,
        2519
    ],
    "10": [
        0.11928123235702515,
        1803
    ],
    "11": [
        0.050406865775585175,
        2394
    ],
    "12": [
        0.11713907122612,
        2616
    ],
    "13": [
        0.04337865114212036,
        2479
    ],
    "14": [
        0.08141642063856125,
        2878
    ]
}