{
    "0": [
        0.04736127331852913,
        1571
    ],
    "1": [
        0.05263335257768631,
        2225
    ],
    "2": [
        0.0928611308336258,
        2221
    ],
    "3": [
        0.09525685012340546,
        2568
    ],
    "4": [
        0.03504534810781479,
        2503
    ],
    "5": [
        0.05699176341295242,
        2688
    ],
    "6": [
        0.05335274338722229,
        2319
    ],
    "7": [
        0.054264217615127563,
        1399
    ],
    "8": [
        0.0633392482995987,
        2341
    ],
    "9": [
        0.08880279213190079,
        2275
    ],
    "10": [
        0.08427287638187408,
        2644
    ],
    "11": [
        0.07429174333810806,
        2361
    ],
    "12": [
        0.07346244901418686,
        2553
    ],
    "13": [
        0.07549259066581726,
        2657
    ],
    "14": [
        0.052571605890989304,
        2459
    ]
}