{
    "0": [
        0.04152948036789894,
        2362
    ],
    "1": [
        0.07368876039981842,
        3036
    ],
    "2": [
        0.038317687809467316,
        1413
    ],
    "3": [
        0.07301340252161026,
        3058
    ],
    "4": [
        0.1252789944410324,
        2885
    ],
    "5": [
        0.08911480754613876,
        2354
    ],
    "6": [
        0.0384366400539875,
        2160
    ],
    "7": [
        0.05818355828523636,
        2389
    ],
    "8": [
        0.061624396592378616,
        2141
    ],
    "9": [
        0.07161065191030502,
        2639
    ],
    "10": [
        0.08224588632583618,
        2577
    ],
    "11": [
        0.13557974994182587,
        2157
    ],
    "12": [
        0.0250251442193985,
        2116
    ],
    "13": [
        0.027850642800331116,
        1318
    ],
    "14": [
        0.058500245213508606,
        2714
    ]
}