{
    "0": [
        0.044547971338033676,
        1567
    ],
    "1": [
        0.04645668715238571,
        2415
    ],
    "2": [
        0.051942773163318634,
        2130
    ],
    "3": [
        0.07307038456201553,
        2402
    ],
    "4": [
        0.04345443844795227,
        2788
    ],
    "5": [
        0.06356286257505417,
        1915
    ],
    "6": [
        0.09431278705596924,
        2320
    ],
    "7": [
        0.08086682856082916,
        2393
    ],
    "8": [
        0.08755408227443695,
        2674
    ],
    "9": [
        0.08926254510879517,
        2813
    ],
    "10": [
        0.09675507992506027,
        2749
    ],
    "11": [
        0.09133689105510712,
        2359
    ],
    "12": [
        0.06110679730772972,
        1728
    ],
    "13": [
        0.025670785456895828,
        1335
    ],
    "14": [
        0.050099074840545654,
        2748
    ]
}