{
    "0": [
        0.034056685864925385,
        2253
    ],
    "1": [
        0.07205156236886978,
        3021
    ],
    "2": [
        0.05775706470012665,
        2794
    ],
    "3": [
        0.05646098032593727,
        1968
    ],
    "4": [
        0.11144649237394333,
        2382
    ],
    "5": [
        0.07165571302175522,
        2795
    ],
    "6": [
        0.027633823454380035,
        1978
    ],
    "7": [
        0.10998719930648804,
        3051
    ],
    "8": [
        0.07461443543434143,
        1688
    ],
    "9": [
        0.051183126866817474,
        2774
    ],
    "10": [
        0.03408340364694595,
        2282
    ],
    "11": [
        0.08292311429977417,
        2030
    ],
    "12": [
        0.09116452932357788,
        2670
    ],
    "13": [
        0.08609636127948761,
        2119
    ],
    "14": [
        0.03888551518321037,
        1276
    ]
}