{
    "0": [
        0.05889138579368591,
        2846
    ],
    "1": [
        0.06121140718460083,
        2294
    ],
    "2": [
        0.09197167307138443,
        2498
    ],
    "3": [
        0.07828124612569809,
        2994
    ],
    "4": [
        0.10668332874774933,
        2481
    ],
    "5": [
        0.02957872301340103,
        2198
    ],
    "6": [
        0.03664075955748558,
        2147
    ],
    "7": [
        0.02457858994603157,
        1518
    ],
    "8": [
        0.029366526752710342,
        1704
    ],
    "9": [
        0.16304799914360046,
        2813
    ],
    "10": [
        0.028975917026400566,
        2165
    ],
    "11": [
        0.10576553642749786,
        2382
    ],
    "12": [
        0.05310654267668724,
        1980
    ],
    "13": [
        0.07678361982107162,
        2179
    ],
    "14": [
        0.055116765201091766,
        2493
    ]
}