{"_step":1,"total_reward":13,"_timestamp":1.7336901355545404e+09,"_runtime":2.335181313,"_wandb":{"runtime":2}}