{
    "decision_tree": 0.73575,
    "xgboost": 0.8535,
    "random_forest": 0.826,
    "elasticnet": 0.1105,
    "svm_linear": 0.79875,
    "logistic_regesssion": 0.7785,
    "nn": 0.83375
}