{
    "decision_tree": 0.73175,
    "xgboost": 0.8615,
    "random_forest": 0.83775,
    "elasticnet": 0.11725,
    "svm_linear": 0.8245,
    "logistic_regesssion": 0.791,
    "nn": 0.86975
}