{
    "decision_tree": 0.73725,
    "xgboost": 0.85725,
    "random_forest": 0.83375,
    "elasticnet": 0.0925,
    "svm_linear": 0.80675,
    "logistic_regesssion": 0.78175,
    "nn": 0.8485
}