{
    "decision_tree": 0.73075,
    "xgboost": 0.85625,
    "random_forest": 0.83025,
    "elasticnet": 0.09675,
    "svm_linear": 0.80775,
    "logistic_regesssion": 0.7795,
    "nn": 0.847
}