{
    "decision_tree": 0.72425,
    "xgboost": 0.8565,
    "random_forest": 0.83425,
    "elasticnet": 0.12325,
    "svm_linear": 0.8085,
    "logistic_regesssion": 0.77475,
    "nn": 0.8455
}