{
    "decision_tree": 0.7395,
    "xgboost": 0.85825,
    "random_forest": 0.84525,
    "elasticnet": 0.11375,
    "svm_linear": 0.8245,
    "logistic_regesssion": 0.79675,
    "nn": 0.85075
}