{
    "decision_tree": 0.74325,
    "xgboost": 0.861,
    "random_forest": 0.838,
    "elasticnet": 0.1105,
    "svm_linear": 0.81475,
    "logistic_regesssion": 0.79125,
    "nn": 0.83425
}