{
    "decision_tree": 0.7495,
    "xgboost": 0.86575,
    "random_forest": 0.84625,
    "elasticnet": 0.1095,
    "svm_linear": 0.8175,
    "logistic_regesssion": 0.78125,
    "nn": 0.86175
}