{
    "decision_tree": 0.7535,
    "xgboost": 0.8745,
    "random_forest": 0.84475,
    "elasticnet": 0.10925,
    "svm_linear": 0.81825,
    "logistic_regesssion": 0.7905,
    "nn": 0.856
}