{
    "decision_tree": 0.734,
    "xgboost": 0.84925,
    "random_forest": 0.82875,
    "elasticnet": 0.12275,
    "svm_linear": 0.78225,
    "logistic_regesssion": 0.75375,
    "nn": 0.83475
}