{
    "decision_tree": 0.752,
    "xgboost": 0.87425,
    "random_forest": 0.8485,
    "elasticnet": 0.11525,
    "svm_linear": 0.82675,
    "logistic_regesssion": 0.80025,
    "nn": 0.85425
}