{
    "decision_tree": 0.74675,
    "xgboost": 0.8525,
    "random_forest": 0.84325,
    "elasticnet": 0.1205,
    "svm_linear": 0.8155,
    "logistic_regesssion": 0.78675,
    "nn": 0.8525
}