{
    "decision_tree": 0.759,
    "xgboost": 0.87075,
    "random_forest": 0.846,
    "elasticnet": 0.11275,
    "svm_linear": 0.81475,
    "logistic_regesssion": 0.78925,
    "nn": 0.86825
}