{
    "decision_tree": 0.74425,
    "xgboost": 0.85225,
    "random_forest": 0.83525,
    "elasticnet": 0.10675,
    "svm_linear": 0.7985,
    "logistic_regesssion": 0.771,
    "nn": 0.83825
}