{
    "decision_tree": 0.72075,
    "xgboost": 0.86375,
    "random_forest": 0.827,
    "elasticnet": 0.1185,
    "svm_linear": 0.80825,
    "logistic_regesssion": 0.7745,
    "nn": 0.85075
}