{
    "decision_tree": 0.74725,
    "xgboost": 0.858,
    "random_forest": 0.83375,
    "elasticnet": 0.08875,
    "svm_linear": 0.80375,
    "logistic_regesssion": 0.78075,
    "nn": 0.848
}