{
    "decision_tree": 0.7155,
    "xgboost": 0.84025,
    "random_forest": 0.80575,
    "elasticnet": 0.10475,
    "svm_linear": 0.784,
    "logistic_regesssion": 0.7575,
    "nn": 0.82825
}