{
    "decision_tree": 0.737,
    "xgboost": 0.85925,
    "random_forest": 0.83775,
    "elasticnet": 0.11375,
    "svm_linear": 0.81325,
    "logistic_regesssion": 0.78875,
    "nn": 0.86175
}