{
    "decision_tree": 0.7435,
    "xgboost": 0.86175,
    "random_forest": 0.846,
    "elasticnet": 0.10625,
    "svm_linear": 0.81825,
    "logistic_regesssion": 0.79225,
    "nn": 0.84925
}