{
    "decision_tree": 0.7515,
    "xgboost": 0.85525,
    "random_forest": 0.83425,
    "elasticnet": 0.10225,
    "svm_linear": 0.80275,
    "logistic_regesssion": 0.7825,
    "nn": 0.84575
}