{
    "decision_tree": 0.74525,
    "xgboost": 0.85075,
    "random_forest": 0.83975,
    "elasticnet": 0.105,
    "svm_linear": 0.8115,
    "logistic_regesssion": 0.7865,
    "nn": 0.83475
}