{
    "decision_tree": 0.73125,
    "xgboost": 0.86,
    "random_forest": 0.83875,
    "elasticnet": 0.11275,
    "svm_linear": 0.80875,
    "logistic_regesssion": 0.77875,
    "nn": 0.85125
}