{
    "decision_tree": 0.73825,
    "xgboost": 0.86025,
    "random_forest": 0.843,
    "elasticnet": 0.10925,
    "svm_linear": 0.81425,
    "logistic_regesssion": 0.7915,
    "nn": 0.83625
}