{
    "decision_tree": 0.73825,
    "xgboost": 0.85975,
    "random_forest": 0.8395,
    "elasticnet": 0.10825,
    "svm_linear": 0.815,
    "logistic_regesssion": 0.78575,
    "nn": 0.839
}