{
    "decision_tree": 0.73725,
    "xgboost": 0.8645,
    "random_forest": 0.8415,
    "elasticnet": 0.115,
    "svm_linear": 0.81775,
    "logistic_regesssion": 0.7895,
    "nn": 0.84425
}