{
    "decision_tree": 0.74725,
    "xgboost": 0.8725,
    "random_forest": 0.84775,
    "elasticnet": 0.12475,
    "svm_linear": 0.824,
    "logistic_regesssion": 0.79625,
    "nn": 0.86075
}