{
    "decision_tree": 0.7265,
    "xgboost": 0.858,
    "random_forest": 0.83225,
    "elasticnet": 0.09925,
    "svm_linear": 0.8015,
    "logistic_regesssion": 0.77775,
    "nn": 0.84675
}