{
    "decision_tree": 0.744,
    "xgboost": 0.86575,
    "random_forest": 0.8385,
    "elasticnet": 0.09975,
    "svm_linear": 0.80625,
    "logistic_regesssion": 0.77525,
    "nn": 0.83075
}