{
    "decision_tree": 0.7405,
    "xgboost": 0.86775,
    "random_forest": 0.8395,
    "elasticnet": 0.09625,
    "svm_linear": 0.81325,
    "logistic_regesssion": 0.78725,
    "nn": 0.84975
}