{
    "decision_tree": 0.72325,
    "xgboost": 0.84525,
    "random_forest": 0.82525,
    "elasticnet": 0.10525,
    "svm_linear": 0.785,
    "logistic_regesssion": 0.76225,
    "nn": 0.83775
}