{
    "decision_tree": 0.761,
    "xgboost": 0.87625,
    "random_forest": 0.85425,
    "elasticnet": 0.1185,
    "svm_linear": 0.8275,
    "logistic_regesssion": 0.79925,
    "nn": 0.84275
}