{
    "decision_tree": 0.73575,
    "xgboost": 0.865,
    "random_forest": 0.84025,
    "elasticnet": 0.12075,
    "svm_linear": 0.80875,
    "logistic_regesssion": 0.784,
    "nn": 0.83525
}