{
    "decision_tree": 0.74275,
    "xgboost": 0.868,
    "random_forest": 0.84875,
    "elasticnet": 0.11975,
    "svm_linear": 0.81925,
    "logistic_regesssion": 0.7975,
    "nn": 0.839
}