{
    "decision_tree": 0.74875,
    "xgboost": 0.85425,
    "random_forest": 0.83975,
    "elasticnet": 0.106,
    "svm_linear": 0.81125,
    "logistic_regesssion": 0.7825,
    "nn": 0.8415
}