{
    "decision_tree": 0.73625,
    "xgboost": 0.85625,
    "random_forest": 0.83425,
    "elasticnet": 0.1275,
    "svm_linear": 0.805,
    "logistic_regesssion": 0.77425,
    "nn": 0.842
}