{
    "decision_tree": 0.7425,
    "xgboost": 0.85925,
    "random_forest": 0.8385,
    "elasticnet": 0.1005,
    "svm_linear": 0.79925,
    "logistic_regesssion": 0.77825,
    "nn": 0.83975
}