{
    "decision_tree": 0.74425,
    "xgboost": 0.86975,
    "random_forest": 0.839,
    "elasticnet": 0.11375,
    "svm_linear": 0.80275,
    "logistic_regesssion": 0.77525,
    "nn": 0.8445
}