{
    "decision_tree": 0.72525,
    "xgboost": 0.8495,
    "random_forest": 0.8185,
    "elasticnet": 0.11825,
    "svm_linear": 0.79075,
    "logistic_regesssion": 0.76825,
    "nn": 0.83125
}