{
    "decision_tree": 0.71825,
    "xgboost": 0.8645,
    "random_forest": 0.8295,
    "elasticnet": 0.11725,
    "svm_linear": 0.7965,
    "logistic_regesssion": 0.7685,
    "nn": 0.82925
}