{
    "decision_tree": 0.7385,
    "xgboost": 0.87425,
    "random_forest": 0.85225,
    "elasticnet": 0.10775,
    "svm_linear": 0.82875,
    "logistic_regesssion": 0.80825,
    "nn": 0.85575
}