{
    "decision_tree": 0.7445,
    "xgboost": 0.87025,
    "random_forest": 0.84275,
    "elasticnet": 0.11175,
    "svm_linear": 0.81825,
    "logistic_regesssion": 0.78725,
    "nn": 0.83725
}