{
    "decision_tree": 0.7345,
    "xgboost": 0.86575,
    "random_forest": 0.845,
    "elasticnet": 0.1205,
    "svm_linear": 0.80475,
    "logistic_regesssion": 0.77225,
    "nn": 0.84575
}