{
    "decision_tree": 0.71975,
    "xgboost": 0.8535,
    "random_forest": 0.82675,
    "elasticnet": 0.116,
    "svm_linear": 0.81225,
    "logistic_regesssion": 0.79075,
    "nn": 0.8415
}