{
    "decision_tree": 0.714,
    "xgboost": 0.84175,
    "random_forest": 0.81125,
    "elasticnet": 0.11575,
    "svm_linear": 0.781,
    "logistic_regesssion": 0.75525,
    "nn": 0.81075
}