{
    "decision_tree": 0.7135,
    "xgboost": 0.8495,
    "random_forest": 0.831,
    "elasticnet": 0.11725,
    "svm_linear": 0.80025,
    "logistic_regesssion": 0.77275,
    "nn": 0.84275
}