{
    "decision_tree": 0.747,
    "xgboost": 0.86225,
    "random_forest": 0.8405,
    "elasticnet": 0.10125,
    "svm_linear": 0.8115,
    "logistic_regesssion": 0.78175,
    "nn": 0.8465
}