{
    "decision_tree": 0.73275,
    "xgboost": 0.8575,
    "random_forest": 0.8405,
    "elasticnet": 0.10275,
    "svm_linear": 0.803,
    "logistic_regesssion": 0.78125,
    "nn": 0.83675
}