{
    "decision_tree": 0.73775,
    "xgboost": 0.86075,
    "random_forest": 0.84,
    "elasticnet": 0.09225,
    "svm_linear": 0.81275,
    "logistic_regesssion": 0.787,
    "nn": 0.84425
}