{
    "decision_tree": 0.74325,
    "xgboost": 0.85775,
    "random_forest": 0.838,
    "elasticnet": 0.11975,
    "svm_linear": 0.80675,
    "logistic_regesssion": 0.77425,
    "nn": 0.8375
}