{
    "decision_tree": 0.73625,
    "xgboost": 0.85675,
    "random_forest": 0.82725,
    "elasticnet": 0.12325,
    "svm_linear": 0.79225,
    "logistic_regesssion": 0.7675,
    "nn": 0.82575
}