{
    "decision_tree": 0.74875,
    "xgboost": 0.8725,
    "random_forest": 0.8495,
    "elasticnet": 0.1145,
    "svm_linear": 0.82675,
    "logistic_regesssion": 0.79975,
    "nn": 0.85425
}