{
    "decision_tree": 0.725,
    "xgboost": 0.83425,
    "random_forest": 0.813,
    "elasticnet": 0.11425,
    "svm_linear": 0.77875,
    "logistic_regesssion": 0.7595,
    "nn": 0.83575
}