{
    "decision_tree": 0.71675,
    "xgboost": 0.848,
    "random_forest": 0.825,
    "elasticnet": 0.12425,
    "svm_linear": 0.80325,
    "logistic_regesssion": 0.76025,
    "nn": 0.81875
}