{
    "decision_tree": 0.7185,
    "xgboost": 0.8555,
    "random_forest": 0.8305,
    "elasticnet": 0.09375,
    "svm_linear": 0.80675,
    "logistic_regesssion": 0.7735,
    "nn": 0.8405
}