{
    "decision_tree": 0.75025,
    "xgboost": 0.8685,
    "random_forest": 0.84975,
    "elasticnet": 0.125,
    "svm_linear": 0.8135,
    "logistic_regesssion": 0.79125,
    "nn": 0.8585
}