{
    "decision_tree": 0.721,
    "xgboost": 0.83725,
    "random_forest": 0.8195,
    "elasticnet": 0.13025,
    "svm_linear": 0.78175,
    "logistic_regesssion": 0.75125,
    "nn": 0.82075
}