{
    "decision_tree": 0.72075,
    "xgboost": 0.86625,
    "random_forest": 0.84375,
    "elasticnet": 0.09725,
    "svm_linear": 0.8165,
    "logistic_regesssion": 0.7915,
    "nn": 0.86975
}