{
    "decision_tree": 0.7315,
    "xgboost": 0.86025,
    "random_forest": 0.83525,
    "elasticnet": 0.10475,
    "svm_linear": 0.8085,
    "logistic_regesssion": 0.789,
    "nn": 0.8495
}