{
    "decision_tree": 0.7285,
    "xgboost": 0.86375,
    "random_forest": 0.84025,
    "elasticnet": 0.1125,
    "svm_linear": 0.81275,
    "logistic_regesssion": 0.7835,
    "nn": 0.85875
}