{
    "decision_tree": 0.72825,
    "xgboost": 0.85475,
    "random_forest": 0.82175,
    "elasticnet": 0.11425,
    "svm_linear": 0.797,
    "logistic_regesssion": 0.7725,
    "nn": 0.827
}