{
    "decision_tree": 0.7335,
    "xgboost": 0.8505,
    "random_forest": 0.8285,
    "elasticnet": 0.10025,
    "svm_linear": 0.79675,
    "logistic_regesssion": 0.7735,
    "nn": 0.8375
}