{
    "decision_tree": 0.73225,
    "xgboost": 0.87325,
    "random_forest": 0.8465,
    "elasticnet": 0.11375,
    "svm_linear": 0.81675,
    "logistic_regesssion": 0.78025,
    "nn": 0.853
}