{
    "decision_tree": 0.74125,
    "xgboost": 0.85775,
    "random_forest": 0.841,
    "elasticnet": 0.10775,
    "svm_linear": 0.8075,
    "logistic_regesssion": 0.7835,
    "nn": 0.84175
}