{
    "decision_tree": 0.741,
    "xgboost": 0.8615,
    "random_forest": 0.838,
    "elasticnet": 0.11575,
    "svm_linear": 0.81275,
    "logistic_regesssion": 0.77775,
    "nn": 0.85425
}