{
    "decision_tree": 0.75675,
    "xgboost": 0.86075,
    "random_forest": 0.83725,
    "elasticnet": 0.11775,
    "svm_linear": 0.81525,
    "logistic_regesssion": 0.78325,
    "nn": 0.84725
}