{
    "decision_tree": 0.73675,
    "xgboost": 0.86125,
    "random_forest": 0.83825,
    "elasticnet": 0.108,
    "svm_linear": 0.811,
    "logistic_regesssion": 0.78525,
    "nn": 0.8385
}