{
    "decision_tree": 0.73125,
    "xgboost": 0.86725,
    "random_forest": 0.84575,
    "elasticnet": 0.10825,
    "svm_linear": 0.81875,
    "logistic_regesssion": 0.788,
    "nn": 0.856
}