{
    "decision_tree": 0.74975,
    "xgboost": 0.86825,
    "random_forest": 0.84375,
    "elasticnet": 0.095,
    "svm_linear": 0.81925,
    "logistic_regesssion": 0.79875,
    "nn": 0.84825
}