{
    "decision_tree": 0.75325,
    "xgboost": 0.87225,
    "random_forest": 0.8475,
    "elasticnet": 0.11575,
    "svm_linear": 0.81575,
    "logistic_regesssion": 0.789,
    "nn": 0.85175
}