{
    "decision_tree": 0.7555,
    "xgboost": 0.87575,
    "random_forest": 0.84975,
    "elasticnet": 0.109,
    "svm_linear": 0.8185,
    "logistic_regesssion": 0.78425,
    "nn": 0.85025
}