{
    "decision_tree": 0.7445,
    "xgboost": 0.85925,
    "random_forest": 0.84625,
    "elasticnet": 0.09625,
    "svm_linear": 0.81425,
    "logistic_regesssion": 0.79375,
    "nn": 0.85175
}