{
    "decision_tree": 0.74025,
    "xgboost": 0.85025,
    "random_forest": 0.832,
    "elasticnet": 0.1065,
    "svm_linear": 0.80725,
    "logistic_regesssion": 0.7845,
    "nn": 0.85075
}