{
    "decision_tree": 0.7305,
    "xgboost": 0.866,
    "random_forest": 0.84275,
    "elasticnet": 0.08775,
    "svm_linear": 0.8135,
    "logistic_regesssion": 0.79125,
    "nn": 0.85425
}