{
    "decision_tree": 0.75425,
    "xgboost": 0.86025,
    "random_forest": 0.84675,
    "elasticnet": 0.11625,
    "svm_linear": 0.82625,
    "logistic_regesssion": 0.80125,
    "nn": 0.8475
}