{
    "decision_tree": 0.75125,
    "xgboost": 0.85825,
    "random_forest": 0.83925,
    "elasticnet": 0.12025,
    "svm_linear": 0.81125,
    "logistic_regesssion": 0.78925,
    "nn": 0.84475
}