{
    "decision_tree": 0.75375,
    "xgboost": 0.87175,
    "random_forest": 0.85375,
    "elasticnet": 0.128,
    "svm_linear": 0.82625,
    "logistic_regesssion": 0.79875,
    "nn": 0.86875
}