{
    "decision_tree": 0.7205,
    "xgboost": 0.8495,
    "random_forest": 0.824,
    "elasticnet": 0.10475,
    "svm_linear": 0.80125,
    "logistic_regesssion": 0.77375,
    "nn": 0.84675
}