{
    "decision_tree": 0.7455,
    "xgboost": 0.86175,
    "random_forest": 0.84375,
    "elasticnet": 0.10525,
    "svm_linear": 0.81975,
    "logistic_regesssion": 0.795,
    "nn": 0.84825
}