{
    "decision_tree": 0.73725,
    "xgboost": 0.862,
    "random_forest": 0.84675,
    "elasticnet": 0.11275,
    "svm_linear": 0.8125,
    "logistic_regesssion": 0.79175,
    "nn": 0.85275
}