{
    "decision_tree": 0.72725,
    "xgboost": 0.84425,
    "random_forest": 0.82925,
    "elasticnet": 0.10725,
    "svm_linear": 0.792,
    "logistic_regesssion": 0.76475,
    "nn": 0.83425
}