{
    "decision_tree": 0.71275,
    "xgboost": 0.8395,
    "random_forest": 0.80975,
    "elasticnet": 0.11575,
    "svm_linear": 0.78775,
    "logistic_regesssion": 0.75875,
    "nn": 0.8295
}