{"0": {"mean": -0.29430583119392395, "variance": 0.013384085148572922, "std_dev": 0.11568960547447205, "median": -0.32401221990585327, "range": 0.5784083008766174, "iq_range": 0.10540837049484253, "density": 0.24388851978430362, "accuracy": 1.0, "distance": 0.2556764483451843}, "1": {"mean": -0.28769123554229736, "variance": 0.017233753576874733, "std_dev": 0.131277397274971, "median": -0.31308531761169434, "range": 0.6079211831092834, "iq_range": 0.15390575304627419, "density": 0.23515004164297132, "accuracy": 1.0, "distance": 0.8019572496414185}, "2": {"mean": -0.28273871541023254, "variance": 0.020058825612068176, "std_dev": 0.1416291892528534, "median": -0.29153889417648315, "range": 0.6288361549377441, "iq_range": 0.1745368242263794, "density": 0.23389123297131215, "accuracy": 1.0, "distance": 0.8729513883590698}, "3": {"mean": -0.28865039348602295, "variance": 0.016680944710969925, "std_dev": 0.1291547268629074, "median": -0.307811975479126, "range": 0.6013028025627136, "iq_range": 0.1456514708697796, "density": 0.2364173425958879, "accuracy": -1.0, "distance": 0.570431113243103}, "4": {"mean": -0.2910621464252472, "variance": 0.015282831154763699, "std_dev": 0.12362375110387802, "median": -0.32061728835105896, "range": 0.6007345914840698, "iq_range": 0.12632457166910172, "density": 0.2394952014635352, "accuracy": -1.0, "distance": 0.7582119107246399}, "5": {"mean": -0.28427624702453613, "variance": 0.01918700709939003, "std_dev": 0.13851717114448547, "median": -0.2987865209579468, "range": 0.6288362145423889, "iq_range": 0.17359213158488274, "density": 0.23240192750598243, "accuracy": 1.0, "distance": 1.0056403875350952}, "6": {"mean": -0.287419855594635, "variance": 0.017389824613928795, "std_dev": 0.13187047839164734, "median": -0.30395790934562683, "range": 0.6600216627120972, "iq_range": 0.15363653004169464, "density": 0.23367245296803782, "accuracy": -1.0, "distance": 0.8141729831695557}, "7": {"mean": -0.29050204157829285, "variance": 0.015608560293912888, "std_dev": 0.12493422627449036, "median": -0.31736475229263306, "range": 0.6288362145423889, "iq_range": 0.11971714347600937, "density": 0.24326551562646276, "accuracy": -1.0, "distance": 0.9755025506019592}, "8": {"mean": -0.28453072905540466, "variance": 0.019042259082198143, "std_dev": 0.1379936933517456, "median": -0.30318683385849, "range": 0.6600216627120972, "iq_range": 0.17298244312405586, "density": 0.2339916533280337, "accuracy": -1.0, "distance": 1.223927617073059}, "9": {"mean": -0.29057955741882324, "variance": 0.01556351687759161, "std_dev": 0.12475382536649704, "median": -0.31968867778778076, "range": 0.5918647646903992, "iq_range": 0.12720120698213577, "density": 0.24068765244011459, "accuracy": 1.0, "distance": 0.7601097226142883}, "10": {"mean": -0.28735554218292236, "variance": 0.01742679998278618, "std_dev": 0.13201060891151428, "median": -0.3059675693511963, "range": 0.5967985987663269, "iq_range": 0.1580549068748951, "density": 0.23456047396292368, "accuracy": 1.0, "distance": 0.30079224705696106}, "11": {"mean": -0.2880379259586334, "variance": 0.01703413762152195, "std_dev": 0.13051488995552063, "median": -0.31438586115837097, "range": 0.6288362145423889, "iq_range": 0.1480143405497074, "density": 0.23536623960712053, "accuracy": -1.0, "distance": 1.006337285041809}, "12": {"mean": -0.2889425754547119, "variance": 0.01651218719780445, "std_dev": 0.12849976122379303, "median": -0.30694669485092163, "range": 0.6207359433174133, "iq_range": 0.1508362963795662, "density": 0.23590252604671466, "accuracy": -1.0, "distance": 0.6738668084144592}, "13": {"mean": -0.28623875975608826, "variance": 0.018067363649606705, "std_dev": 0.1344148963689804, "median": -0.30308568477630615, "range": 0.6288362145423889, "iq_range": 0.1562170721590519, "density": 0.2364218113833226, "accuracy": 1.0, "distance": 1.1379175186157227}, "14": {"mean": -0.2892993986606598, "variance": 0.016305847093462944, "std_dev": 0.12769435346126556, "median": -0.3144880533218384, "range": 0.5918647646903992, "iq_range": 0.13486628979444504, "density": 0.23907143181479515, "accuracy": -1.0, "distance": 0.8944117426872253}}