{"0": {"mean": -0.2937486171722412, "variance": 0.013711738400161266, "std_dev": 0.11709713190793991, "median": -0.3226832151412964, "range": 0.596330463886261, "iq_range": 0.10850925743579865, "density": 0.24193069104285073, "accuracy": 1.0, "distance": 0.44009554386138916}, "1": {"mean": -0.2864395081996918, "variance": 0.017952395603060722, "std_dev": 0.13398654758930206, "median": -0.30690938234329224, "range": 0.6079211831092834, "iq_range": 0.1645227149128914, "density": 0.23588118868570332, "accuracy": 1.0, "distance": 0.4238915741443634}, "2": {"mean": -0.28685739636421204, "variance": 0.017712833359837532, "std_dev": 0.1330895721912384, "median": -0.3075821101665497, "range": 0.6600216627120972, "iq_range": 0.1561225727200508, "density": 0.23506517067608515, "accuracy": -1.0, "distance": 0.46649226546287537}, "3": {"mean": -0.2883738875389099, "variance": 0.016840483993291855, "std_dev": 0.129770889878273, "median": -0.31158190965652466, "range": 0.6079211831092834, "iq_range": 0.13480454310774803, "density": 0.2344938166714791, "accuracy": 1.0, "distance": 1.1237179040908813}, "4": {"mean": -0.2895955443382263, "variance": 0.016134414821863174, "std_dev": 0.12702131271362305, "median": -0.3160059452056885, "range": 0.6288362145423889, "iq_range": 0.13230323791503906, "density": 0.2437742049934696, "accuracy": 1.0, "distance": 0.5673553347587585}, "5": {"mean": -0.2837522625923157, "variance": 0.01948465406894684, "std_dev": 0.13958744704723358, "median": -0.29240262508392334, "range": 0.6288362145423889, "iq_range": 0.17552073299884796, "density": 0.2359521660400555, "accuracy": 1.0, "distance": 0.5668076276779175}, "6": {"mean": -0.28823092579841614, "variance": 0.016922924667596817, "std_dev": 0.13008813560009003, "median": -0.30655917525291443, "range": 0.6207359433174133, "iq_range": 0.14999178051948547, "density": 0.23517667717507898, "accuracy": -1.0, "distance": 0.7924529314041138}, "7": {"mean": -0.29135724902153015, "variance": 0.015110951848328114, "std_dev": 0.12292661517858505, "median": -0.3181799054145813, "range": 0.6288361549377441, "iq_range": 0.12339771538972855, "density": 0.2443723710878457, "accuracy": -1.0, "distance": 1.0055575370788574}, "8": {"mean": -0.29236966371536255, "variance": 0.014519997872412205, "std_dev": 0.12049895524978638, "median": -0.32052987813949585, "range": 0.6288362145423889, "iq_range": 0.11954724788665771, "density": 0.24345220430364367, "accuracy": -1.0, "distance": 0.4591432809829712}, "9": {"mean": -0.2929951250553131, "variance": 0.014153862372040749, "std_dev": 0.11897000670433044, "median": -0.32202672958374023, "range": 0.5990521907806396, "iq_range": 0.11681686341762543, "density": 0.2417442465357993, "accuracy": 1.0, "distance": 0.3451343774795532}, "10": {"mean": -0.28340455889701843, "variance": 0.019681842997670174, "std_dev": 0.1402919888496399, "median": -0.2911592721939087, "range": 0.6288362145423889, "iq_range": 0.1779605634510517, "density": 0.23360242519915037, "accuracy": -1.0, "distance": 0.7168342471122742}, "11": {"mean": -0.2835400402545929, "variance": 0.01960504800081253, "std_dev": 0.140018031001091, "median": -0.2980995178222656, "range": 0.6288361549377441, "iq_range": 0.1777532808482647, "density": 0.23187134478278035, "accuracy": -1.0, "distance": 1.0508882999420166}, "12": {"mean": -0.28566625714302063, "variance": 0.018394779413938522, "std_dev": 0.1356273591518402, "median": -0.3091752529144287, "range": 0.6288362145423889, "iq_range": 0.157981488853693, "density": 0.23539915493368907, "accuracy": 1.0, "distance": 0.5242705941200256}, "13": {"mean": -0.28638848662376404, "variance": 0.017981620505452156, "std_dev": 0.13409556448459625, "median": -0.3028777837753296, "range": 0.6600216627120972, "iq_range": 0.1583571806550026, "density": 0.23287391052833417, "accuracy": 1.0, "distance": 0.9600808024406433}, "14": {"mean": -0.285548597574234, "variance": 0.018462009727954865, "std_dev": 0.13587497174739838, "median": -0.29776275157928467, "range": 0.6600216627120972, "iq_range": 0.17035171762108803, "density": 0.23495185839808932, "accuracy": 1.0, "distance": 0.4908480942249298}}