{"0": {"mean": -0.288936048746109, "variance": 0.016515959054231644, "std_dev": 0.12851442396640778, "median": -0.3131321966648102, "range": 0.6600216627120972, "iq_range": 0.13179843500256538, "density": 0.23881615895173527, "accuracy": 1.0, "distance": 0.8597521781921387}, "1": {"mean": -0.2862955927848816, "variance": 0.018034828826785088, "std_dev": 0.1342938095331192, "median": -0.3015407919883728, "range": 0.6179154515266418, "iq_range": 0.1733071617782116, "density": 0.23776540649888211, "accuracy": 1.0, "distance": 0.8597116470336914}, "2": {"mean": -0.28976744413375854, "variance": 0.016034826636314392, "std_dev": 0.12662869691848755, "median": -0.3071344494819641, "range": 0.6207359433174133, "iq_range": 0.139579176902771, "density": 0.23628277637876752, "accuracy": -1.0, "distance": 1.035226583480835}, "3": {"mean": -0.28806665539741516, "variance": 0.017017589882016182, "std_dev": 0.1304514855146408, "median": -0.3092132806777954, "range": 0.6288362145423889, "iq_range": 0.15211330354213715, "density": 0.23598962736603374, "accuracy": -1.0, "distance": 0.7734231352806091}, "4": {"mean": -0.28716301918029785, "variance": 0.017537418752908707, "std_dev": 0.13242891430854797, "median": -0.30653446912765503, "range": 0.6600216627120972, "iq_range": 0.1477014273405075, "density": 0.2333755326456805, "accuracy": 1.0, "distance": 0.5311053991317749}, "5": {"mean": -0.28941792249679565, "variance": 0.016237279400229454, "std_dev": 0.12742558121681213, "median": -0.3145830035209656, "range": 0.6207359433174133, "iq_range": 0.1364794634282589, "density": 0.2379542291324384, "accuracy": -1.0, "distance": 0.6674399971961975}, "6": {"mean": -0.28674519062042236, "variance": 0.017777221277356148, "std_dev": 0.13333123922348022, "median": -0.30117326974868774, "range": 0.6600216627120972, "iq_range": 0.16596364974975586, "density": 0.23411496194352366, "accuracy": -1.0, "distance": 0.3444935977458954}, "7": {"mean": -0.29375404119491577, "variance": 0.013708562590181828, "std_dev": 0.11708357185125351, "median": -0.323604941368103, "range": 0.5866883993148804, "iq_range": 0.1100403219461441, "density": 0.24086314579416238, "accuracy": 1.0, "distance": 0.2806190848350525}, "8": {"mean": -0.28996098041534424, "variance": 0.015922628343105316, "std_dev": 0.12618489563465118, "median": -0.31582164764404297, "range": 0.6600216627120972, "iq_range": 0.1331719011068344, "density": 0.23470110976537617, "accuracy": -1.0, "distance": 1.073006272315979}, "9": {"mean": -0.28636837005615234, "variance": 0.017993152141571045, "std_dev": 0.1341385543346405, "median": -0.30853402614593506, "range": 0.6600216627120972, "iq_range": 0.1611614227294922, "density": 0.2360042272977966, "accuracy": 1.0, "distance": 0.22336338460445404}, "10": {"mean": -0.290065199136734, "variance": 0.015862181782722473, "std_dev": 0.12594515085220337, "median": -0.31271278858184814, "range": 0.6207359433174133, "iq_range": 0.1325841099023819, "density": 0.23658389204423436, "accuracy": -1.0, "distance": 0.5928296446800232}, "11": {"mean": -0.28665944933891296, "variance": 0.017826354131102562, "std_dev": 0.1335153728723526, "median": -0.30853402614593506, "range": 0.6179154515266418, "iq_range": 0.17232023179531097, "density": 0.23622704396175856, "accuracy": -1.0, "distance": 0.31376326084136963}, "12": {"mean": -0.28753942251205444, "variance": 0.017321063205599785, "std_dev": 0.13160951435565948, "median": -0.309619277715683, "range": 0.6288361549377441, "iq_range": 0.14817393943667412, "density": 0.23724487903003227, "accuracy": 1.0, "distance": 0.5885851979255676}, "13": {"mean": -0.29004552960395813, "variance": 0.015873603522777557, "std_dev": 0.12599049508571625, "median": -0.3169350028038025, "range": 0.6288362145423889, "iq_range": 0.13484201580286026, "density": 0.239710429000175, "accuracy": 1.0, "distance": 0.3761042356491089}, "14": {"mean": -0.28463879227638245, "variance": 0.018980758264660835, "std_dev": 0.1377706676721573, "median": -0.2949460744857788, "range": 0.6288362145423889, "iq_range": 0.17848239839076996, "density": 0.23689629182965596, "accuracy": 1.0, "distance": 0.5499516725540161}}