{"0": {"mean": -0.28299471735954285, "variance": 0.019913990050554276, "std_dev": 0.1411169320344925, "median": -0.2955411672592163, "range": 0.6288362145423889, "iq_range": 0.17130333185195923, "density": 0.23462653889155122, "accuracy": -1.0, "distance": 1.0143078565597534}, "1": {"mean": -0.2873104214668274, "variance": 0.017452724277973175, "std_dev": 0.13210876286029816, "median": -0.3064236044883728, "range": 0.6600216627120972, "iq_range": 0.14755434915423393, "density": 0.23697334439549836, "accuracy": 1.0, "distance": 1.2388248443603516}, "2": {"mean": -0.2828884422779083, "variance": 0.019974132999777794, "std_dev": 0.14132986962795258, "median": -0.29332780838012695, "range": 0.6288361549377441, "iq_range": 0.1698315031826496, "density": 0.23546141714970348, "accuracy": 1.0, "distance": 1.0088982582092285}, "3": {"mean": -0.29036927223205566, "variance": 0.01568569988012314, "std_dev": 0.12524256110191345, "median": -0.3175134062767029, "range": 0.6288362145423889, "iq_range": 0.12458225712180138, "density": 0.24509312237089478, "accuracy": 1.0, "distance": 0.6712740063667297}, "4": {"mean": -0.28889158368110657, "variance": 0.016541656106710434, "std_dev": 0.1286143660545349, "median": -0.30656158924102783, "range": 0.6600216627120972, "iq_range": 0.14927567169070244, "density": 0.23851373350585506, "accuracy": -1.0, "distance": 1.323948621749878}, "5": {"mean": -0.2878819406032562, "variance": 0.01712399534881115, "std_dev": 0.13085868954658508, "median": -0.30266815423965454, "range": 0.6207359433174133, "iq_range": 0.15308146178722382, "density": 0.2374724989843495, "accuracy": -1.0, "distance": 1.1770411729812622}, "6": {"mean": -0.28856146335601807, "variance": 0.016732269898056984, "std_dev": 0.12935326993465424, "median": -0.3054850399494171, "range": 0.6600216627120972, "iq_range": 0.13957234099507332, "density": 0.23816347259003207, "accuracy": -1.0, "distance": 0.33909720182418823}, "7": {"mean": -0.2888866662979126, "variance": 0.01654449850320816, "std_dev": 0.12862542271614075, "median": -0.3159381151199341, "range": 0.6288359761238098, "iq_range": 0.13183323666453362, "density": 0.24591357012567652, "accuracy": 1.0, "distance": 1.2934259176254272}, "8": {"mean": -0.2845589518547058, "variance": 0.019026191905140877, "std_dev": 0.13793545961380005, "median": -0.2984444499015808, "range": 0.6288362145423889, "iq_range": 0.18087557703256607, "density": 0.2372402921770467, "accuracy": -1.0, "distance": 0.864994466304779}, "9": {"mean": -0.2863070070743561, "variance": 0.018028296530246735, "std_dev": 0.13426949083805084, "median": -0.30238479375839233, "range": 0.6191851496696472, "iq_range": 0.16154056042432785, "density": 0.2322741316828667, "accuracy": -1.0, "distance": 0.9592027068138123}, "10": {"mean": -0.28580442070961, "variance": 0.018315833061933517, "std_dev": 0.1353359967470169, "median": -0.30335015058517456, "range": 0.5918647646903992, "iq_range": 0.17157596349716187, "density": 0.2358384793993938, "accuracy": 1.0, "distance": 0.35712119936943054}, "11": {"mean": -0.28509819507598877, "variance": 0.01871902495622635, "std_dev": 0.13681748509407043, "median": -0.30411994457244873, "range": 0.6600216627120972, "iq_range": 0.16915493831038475, "density": 0.23271826052856084, "accuracy": 1.0, "distance": 0.9161617159843445}, "12": {"mean": -0.28606298565864563, "variance": 0.018167970702052116, "std_dev": 0.1347886174917221, "median": -0.3003060817718506, "range": 0.6288362145423889, "iq_range": 0.16144054755568504, "density": 0.23481627370135577, "accuracy": -1.0, "distance": 0.7306776642799377}, "13": {"mean": -0.28665778040885925, "variance": 0.017827307805418968, "std_dev": 0.13351894915103912, "median": -0.30662256479263306, "range": 0.6146379113197327, "iq_range": 0.15077905356884003, "density": 0.23528040808281803, "accuracy": -1.0, "distance": 0.7018362879753113}, "14": {"mean": -0.29251864552497864, "variance": 0.014432842843234539, "std_dev": 0.12013676762580872, "median": -0.3221970796585083, "range": 0.578887403011322, "iq_range": 0.11879517138004303, "density": 0.23850974544999518, "accuracy": 1.0, "distance": 0.6784946322441101}}