{"0": {"mean": -0.28914129734039307, "variance": 0.016397321596741676, "std_dev": 0.1280520260334015, "median": -0.3131519556045532, "range": 0.6207359433174133, "iq_range": 0.14040116220712662, "density": 0.23592265883062075, "accuracy": -1.0, "distance": 1.3187355995178223}, "1": {"mean": -0.2885296046733856, "variance": 0.016750646755099297, "std_dev": 0.1294242888689041, "median": -0.3060239255428314, "range": 0.6600216627120972, "iq_range": 0.13742012903094292, "density": 0.23351914965388404, "accuracy": 1.0, "distance": 0.3684077858924866}, "2": {"mean": -0.28725138306617737, "variance": 0.01748664490878582, "std_dev": 0.13223707675933838, "median": -0.3097255229949951, "range": 0.6146379113197327, "iq_range": 0.14583982527256012, "density": 0.23726302533129098, "accuracy": 1.0, "distance": 1.2375589609146118}, "3": {"mean": -0.2871948778629303, "variance": 0.01751909963786602, "std_dev": 0.13235974311828613, "median": -0.3066452741622925, "range": 0.6288362145423889, "iq_range": 0.1528364159166813, "density": 0.23255501730934727, "accuracy": 1.0, "distance": 0.8959009647369385}, "4": {"mean": -0.28358572721481323, "variance": 0.019579119980335236, "std_dev": 0.13992540538311005, "median": -0.2933255136013031, "range": 0.6288362145423889, "iq_range": 0.17191027849912643, "density": 0.23158312807720263, "accuracy": -1.0, "distance": 0.8640331029891968}, "5": {"mean": -0.2885841131210327, "variance": 0.016719210892915726, "std_dev": 0.12930278480052948, "median": -0.31322789192199707, "range": 0.6600216627120972, "iq_range": 0.1345602385699749, "density": 0.23869413434644457, "accuracy": 1.0, "distance": 0.691961944103241}, "6": {"mean": -0.2878901958465576, "variance": 0.017119228839874268, "std_dev": 0.130840465426445, "median": -0.30237749218940735, "range": 0.6600216627120972, "iq_range": 0.15250636637210846, "density": 0.23388583079726172, "accuracy": -1.0, "distance": 0.6061558723449707}, "7": {"mean": -0.28736624121665955, "variance": 0.017420655116438866, "std_dev": 0.1319873332977295, "median": -0.3067670464515686, "range": 0.6146379113197327, "iq_range": 0.14292697980999947, "density": 0.23515211632271002, "accuracy": -1.0, "distance": 0.46731120347976685}, "8": {"mean": -0.2853822708129883, "variance": 0.018556948751211166, "std_dev": 0.1362238973379135, "median": -0.29955941438674927, "range": 0.6600216627120972, "iq_range": 0.16811946779489517, "density": 0.23234109249071538, "accuracy": -1.0, "distance": 0.746747612953186}, "9": {"mean": -0.2924412488937378, "variance": 0.014478109776973724, "std_dev": 0.1203250139951706, "median": -0.3196609616279602, "range": 0.6207359433174133, "iq_range": 0.11951327323913574, "density": 0.23846342716896168, "accuracy": -1.0, "distance": 0.9648702144622803}, "10": {"mean": -0.28946322202682495, "variance": 0.016211047768592834, "std_dev": 0.12732261419296265, "median": -0.3126998245716095, "range": 0.588211178779602, "iq_range": 0.1336687095463276, "density": 0.23398363828405047, "accuracy": 1.0, "distance": 1.1354849338531494}, "11": {"mean": -0.2890532910823822, "variance": 0.016448186710476875, "std_dev": 0.12825047969818115, "median": -0.3115372657775879, "range": 0.6288362145423889, "iq_range": 0.14180054143071175, "density": 0.23844714901162134, "accuracy": 1.0, "distance": 0.8414678573608398}, "12": {"mean": -0.28741294145584106, "variance": 0.017393803223967552, "std_dev": 0.1318855732679367, "median": -0.3057788610458374, "range": 0.6600216627120972, "iq_range": 0.14565305784344673, "density": 0.23543379477125864, "accuracy": -1.0, "distance": 0.6918230056762695}, "13": {"mean": -0.289916068315506, "variance": 0.015948675572872162, "std_dev": 0.12628807127475739, "median": -0.3074309825897217, "range": 0.6207359433174133, "iq_range": 0.13611864671111107, "density": 0.23669206184591998, "accuracy": -1.0, "distance": 1.2284152507781982}, "14": {"mean": -0.2861536741256714, "variance": 0.018116053193807602, "std_dev": 0.13459588587284088, "median": -0.30054324865341187, "range": 0.6288362145423889, "iq_range": 0.1513797529041767, "density": 0.23427465206121895, "accuracy": -1.0, "distance": 0.8699856996536255}}