{"0": {"mean": -0.28593626618385315, "variance": 0.018240448087453842, "std_dev": 0.13505719602108002, "median": -0.29812753200531006, "range": 0.6013028025627136, "iq_range": 0.1677173189818859, "density": 0.23655833723093445, "accuracy": 1.0, "distance": 0.3254210352897644}, "1": {"mean": -0.28764548897743225, "variance": 0.017260080203413963, "std_dev": 0.13137762248516083, "median": -0.3026463985443115, "range": 0.6207359433174133, "iq_range": 0.15826620161533356, "density": 0.23788351073973424, "accuracy": -1.0, "distance": 0.7577002644538879}, "2": {"mean": -0.2898804247379303, "variance": 0.015969334170222282, "std_dev": 0.12636983394622803, "median": -0.3116844892501831, "range": 0.6207359433174133, "iq_range": 0.13135987520217896, "density": 0.2354847991449035, "accuracy": -1.0, "distance": 0.4167223870754242}, "3": {"mean": -0.28715330362319946, "variance": 0.017542989924550056, "std_dev": 0.1324499547481537, "median": -0.30287107825279236, "range": 0.6079211831092834, "iq_range": 0.16374541819095612, "density": 0.23716479343633384, "accuracy": 1.0, "distance": 0.5236676931381226}, "4": {"mean": -0.2877812385559082, "variance": 0.017181947827339172, "std_dev": 0.13107992708683014, "median": -0.30645644664764404, "range": 0.6191851496696472, "iq_range": 0.15354466065764427, "density": 0.23594376893151534, "accuracy": 1.0, "distance": 0.6414430737495422}, "5": {"mean": -0.28797632455825806, "variance": 0.017069634050130844, "std_dev": 0.13065080344676971, "median": -0.3070158362388611, "range": 0.6600216627120972, "iq_range": 0.14728783443570137, "density": 0.23702478492869367, "accuracy": -1.0, "distance": 0.7581644058227539}, "6": {"mean": -0.2868245840072632, "variance": 0.01773165911436081, "std_dev": 0.1331602782011032, "median": -0.3004072308540344, "range": 0.6600216627120972, "iq_range": 0.15331998467445374, "density": 0.23221521226959713, "accuracy": -1.0, "distance": 0.3823058307170868}, "7": {"mean": -0.29418355226516724, "variance": 0.013456031680107117, "std_dev": 0.11600013822317123, "median": -0.3238053023815155, "range": 0.596330463886261, "iq_range": 0.1081061065196991, "density": 0.2413123874765447, "accuracy": -1.0, "distance": 0.519413411617279}, "8": {"mean": -0.2859005033969879, "variance": 0.018260888755321503, "std_dev": 0.13513284921646118, "median": -0.2994093894958496, "range": 0.6207358837127686, "iq_range": 0.1555463708937168, "density": 0.2365972243451411, "accuracy": -1.0, "distance": 1.0840981006622314}, "9": {"mean": -0.2853415012359619, "variance": 0.01858024299144745, "std_dev": 0.13630937039852142, "median": -0.3042669892311096, "range": 0.5967985987663269, "iq_range": 0.17431515082716942, "density": 0.23457440627079187, "accuracy": 1.0, "distance": 0.7068503499031067}, "10": {"mean": -0.2933751046657562, "variance": 0.013931060209870338, "std_dev": 0.11802991479635239, "median": -0.32175904512405396, "range": 0.6079211831092834, "iq_range": 0.10871163010597229, "density": 0.24353908137840286, "accuracy": 1.0, "distance": 0.6491250395774841}, "11": {"mean": -0.29185718297958374, "variance": 0.014819396659731865, "std_dev": 0.12173494696617126, "median": -0.3174858093261719, "range": 0.6207359433174133, "iq_range": 0.1272849254310131, "density": 0.2347590281378407, "accuracy": -1.0, "distance": 0.728176474571228}, "12": {"mean": -0.28501543402671814, "variance": 0.018766192719340324, "std_dev": 0.1369897574186325, "median": -0.3036103844642639, "range": 0.6179154515266418, "iq_range": 0.17807382345199585, "density": 0.23439134170526807, "accuracy": 1.0, "distance": 0.6979589462280273}, "13": {"mean": -0.29307129979133606, "variance": 0.014109209179878235, "std_dev": 0.11878219246864319, "median": -0.323280930519104, "range": 0.6079211831092834, "iq_range": 0.11397773027420044, "density": 0.2424108988109054, "accuracy": 1.0, "distance": 1.1176106929779053}, "14": {"mean": -0.288507878780365, "variance": 0.016763223335146904, "std_dev": 0.12947286665439606, "median": -0.30997467041015625, "range": 0.6179154515266418, "iq_range": 0.1385728418827057, "density": 0.23591081508802547, "accuracy": 1.0, "distance": 0.31497323513031006}}