{"0": {"mean": -0.2915026843547821, "variance": 0.015026204288005829, "std_dev": 0.12258142232894897, "median": -0.31860315799713135, "range": 0.6079211831092834, "iq_range": 0.11543439328670502, "density": 0.2408703401872063, "accuracy": 1.0, "distance": 1.0543725490570068}, "1": {"mean": -0.2859864830970764, "variance": 0.018211739137768745, "std_dev": 0.13495087623596191, "median": -0.3068840205669403, "range": 0.6600216627120972, "iq_range": 0.1658264510333538, "density": 0.23732088541206126, "accuracy": 1.0, "distance": 0.7446945905685425}, "2": {"mean": -0.2873052954673767, "variance": 0.01745566911995411, "std_dev": 0.13211990892887115, "median": -0.30225807428359985, "range": 0.6600216627120972, "iq_range": 0.14797642454504967, "density": 0.23501808701572666, "accuracy": -1.0, "distance": 1.117724061012268}, "3": {"mean": -0.284416139125824, "variance": 0.019107459113001823, "std_dev": 0.13822972774505615, "median": -0.293530136346817, "range": 0.6191851496696472, "iq_range": 0.16786926984786987, "density": 0.23519038163706393, "accuracy": 1.0, "distance": 0.7319946885108948}, "4": {"mean": -0.29002705216407776, "variance": 0.01588432304561138, "std_dev": 0.1260330229997635, "median": -0.31755268573760986, "range": 0.6288362145423889, "iq_range": 0.1266419105231762, "density": 0.24405513014490468, "accuracy": -1.0, "distance": 0.7716386318206787}, "5": {"mean": -0.28818437457084656, "variance": 0.016949744895100594, "std_dev": 0.13019119203090668, "median": -0.30691003799438477, "range": 0.6600216627120972, "iq_range": 0.1403886340558529, "density": 0.23846499316882147, "accuracy": -1.0, "distance": 1.1684976816177368}, "6": {"mean": -0.2854834198951721, "variance": 0.018499210476875305, "std_dev": 0.13601180911064148, "median": -0.2980888783931732, "range": 0.6288362145423889, "iq_range": 0.15833453088998795, "density": 0.23715136485476562, "accuracy": 1.0, "distance": 1.2672557830810547}, "7": {"mean": -0.28799089789390564, "variance": 0.01706123724579811, "std_dev": 0.13061867654323578, "median": -0.29983896017074585, "range": 0.6207359433174133, "iq_range": 0.147677980363369, "density": 0.2349922394033867, "accuracy": -1.0, "distance": 0.6074164509773254}, "8": {"mean": -0.28796252608299255, "variance": 0.017077581956982613, "std_dev": 0.13068121671676636, "median": -0.30793386697769165, "range": 0.6600216627120972, "iq_range": 0.14359347894787788, "density": 0.23609335698530778, "accuracy": 1.0, "distance": 0.2808651328086853}, "9": {"mean": -0.2890335023403168, "variance": 0.016459617763757706, "std_dev": 0.12829504907131195, "median": -0.3034113943576813, "range": 0.6135308146476746, "iq_range": 0.14477729052305222, "density": 0.23477807849505608, "accuracy": -1.0, "distance": 0.6030895113945007}, "10": {"mean": -0.29159730672836304, "variance": 0.014971001073718071, "std_dev": 0.12235604226589203, "median": -0.3179709017276764, "range": 0.6288361549377441, "iq_range": 0.11739305406808853, "density": 0.2432951799800526, "accuracy": -1.0, "distance": 0.5723103284835815}, "11": {"mean": -0.2839629352092743, "variance": 0.01936507038772106, "std_dev": 0.1391584426164627, "median": -0.29559892416000366, "range": 0.6288362145423889, "iq_range": 0.1862609125673771, "density": 0.23263621984886912, "accuracy": 1.0, "distance": 0.709177553653717}, "12": {"mean": -0.28820931911468506, "variance": 0.01693539135158062, "std_dev": 0.13013604283332825, "median": -0.30685675144195557, "range": 0.6600216627120972, "iq_range": 0.13924849405884743, "density": 0.23847875635454746, "accuracy": -1.0, "distance": 1.1684271097183228}, "13": {"mean": -0.28995755314826965, "variance": 0.015924619510769844, "std_dev": 0.12619279325008392, "median": -0.3171265721321106, "range": 0.6207359433174133, "iq_range": 0.13187190145254135, "density": 0.23757549299852856, "accuracy": -1.0, "distance": 0.8744586706161499}, "14": {"mean": -0.29184433817863464, "variance": 0.014826885424554348, "std_dev": 0.12176569551229477, "median": -0.31951266527175903, "range": 0.6079211831092834, "iq_range": 0.11998696625232697, "density": 0.23978805805880726, "accuracy": -1.0, "distance": 1.0538878440856934}}