{"0": {"mean": -0.2914066016674042, "variance": 0.015082193538546562, "std_dev": 0.12280958145856857, "median": -0.31712883710861206, "range": 0.6288362145423889, "iq_range": 0.1162765622138977, "density": 0.24397380790270448, "accuracy": 1.0, "distance": 1.0231636762619019}, "1": {"mean": -0.28717949986457825, "variance": 0.01752791740000248, "std_dev": 0.13239304721355438, "median": -0.30467385053634644, "range": 0.6600216627120972, "iq_range": 0.15327903255820274, "density": 0.23428996763852578, "accuracy": 1.0, "distance": 0.5651540160179138}, "2": {"mean": -0.2876891493797302, "variance": 0.017234954982995987, "std_dev": 0.13128197193145752, "median": -0.3031318783760071, "range": 0.6288362145423889, "iq_range": 0.15629082545638084, "density": 0.23615792231099098, "accuracy": -1.0, "distance": 0.4743649661540985}, "3": {"mean": -0.28884223103523254, "variance": 0.016570180654525757, "std_dev": 0.12872521579265594, "median": -0.30890434980392456, "range": 0.6207359433174133, "iq_range": 0.14447961747646332, "density": 0.2349297198262954, "accuracy": -1.0, "distance": 1.0402909517288208}, "4": {"mean": -0.284561425447464, "variance": 0.01902480609714985, "std_dev": 0.13793043792247772, "median": -0.29576191306114197, "range": 0.6288362145423889, "iq_range": 0.17005950957536697, "density": 0.23356843279722433, "accuracy": 1.0, "distance": 0.6235274076461792}, "5": {"mean": -0.29053694009780884, "variance": 0.015588288195431232, "std_dev": 0.12485306710004807, "median": -0.3169322609901428, "range": 0.6288362145423889, "iq_range": 0.12795200943946838, "density": 0.24247483962936517, "accuracy": 1.0, "distance": 0.5708473920822144}, "6": {"mean": -0.28725743293762207, "variance": 0.017483172938227654, "std_dev": 0.1322239488363266, "median": -0.3009047508239746, "range": 0.6079211831092834, "iq_range": 0.16540905088186264, "density": 0.2354166829638677, "accuracy": 1.0, "distance": 0.2949414849281311}, "7": {"mean": -0.287481427192688, "variance": 0.01735442690551281, "std_dev": 0.13173620402812958, "median": -0.3059116005897522, "range": 0.6600216627120972, "iq_range": 0.14970070123672485, "density": 0.23701554025548166, "accuracy": 1.0, "distance": 0.5066391229629517}, "8": {"mean": -0.28637492656707764, "variance": 0.017989398911595345, "std_dev": 0.13412456214427948, "median": -0.30645644664764404, "range": 0.6600216627120972, "iq_range": 0.16040611267089844, "density": 0.238046653450366, "accuracy": 1.0, "distance": 0.6108668446540833}, "9": {"mean": -0.28719562292099, "variance": 0.017518673092126846, "std_dev": 0.132358118891716, "median": -0.3041989803314209, "range": 0.6207359433174133, "iq_range": 0.15068678930401802, "density": 0.23526518979532457, "accuracy": 1.0, "distance": 0.697024405002594}, "10": {"mean": -0.2879277467727661, "variance": 0.01709762215614319, "std_dev": 0.1307578831911087, "median": -0.30980736017227173, "range": 0.6600216627120972, "iq_range": 0.14304640516638756, "density": 0.23480491403204584, "accuracy": 1.0, "distance": 0.8628662824630737}, "11": {"mean": -0.2896974980831146, "variance": 0.016075341030955315, "std_dev": 0.12678857147693634, "median": -0.31607192754745483, "range": 0.6288361549377441, "iq_range": 0.12655457854270935, "density": 0.2432829340664029, "accuracy": 1.0, "distance": 1.2771153450012207}, "12": {"mean": -0.2855982184410095, "variance": 0.018433652818202972, "std_dev": 0.13577058911323547, "median": -0.3006913661956787, "range": 0.6179154515266418, "iq_range": 0.16475653648376465, "density": 0.23285906291986536, "accuracy": 1.0, "distance": 0.6947007775306702}, "13": {"mean": -0.28490760922431946, "variance": 0.01882765255868435, "std_dev": 0.13721390068531036, "median": -0.2985571622848511, "range": 0.6288362145423889, "iq_range": 0.16933628544211388, "density": 0.2355763933448157, "accuracy": 1.0, "distance": 1.0491700172424316}, "14": {"mean": -0.28814175724983215, "variance": 0.01697433926165104, "std_dev": 0.1302856057882309, "median": -0.3133634328842163, "range": 0.6191851496696472, "iq_range": 0.13892840594053268, "density": 0.23767123839375048, "accuracy": -1.0, "distance": 1.199867844581604}}