{
    "0": [
        0.2437201610946019,
        0
    ],
    "1": [
        2.1093798464929163,
        0
    ],
    "2": [
        2.3979190491293196,
        0
    ],
    "3": [
        1.2258649860117135,
        0
    ],
    "4": [
        1.5617642921973345,
        0
    ],
    "5": [
        0.0,
        0
    ],
    "6": [
        0.36073753050511226,
        0
    ],
    "7": [
        0.5169126477283802,
        0
    ],
    "8": [
        1.0665450476026943,
        0
    ],
    "9": [
        3.163171611882319,
        0
    ],
    "10": [
        2.4249451770485404,
        0
    ],
    "11": [
        4.972188125878403,
        0
    ],
    "12": [
        0.5802844970945666,
        0
    ],
    "13": [
        2.558093511100068,
        0
    ],
    "14": [
        1.3765185312890713,
        0
    ]
}