{
    "0": [
        0.0026267900635544047,
        0
    ],
    "1": [
        1.5248471718811099,
        0
    ],
    "2": [
        0.8417810303683341,
        0
    ],
    "3": [
        1.180235657524758,
        0
    ],
    "4": [
        3.359442034749469,
        0
    ],
    "5": [
        0.0,
        0
    ],
    "6": [
        0.6606086812422716,
        0
    ],
    "7": [
        3.371007211475723,
        0
    ],
    "8": [
        1.0101435413056998,
        0
    ],
    "9": [
        2.803771608316358,
        0
    ],
    "10": [
        1.7409142018863404,
        0
    ],
    "11": [
        1.2607573105010814,
        0
    ],
    "12": [
        3.7651988354347123,
        0
    ],
    "13": [
        0.12302372786183337,
        0
    ],
    "14": [
        0.0,
        0
    ]
}