{
    "0": [
        0.9939191708859961,
        0
    ],
    "1": [
        0.7572154830965702,
        0
    ],
    "2": [
        0.28504513594035635,
        0
    ],
    "3": [
        0.7092695868876042,
        0
    ],
    "4": [
        1.2689512482181236,
        0
    ],
    "5": [
        3.4630476894214373,
        0
    ],
    "6": [
        0.0,
        0
    ],
    "7": [
        0.2584974447496217,
        0
    ],
    "8": [
        0.0,
        0
    ],
    "9": [
        0.5681552349757089,
        0
    ],
    "10": [
        1.8633073875051414,
        0
    ],
    "11": [
        0.3950533742303613,
        0
    ],
    "12": [
        2.1690245133773103,
        0
    ],
    "13": [
        4.35218982074247,
        0
    ],
    "14": [
        4.200905800134665,
        0
    ]
}