{
    "0": [
        3.007851571687787,
        0
    ],
    "1": [
        0.0,
        0
    ],
    "2": [
        0.0,
        0
    ],
    "3": [
        0.0,
        0
    ],
    "4": [
        2.6472905510593323,
        0
    ],
    "5": [
        1.3298443079119655,
        0
    ],
    "6": [
        4.904173592280552,
        0
    ],
    "7": [
        4.3955401540702335,
        0
    ],
    "8": [
        1.0244857736698316,
        0
    ],
    "9": [
        1.7132166163320068,
        0
    ],
    "10": [
        0.0,
        0
    ],
    "11": [
        2.764334446821242,
        0
    ],
    "12": [
        0.5784848795369656,
        0
    ],
    "13": [
        0.742849760469191,
        0
    ],
    "14": [
        3.0990370304104853,
        0
    ]
}