{
    "0": [
        0.5714402455459386,
        0
    ],
    "1": [
        7.46196943238238,
        0
    ],
    "2": [
        0.2674932778898449,
        0
    ],
    "3": [
        4.306800698036737,
        0
    ],
    "4": [
        0.07174152502598655,
        0
    ],
    "5": [
        0.9103251082034423,
        0
    ],
    "6": [
        1.1293515100716438,
        0
    ],
    "7": [
        0.5136037180107231,
        0
    ],
    "8": [
        2.0130464198983704,
        0
    ],
    "9": [
        1.3907807839273147,
        0
    ],
    "10": [
        2.184833911165494,
        0
    ],
    "11": [
        0.0,
        0
    ],
    "12": [
        1.8321865846896788,
        0
    ],
    "13": [
        0.5425159050236454,
        0
    ],
    "14": [
        0.13794409301034186,
        0
    ]
}