{
    "0": [
        0.9046766563511216,
        0
    ],
    "1": [
        1.8695286308332568,
        0
    ],
    "2": [
        0.0,
        0
    ],
    "3": [
        0.0,
        0
    ],
    "4": [
        0.3844911181861371,
        0
    ],
    "5": [
        0.0,
        0
    ],
    "6": [
        0.314743398130299,
        0
    ],
    "7": [
        4.963741921276786,
        0
    ],
    "8": [
        2.206003632529506,
        0
    ],
    "9": [
        2.4933382839142104,
        0
    ],
    "10": [
        2.4958597104704814,
        0
    ],
    "11": [
        0.0,
        0
    ],
    "12": [
        0.007050639127103661,
        0
    ],
    "13": [
        1.7889600811688897,
        0
    ],
    "14": [
        0.0,
        0
    ]
}