{
    "0": [
        0.05594715928044228,
        284
    ],
    "1": [
        0.08186457111295731,
        277
    ],
    "2": [
        0.047420610772122514,
        255
    ],
    "3": [
        0.0203496998588446,
        208
    ],
    "4": [
        0.035715194329856405,
        208
    ],
    "5": [
        0.08336409804492198,
        254
    ],
    "6": [
        0.02618865254196087,
        225
    ],
    "7": [
        0.04461692424088722,
        234
    ],
    "8": [
        0.08568017599129665,
        288
    ],
    "9": [
        0.1361025923657027,
        232
    ],
    "10": [
        0.09667158135499422,
        259
    ],
    "11": [
        0.09056714805512693,
        234
    ],
    "12": [
        0.09919492316673002,
        280
    ],
    "13": [
        0.056110310491088985,
        306
    ],
    "14": [
        0.04020635839306721,
        184
    ]
}