{
    "0": [
        0.04207397788185558,
        203
    ],
    "1": [
        0.11930620916583064,
        339
    ],
    "2": [
        0.06476327270509287,
        177
    ],
    "3": [
        0.10780577676753123,
        356
    ],
    "4": [
        0.06764590055349737,
        262
    ],
    "5": [
        0.14867101358349114,
        339
    ],
    "6": [
        0.054526559364576,
        221
    ],
    "7": [
        0.08672545953291624,
        259
    ],
    "8": [
        0.0917244113336618,
        259
    ],
    "9": [
        0.06494624630855265,
        252
    ],
    "10": [
        0.018070561858316302,
        177
    ],
    "11": [
        0.05242117142679765,
        176
    ],
    "12": [
        0.05431490136352295,
        247
    ],
    "13": [
        0.011707416905305218,
        153
    ],
    "14": [
        0.015297121249052362,
        193
    ]
}