{
    "0": [
        0.08733797064964453,
        280
    ],
    "1": [
        0.040680812328287304,
        265
    ],
    "2": [
        0.020854881760870768,
        196
    ],
    "3": [
        0.07347354674124285,
        163
    ],
    "4": [
        0.05829717475977874,
        287
    ],
    "5": [
        0.07428719288173677,
        248
    ],
    "6": [
        0.044871702706194776,
        276
    ],
    "7": [
        0.11296278527826613,
        282
    ],
    "8": [
        0.05305735051102216,
        230
    ],
    "9": [
        0.03758086070027633,
        221
    ],
    "10": [
        0.1238824010954528,
        255
    ],
    "11": [
        0.023949009028555058,
        224
    ],
    "12": [
        0.03703772088105502,
        188
    ],
    "13": [
        0.11487925719724094,
        292
    ],
    "14": [
        0.09684733348037573,
        222
    ]
}