{
    "0": [
        0.08367069011287169,
        229
    ],
    "1": [
        0.019128196170997057,
        210
    ],
    "2": [
        0.11242275169589373,
        231
    ],
    "3": [
        0.135104498331298,
        233
    ],
    "4": [
        0.11043549970240392,
        217
    ],
    "5": [
        0.03613765413398245,
        232
    ],
    "6": [
        0.03221048793554745,
        185
    ],
    "7": [
        0.023331343315430197,
        135
    ],
    "8": [
        0.0748889792132035,
        257
    ],
    "9": [
        0.04350577352625483,
        204
    ],
    "10": [
        0.028081035829784894,
        199
    ],
    "11": [
        0.11427384483313144,
        307
    ],
    "12": [
        0.06155584628082636,
        209
    ],
    "13": [
        0.07629401331981307,
        168
    ],
    "14": [
        0.048959385598561514,
        200
    ]
}