{
    "0": [
        0.0715620051868617,
        280
    ],
    "1": [
        0.04209739818610729,
        260
    ],
    "2": [
        0.09709830584624808,
        207
    ],
    "3": [
        0.11128312755468951,
        302
    ],
    "4": [
        0.05378939142609344,
        239
    ],
    "5": [
        0.06450163891090833,
        283
    ],
    "6": [
        0.13642874406758687,
        269
    ],
    "7": [
        0.028085514239781645,
        230
    ],
    "8": [
        0.032527923781423995,
        259
    ],
    "9": [
        0.11973062950879378,
        266
    ],
    "10": [
        0.030950120261713947,
        199
    ],
    "11": [
        0.0262269984502062,
        193
    ],
    "12": [
        0.05153290468178344,
        175
    ],
    "13": [
        0.026587059967415737,
        218
    ],
    "14": [
        0.10759823793038593,
        277
    ]
}