{
    "0": [
        0.11342258787213565,
        204
    ],
    "1": [
        0.01899831363951404,
        193
    ],
    "2": [
        0.07025948437862649,
        195
    ],
    "3": [
        0.034445124831571666,
        169
    ],
    "4": [
        0.037507388441896036,
        230
    ],
    "5": [
        0.10874781421543062,
        302
    ],
    "6": [
        0.021719829556853684,
        187
    ],
    "7": [
        0.05288097011000451,
        280
    ],
    "8": [
        0.04501029263078615,
        184
    ],
    "9": [
        0.03893866496730761,
        221
    ],
    "10": [
        0.12840996297843577,
        269
    ],
    "11": [
        0.08051850449370489,
        245
    ],
    "12": [
        0.04707374116798593,
        259
    ],
    "13": [
        0.048420333968889076,
        195
    ],
    "14": [
        0.15364698674685784,
        259
    ]
}