{
    "0": [
        0.05050307787585798,
        234
    ],
    "1": [
        0.09451063074585075,
        91
    ],
    "2": [
        0.08253764450870972,
        222
    ],
    "3": [
        0.030924176780631158,
        190
    ],
    "4": [
        0.0619576776379298,
        217
    ],
    "5": [
        0.036192786027227045,
        165
    ],
    "6": [
        0.012756625787777049,
        127
    ],
    "7": [
        0.12101352407757662,
        255
    ],
    "8": [
        0.134984280505428,
        186
    ],
    "9": [
        0.0803403422004298,
        255
    ],
    "10": [
        0.016831026663559765,
        151
    ],
    "11": [
        0.12698552395880525,
        245
    ],
    "12": [
        0.06076728055860224,
        159
    ],
    "13": [
        0.06940152444055715,
        163
    ],
    "14": [
        0.02029387823105768,
        180
    ]
}