{
    "0": [
        0.07576102531481423,
        294
    ],
    "1": [
        0.05593919391477991,
        206
    ],
    "2": [
        0.11828621125254939,
        253
    ],
    "3": [
        0.06806131417817933,
        220
    ],
    "4": [
        0.10075062060756708,
        275
    ],
    "5": [
        0.051624404606825915,
        227
    ],
    "6": [
        0.024282453966333453,
        220
    ],
    "7": [
        0.025648027142552855,
        207
    ],
    "8": [
        0.10991671436173102,
        273
    ],
    "9": [
        0.05883359170206453,
        249
    ],
    "10": [
        0.09153122165896657,
        235
    ],
    "11": [
        0.06882198836327628,
        224
    ],
    "12": [
        0.0783052802442611,
        204
    ],
    "13": [
        0.03787882823552714,
        229
    ],
    "14": [
        0.03435912445057123,
        186
    ]
}