{
    "0": [
        0.050118165290354844,
        202
    ],
    "1": [
        0.06912749825244938,
        193
    ],
    "2": [
        0.034098990768316226,
        213
    ],
    "3": [
        0.12976440296049596,
        238
    ],
    "4": [
        0.0818374163484246,
        200
    ],
    "5": [
        0.1149579212327397,
        217
    ],
    "6": [
        0.031196783405570565,
        145
    ],
    "7": [
        0.03155954851019086,
        232
    ],
    "8": [
        0.04049527663924349,
        239
    ],
    "9": [
        0.09858760232167593,
        293
    ],
    "10": [
        0.09548464745147581,
        208
    ],
    "11": [
        0.09737039118390163,
        181
    ],
    "12": [
        0.02881576063677049,
        200
    ],
    "13": [
        0.038670310086677144,
        204
    ],
    "14": [
        0.05791528491171324,
        286
    ]
}