{
    "0": [
        0.019348894884388693,
        182
    ],
    "1": [
        0.06791016923957092,
        160
    ],
    "2": [
        0.08468144636835111,
        199
    ],
    "3": [
        0.05957918266448706,
        273
    ],
    "4": [
        0.06860964974849706,
        206
    ],
    "5": [
        0.04747735070493665,
        175
    ],
    "6": [
        0.10382316419621683,
        202
    ],
    "7": [
        0.04710367514780741,
        218
    ],
    "8": [
        0.03691195906892144,
        243
    ],
    "9": [
        0.1038071717104809,
        307
    ],
    "10": [
        0.0865351117509928,
        242
    ],
    "11": [
        0.08333491402716857,
        306
    ],
    "12": [
        0.02847692281892214,
        216
    ],
    "13": [
        0.07544410688836897,
        264
    ],
    "14": [
        0.08695628078088945,
        298
    ]
}