{
    "0": [
        0.02362419613183344,
        232
    ],
    "1": [
        0.15336334466086643,
        241
    ],
    "2": [
        0.04013065091001363,
        210
    ],
    "3": [
        0.029075248667695123,
        199
    ],
    "4": [
        0.0743213899390503,
        239
    ],
    "5": [
        0.06359999415436636,
        206
    ],
    "6": [
        0.045041650941150424,
        229
    ],
    "7": [
        0.08630040437568265,
        288
    ],
    "8": [
        0.1075275335501383,
        264
    ],
    "9": [
        0.034700832594416316,
        119
    ],
    "10": [
        0.04267117740590032,
        250
    ],
    "11": [
        0.033310717558286344,
        301
    ],
    "12": [
        0.10261450904315553,
        294
    ],
    "13": [
        0.09628224356493044,
        303
    ],
    "14": [
        0.06743610650251437,
        169
    ]
}