{
    "0": [
        0.0064102323651218,
        98
    ],
    "1": [
        0.07266611977101319,
        219
    ],
    "2": [
        0.011473854879109402,
        95
    ],
    "3": [
        0.014444085170489047,
        126
    ],
    "4": [
        0.1224173774190467,
        94
    ],
    "5": [
        0.09162479158414007,
        200
    ],
    "6": [
        0.10802363553106031,
        213
    ],
    "7": [
        0.06486902606017418,
        171
    ],
    "8": [
        0.10535494102394723,
        227
    ],
    "9": [
        0.0832054089928912,
        192
    ],
    "10": [
        0.10218256768934057,
        188
    ],
    "11": [
        0.045437355566032386,
        170
    ],
    "12": [
        0.0352965798117818,
        185
    ],
    "13": [
        0.07836108476152796,
        196
    ],
    "14": [
        0.05823293937432422,
        149
    ]
}