{
    "0": [
        49.65178325995089,
        0
    ],
    "1": [
        76.7701507559876,
        0
    ],
    "2": [
        48.008064084531696,
        0
    ],
    "3": [
        96.80495112454025,
        0
    ],
    "4": [
        56.25798933448861,
        0
    ],
    "5": [
        92.03936724402145,
        0
    ],
    "6": [
        72.70611920222827,
        0
    ],
    "7": [
        62.621084744074736,
        0
    ],
    "8": [
        47.432390071270085,
        0
    ],
    "9": [
        39.927577669563746,
        0
    ],
    "10": [
        72.57971049354454,
        0
    ],
    "11": [
        107.49129888818015,
        0
    ],
    "12": [
        64.01054542797793,
        0
    ],
    "13": [
        54.46617717852164,
        0
    ],
    "14": [
        79.86814533136462,
        0
    ]
}