{
    "0": [
        97.28819942929597,
        0
    ],
    "1": [
        103.09900223268222,
        0
    ],
    "2": [
        64.50708665213341,
        0
    ],
    "3": [
        42.89601178382375,
        0
    ],
    "4": [
        57.635312482317026,
        0
    ],
    "5": [
        31.03491409028167,
        0
    ],
    "6": [
        49.01676846221363,
        0
    ],
    "7": [
        29.396538393648022,
        0
    ],
    "8": [
        68.67972491022809,
        0
    ],
    "9": [
        50.3225324279225,
        0
    ],
    "10": [
        46.352938599815744,
        0
    ],
    "11": [
        79.69052908859605,
        0
    ],
    "12": [
        45.02986025776217,
        0
    ],
    "13": [
        77.76745048479891,
        0
    ],
    "14": [
        33.81224017478233,
        0
    ]
}