{
    "0": [
        59.362303761893926,
        0
    ],
    "1": [
        59.80340666434863,
        0
    ],
    "2": [
        66.87200155318631,
        0
    ],
    "3": [
        43.635830776852956,
        0
    ],
    "4": [
        33.43337116836641,
        0
    ],
    "5": [
        111.25712023172429,
        0
    ],
    "6": [
        74.56456359293121,
        0
    ],
    "7": [
        65.83652568755006,
        0
    ],
    "8": [
        94.92735927048841,
        0
    ],
    "9": [
        52.14106433542268,
        0
    ],
    "10": [
        60.097642645708206,
        0
    ],
    "11": [
        56.41694839946462,
        0
    ],
    "12": [
        53.783696982459304,
        0
    ],
    "13": [
        69.98334904193979,
        0
    ],
    "14": [
        45.201078445953435,
        0
    ]
}