{
    "0": [
        67.5763568308919,
        0
    ],
    "1": [
        41.53839259370906,
        0
    ],
    "2": [
        45.64851328290015,
        0
    ],
    "3": [
        116.04989247304641,
        0
    ],
    "4": [
        42.81930088100771,
        0
    ],
    "5": [
        102.18221471857227,
        0
    ],
    "6": [
        57.10530161922168,
        0
    ],
    "7": [
        53.52022736979831,
        0
    ],
    "8": [
        73.14797708252912,
        0
    ],
    "9": [
        83.1966017160149,
        0
    ],
    "10": [
        40.06241437097549,
        0
    ],
    "11": [
        38.84378257662764,
        0
    ],
    "12": [
        44.98829616729035,
        0
    ],
    "13": [
        59.65838012303821,
        0
    ],
    "14": [
        27.398114618318807,
        0
    ]
}