{
    "0": [
        35.150835485746015,
        0
    ],
    "1": [
        81.2124646514398,
        0
    ],
    "2": [
        73.64607698377083,
        0
    ],
    "3": [
        61.7372714369898,
        0
    ],
    "4": [
        71.27329750057481,
        0
    ],
    "5": [
        84.01298979388147,
        0
    ],
    "6": [
        56.07301335496179,
        0
    ],
    "7": [
        55.888672439132435,
        0
    ],
    "8": [
        54.54050728286074,
        0
    ],
    "9": [
        88.7819667769489,
        0
    ],
    "10": [
        39.586168128383854,
        0
    ],
    "11": [
        53.17057815644249,
        0
    ],
    "12": [
        53.77716608235009,
        0
    ],
    "13": [
        39.4115457548363,
        0
    ],
    "14": [
        47.49195765382238,
        0
    ]
}