{
    "0": [
        33.91890005041564,
        0
    ],
    "1": [
        77.05399631489638,
        0
    ],
    "2": [
        54.32394949905376,
        0
    ],
    "3": [
        50.86060480008093,
        0
    ],
    "4": [
        53.907060038081035,
        0
    ],
    "5": [
        77.07537087223626,
        0
    ],
    "6": [
        54.138674239358274,
        0
    ],
    "7": [
        53.902143114374134,
        0
    ],
    "8": [
        57.30015295255991,
        0
    ],
    "9": [
        57.41887102429443,
        0
    ],
    "10": [
        67.9825609705794,
        0
    ],
    "11": [
        40.0943351423556,
        0
    ],
    "12": [
        33.92733714156749,
        0
    ],
    "13": [
        77.69048164653266,
        0
    ],
    "14": [
        70.04625061054496,
        0
    ]
}