{
    "0": [
        48.283999078981815,
        0
    ],
    "1": [
        50.21389267645151,
        0
    ],
    "2": [
        63.35938441754078,
        0
    ],
    "3": [
        40.44159976597694,
        0
    ],
    "4": [
        57.412529759496046,
        0
    ],
    "5": [
        57.67180765293205,
        0
    ],
    "6": [
        42.831157700119334,
        0
    ],
    "7": [
        43.18626773717924,
        0
    ],
    "8": [
        68.7072856610009,
        0
    ],
    "9": [
        94.55410928703263,
        0
    ],
    "10": [
        86.71760442777986,
        0
    ],
    "11": [
        51.10445699898614,
        0
    ],
    "12": [
        82.09544493269385,
        0
    ],
    "13": [
        62.479215541829745,
        0
    ],
    "14": [
        66.1576775102258,
        0
    ]
}