{
    "0": [
        68.94994233388284,
        0
    ],
    "1": [
        50.5750682977322,
        0
    ],
    "2": [
        79.8794650870853,
        0
    ],
    "3": [
        76.13914533672177,
        0
    ],
    "4": [
        63.46009012347884,
        0
    ],
    "5": [
        63.41937100795317,
        0
    ],
    "6": [
        56.41388778976453,
        0
    ],
    "7": [
        79.6200986452236,
        0
    ],
    "8": [
        40.789653260330134,
        0
    ],
    "9": [
        60.30151315904025,
        0
    ],
    "10": [
        86.72300813249919,
        0
    ],
    "11": [
        61.769942835009836,
        0
    ],
    "12": [
        47.12695535447695,
        0
    ],
    "13": [
        45.87930746889115,
        0
    ],
    "14": [
        51.55153350608115,
        0
    ]
}