{
    "0": [
        34.100062334898084,
        0
    ],
    "1": [
        64.83370198155843,
        0
    ],
    "2": [
        76.51778251575783,
        0
    ],
    "3": [
        52.44306659838098,
        0
    ],
    "4": [
        45.58541460972975,
        0
    ],
    "5": [
        109.06107215844094,
        0
    ],
    "6": [
        61.08819272162802,
        0
    ],
    "7": [
        90.01404352708423,
        0
    ],
    "8": [
        95.39020082570329,
        0
    ],
    "9": [
        52.94628124073981,
        0
    ],
    "10": [
        84.8933056963399,
        0
    ],
    "11": [
        43.81756380862403,
        0
    ],
    "12": [
        62.95529232357937,
        0
    ],
    "13": [
        58.817914246628874,
        0
    ],
    "14": [
        61.49783848993725,
        0
    ]
}