{
    "0": [
        57.37573542939968,
        0
    ],
    "1": [
        51.04588658595255,
        0
    ],
    "2": [
        66.20540468703517,
        0
    ],
    "3": [
        46.21353511879958,
        0
    ],
    "4": [
        45.82284032652706,
        0
    ],
    "5": [
        70.17876022529546,
        0
    ],
    "6": [
        74.8434366806293,
        0
    ],
    "7": [
        85.15304973533523,
        0
    ],
    "8": [
        63.0495816799274,
        0
    ],
    "9": [
        69.4615869932577,
        0
    ],
    "10": [
        65.52408155489579,
        0
    ],
    "11": [
        47.319088208800295,
        0
    ],
    "12": [
        52.831274434462046,
        0
    ],
    "13": [
        62.022586932371794,
        0
    ],
    "14": [
        75.36320654341351,
        0
    ]
}