{
    "0": [
        77.91534079771158,
        0
    ],
    "1": [
        71.5847585233317,
        0
    ],
    "2": [
        52.84419986085068,
        0
    ],
    "3": [
        56.48860162420173,
        0
    ],
    "4": [
        45.990405748015384,
        0
    ],
    "5": [
        90.9417575650296,
        0
    ],
    "6": [
        50.94693979597279,
        0
    ],
    "7": [
        51.80240213500729,
        0
    ],
    "8": [
        58.55722684409746,
        0
    ],
    "9": [
        96.74546921336166,
        0
    ],
    "10": [
        37.82182072605855,
        0
    ],
    "11": [
        61.52010028683398,
        0
    ],
    "12": [
        59.11109700085619,
        0
    ],
    "13": [
        89.51652093499187,
        0
    ],
    "14": [
        73.45967726588304,
        0
    ]
}