{
    "0": [
        80.66253299816137,
        0
    ],
    "1": [
        58.157647349581495,
        0
    ],
    "2": [
        73.38145659444118,
        0
    ],
    "3": [
        61.70592120068768,
        0
    ],
    "4": [
        99.81224959059534,
        0
    ],
    "5": [
        43.965279642733535,
        0
    ],
    "6": [
        41.63024640885572,
        0
    ],
    "7": [
        69.56874763538592,
        0
    ],
    "8": [
        63.34149735468826,
        0
    ],
    "9": [
        60.2953094889836,
        0
    ],
    "10": [
        77.98780942935892,
        0
    ],
    "11": [
        59.299214856893315,
        0
    ],
    "12": [
        41.62477762841908,
        0
    ],
    "13": [
        45.93541935684272,
        0
    ],
    "14": [
        53.40043729304686,
        0
    ]
}