{
    "0": [
        0.06227199812497619,
        50449
    ],
    "1": [
        0.05563128449756687,
        53384
    ],
    "2": [
        0.05962408499391932,
        48267
    ],
    "3": [
        0.06456338770373048,
        51866
    ],
    "4": [
        0.04976124824198555,
        51813
    ],
    "5": [
        0.11378570460638508,
        54038
    ],
    "6": [
        0.06714887545499044,
        48961
    ],
    "7": [
        0.06149929137731904,
        48395
    ],
    "8": [
        0.07855623960468831,
        54281
    ],
    "9": [
        0.07241958485910822,
        52989
    ],
    "10": [
        0.07571458516347122,
        57117
    ],
    "11": [
        0.053154458817910935,
        47436
    ],
    "12": [
        0.05223961526139656,
        48513
    ],
    "13": [
        0.06911132150233357,
        50957
    ],
    "14": [
        0.06451831979021826,
        47968
    ]
}