{
    "0": [
        0.07431922710144105,
        56247
    ],
    "1": [
        0.06637851101849769,
        46341
    ],
    "2": [
        0.06333796063757108,
        45131
    ],
    "3": [
        0.04652378979155091,
        46059
    ],
    "4": [
        0.04580171122906899,
        45780
    ],
    "5": [
        0.08496400024631408,
        53083
    ],
    "6": [
        0.06107935243061752,
        44997
    ],
    "7": [
        0.09051705962908908,
        57329
    ],
    "8": [
        0.059651236994016976,
        49717
    ],
    "9": [
        0.0787064656558392,
        54077
    ],
    "10": [
        0.05152455966942169,
        45952
    ],
    "11": [
        0.07287069099082491,
        46556
    ],
    "12": [
        0.07202694539489059,
        52342
    ],
    "13": [
        0.08655355665114486,
        56651
    ],
    "14": [
        0.04574493255971131,
        46110
    ]
}