{
    "0": [
        0.06304269672653975,
        47018
    ],
    "1": [
        0.07561593227366033,
        47298
    ],
    "2": [
        0.06273001947514542,
        47401
    ],
    "3": [
        0.047082885656275726,
        43367
    ],
    "4": [
        0.07370109463252153,
        48654
    ],
    "5": [
        0.050729716437476216,
        44427
    ],
    "6": [
        0.06054495485179899,
        47002
    ],
    "7": [
        0.04637313568980864,
        43664
    ],
    "8": [
        0.051283855840664395,
        47243
    ],
    "9": [
        0.094558735252829,
        49906
    ],
    "10": [
        0.04967910661129598,
        46554
    ],
    "11": [
        0.0682910105479845,
        50557
    ],
    "12": [
        0.09729815871532882,
        50560
    ],
    "13": [
        0.07846114636967781,
        46310
    ],
    "14": [
        0.08060755091899291,
        49270
    ]
}