{
    "0": [
        0.07924652090624582,
        52932
    ],
    "1": [
        0.061206327303312234,
        49828
    ],
    "2": [
        0.054781783693841644,
        45806
    ],
    "3": [
        0.06604995033290968,
        53515
    ],
    "4": [
        0.08064369099405151,
        48831
    ],
    "5": [
        0.06077168483853244,
        48442
    ],
    "6": [
        0.061997548292115706,
        51763
    ],
    "7": [
        0.06733201456834878,
        50101
    ],
    "8": [
        0.04612469106233858,
        48327
    ],
    "9": [
        0.05192033704148073,
        45622
    ],
    "10": [
        0.06124135380455613,
        50130
    ],
    "11": [
        0.07083750699743477,
        51466
    ],
    "12": [
        0.09076704310031675,
        55943
    ],
    "13": [
        0.08256722333632989,
        49153
    ],
    "14": [
        0.0645123237281855,
        54327
    ]
}