{
    "0": [
        0.07385586647496105,
        51729
    ],
    "1": [
        0.09570909044340682,
        59070
    ],
    "2": [
        0.059030783242536286,
        48969
    ],
    "3": [
        0.05530166624555518,
        48516
    ],
    "4": [
        0.05567876576755373,
        47964
    ],
    "5": [
        0.08783428846753202,
        54043
    ],
    "6": [
        0.0895638330128163,
        54763
    ],
    "7": [
        0.06533152470802092,
        54858
    ],
    "8": [
        0.058035842565145324,
        46516
    ],
    "9": [
        0.05573202961250584,
        50829
    ],
    "10": [
        0.05723367105114936,
        51201
    ],
    "11": [
        0.06398804879953204,
        48012
    ],
    "12": [
        0.059482085537048764,
        51862
    ],
    "13": [
        0.06326640111702041,
        55106
    ],
    "14": [
        0.05995610295521572,
        48722
    ]
}