{
    "0": [
        0.05242205650038104,
        50214
    ],
    "1": [
        0.07934118472434452,
        47310
    ],
    "2": [
        0.04809704838027975,
        46117
    ],
    "3": [
        0.05845707437196,
        49394
    ],
    "4": [
        0.06131123417254383,
        48456
    ],
    "5": [
        0.07777587877769064,
        52099
    ],
    "6": [
        0.06767158409699328,
        52146
    ],
    "7": [
        0.0635768997283878,
        48362
    ],
    "8": [
        0.07905908122637452,
        51530
    ],
    "9": [
        0.08833957323718564,
        48657
    ],
    "10": [
        0.06168642487002556,
        48924
    ],
    "11": [
        0.06516616774323256,
        52653
    ],
    "12": [
        0.060991607796659825,
        47657
    ],
    "13": [
        0.06931927631039994,
        47183
    ],
    "14": [
        0.06678490806354108,
        51040
    ]
}