{
    "0": [
        0.07734165336739758,
        48808
    ],
    "1": [
        0.046047621278980426,
        41908
    ],
    "2": [
        0.046549825430227725,
        44437
    ],
    "3": [
        0.09820382226820082,
        50223
    ],
    "4": [
        0.06473826263415242,
        47460
    ],
    "5": [
        0.06328121616161154,
        43677
    ],
    "6": [
        0.05707693074835662,
        47071
    ],
    "7": [
        0.058969894230509703,
        42059
    ],
    "8": [
        0.08648640550201787,
        53177
    ],
    "9": [
        0.06938380000049467,
        43379
    ],
    "10": [
        0.06426486141378925,
        46340
    ],
    "11": [
        0.08559204773334277,
        50075
    ],
    "12": [
        0.06611528368416261,
        45359
    ],
    "13": [
        0.06493502908625347,
        48848
    ],
    "14": [
        0.05101334646050239,
        44815
    ]
}