{
    "0": [
        0.08017175898974956,
        48635
    ],
    "1": [
        0.06037360828155585,
        48785
    ],
    "2": [
        0.05601083999164535,
        43657
    ],
    "3": [
        0.050530563705079884,
        44804
    ],
    "4": [
        0.054169456024830996,
        48272
    ],
    "5": [
        0.06711238002553342,
        46600
    ],
    "6": [
        0.05410556150903617,
        49597
    ],
    "7": [
        0.04367974476630935,
        42886
    ],
    "8": [
        0.12111936541094988,
        53425
    ],
    "9": [
        0.07264338619143958,
        51177
    ],
    "10": [
        0.07097999852430097,
        53034
    ],
    "11": [
        0.07617070362097839,
        48850
    ],
    "12": [
        0.07683621746750045,
        49515
    ],
    "13": [
        0.06410008592223475,
        51793
    ],
    "14": [
        0.05199632956885557,
        44199
    ]
}