{
    "0": [
        238.5286882234068,
        0
    ],
    "1": [
        231.30857768230368,
        0
    ],
    "2": [
        145.74975676867766,
        0
    ],
    "3": [
        242.0105411635289,
        0
    ],
    "4": [
        195.09805423114682,
        0
    ],
    "5": [
        140.06512879303114,
        0
    ],
    "6": [
        249.8979236252088,
        0
    ],
    "7": [
        382.94739224356715,
        0
    ],
    "8": [
        193.2279751462294,
        0
    ],
    "9": [
        104.87425637400099,
        0
    ],
    "10": [
        139.13452370744307,
        0
    ],
    "11": [
        195.79330869393695,
        0
    ],
    "12": [
        91.14597474527378,
        0
    ],
    "13": [
        276.5313069362448,
        0
    ],
    "14": [
        153.85592131439054,
        0
    ]
}