{
    "0": [
        211.2724900933634,
        0
    ],
    "1": [
        148.5570891642251,
        0
    ],
    "2": [
        168.43424307906707,
        0
    ],
    "3": [
        206.9608643114817,
        0
    ],
    "4": [
        305.1945042245158,
        0
    ],
    "5": [
        102.47688899285217,
        0
    ],
    "6": [
        198.73581033775793,
        0
    ],
    "7": [
        215.05314953118844,
        0
    ],
    "8": [
        168.4042505821173,
        0
    ],
    "9": [
        176.43908494048907,
        0
    ],
    "10": [
        127.1019275123747,
        0
    ],
    "11": [
        158.19375497104005,
        0
    ],
    "12": [
        142.45874828210628,
        0
    ],
    "13": [
        211.55840065512137,
        0
    ],
    "14": [
        197.48411737068517,
        0
    ]
}