{
    "0": [
        177.74786842047473,
        0
    ],
    "1": [
        227.03734074200312,
        0
    ],
    "2": [
        151.28785361192175,
        0
    ],
    "3": [
        218.14003916454533,
        0
    ],
    "4": [
        141.82255608485158,
        0
    ],
    "5": [
        149.9795921823727,
        0
    ],
    "6": [
        212.85930144986776,
        0
    ],
    "7": [
        177.77008836531985,
        0
    ],
    "8": [
        135.7863913762319,
        0
    ],
    "9": [
        135.80700088851665,
        0
    ],
    "10": [
        138.1534530005439,
        0
    ],
    "11": [
        160.17147530160744,
        0
    ],
    "12": [
        141.8506855419708,
        0
    ],
    "13": [
        166.51567773139254,
        0
    ],
    "14": [
        240.5786326199625,
        0
    ]
}