{
    "0": [
        208.20833400436078,
        0
    ],
    "1": [
        194.68904306094328,
        0
    ],
    "2": [
        217.3594597641715,
        0
    ],
    "3": [
        250.08311974451618,
        0
    ],
    "4": [
        142.91825711232514,
        0
    ],
    "5": [
        264.6423690956029,
        0
    ],
    "6": [
        204.042234359347,
        0
    ],
    "7": [
        171.79158738858393,
        0
    ],
    "8": [
        141.95168022562058,
        0
    ],
    "9": [
        218.52643583925337,
        0
    ],
    "10": [
        157.45812459309747,
        0
    ],
    "11": [
        167.48112928761492,
        0
    ],
    "12": [
        194.2624302229749,
        0
    ],
    "13": [
        181.78282273802836,
        0
    ],
    "14": [
        231.88600507172376,
        0
    ]
}