{
    "0": [
        0.07136663049459457,
        3863
    ],
    "1": [
        0.07856849581003189,
        2796
    ],
    "2": [
        0.09021953493356705,
        2366
    ],
    "3": [
        0.03224059194326401,
        2381
    ],
    "4": [
        0.0725032240152359,
        3662
    ],
    "5": [
        0.02347848378121853,
        2588
    ],
    "6": [
        0.06956382095813751,
        2771
    ],
    "7": [
        0.03616945818066597,
        2961
    ],
    "8": [
        0.061877477914094925,
        3747
    ],
    "9": [
        0.0655384510755539,
        2273
    ],
    "10": [
        0.09590587764978409,
        3613
    ],
    "11": [
        0.11624271422624588,
        2827
    ],
    "12": [
        0.03479919210076332,
        2468
    ],
    "13": [
        0.07817115634679794,
        2507
    ],
    "14": [
        0.07335493713617325,
        3705
    ]
}