{
    "0": [
        0.051786549389362335,
        3120
    ],
    "1": [
        0.15320339798927307,
        3429
    ],
    "2": [
        0.07639307528734207,
        2515
    ],
    "3": [
        0.024152642115950584,
        1729
    ],
    "4": [
        0.06432174146175385,
        2888
    ],
    "5": [
        0.07510640472173691,
        2599
    ],
    "6": [
        0.07620863616466522,
        2352
    ],
    "7": [
        0.05218823254108429,
        3690
    ],
    "8": [
        0.08000771701335907,
        3459
    ],
    "9": [
        0.05298416689038277,
        3565
    ],
    "10": [
        0.08238347619771957,
        3970
    ],
    "11": [
        0.04453457146883011,
        2303
    ],
    "12": [
        0.08226455003023148,
        2924
    ],
    "13": [
        0.043392643332481384,
        2708
    ],
    "14": [
        0.04107210785150528,
        2697
    ]
}