{
    "0": [
        0.043935369700193405,
        2207
    ],
    "1": [
        0.025133991613984108,
        3664
    ],
    "2": [
        0.08323051035404205,
        3693
    ],
    "3": [
        0.059697628021240234,
        3445
    ],
    "4": [
        0.03031853213906288,
        2738
    ],
    "5": [
        0.08060970157384872,
        2431
    ],
    "6": [
        0.08622388541698456,
        3298
    ],
    "7": [
        0.06593065708875656,
        1694
    ],
    "8": [
        0.10908679664134979,
        3388
    ],
    "9": [
        0.07867660373449326,
        3725
    ],
    "10": [
        0.0685420036315918,
        2415
    ],
    "11": [
        0.05659103766083717,
        2440
    ],
    "12": [
        0.08416353166103363,
        2276
    ],
    "13": [
        0.07834988832473755,
        3302
    ],
    "14": [
        0.04950984939932823,
        2681
    ]
}