{
    "0": [
        0.08383919298648834,
        2824
    ],
    "1": [
        0.10507833957672119,
        3605
    ],
    "2": [
        0.04855407774448395,
        2996
    ],
    "3": [
        0.08345477283000946,
        3737
    ],
    "4": [
        0.02948172017931938,
        2331
    ],
    "5": [
        0.08847545832395554,
        3673
    ],
    "6": [
        0.09640851616859436,
        2096
    ],
    "7": [
        0.0670585110783577,
        3709
    ],
    "8": [
        0.01840796135365963,
        1863
    ],
    "9": [
        0.03559643402695656,
        2200
    ],
    "10": [
        0.0903492420911789,
        2714
    ],
    "11": [
        0.10785743594169617,
        2101
    ],
    "12": [
        0.03249986097216606,
        3050
    ],
    "13": [
        0.055512264370918274,
        3566
    ],
    "14": [
        0.057426147162914276,
        2471
    ]
}