{
    "0": [
        0.047118838876485825,
        3360
    ],
    "1": [
        0.07414437085390091,
        2889
    ],
    "2": [
        0.056014079600572586,
        3122
    ],
    "3": [
        0.10425000637769699,
        4025
    ],
    "4": [
        0.07558723539113998,
        3549
    ],
    "5": [
        0.08574026077985764,
        3208
    ],
    "6": [
        0.07527565211057663,
        4044
    ],
    "7": [
        0.07716650515794754,
        3673
    ],
    "8": [
        0.0879392921924591,
        2256
    ],
    "9": [
        0.02903418242931366,
        1730
    ],
    "10": [
        0.061135828495025635,
        2755
    ],
    "11": [
        0.04778857156634331,
        2203
    ],
    "12": [
        0.05411425605416298,
        2778
    ],
    "13": [
        0.04937927424907684,
        2893
    ],
    "14": [
        0.07531169056892395,
        1420
    ]
}