{
    "0": [
        0.06665053218603134,
        3803
    ],
    "1": [
        0.07513338327407837,
        1602
    ],
    "2": [
        0.026598870754241943,
        2508
    ],
    "3": [
        0.07447031140327454,
        3736
    ],
    "4": [
        0.08054272830486298,
        3436
    ],
    "5": [
        0.029844608157873154,
        1108
    ],
    "6": [
        0.06918150931596756,
        3102
    ],
    "7": [
        0.05995628237724304,
        3171
    ],
    "8": [
        0.07171054929494858,
        2676
    ],
    "9": [
        0.09433956444263458,
        3653
    ],
    "10": [
        0.06908727437257767,
        3059
    ],
    "11": [
        0.04690542444586754,
        3597
    ],
    "12": [
        0.07704269886016846,
        3185
    ],
    "13": [
        0.11100105941295624,
        790
    ],
    "14": [
        0.04753521457314491,
        3125
    ]
}