{
    "0": [
        0.06675969064235687,
        3644
    ],
    "1": [
        0.06532026082277298,
        2670
    ],
    "2": [
        0.06768416613340378,
        3365
    ],
    "3": [
        0.09435760974884033,
        3609
    ],
    "4": [
        0.07439669966697693,
        3290
    ],
    "5": [
        0.06787963211536407,
        2224
    ],
    "6": [
        0.0990932360291481,
        3492
    ],
    "7": [
        0.08578874915838242,
        3148
    ],
    "8": [
        0.026154741644859314,
        2435
    ],
    "9": [
        0.061644282191991806,
        2600
    ],
    "10": [
        0.08905576914548874,
        2416
    ],
    "11": [
        0.03732318803668022,
        3432
    ],
    "12": [
        0.08706322312355042,
        2573
    ],
    "13": [
        0.039895836263895035,
        2015
    ],
    "14": [
        0.03758285194635391,
        2890
    ]
}