{
    "0": [
        0.023344043642282486,
        2080
    ],
    "1": [
        0.06883279234170914,
        2895
    ],
    "2": [
        0.07165464758872986,
        4051
    ],
    "3": [
        0.051576677709817886,
        2185
    ],
    "4": [
        0.08558458834886551,
        3417
    ],
    "5": [
        0.04448011517524719,
        1367
    ],
    "6": [
        0.05332818999886513,
        2952
    ],
    "7": [
        0.05106668919324875,
        4373
    ],
    "8": [
        0.12701095640659332,
        3385
    ],
    "9": [
        0.07031436264514923,
        3839
    ],
    "10": [
        0.11595768481492996,
        1316
    ],
    "11": [
        0.07561475783586502,
        3371
    ],
    "12": [
        0.02897201105952263,
        2588
    ],
    "13": [
        0.0328914150595665,
        3225
    ],
    "14": [
        0.09937100112438202,
        3249
    ]
}