{
    "0": [
        0.13659565150737762,
        4275
    ],
    "1": [
        0.044562775641679764,
        2889
    ],
    "2": [
        0.06939458847045898,
        3517
    ],
    "3": [
        0.03680947795510292,
        4407
    ],
    "4": [
        0.058484941720962524,
        2982
    ],
    "5": [
        0.05934279039502144,
        1582
    ],
    "6": [
        0.06149190291762352,
        2951
    ],
    "7": [
        0.07242614775896072,
        3259
    ],
    "8": [
        0.05865248665213585,
        3504
    ],
    "9": [
        0.06552185118198395,
        2283
    ],
    "10": [
        0.029714422300457954,
        2531
    ],
    "11": [
        0.07775562256574631,
        3126
    ],
    "12": [
        0.13403494656085968,
        178
    ],
    "13": [
        0.05611371248960495,
        2853
    ],
    "14": [
        0.03909869119524956,
        2323
    ]
}