{
    "0": [
        0.10076183825731277,
        3349
    ],
    "1": [
        0.05831656977534294,
        3084
    ],
    "2": [
        0.06272885948419571,
        3353
    ],
    "3": [
        0.0505673810839653,
        2855
    ],
    "4": [
        0.03711622208356857,
        2729
    ],
    "5": [
        0.13252843916416168,
        3993
    ],
    "6": [
        0.027103928849101067,
        1981
    ],
    "7": [
        0.03223643824458122,
        2667
    ],
    "8": [
        0.10487683117389679,
        312
    ],
    "9": [
        0.06648629158735275,
        3437
    ],
    "10": [
        0.02469509281218052,
        2452
    ],
    "11": [
        0.07263848930597305,
        3775
    ],
    "12": [
        0.0636102631688118,
        3332
    ],
    "13": [
        0.07501883804798126,
        2912
    ],
    "14": [
        0.09131453931331635,
        3252
    ]
}