{
    "0": [
        0.07754397392272949,
        2084
    ],
    "1": [
        0.06061777099967003,
        3289
    ],
    "2": [
        0.06542608141899109,
        2545
    ],
    "3": [
        0.08827540278434753,
        2747
    ],
    "4": [
        0.04470257833600044,
        2963
    ],
    "5": [
        0.0486636608839035,
        2237
    ],
    "6": [
        0.024491094052791595,
        2016
    ],
    "7": [
        0.05773475021123886,
        3512
    ],
    "8": [
        0.10708573460578918,
        3072
    ],
    "9": [
        0.07756691426038742,
        3526
    ],
    "10": [
        0.08094437420368195,
        3265
    ],
    "11": [
        0.07539054751396179,
        3562
    ],
    "12": [
        0.040124911814928055,
        2468
    ],
    "13": [
        0.0976044312119484,
        3226
    ],
    "14": [
        0.05382775515317917,
        3342
    ]
}