{"_runtime":13.424475334,"_step":12,"_wandb":{"runtime":13},"total_reward":13,"_timestamp":1.7336899059924288e+09}