{"0": [0.02452397789305817, 81.9], "1": [0.08698537757632656, 124.0], "2": [0.0750909506858856, 110.1], "3": [0.16093331253598075, 131.0], "4": [0.10108065861347793, 125.7], "5": [0.029829188039601013, 82.5], "6": [0.018842109020698196, 78.7], "7": [0.01897571791102306, 92.3], "8": [0.05041852625178552, 78.8], "9": [0.011516012785649014, 70.9], "10": [0.04320586327639826, 87.1], "11": [0.01776393185414977, 86.8], "12": [0.027110881050817364, 84.3], "13": [0.0280289533758084, 102.5], "14": [0.018048674369404178, 82.3], "15": [0.03848086223507212, 93.7], "16": [0.03463243943913235, 90.5], "17": [0.021483204182577542, 81.7], "18": [0.10710328671855598, 91.7], "19": [0.08594607218459824, 103.1]}