{"0": {"mean": -0.28823310136795044, "variance": 0.016921669244766235, "std_dev": 0.13008332252502441, "median": -0.3075512647628784, "range": 0.5990521907806396, "iq_range": 0.15534919127821922, "density": 0.23563301557922164, "accuracy": 1.0, "distance": 0.3177546560764313}, "1": {"mean": -0.28604114055633545, "variance": 0.018180444836616516, "std_dev": 0.134834885597229, "median": -0.29799598455429077, "range": 0.6288362145423889, "iq_range": 0.16261857002973557, "density": 0.23366343891747665, "accuracy": 1.0, "distance": 0.6568018794059753}, "2": {"mean": -0.28573188185691833, "variance": 0.018357299268245697, "std_dev": 0.1354891061782837, "median": -0.3001615107059479, "range": 0.6288362145423889, "iq_range": 0.16301071271300316, "density": 0.23613640149788986, "accuracy": -1.0, "distance": 0.9301204681396484}, "3": {"mean": -0.29077813029289246, "variance": 0.015448084101080894, "std_dev": 0.12429032474756241, "median": -0.3147841691970825, "range": 0.6191851496696472, "iq_range": 0.12583427503705025, "density": 0.24132180306225515, "accuracy": 1.0, "distance": 0.2901272475719452}, "4": {"mean": -0.28590184450149536, "variance": 0.018260115757584572, "std_dev": 0.13513000309467316, "median": -0.2987825870513916, "range": 0.6600216627120972, "iq_range": 0.16283615678548813, "density": 0.23327554272275933, "accuracy": -1.0, "distance": 0.884250819683075}, "5": {"mean": -0.29240527749061584, "variance": 0.014499158598482609, "std_dev": 0.12041245400905609, "median": -0.32048648595809937, "range": 0.596330463886261, "iq_range": 0.1126159131526947, "density": 0.23978422796371615, "accuracy": -1.0, "distance": 0.6237106323242188}, "6": {"mean": -0.29078561067581177, "variance": 0.01544371247291565, "std_dev": 0.12427273392677307, "median": -0.31791287660598755, "range": 0.6288362145423889, "iq_range": 0.12580009177327156, "density": 0.23926782623944598, "accuracy": 1.0, "distance": 1.2419705390930176}, "7": {"mean": -0.28751909732818604, "variance": 0.017332758754491806, "std_dev": 0.13165393471717834, "median": -0.30513572692871094, "range": 0.6600216627120972, "iq_range": 0.14389530569314957, "density": 0.23426553968778513, "accuracy": -1.0, "distance": 1.203264594078064}, "8": {"mean": -0.2917111814022064, "variance": 0.014904581941664219, "std_dev": 0.12208431959152222, "median": -0.3180362582206726, "range": 0.596330463886261, "iq_range": 0.11492058634757996, "density": 0.24212791621013907, "accuracy": 1.0, "distance": 0.7153277397155762}, "9": {"mean": -0.28938013315200806, "variance": 0.016259143128991127, "std_dev": 0.12751135230064392, "median": -0.3174741268157959, "range": 0.6288362145423889, "iq_range": 0.1364685818552971, "density": 0.24548800051669964, "accuracy": 1.0, "distance": 0.7892433404922485}, "10": {"mean": -0.2874234616756439, "variance": 0.017387745901942253, "std_dev": 0.1318625956773758, "median": -0.30318683385849, "range": 0.6600216627120972, "iq_range": 0.14925984665751457, "density": 0.235245768256768, "accuracy": -1.0, "distance": 0.9976399540901184}, "11": {"mean": -0.28696370124816895, "variance": 0.01765182428061962, "std_dev": 0.13286016881465912, "median": -0.3024420142173767, "range": 0.6288362145423889, "iq_range": 0.15844999253749847, "density": 0.23509742622088212, "accuracy": -1.0, "distance": 1.2263548374176025}, "12": {"mean": -0.2848130464553833, "variance": 0.018881510943174362, "std_dev": 0.1374100148677826, "median": -0.3026418089866638, "range": 0.6600216627120972, "iq_range": 0.1746535412967205, "density": 0.234135593018481, "accuracy": -1.0, "distance": 1.0659552812576294}, "13": {"mean": -0.2880714535713196, "variance": 0.017014846205711365, "std_dev": 0.13044096529483795, "median": -0.3117067813873291, "range": 0.6600216627120972, "iq_range": 0.13737523555755615, "density": 0.23718218834610558, "accuracy": -1.0, "distance": 1.160459041595459}, "14": {"mean": -0.2874200940132141, "variance": 0.017389679327607155, "std_dev": 0.13186992704868317, "median": -0.31106555461883545, "range": 0.6600216627120972, "iq_range": 0.1540907360613346, "density": 0.23792962616086055, "accuracy": 1.0, "distance": 0.8274495005607605}}