{"0": {"mean": -0.29004621505737305, "variance": 0.015873197466135025, "std_dev": 0.1259888857603073, "median": -0.31688106060028076, "range": 0.6288361549377441, "iq_range": 0.12714098766446114, "density": 0.2434555242633389, "accuracy": 1.0, "distance": 0.6557328701019287}, "1": {"mean": -0.29368826746940613, "variance": 0.01374720223248005, "std_dev": 0.11724846065044403, "median": -0.3242235481739044, "range": 0.596330463886261, "iq_range": 0.10885625332593918, "density": 0.2420099904688918, "accuracy": -1.0, "distance": 0.8399250507354736}, "2": {"mean": -0.28402790427207947, "variance": 0.019328169524669647, "std_dev": 0.13902579247951508, "median": -0.3002636730670929, "range": 0.6191851496696472, "iq_range": 0.17907463386654854, "density": 0.23548279333771388, "accuracy": 1.0, "distance": 1.0225106477737427}, "3": {"mean": -0.2885937988758087, "variance": 0.01671360619366169, "std_dev": 0.12928111851215363, "median": -0.31195518374443054, "range": 0.6288361549377441, "iq_range": 0.13337291777133942, "density": 0.24211793339061274, "accuracy": 1.0, "distance": 0.2711977958679199}, "4": {"mean": -0.28260815143585205, "variance": 0.02013261988759041, "std_dev": 0.14188946783542633, "median": -0.29141855239868164, "range": 0.6288361549377441, "iq_range": 0.16887181624770164, "density": 0.2348039218089676, "accuracy": -1.0, "distance": 0.7495927810668945}, "5": {"mean": -0.2843618392944336, "variance": 0.019138341769576073, "std_dev": 0.13834139704704285, "median": -0.29459327459335327, "range": 0.6288362145423889, "iq_range": 0.15929604321718216, "density": 0.23595714063068168, "accuracy": -1.0, "distance": 1.1339648962020874}, "6": {"mean": -0.28682175278663635, "variance": 0.01773328334093094, "std_dev": 0.1331663727760315, "median": -0.3067020773887634, "range": 0.6288362145423889, "iq_range": 0.14702289924025536, "density": 0.23776059032611, "accuracy": -1.0, "distance": 1.1845694780349731}, "7": {"mean": -0.2846810221672058, "variance": 0.018956709653139114, "std_dev": 0.13768336176872253, "median": -0.3028777837753296, "range": 0.6600216627120972, "iq_range": 0.18316739425063133, "density": 0.23489867997841474, "accuracy": 1.0, "distance": 0.7339059710502625}, "8": {"mean": -0.28745007514953613, "variance": 0.017372440546751022, "std_dev": 0.13180455565452576, "median": -0.3054850399494171, "range": 0.6600216627120972, "iq_range": 0.14752649515867233, "density": 0.23615206077965098, "accuracy": -1.0, "distance": 0.9004837870597839}, "9": {"mean": -0.2898142635822296, "variance": 0.016007687896490097, "std_dev": 0.126521497964859, "median": -0.3152628540992737, "range": 0.6207359433174133, "iq_range": 0.1293000802397728, "density": 0.23818235189895362, "accuracy": 1.0, "distance": 0.7059767842292786}, "10": {"mean": -0.2870211601257324, "variance": 0.017618853598833084, "std_dev": 0.13273602724075317, "median": -0.3110910952091217, "range": 0.6600216627120972, "iq_range": 0.16351833567023277, "density": 0.23434741413028953, "accuracy": -1.0, "distance": 0.5245959162712097}, "11": {"mean": -0.2868768870830536, "variance": 0.017701638862490654, "std_dev": 0.13304750621318817, "median": -0.30616825819015503, "range": 0.6600216627120972, "iq_range": 0.15097331255674362, "density": 0.23430650682414028, "accuracy": -1.0, "distance": 0.7287936806678772}, "12": {"mean": -0.2899986803531647, "variance": 0.015900762751698494, "std_dev": 0.12609823048114777, "median": -0.30822843313217163, "range": 0.6600216627120972, "iq_range": 0.13621634244918823, "density": 0.2365111913615517, "accuracy": -1.0, "distance": 0.7492008209228516}, "13": {"mean": -0.2890501618385315, "variance": 0.01645001210272312, "std_dev": 0.1282576024532318, "median": -0.31426727771759033, "range": 0.6207359433174133, "iq_range": 0.1320597529411316, "density": 0.23687429583454406, "accuracy": 1.0, "distance": 1.1524986028671265}, "14": {"mean": -0.28743335604667664, "variance": 0.017382068559527397, "std_dev": 0.13184107840061188, "median": -0.30311319231987, "range": 0.6288362145423889, "iq_range": 0.15506232902407646, "density": 0.23550875034068003, "accuracy": 1.0, "distance": 0.38852792978286743}}