{"0": {"mean": -0.28504955768585205, "variance": 0.01874675042927265, "std_dev": 0.13691876828670502, "median": -0.29806429147720337, "range": 0.6288362145423889, "iq_range": 0.1775878630578518, "density": 0.23647630635719563, "accuracy": 1.0, "distance": 0.706470251083374}, "1": {"mean": -0.28891658782958984, "variance": 0.016527194529771805, "std_dev": 0.12855814397335052, "median": -0.3144936263561249, "range": 0.5918647646903992, "iq_range": 0.1352914683520794, "density": 0.235802609620815, "accuracy": -1.0, "distance": 0.7319104075431824}, "2": {"mean": -0.2865062952041626, "variance": 0.017914146184921265, "std_dev": 0.13384373486042023, "median": -0.29863184690475464, "range": 0.6207359433174133, "iq_range": 0.15092357248067856, "density": 0.2346883605977709, "accuracy": 1.0, "distance": 0.5533956289291382}, "3": {"mean": -0.28476250171661377, "variance": 0.018910309299826622, "std_dev": 0.13751475512981415, "median": -0.3010057806968689, "range": 0.6600216627120972, "iq_range": 0.1637558415532112, "density": 0.23172791255787129, "accuracy": -1.0, "distance": 1.2871514558792114}, "4": {"mean": -0.2870800793170929, "variance": 0.017585041001439095, "std_dev": 0.13260860741138458, "median": -0.3094409108161926, "range": 0.6288362145423889, "iq_range": 0.1527232490479946, "density": 0.23522676283081825, "accuracy": 1.0, "distance": 1.0394079685211182}, "5": {"mean": -0.2905132472515106, "variance": 0.015602058731019497, "std_dev": 0.1249082013964653, "median": -0.3174858093261719, "range": 0.6207359433174133, "iq_range": 0.1290430761873722, "density": 0.2354805668031691, "accuracy": -1.0, "distance": 0.815223217010498}, "6": {"mean": -0.2867574691772461, "variance": 0.017770152539014816, "std_dev": 0.13330473005771637, "median": -0.30914759635925293, "range": 0.6079211831092834, "iq_range": 0.16046291962265968, "density": 0.2355324852562022, "accuracy": 1.0, "distance": 0.9540796875953674}, "7": {"mean": -0.2836156487464905, "variance": 0.019562145695090294, "std_dev": 0.1398647427558899, "median": -0.29660338163375854, "range": 0.6191851496696472, "iq_range": 0.17372989282011986, "density": 0.2350321667916941, "accuracy": 1.0, "distance": 0.6398648023605347}, "8": {"mean": -0.2856498658657074, "variance": 0.01840415969491005, "std_dev": 0.13566192984580994, "median": -0.3056606352329254, "range": 0.6146379113197327, "iq_range": 0.16301065683364868, "density": 0.23662932599460987, "accuracy": 1.0, "distance": 0.5345219969749451}, "9": {"mean": -0.2910526692867279, "variance": 0.0152883380651474, "std_dev": 0.12364602088928223, "median": -0.3179709017276764, "range": 0.6079211831092834, "iq_range": 0.11813357844948769, "density": 0.24154859037283624, "accuracy": 1.0, "distance": 0.7922425270080566}, "10": {"mean": -0.2854490280151367, "variance": 0.018518852069973946, "std_dev": 0.13608399033546448, "median": -0.3008045554161072, "range": 0.6288362145423889, "iq_range": 0.1627282276749611, "density": 0.23491218693097696, "accuracy": 1.0, "distance": 0.8808324933052063}, "11": {"mean": -0.2845611274242401, "variance": 0.019024966284632683, "std_dev": 0.13793101906776428, "median": -0.2980995178222656, "range": 0.6288362145423889, "iq_range": 0.18044060096144676, "density": 0.2346750166296514, "accuracy": 1.0, "distance": 0.6129224896430969}, "12": {"mean": -0.2847912907600403, "variance": 0.01889391615986824, "std_dev": 0.13745513558387756, "median": -0.30120712518692017, "range": 0.6191850900650024, "iq_range": 0.1689533367753029, "density": 0.23474986358871702, "accuracy": 1.0, "distance": 0.4387878179550171}, "13": {"mean": -0.28669092059135437, "variance": 0.01780831441283226, "std_dev": 0.1334477961063385, "median": -0.3019042909145355, "range": 0.6600216627120972, "iq_range": 0.16247355565428734, "density": 0.23374418030758753, "accuracy": -1.0, "distance": 0.9530000686645508}, "14": {"mean": -0.28754523396492004, "variance": 0.0173177532851696, "std_dev": 0.13159693777561188, "median": -0.3139185309410095, "range": 0.6207359433174133, "iq_range": 0.15303221717476845, "density": 0.23470841217764002, "accuracy": 1.0, "distance": 0.2983611226081848}}