{"0": {"mean": -0.2864295542240143, "variance": 0.017958102747797966, "std_dev": 0.13400784134864807, "median": -0.3027472496032715, "range": 0.6288362145423889, "iq_range": 0.16193097829818726, "density": 0.23570797810157948, "accuracy": -1.0, "distance": 1.3512725830078125}, "1": {"mean": -0.2854751646518707, "variance": 0.018503936007618904, "std_dev": 0.1360291689634323, "median": -0.3081524968147278, "range": 0.6600216627120972, "iq_range": 0.17065662518143654, "density": 0.2390348006599799, "accuracy": 1.0, "distance": 1.3225781917572021}, "2": {"mean": -0.2860017716884613, "variance": 0.018202975392341614, "std_dev": 0.13491840660572052, "median": -0.2988329231739044, "range": 0.6600216627120972, "iq_range": 0.16172533109784126, "density": 0.2352286546136849, "accuracy": -1.0, "distance": 1.5132089853286743}, "3": {"mean": -0.2878754734992981, "variance": 0.01712770015001297, "std_dev": 0.13087284564971924, "median": -0.3122471570968628, "range": 0.6079211831092834, "iq_range": 0.14769084006547928, "density": 0.23367771400825119, "accuracy": 1.0, "distance": 1.4264581203460693}, "4": {"mean": -0.28407227993011475, "variance": 0.019302956759929657, "std_dev": 0.13893507421016693, "median": -0.2966194152832031, "range": 0.6600216627120972, "iq_range": 0.17152179777622223, "density": 0.2351564004468834, "accuracy": -1.0, "distance": 1.7442339658737183}, "5": {"mean": -0.2851613461971283, "variance": 0.01868301071226597, "std_dev": 0.1366858035326004, "median": -0.3016330897808075, "range": 0.6600216627120972, "iq_range": 0.16035091131925583, "density": 0.23457569041922627, "accuracy": -1.0, "distance": 1.6930187940597534}, "6": {"mean": -0.29020771384239197, "variance": 0.01577950082719326, "std_dev": 0.12561647593975067, "median": -0.3160059452056885, "range": 0.6288360953330994, "iq_range": 0.12376409769058228, "density": 0.2438880953070147, "accuracy": -1.0, "distance": 1.2956960201263428}, "7": {"mean": -0.2834460735321045, "variance": 0.019658317789435387, "std_dev": 0.14020812511444092, "median": -0.29397350549697876, "range": 0.6191851496696472, "iq_range": 0.17497900873422623, "density": 0.23351750376331237, "accuracy": -1.0, "distance": 1.3894309997558594}, "8": {"mean": -0.2843879759311676, "variance": 0.019123485311865807, "std_dev": 0.13828769326210022, "median": -0.29768553376197815, "range": 0.6600216627120972, "iq_range": 0.17382905259728432, "density": 0.2356959522841938, "accuracy": -1.0, "distance": 1.5217803716659546}, "9": {"mean": -0.2829582989215851, "variance": 0.01993458904325962, "std_dev": 0.14118990302085876, "median": -0.29558396339416504, "range": 0.6288362145423889, "iq_range": 0.18003587797284126, "density": 0.2376759652589744, "accuracy": -1.0, "distance": 1.7465929985046387}, "10": {"mean": -0.2844619154930115, "variance": 0.019081415608525276, "std_dev": 0.13813549280166626, "median": -0.30120712518692017, "range": 0.6600216627120972, "iq_range": 0.1752322092652321, "density": 0.23603618370451177, "accuracy": -1.0, "distance": 1.3210890293121338}, "11": {"mean": -0.28376105427742004, "variance": 0.019479669630527496, "std_dev": 0.13956958055496216, "median": -0.2991238832473755, "range": 0.6288361549377441, "iq_range": 0.1739867441356182, "density": 0.23365264596319246, "accuracy": 1.0, "distance": 1.5086164474487305}, "12": {"mean": -0.2838100492954254, "variance": 0.019451851025223732, "std_dev": 0.13946989178657532, "median": -0.29630815982818604, "range": 0.6600214838981628, "iq_range": 0.16731837764382362, "density": 0.2345552427475727, "accuracy": -1.0, "distance": 1.6093828678131104}, "13": {"mean": -0.2877466380596161, "variance": 0.017201857641339302, "std_dev": 0.1311558485031128, "median": -0.30904752016067505, "range": 0.6600216627120972, "iq_range": 0.14199920371174812, "density": 0.23437039839362617, "accuracy": 1.0, "distance": 1.156496286392212}, "14": {"mean": -0.2868634760379791, "variance": 0.017709355801343918, "std_dev": 0.1330765038728714, "median": -0.3044984042644501, "range": 0.6600216627120972, "iq_range": 0.15242131426930428, "density": 0.23713866811956077, "accuracy": -1.0, "distance": 1.2157036066055298}}