{"0": {"mean": -0.2883320152759552, "variance": 0.016864662989974022, "std_dev": 0.12986402213573456, "median": -0.3015407919883728, "range": 0.6207359433174133, "iq_range": 0.14903758466243744, "density": 0.23749883492418172, "accuracy": -1.0, "distance": 1.0850419998168945}, "1": {"mean": -0.28818479180336, "variance": 0.016949525102972984, "std_dev": 0.13019034266471863, "median": -0.3042141795158386, "range": 0.6600216627120972, "iq_range": 0.14170896261930466, "density": 0.23653551707421597, "accuracy": -1.0, "distance": 0.950091540813446}, "2": {"mean": -0.2916923761367798, "variance": 0.01491554919630289, "std_dev": 0.12212923169136047, "median": -0.31316518783569336, "range": 0.6135308146476746, "iq_range": 0.12752323225140572, "density": 0.23571876744120365, "accuracy": -1.0, "distance": 0.8310438990592957}, "3": {"mean": -0.28879767656326294, "variance": 0.016595905646681786, "std_dev": 0.1288250982761383, "median": -0.31239020824432373, "range": 0.6288362145423889, "iq_range": 0.14289091527462006, "density": 0.24100866309126776, "accuracy": -1.0, "distance": 1.1678647994995117}, "4": {"mean": -0.28640180826187134, "variance": 0.01797400787472725, "std_dev": 0.13406717777252197, "median": -0.3028777837753296, "range": 0.6600216627120972, "iq_range": 0.15563151240348816, "density": 0.23441861827406438, "accuracy": 1.0, "distance": 0.6780162453651428}, "5": {"mean": -0.2861461043357849, "variance": 0.01812039129436016, "std_dev": 0.13461200892925262, "median": -0.30542540550231934, "range": 0.6600216627120972, "iq_range": 0.17279505357146263, "density": 0.23579885719919236, "accuracy": -1.0, "distance": 0.6410276293754578}, "6": {"mean": -0.28513529896736145, "variance": 0.018697861582040787, "std_dev": 0.13674011826515198, "median": -0.29504770040512085, "range": 0.6288362145423889, "iq_range": 0.17584452778100967, "density": 0.23507218956108492, "accuracy": -1.0, "distance": 0.7110151052474976}, "7": {"mean": -0.2840830385684967, "variance": 0.01929682306945324, "std_dev": 0.13891300559043884, "median": -0.29761171340942383, "range": 0.6288362145423889, "iq_range": 0.17968984320759773, "density": 0.23585958944614926, "accuracy": 1.0, "distance": 0.6481942534446716}, "8": {"mean": -0.2893909513950348, "variance": 0.016252880915999413, "std_dev": 0.12748678028583527, "median": -0.30583667755126953, "range": 0.6600216627120972, "iq_range": 0.1366639845073223, "density": 0.23659566304676605, "accuracy": -1.0, "distance": 0.4620975852012634}, "9": {"mean": -0.2852858901023865, "variance": 0.018611958250403404, "std_dev": 0.13642564415931702, "median": -0.2969779968261719, "range": 0.6288362145423889, "iq_range": 0.16399173438549042, "density": 0.2350819872469093, "accuracy": 1.0, "distance": 0.5382874011993408}, "10": {"mean": -0.28652679920196533, "variance": 0.01790240779519081, "std_dev": 0.13379988074302673, "median": -0.3013960123062134, "range": 0.6207359433174133, "iq_range": 0.16214929893612862, "density": 0.23711066414060372, "accuracy": 1.0, "distance": 0.454120010137558}, "11": {"mean": -0.28523656725883484, "variance": 0.018640097230672836, "std_dev": 0.13652874529361725, "median": -0.2986820340156555, "range": 0.6288362145423889, "iq_range": 0.1646171249449253, "density": 0.23639366870812822, "accuracy": 1.0, "distance": 0.5597167611122131}, "12": {"mean": -0.2905374765396118, "variance": 0.01558798085898161, "std_dev": 0.12485183775424957, "median": -0.316946804523468, "range": 0.6288361549377441, "iq_range": 0.12369411066174507, "density": 0.2425566918692246, "accuracy": -1.0, "distance": 0.6937199831008911}, "13": {"mean": -0.2864514887332916, "variance": 0.017945539206266403, "std_dev": 0.13396096229553223, "median": -0.30853402614593506, "range": 0.6007345914840698, "iq_range": 0.16799773275852203, "density": 0.23547874018627463, "accuracy": 1.0, "distance": 0.4798172116279602}, "14": {"mean": -0.28692173957824707, "variance": 0.01767590455710888, "std_dev": 0.13295075297355652, "median": -0.2982904314994812, "range": 0.6207359433174133, "iq_range": 0.152857456356287, "density": 0.23464635854741586, "accuracy": 1.0, "distance": 0.44304871559143066}}