{"0": {"mean": -0.2876960337162018, "variance": 0.017230993136763573, "std_dev": 0.13126687705516815, "median": -0.3083456754684448, "range": 0.6191851496696472, "iq_range": 0.15735075622797012, "density": 0.23568032101728695, "accuracy": 1.0, "distance": 1.2279654741287231}, "1": {"mean": -0.29162177443504333, "variance": 0.014956744387745857, "std_dev": 0.12229777127504349, "median": -0.31813526153564453, "range": 0.6288362145423889, "iq_range": 0.12142001837491989, "density": 0.24622843409284187, "accuracy": 1.0, "distance": 0.6627742648124695}, "2": {"mean": -0.28788048028945923, "variance": 0.017124826088547707, "std_dev": 0.13086186349391937, "median": -0.31095391511917114, "range": 0.6600216627120972, "iq_range": 0.142368346452713, "density": 0.2337418971076129, "accuracy": 1.0, "distance": 0.8818401098251343}, "3": {"mean": -0.28476065397262573, "variance": 0.01891137659549713, "std_dev": 0.13751864433288574, "median": -0.2931521534919739, "range": 0.6191851496696472, "iq_range": 0.16369778290390968, "density": 0.2349940257974227, "accuracy": 1.0, "distance": 0.931824803352356}, "4": {"mean": -0.2906598448753357, "variance": 0.015516841784119606, "std_dev": 0.12456661462783813, "median": -0.3169030547142029, "range": 0.6191850304603577, "iq_range": 0.12780002877116203, "density": 0.24190147028480347, "accuracy": -1.0, "distance": 0.7564248442649841}, "5": {"mean": -0.28781938552856445, "variance": 0.017159992828965187, "std_dev": 0.13099615275859833, "median": -0.30296003818511963, "range": 0.6288362145423889, "iq_range": 0.15695425868034363, "density": 0.23641733960816963, "accuracy": 1.0, "distance": 0.31694889068603516}, "6": {"mean": -0.2890474200248718, "variance": 0.016451582312583923, "std_dev": 0.12826372683048248, "median": -0.31347209215164185, "range": 0.6600216627120972, "iq_range": 0.12646513059735298, "density": 0.23616864719611333, "accuracy": -1.0, "distance": 0.7454010248184204}, "7": {"mean": -0.290560245513916, "variance": 0.015574760735034943, "std_dev": 0.12479887902736664, "median": -0.31136003136634827, "range": 0.6207359433174133, "iq_range": 0.13179945573210716, "density": 0.23657898617699208, "accuracy": -1.0, "distance": 1.4857226610183716}, "8": {"mean": -0.2840717136859894, "variance": 0.01930326037108898, "std_dev": 0.13893617689609528, "median": -0.29552972316741943, "range": 0.6288362145423889, "iq_range": 0.18229283019900322, "density": 0.23557251963854578, "accuracy": 1.0, "distance": 0.8508196473121643}, "9": {"mean": -0.2868359386920929, "variance": 0.017725151032209396, "std_dev": 0.1331358402967453, "median": -0.3034822940826416, "range": 0.6288362145423889, "iq_range": 0.1554720625281334, "density": 0.23456031321186072, "accuracy": -1.0, "distance": 1.236194372177124}, "10": {"mean": -0.28624048829078674, "variance": 0.018066387623548508, "std_dev": 0.1344112604856491, "median": -0.3056817650794983, "range": 0.6179154515266418, "iq_range": 0.1627148762345314, "density": 0.23334936786770358, "accuracy": 1.0, "distance": 0.6627050638198853}, "11": {"mean": -0.2826533615589142, "variance": 0.020107081159949303, "std_dev": 0.1417994350194931, "median": -0.29104602336883545, "range": 0.6288361549377441, "iq_range": 0.17014587298035622, "density": 0.23447824538085515, "accuracy": -1.0, "distance": 0.45837873220443726}, "12": {"mean": -0.2884873151779175, "variance": 0.016775066033005714, "std_dev": 0.12951859831809998, "median": -0.3073759973049164, "range": 0.6288362145423889, "iq_range": 0.145871389657259, "density": 0.23573421264771088, "accuracy": -1.0, "distance": 0.974729597568512}, "13": {"mean": -0.28833815455436707, "variance": 0.01686110533773899, "std_dev": 0.12985031306743622, "median": -0.3141845464706421, "range": 0.6288362145423889, "iq_range": 0.13837340474128723, "density": 0.2377843191907473, "accuracy": 1.0, "distance": 0.9055204391479492}, "14": {"mean": -0.28493982553482056, "variance": 0.018809296190738678, "std_dev": 0.13714699447155, "median": -0.29609179496765137, "range": 0.6600216627120972, "iq_range": 0.1718188300728798, "density": 0.2371261622975489, "accuracy": -1.0, "distance": 1.4579397439956665}}