{"0": {"mean": -0.29127100110054016, "variance": 0.01516120694577694, "std_dev": 0.12313085049390793, "median": -0.32035624980926514, "range": 0.6288362145423889, "iq_range": 0.12266207113862038, "density": 0.24150549378939118, "accuracy": 1.0, "distance": 1.2132261991500854}, "1": {"mean": -0.2834230661392212, "variance": 0.0196713637560606, "std_dev": 0.14025463163852692, "median": -0.2973365783691406, "range": 0.6288362145423889, "iq_range": 0.1780824214220047, "density": 0.2342915547352304, "accuracy": -1.0, "distance": 1.46290123462677}, "2": {"mean": -0.28560298681259155, "variance": 0.0184309259057045, "std_dev": 0.13576054573059082, "median": -0.30338823795318604, "range": 0.6288362145423889, "iq_range": 0.16897019371390343, "density": 0.23984682392765191, "accuracy": -1.0, "distance": 1.3809529542922974}, "3": {"mean": -0.2830764651298523, "variance": 0.019867710769176483, "std_dev": 0.14095287024974823, "median": -0.29418596625328064, "range": 0.6288361549377441, "iq_range": 0.17057529091835022, "density": 0.2341869864761021, "accuracy": 1.0, "distance": 1.0676569938659668}, "4": {"mean": -0.28345364332199097, "variance": 0.019654029980301857, "std_dev": 0.14019283652305603, "median": -0.2925727069377899, "range": 0.6288362145423889, "iq_range": 0.17574011534452438, "density": 0.23588055558666982, "accuracy": 1.0, "distance": 1.0546890497207642}, "5": {"mean": -0.2833670973777771, "variance": 0.019703088328242302, "std_dev": 0.14036768674850464, "median": -0.297748327255249, "range": 0.6288362145423889, "iq_range": 0.17343555018305779, "density": 0.23482181587599626, "accuracy": -1.0, "distance": 1.0940046310424805}, "6": {"mean": -0.28536534309387207, "variance": 0.018566615879535675, "std_dev": 0.13625937700271606, "median": -0.2946929335594177, "range": 0.6135308146476746, "iq_range": 0.16093428432941437, "density": 0.2362266218861884, "accuracy": 1.0, "distance": 1.168042778968811}, "7": {"mean": -0.28479206562042236, "variance": 0.01889348216354847, "std_dev": 0.1374535709619522, "median": -0.30075329542160034, "range": 0.6288362145423889, "iq_range": 0.16201967000961304, "density": 0.234619992244396, "accuracy": -1.0, "distance": 1.408335566520691}, "8": {"mean": -0.29275280237197876, "variance": 0.014295798726379871, "std_dev": 0.11956503987312317, "median": -0.31725916266441345, "range": 0.5990521907806396, "iq_range": 0.11711100488901138, "density": 0.24305569050428552, "accuracy": -1.0, "distance": 0.7278833389282227}, "9": {"mean": -0.2872256636619568, "variance": 0.017501406371593475, "std_dev": 0.13229288160800934, "median": -0.30318683385849, "range": 0.6600216627120972, "iq_range": 0.15353094413876534, "density": 0.23385911466925682, "accuracy": -1.0, "distance": 1.275783658027649}, "10": {"mean": -0.2911549210548401, "variance": 0.0152288181707263, "std_dev": 0.1234050989151001, "median": -0.3214258551597595, "range": 0.6079211831092834, "iq_range": 0.12092491239309311, "density": 0.24024670593014938, "accuracy": -1.0, "distance": 1.131238341331482}, "11": {"mean": -0.2876729667186737, "variance": 0.017244260758161545, "std_dev": 0.1313174068927765, "median": -0.3034299910068512, "range": 0.6600216627120972, "iq_range": 0.14998836070299149, "density": 0.2347844522803696, "accuracy": -1.0, "distance": 0.7937198877334595}, "12": {"mean": -0.28438976407051086, "variance": 0.019122466444969177, "std_dev": 0.13828401267528534, "median": -0.29467517137527466, "range": 0.6288362145423889, "iq_range": 0.17152199149131775, "density": 0.23481945974419297, "accuracy": 1.0, "distance": 0.9280988574028015}, "13": {"mean": -0.28732478618621826, "variance": 0.017444448545575142, "std_dev": 0.1320774406194687, "median": -0.30642569065093994, "range": 0.6207359433174133, "iq_range": 0.16718396916985512, "density": 0.23887658568392067, "accuracy": 1.0, "distance": 0.5369130373001099}, "14": {"mean": -0.2866041958332062, "variance": 0.017858028411865234, "std_dev": 0.13363394141197205, "median": -0.3059116005897522, "range": 0.6600216627120972, "iq_range": 0.15262092277407646, "density": 0.23779803102991567, "accuracy": 1.0, "distance": 0.8769158720970154}}