{"0": {"mean": -0.2888864278793335, "variance": 0.016544654965400696, "std_dev": 0.1286260336637497, "median": -0.31207776069641113, "range": 0.6179154515266418, "iq_range": 0.15416258946061134, "density": 0.23676969562022387, "accuracy": -1.0, "distance": 0.773615837097168}, "1": {"mean": -0.28974002599716187, "variance": 0.01605072431266308, "std_dev": 0.12669146060943604, "median": -0.30930060148239136, "range": 0.6600216627120972, "iq_range": 0.13359525427222252, "density": 0.23753887588244696, "accuracy": -1.0, "distance": 1.295070767402649}, "2": {"mean": -0.28973039984703064, "variance": 0.016056284308433533, "std_dev": 0.12671339511871338, "median": -0.31183719635009766, "range": 0.6207359433174133, "iq_range": 0.13305804878473282, "density": 0.2368865588916353, "accuracy": -1.0, "distance": 1.2375160455703735}, "3": {"mean": -0.28458258509635925, "variance": 0.01901274546980858, "std_dev": 0.13788671791553497, "median": -0.3005654811859131, "range": 0.6191851496696472, "iq_range": 0.17630211263895035, "density": 0.23580104648472452, "accuracy": 1.0, "distance": 0.9388844966888428}, "4": {"mean": -0.2877565920352936, "variance": 0.017196141183376312, "std_dev": 0.1311340630054474, "median": -0.31117677688598633, "range": 0.6146379113197327, "iq_range": 0.14221323281526566, "density": 0.23827722022062583, "accuracy": 1.0, "distance": 1.069273829460144}, "5": {"mean": -0.28557804226875305, "variance": 0.01844518631696701, "std_dev": 0.13581305742263794, "median": -0.3007909059524536, "range": 0.6191851496696472, "iq_range": 0.16850920766592026, "density": 0.23375194891559828, "accuracy": -1.0, "distance": 0.8615357279777527}, "6": {"mean": -0.28849518299102783, "variance": 0.016770515590906143, "std_dev": 0.12950102984905243, "median": -0.30854910612106323, "range": 0.6207359433174133, "iq_range": 0.1456700786948204, "density": 0.23777782209293166, "accuracy": 1.0, "distance": 0.7074031233787537}, "7": {"mean": -0.29267701506614685, "variance": 0.014340154826641083, "std_dev": 0.11975038796663284, "median": -0.32052987813949585, "range": 0.6079211831092834, "iq_range": 0.10989941656589508, "density": 0.24196244687008775, "accuracy": -1.0, "distance": 0.6846778988838196}, "8": {"mean": -0.28616636991500854, "variance": 0.018108796328306198, "std_dev": 0.1345689296722412, "median": -0.3064992427825928, "range": 0.6207359433174133, "iq_range": 0.1638868898153305, "density": 0.2351614411541539, "accuracy": -1.0, "distance": 1.1908007860183716}, "9": {"mean": -0.2929118871688843, "variance": 0.014202619902789593, "std_dev": 0.11917474865913391, "median": -0.3222087025642395, "range": 0.5503160953521729, "iq_range": 0.11990329623222351, "density": 0.24144174996369272, "accuracy": 1.0, "distance": 0.1368243545293808}, "10": {"mean": -0.28499868512153625, "variance": 0.01877574808895588, "std_dev": 0.1370246261358261, "median": -0.3015707731246948, "range": 0.6288361549377441, "iq_range": 0.1595999114215374, "density": 0.23692989863254377, "accuracy": -1.0, "distance": 1.3877692222595215}, "11": {"mean": -0.2849968671798706, "variance": 0.018776800483465195, "std_dev": 0.13702847063541412, "median": -0.2992572784423828, "range": 0.6600216031074524, "iq_range": 0.16241928562521935, "density": 0.2355305512330765, "accuracy": -1.0, "distance": 0.5849907994270325}, "12": {"mean": -0.28506770730018616, "variance": 0.01873639225959778, "std_dev": 0.13688094913959503, "median": -0.3013029098510742, "range": 0.6191850900650024, "iq_range": 0.16552036255598068, "density": 0.2346202338529244, "accuracy": 1.0, "distance": 0.4561502933502197}, "13": {"mean": -0.2850075662136078, "variance": 0.018770668655633926, "std_dev": 0.13700608909130096, "median": -0.3066680133342743, "range": 0.6600216627120972, "iq_range": 0.1741003692150116, "density": 0.2360386660938, "accuracy": 1.0, "distance": 0.9586533904075623}, "14": {"mean": -0.28576016426086426, "variance": 0.018341125920414925, "std_dev": 0.13542941212654114, "median": -0.3026052713394165, "range": 0.6288362145423889, "iq_range": 0.1572347767651081, "density": 0.2355239135872967, "accuracy": -1.0, "distance": 1.0459901094436646}}