{"0": {"mean": -0.28573647141456604, "variance": 0.018354659900069237, "std_dev": 0.1354793757200241, "median": -0.30321407318115234, "range": 0.6179154515266418, "iq_range": 0.17390954121947289, "density": 0.23728422285080186, "accuracy": 1.0, "distance": 0.28591036796569824}, "1": {"mean": -0.2832130789756775, "variance": 0.019790347665548325, "std_dev": 0.14067816734313965, "median": -0.2937888503074646, "range": 0.6288362145423889, "iq_range": 0.1800103671848774, "density": 0.2363416863631653, "accuracy": 1.0, "distance": 0.8682374358177185}, "2": {"mean": -0.28880226612091064, "variance": 0.01659325323998928, "std_dev": 0.12881480157375336, "median": -0.3100115656852722, "range": 0.6288362145423889, "iq_range": 0.13774288073182106, "density": 0.24118777257223753, "accuracy": -1.0, "distance": 0.7182679176330566}, "3": {"mean": -0.28554847836494446, "variance": 0.018462058156728745, "std_dev": 0.1358751505613327, "median": -0.30753231048583984, "range": 0.6007345914840698, "iq_range": 0.17558187991380692, "density": 0.23506085384514255, "accuracy": 1.0, "distance": 0.9431411623954773}, "4": {"mean": -0.2892495095729828, "variance": 0.016334714367985725, "std_dev": 0.12780733406543732, "median": -0.30574876070022583, "range": 0.6207359433174133, "iq_range": 0.14067533239722252, "density": 0.2365849440654236, "accuracy": -1.0, "distance": 1.2695657014846802}, "5": {"mean": -0.2862788438796997, "variance": 0.018044425174593925, "std_dev": 0.13432954251766205, "median": -0.29848700761795044, "range": 0.6288362145423889, "iq_range": 0.16461409628391266, "density": 0.23562964298560587, "accuracy": 1.0, "distance": 0.719432532787323}, "6": {"mean": -0.28811126947402954, "variance": 0.016991905868053436, "std_dev": 0.13035300374031067, "median": -0.31167668104171753, "range": 0.6600216627120972, "iq_range": 0.13482079654932022, "density": 0.23707046792165284, "accuracy": 1.0, "distance": 0.831180214881897}, "7": {"mean": -0.2826310396194458, "variance": 0.02011968567967415, "std_dev": 0.14184388518333435, "median": -0.29199308156967163, "range": 0.6288362145423889, "iq_range": 0.18165898695588112, "density": 0.2362947236068848, "accuracy": 1.0, "distance": 0.8791869282722473}, "8": {"mean": -0.2856227457523346, "variance": 0.01841965690255165, "std_dev": 0.13571903109550476, "median": -0.3040110766887665, "range": 0.6600216627120972, "iq_range": 0.16384735330939293, "density": 0.23498773846579568, "accuracy": -1.0, "distance": 0.9580643177032471}, "9": {"mean": -0.2876811921596527, "variance": 0.017239537090063095, "std_dev": 0.13129942119121552, "median": -0.3130413293838501, "range": 0.6600216627120972, "iq_range": 0.14660290628671646, "density": 0.23878088772307093, "accuracy": -1.0, "distance": 1.4493666887283325}, "10": {"mean": -0.2898378372192383, "variance": 0.015994034707546234, "std_dev": 0.1264675259590149, "median": -0.3169322609901428, "range": 0.6288361549377441, "iq_range": 0.12743555381894112, "density": 0.24084884957565464, "accuracy": 1.0, "distance": 0.6424532532691956}, "11": {"mean": -0.28837743401527405, "variance": 0.01683845743536949, "std_dev": 0.12976308166980743, "median": -0.3025261461734772, "range": 0.6191851496696472, "iq_range": 0.14437391981482506, "density": 0.23528709332383851, "accuracy": -1.0, "distance": 0.2952049970626831}, "12": {"mean": -0.2920331060886383, "variance": 0.01471666432917118, "std_dev": 0.12131226062774658, "median": -0.31878459453582764, "range": 0.6079211831092834, "iq_range": 0.11117894947528839, "density": 0.2437885362861406, "accuracy": -1.0, "distance": 0.7389618754386902}, "13": {"mean": -0.28422150015830994, "variance": 0.01921813376247883, "std_dev": 0.1386294811964035, "median": -0.29739290475845337, "range": 0.6288362145423889, "iq_range": 0.18309570476412773, "density": 0.23673325170865916, "accuracy": -1.0, "distance": 1.3137022256851196}, "14": {"mean": -0.2908371090888977, "variance": 0.015413773246109486, "std_dev": 0.12415222078561783, "median": -0.3169030547142029, "range": 0.5790396928787231, "iq_range": 0.13079138472676277, "density": 0.23795877318986325, "accuracy": -1.0, "distance": 0.4416380822658539}}