{"0": {"mean": -0.2913632094860077, "variance": 0.01510748453438282, "std_dev": 0.12291251122951508, "median": -0.3198416233062744, "range": 0.6079211831092834, "iq_range": 0.11767924576997757, "density": 0.2388095787499737, "accuracy": 1.0, "distance": 0.8628442287445068}, "1": {"mean": -0.2859741151332855, "variance": 0.01821880042552948, "std_dev": 0.1349770426750183, "median": -0.2998077869415283, "range": 0.6179154515266418, "iq_range": 0.17031873762607574, "density": 0.2375850755440489, "accuracy": 1.0, "distance": 0.6261290311813354}, "2": {"mean": -0.28840172290802, "variance": 0.01682443916797638, "std_dev": 0.12970905005931854, "median": -0.30691003799438477, "range": 0.6207359433174133, "iq_range": 0.14408622309565544, "density": 0.2369626182299947, "accuracy": -1.0, "distance": 1.161154866218567}, "3": {"mean": -0.28877973556518555, "variance": 0.016606274992227554, "std_dev": 0.1288653314113617, "median": -0.30525052547454834, "range": 0.6207359433174133, "iq_range": 0.1364760547876358, "density": 0.23711318828902242, "accuracy": -1.0, "distance": 1.213470220565796}, "4": {"mean": -0.2874644696712494, "variance": 0.01736416481435299, "std_dev": 0.13177315890789032, "median": -0.3000200390815735, "range": 0.6207359433174133, "iq_range": 0.14763087034225464, "density": 0.23719984901005783, "accuracy": -1.0, "distance": 0.7952516078948975}, "5": {"mean": -0.2889227271080017, "variance": 0.016523662954568863, "std_dev": 0.1285444051027298, "median": -0.30621108412742615, "range": 0.6600216627120972, "iq_range": 0.13874025270342827, "density": 0.23697239078689147, "accuracy": -1.0, "distance": 0.6104440093040466}, "6": {"mean": -0.2892847955226898, "variance": 0.016314323991537094, "std_dev": 0.12772753834724426, "median": -0.31287139654159546, "range": 0.6600216627120972, "iq_range": 0.1425759494304657, "density": 0.2364169172118804, "accuracy": -1.0, "distance": 1.2134233713150024}, "7": {"mean": -0.2872353792190552, "variance": 0.017495840787887573, "std_dev": 0.13227184116840363, "median": -0.3042012155056, "range": 0.6600216627120972, "iq_range": 0.15514538809657097, "density": 0.23551668076566562, "accuracy": -1.0, "distance": 1.3397632837295532}, "8": {"mean": -0.29034775495529175, "variance": 0.015698177739977837, "std_dev": 0.12529237568378448, "median": -0.3171504735946655, "range": 0.6288362145423889, "iq_range": 0.13222431391477585, "density": 0.2370014279735625, "accuracy": -1.0, "distance": 0.9798715710639954}, "9": {"mean": -0.2881717383861542, "variance": 0.016957035288214684, "std_dev": 0.13021917641162872, "median": -0.3065260052680969, "range": 0.6600216627120972, "iq_range": 0.15225718915462494, "density": 0.2367152034301046, "accuracy": -1.0, "distance": 0.9664978981018066}, "10": {"mean": -0.2854367196559906, "variance": 0.018525898456573486, "std_dev": 0.1361098736524582, "median": -0.3019171953201294, "range": 0.6179154515266418, "iq_range": 0.18007539212703705, "density": 0.23546129290303477, "accuracy": 1.0, "distance": 0.38112297654151917}, "11": {"mean": -0.2905242443084717, "variance": 0.015595667064189911, "std_dev": 0.12488261610269547, "median": -0.31508493423461914, "range": 0.6079211831092834, "iq_range": 0.12314208969473839, "density": 0.23940728119010699, "accuracy": 1.0, "distance": 0.8906683325767517}, "12": {"mean": -0.28814661502838135, "variance": 0.016971522942185402, "std_dev": 0.13027480244636536, "median": -0.314306378364563, "range": 0.6013028025627136, "iq_range": 0.14517206698656082, "density": 0.23818527891468078, "accuracy": 1.0, "distance": 1.369055151939392}, "13": {"mean": -0.2866344749927521, "variance": 0.0178406722843647, "std_dev": 0.13356897234916687, "median": -0.302773654460907, "range": 0.6191851496696472, "iq_range": 0.1632104106247425, "density": 0.2336468392400893, "accuracy": -1.0, "distance": 0.4868100881576538}, "14": {"mean": -0.2885302007198334, "variance": 0.016750331968069077, "std_dev": 0.12942306697368622, "median": -0.31504252552986145, "range": 0.6288362145423889, "iq_range": 0.13590103015303612, "density": 0.23987648000640419, "accuracy": 1.0, "distance": 0.8047054409980774}}