{"0": {"mean": -0.28973138332366943, "variance": 0.016055744141340256, "std_dev": 0.12671126425266266, "median": -0.3116273880004883, "range": 0.6079211831092834, "iq_range": 0.14079510420560837, "density": 0.23400034095698738, "accuracy": 1.0, "distance": 0.2118375301361084}, "1": {"mean": -0.285106897354126, "variance": 0.018714064732193947, "std_dev": 0.13679936528205872, "median": -0.3020265996456146, "range": 0.5918647646903992, "iq_range": 0.17436909303069115, "density": 0.23567017038203733, "accuracy": 1.0, "distance": 1.083266019821167}, "2": {"mean": -0.2845400273799896, "variance": 0.019036976620554924, "std_dev": 0.1379745453596115, "median": -0.2984733581542969, "range": 0.6600216627120972, "iq_range": 0.18213295936584473, "density": 0.2355518429519649, "accuracy": -1.0, "distance": 1.324990153312683}, "3": {"mean": -0.2886369228363037, "variance": 0.016688713803887367, "std_dev": 0.1291847974061966, "median": -0.3038114309310913, "range": 0.6600216627120972, "iq_range": 0.14255014061927795, "density": 0.23776659755014262, "accuracy": -1.0, "distance": 1.1053611040115356}, "4": {"mean": -0.28869757056236267, "variance": 0.016653718426823616, "std_dev": 0.12904928624629974, "median": -0.30242207646369934, "range": 0.6207359433174133, "iq_range": 0.14720654860138893, "density": 0.23523724249840877, "accuracy": -1.0, "distance": 0.299954354763031}, "5": {"mean": -0.28939807415008545, "variance": 0.016248758882284164, "std_dev": 0.12747061252593994, "median": -0.31327807903289795, "range": 0.5918647646903992, "iq_range": 0.13385752961039543, "density": 0.2359555241110926, "accuracy": 1.0, "distance": 0.7329182624816895}, "6": {"mean": -0.2872229218482971, "variance": 0.017502987757325172, "std_dev": 0.13229885697364807, "median": -0.3074491322040558, "range": 0.6600216627120972, "iq_range": 0.16207341849803925, "density": 0.23272057746988403, "accuracy": -1.0, "distance": 0.7579095363616943}, "7": {"mean": -0.2877226173877716, "variance": 0.017215700820088387, "std_dev": 0.1312086135149002, "median": -0.31145378947257996, "range": 0.6079211831092834, "iq_range": 0.13684193417429924, "density": 0.23367377729022887, "accuracy": 1.0, "distance": 0.7146384716033936}, "8": {"mean": -0.28877708315849304, "variance": 0.016607806086540222, "std_dev": 0.12887127697467804, "median": -0.3072698712348938, "range": 0.6600216627120972, "iq_range": 0.1473638042807579, "density": 0.2349889767619818, "accuracy": -1.0, "distance": 0.6620524525642395}, "9": {"mean": -0.2902400493621826, "variance": 0.015760716050863266, "std_dev": 0.12554168701171875, "median": -0.31658971309661865, "range": 0.6600216627120972, "iq_range": 0.12498646602034569, "density": 0.23860098452373515, "accuracy": 1.0, "distance": 0.7222375869750977}, "10": {"mean": -0.2903202474117279, "variance": 0.015714168548583984, "std_dev": 0.12535616755485535, "median": -0.31004154682159424, "range": 0.6600216627120972, "iq_range": 0.13352349400520325, "density": 0.23590924715900727, "accuracy": -1.0, "distance": 0.9158329963684082}, "11": {"mean": -0.28851819038391113, "variance": 0.01675725169479847, "std_dev": 0.12944979965686798, "median": -0.30650752782821655, "range": 0.6600216627120972, "iq_range": 0.13913468644022942, "density": 0.23834477312880364, "accuracy": -1.0, "distance": 0.927699089050293}, "12": {"mean": -0.288418173789978, "variance": 0.016814954578876495, "std_dev": 0.12967248260974884, "median": -0.30323320627212524, "range": 0.6207359433174133, "iq_range": 0.15001027286052704, "density": 0.2355213618577371, "accuracy": -1.0, "distance": 0.3715777099132538}, "13": {"mean": -0.2875790297985077, "variance": 0.017298297956585884, "std_dev": 0.131522998213768, "median": -0.301066517829895, "range": 0.6600216627120972, "iq_range": 0.15341383963823318, "density": 0.23451170684101022, "accuracy": -1.0, "distance": 0.9422529935836792}, "14": {"mean": -0.2865990698337555, "variance": 0.017860980704426765, "std_dev": 0.1336449831724167, "median": -0.2969881594181061, "range": 0.6600216627120972, "iq_range": 0.1536857932806015, "density": 0.23555062485987527, "accuracy": -1.0, "distance": 1.0407344102859497}}