{"0": {"mean": -0.2911514341831207, "variance": 0.015230848453938961, "std_dev": 0.1234133243560791, "median": -0.3184276819229126, "range": 0.6600216031074524, "iq_range": 0.11898569017648697, "density": 0.24482770561231645, "accuracy": 1.0, "distance": 1.2364702224731445}, "1": {"mean": -0.2886781394481659, "variance": 0.016664931550621986, "std_dev": 0.1290927231311798, "median": -0.3030237555503845, "range": 0.6207359433174133, "iq_range": 0.1446019671857357, "density": 0.23570207731462897, "accuracy": -1.0, "distance": 0.8925006985664368}, "2": {"mean": -0.28653886914253235, "variance": 0.01789546199142933, "std_dev": 0.13377392292022705, "median": -0.30553677678108215, "range": 0.6179154515266418, "iq_range": 0.17070337012410164, "density": 0.2404558030920776, "accuracy": 1.0, "distance": 0.8909920454025269}, "3": {"mean": -0.2866845726966858, "variance": 0.017811942845582962, "std_dev": 0.1334613859653473, "median": -0.3072029948234558, "range": 0.6179154515266418, "iq_range": 0.1711006574332714, "density": 0.23811093765956734, "accuracy": -1.0, "distance": 0.4878256320953369}, "4": {"mean": -0.2892768681049347, "variance": 0.01631888560950756, "std_dev": 0.1277453899383545, "median": -0.31426942348480225, "range": 0.6013027429580688, "iq_range": 0.1346525400876999, "density": 0.2421589152111985, "accuracy": 1.0, "distance": 0.4596879184246063}, "5": {"mean": -0.2897414565086365, "variance": 0.016049884259700775, "std_dev": 0.1266881376504898, "median": -0.3159763216972351, "range": 0.5918647646903992, "iq_range": 0.13271650299429893, "density": 0.2384142756771557, "accuracy": 1.0, "distance": 0.9998167157173157}, "6": {"mean": -0.2923564612865448, "variance": 0.014527694322168827, "std_dev": 0.12053088843822479, "median": -0.3222087025642395, "range": 0.6288362145423889, "iq_range": 0.11646723002195358, "density": 0.2421378614552093, "accuracy": -1.0, "distance": 0.8024569749832153}, "7": {"mean": -0.2882363498210907, "variance": 0.01691981591284275, "std_dev": 0.13007619976997375, "median": -0.30621108412742615, "range": 0.6600216627120972, "iq_range": 0.13981372117996216, "density": 0.238501577949882, "accuracy": -1.0, "distance": 0.4101819097995758}, "8": {"mean": -0.28900423645973206, "variance": 0.016476551070809364, "std_dev": 0.12836101651191711, "median": -0.30582213401794434, "range": 0.6600216627120972, "iq_range": 0.1390746496617794, "density": 0.23816408762850697, "accuracy": -1.0, "distance": 0.8895668387413025}, "9": {"mean": -0.2877008318901062, "variance": 0.017228225246071815, "std_dev": 0.1312563270330429, "median": -0.30851101875305176, "range": 0.6288361549377441, "iq_range": 0.14802893996238708, "density": 0.23906834485298184, "accuracy": -1.0, "distance": 0.9879600405693054}, "10": {"mean": -0.2872410714626312, "variance": 0.01749257557094097, "std_dev": 0.13225950300693512, "median": -0.3132764399051666, "range": 0.6207359433174133, "iq_range": 0.1542935147881508, "density": 0.23600325462240737, "accuracy": -1.0, "distance": 0.7414801716804504}, "11": {"mean": -0.2875032424926758, "variance": 0.017341874539852142, "std_dev": 0.13168855011463165, "median": -0.3103330731391907, "range": 0.6600216627120972, "iq_range": 0.14595147222280502, "density": 0.23448435568014703, "accuracy": -1.0, "distance": 0.6533896327018738}, "12": {"mean": -0.29025042057037354, "variance": 0.015754690393805504, "std_dev": 0.12551769614219666, "median": -0.31634750962257385, "range": 0.6207359433174133, "iq_range": 0.13057038187980652, "density": 0.23971197209822873, "accuracy": 1.0, "distance": 0.4734271168708801}, "13": {"mean": -0.2866431772708893, "variance": 0.01783568598330021, "std_dev": 0.13355031609535217, "median": -0.30272555351257324, "range": 0.6600216627120972, "iq_range": 0.15775126218795776, "density": 0.23406892072172955, "accuracy": -1.0, "distance": 0.74578857421875}, "14": {"mean": -0.29102879762649536, "variance": 0.015302234329283237, "std_dev": 0.12370219826698303, "median": -0.312805712223053, "range": 0.6207359433174133, "iq_range": 0.129686139523983, "density": 0.2351167671663787, "accuracy": -1.0, "distance": 0.5706149339675903}}