{"0": {"mean": -0.28725719451904297, "variance": 0.01748330518603325, "std_dev": 0.1322244554758072, "median": -0.3009750247001648, "range": 0.6191851496696472, "iq_range": 0.14904102683067322, "density": 0.23458784044089245, "accuracy": -1.0, "distance": 0.7480924129486084}, "1": {"mean": -0.2855377197265625, "variance": 0.018468203023076057, "std_dev": 0.13589777052402496, "median": -0.3037434220314026, "range": 0.6135308146476746, "iq_range": 0.17630521953105927, "density": 0.23280666564913818, "accuracy": 1.0, "distance": 0.5791041851043701}, "2": {"mean": -0.2885783910751343, "variance": 0.01672251522541046, "std_dev": 0.1293155699968338, "median": -0.30322137475013733, "range": 0.6600216627120972, "iq_range": 0.14185408130288124, "density": 0.23557203179561062, "accuracy": -1.0, "distance": 0.38052138686180115}, "3": {"mean": -0.28868764638900757, "variance": 0.01665942370891571, "std_dev": 0.12907138466835022, "median": -0.30571162700653076, "range": 0.6600216627120972, "iq_range": 0.1463356576859951, "density": 0.23379211016748955, "accuracy": -1.0, "distance": 0.7212136387825012}, "4": {"mean": -0.2845267951488495, "variance": 0.01904449053108692, "std_dev": 0.13800178468227386, "median": -0.3015553951263428, "range": 0.6288362145423889, "iq_range": 0.1791331097483635, "density": 0.23486001262878242, "accuracy": 1.0, "distance": 0.8637840151786804}, "5": {"mean": -0.28864985704421997, "variance": 0.01668124459683895, "std_dev": 0.12915588915348053, "median": -0.3090914487838745, "range": 0.6135308146476746, "iq_range": 0.15290281549096107, "density": 0.2345356390352726, "accuracy": -1.0, "distance": 0.7376862168312073}, "6": {"mean": -0.2836352586746216, "variance": 0.019551057368516922, "std_dev": 0.13982509076595306, "median": -0.2942622900009155, "range": 0.6191850900650024, "iq_range": 0.16813937202095985, "density": 0.23580383950935577, "accuracy": 1.0, "distance": 0.6570785045623779}, "7": {"mean": -0.28685107827186584, "variance": 0.01771645061671734, "std_dev": 0.1331031620502472, "median": -0.2983689308166504, "range": 0.6191851496696472, "iq_range": 0.15032443404197693, "density": 0.23567462369821485, "accuracy": -1.0, "distance": 0.9637752175331116}, "8": {"mean": -0.28369128704071045, "variance": 0.0195192601531744, "std_dev": 0.13971135020256042, "median": -0.3005170226097107, "range": 0.6288362145423889, "iq_range": 0.18338432908058167, "density": 0.2356498996710284, "accuracy": -1.0, "distance": 1.3875126838684082}, "9": {"mean": -0.2884286642074585, "variance": 0.016808900982141495, "std_dev": 0.12964914739131927, "median": -0.30685675144195557, "range": 0.6135308146476746, "iq_range": 0.1394532322883606, "density": 0.2352505633642685, "accuracy": 1.0, "distance": 1.0408602952957153}, "10": {"mean": -0.2911609709262848, "variance": 0.015225286595523357, "std_dev": 0.12339078634977341, "median": -0.31989675760269165, "range": 0.5790396928787231, "iq_range": 0.12924984097480774, "density": 0.2343786683447868, "accuracy": -1.0, "distance": 0.7054786086082458}, "11": {"mean": -0.29024848341941833, "variance": 0.015755821019411087, "std_dev": 0.1255221962928772, "median": -0.3181799054145813, "range": 0.6191851496696472, "iq_range": 0.12927306443452835, "density": 0.2430783825285404, "accuracy": -1.0, "distance": 1.3536006212234497}, "12": {"mean": -0.2841268479824066, "variance": 0.019271930679678917, "std_dev": 0.13882337510585785, "median": -0.29359930753707886, "range": 0.6288362145423889, "iq_range": 0.16708911955356598, "density": 0.23523698496190973, "accuracy": 1.0, "distance": 0.20219527184963226}, "13": {"mean": -0.2928057909011841, "variance": 0.014264781028032303, "std_dev": 0.11943525820970535, "median": -0.32101011276245117, "range": 0.588211178779602, "iq_range": 0.11309606581926346, "density": 0.24157853782524846, "accuracy": -1.0, "distance": 1.2339588403701782}, "14": {"mean": -0.2894900441169739, "variance": 0.016195503994822502, "std_dev": 0.12726156413555145, "median": -0.31160980463027954, "range": 0.6600216627120972, "iq_range": 0.13201923668384552, "density": 0.23477226596261622, "accuracy": -1.0, "distance": 0.8156561851501465}}