{"0": {"mean": -0.2889562249183655, "variance": 0.01650429517030716, "std_dev": 0.1284690499305725, "median": -0.3144878149032593, "range": 0.6013028025627136, "iq_range": 0.13690220564603806, "density": 0.2360841312861294, "accuracy": 1.0, "distance": 0.7405909895896912}, "1": {"mean": -0.2921440303325653, "variance": 0.014651848003268242, "std_dev": 0.1210448145866394, "median": -0.32043176889419556, "range": 0.6079211831092834, "iq_range": 0.11521792411804199, "density": 0.23903427403774324, "accuracy": -1.0, "distance": 0.9072840213775635}, "2": {"mean": -0.2884905934333801, "variance": 0.0167731661349535, "std_dev": 0.1295112520456314, "median": -0.3066951036453247, "range": 0.6600216627120972, "iq_range": 0.13926173001527786, "density": 0.23982755838212177, "accuracy": -1.0, "distance": 0.9155998826026917}, "3": {"mean": -0.2931898236274719, "variance": 0.014039725065231323, "std_dev": 0.1184893473982811, "median": -0.32289719581604004, "range": 0.588211178779602, "iq_range": 0.1126081794500351, "density": 0.24470907014358678, "accuracy": 1.0, "distance": 0.6229744553565979}, "4": {"mean": -0.28603070974349976, "variance": 0.018186431378126144, "std_dev": 0.13485707342624664, "median": -0.30308568477630615, "range": 0.6207359433174133, "iq_range": 0.15865283086895943, "density": 0.23595086477753555, "accuracy": -1.0, "distance": 0.6347818970680237}, "5": {"mean": -0.2894422709941864, "variance": 0.01622317172586918, "std_dev": 0.1273702085018158, "median": -0.3064948320388794, "range": 0.6207359433174133, "iq_range": 0.1444513499736786, "density": 0.2339984511833183, "accuracy": -1.0, "distance": 0.6450555920600891}, "6": {"mean": -0.28505566716194153, "variance": 0.018743280321359634, "std_dev": 0.13690610229969025, "median": -0.29692381620407104, "range": 0.6191851496696472, "iq_range": 0.16275710612535477, "density": 0.2358526354197243, "accuracy": -1.0, "distance": 0.8118467926979065}, "7": {"mean": -0.2890189290046692, "variance": 0.016468044370412827, "std_dev": 0.128327876329422, "median": -0.3122471570968628, "range": 0.6600216627120972, "iq_range": 0.13467686623334885, "density": 0.23676153120529644, "accuracy": 1.0, "distance": 0.8112026453018188}, "8": {"mean": -0.2849655747413635, "variance": 0.018794620409607887, "std_dev": 0.1370934695005417, "median": -0.30347925424575806, "range": 0.6179154515266418, "iq_range": 0.18258420750498772, "density": 0.2351736700591438, "accuracy": 1.0, "distance": 0.994742214679718}, "9": {"mean": -0.2879895269870758, "variance": 0.017062027007341385, "std_dev": 0.13062170147895813, "median": -0.30360034108161926, "range": 0.6600216627120972, "iq_range": 0.14491507783532143, "density": 0.2364720282806543, "accuracy": -1.0, "distance": 0.8397179245948792}, "10": {"mean": -0.28443628549575806, "variance": 0.019095996394753456, "std_dev": 0.13818825781345367, "median": -0.29871493577957153, "range": 0.6288362145423889, "iq_range": 0.16315391287207603, "density": 0.2339733812252875, "accuracy": -1.0, "distance": 0.9300358891487122}, "11": {"mean": -0.28991052508354187, "variance": 0.01595187373459339, "std_dev": 0.12630072236061096, "median": -0.31593990325927734, "range": 0.6207359433174133, "iq_range": 0.13130547851324081, "density": 0.23747608587551258, "accuracy": -1.0, "distance": 1.0155408382415771}, "12": {"mean": -0.2904175817966461, "variance": 0.015657631680369377, "std_dev": 0.12513045966625214, "median": -0.3178325295448303, "range": 0.6191851496696472, "iq_range": 0.1298927441239357, "density": 0.24036468690329907, "accuracy": -1.0, "distance": 1.118517279624939}, "13": {"mean": -0.2886241376399994, "variance": 0.01669609174132347, "std_dev": 0.1292133629322052, "median": -0.314306378364563, "range": 0.6013028025627136, "iq_range": 0.13883235305547714, "density": 0.23958249039392865, "accuracy": 1.0, "distance": 1.0843729972839355}, "14": {"mean": -0.2841603755950928, "variance": 0.019252872094511986, "std_dev": 0.1387547254562378, "median": -0.295082151889801, "range": 0.6288362145423889, "iq_range": 0.17886321619153023, "density": 0.23385805422198266, "accuracy": 1.0, "distance": 0.6090930104255676}}