{"0": {"mean": -0.28619644045829773, "variance": 0.0180915929377079, "std_dev": 0.1345049887895584, "median": -0.2991183400154114, "range": 0.6288362145423889, "iq_range": 0.15336155146360397, "density": 0.2351802187723011, "accuracy": -1.0, "distance": 0.6790861487388611}, "1": {"mean": -0.28629636764526367, "variance": 0.01803439110517502, "std_dev": 0.13429218530654907, "median": -0.3054550290107727, "range": 0.6288361549377441, "iq_range": 0.15801620855927467, "density": 0.23599796755621172, "accuracy": 1.0, "distance": 1.2616994380950928}, "2": {"mean": -0.28583386540412903, "variance": 0.01829899288713932, "std_dev": 0.1352737694978714, "median": -0.305719792842865, "range": 0.6600216627120972, "iq_range": 0.161903765052557, "density": 0.2351206269684913, "accuracy": 1.0, "distance": 1.151018738746643}, "3": {"mean": -0.2839176654815674, "variance": 0.019390759989619255, "std_dev": 0.139250710606575, "median": -0.2943347692489624, "range": 0.6288362145423889, "iq_range": 0.16826285049319267, "density": 0.23566861565135117, "accuracy": 1.0, "distance": 1.1404087543487549}, "4": {"mean": -0.28606516122817993, "variance": 0.01816673018038273, "std_dev": 0.1347840130329132, "median": -0.2996712923049927, "range": 0.6191851496696472, "iq_range": 0.16627437621355057, "density": 0.23384385761132573, "accuracy": -1.0, "distance": 1.0372650623321533}, "5": {"mean": -0.28590452671051025, "variance": 0.018258612602949142, "std_dev": 0.13512443006038666, "median": -0.3063760995864868, "range": 0.6600216627120972, "iq_range": 0.1662190891802311, "density": 0.23792425491209415, "accuracy": -1.0, "distance": 1.380001425743103}, "6": {"mean": -0.2855067253112793, "variance": 0.018485914915800095, "std_dev": 0.13596291840076447, "median": -0.300370991230011, "range": 0.6288362145423889, "iq_range": 0.15717336907982826, "density": 0.23626499119374955, "accuracy": -1.0, "distance": 1.1507748365402222}, "7": {"mean": -0.2861151099205017, "variance": 0.018138129264116287, "std_dev": 0.13467787206172943, "median": -0.3031163215637207, "range": 0.6600216627120972, "iq_range": 0.15661922097206116, "density": 0.23647054743690948, "accuracy": -1.0, "distance": 1.4813307523727417}, "8": {"mean": -0.28285032510757446, "variance": 0.019995689392089844, "std_dev": 0.1414061188697815, "median": -0.29287153482437134, "range": 0.6600216627120972, "iq_range": 0.18623485043644905, "density": 0.23605514238622619, "accuracy": -1.0, "distance": 1.526960015296936}, "9": {"mean": -0.28632616996765137, "variance": 0.018017318099737167, "std_dev": 0.13422860205173492, "median": -0.29870539903640747, "range": 0.6207359433174133, "iq_range": 0.155031718313694, "density": 0.23605793318156035, "accuracy": -1.0, "distance": 1.1070027351379395}, "10": {"mean": -0.28993546962738037, "variance": 0.01593741774559021, "std_dev": 0.1262434870004654, "median": -0.31890976428985596, "range": 0.6288361549377441, "iq_range": 0.13104209676384926, "density": 0.24611424254014336, "accuracy": 1.0, "distance": 0.6530763506889343}, "11": {"mean": -0.2838398814201355, "variance": 0.019434913992881775, "std_dev": 0.1394091546535492, "median": -0.29852133989334106, "range": 0.6600216627120972, "iq_range": 0.1716378666460514, "density": 0.23426172950373952, "accuracy": -1.0, "distance": 1.1041990518569946}, "12": {"mean": -0.2856324315071106, "variance": 0.018414106220006943, "std_dev": 0.1356985867023468, "median": -0.29954594373703003, "range": 0.6207359433174133, "iq_range": 0.15898260846734047, "density": 0.23581062700929378, "accuracy": -1.0, "distance": 1.0678091049194336}, "13": {"mean": -0.2857002317905426, "variance": 0.01837538555264473, "std_dev": 0.13555583357810974, "median": -0.3056544065475464, "range": 0.6600216627120972, "iq_range": 0.1644447185099125, "density": 0.2361802848165482, "accuracy": -1.0, "distance": 0.8181575536727905}, "14": {"mean": -0.29014474153518677, "variance": 0.015816032886505127, "std_dev": 0.12576180696487427, "median": -0.31621769070625305, "range": 0.6207359433174133, "iq_range": 0.12901907414197922, "density": 0.2365226966407272, "accuracy": -1.0, "distance": 1.190104603767395}}