{"0": {"mean": -0.2916547358036041, "variance": 0.014937522821128368, "std_dev": 0.12221916019916534, "median": -0.32052987813949585, "range": 0.6288362145423889, "iq_range": 0.1237550787627697, "density": 0.24037365377042746, "accuracy": -1.0, "distance": 0.4502125382423401}, "1": {"mean": -0.2870027422904968, "variance": 0.017629433423280716, "std_dev": 0.13277587294578552, "median": -0.3065260052680969, "range": 0.6288362145423889, "iq_range": 0.15666666626930237, "density": 0.23528826115143894, "accuracy": -1.0, "distance": 0.6074866652488708}, "2": {"mean": -0.2901383638381958, "variance": 0.015819726511836052, "std_dev": 0.1257764995098114, "median": -0.3149546682834625, "range": 0.6600216627120972, "iq_range": 0.12343737483024597, "density": 0.23911550479485816, "accuracy": -1.0, "distance": 1.136529564857483}, "3": {"mean": -0.28353172540664673, "variance": 0.019609760493040085, "std_dev": 0.14003485441207886, "median": -0.2946929335594177, "range": 0.6191849112510681, "iq_range": 0.1674904078245163, "density": 0.2348325212638328, "accuracy": 1.0, "distance": 0.766984224319458}, "4": {"mean": -0.28894686698913574, "variance": 0.016509700566530228, "std_dev": 0.12849007546901703, "median": -0.30736178159713745, "range": 0.6600216627120972, "iq_range": 0.1374630518257618, "density": 0.23893100025877764, "accuracy": -1.0, "distance": 1.3312573432922363}, "5": {"mean": -0.28866857290267944, "variance": 0.01667044498026371, "std_dev": 0.1291140764951706, "median": -0.302828848361969, "range": 0.6207359433174133, "iq_range": 0.141106478869915, "density": 0.23398358021797272, "accuracy": 1.0, "distance": 0.649981677532196}, "6": {"mean": -0.28655874729156494, "variance": 0.017884090542793274, "std_dev": 0.133731409907341, "median": -0.30605459213256836, "range": 0.6207359433174133, "iq_range": 0.1500634104013443, "density": 0.23792672662038422, "accuracy": 1.0, "distance": 0.770540714263916}, "7": {"mean": -0.28316599130630493, "variance": 0.01981702446937561, "std_dev": 0.1407729536294937, "median": -0.2949105501174927, "range": 0.6288362145423889, "iq_range": 0.17300254106521606, "density": 0.23429841277547092, "accuracy": -1.0, "distance": 1.1643098592758179}, "8": {"mean": -0.2889224886894226, "variance": 0.016523784026503563, "std_dev": 0.1285448670387268, "median": -0.3114002048969269, "range": 0.6207359433174133, "iq_range": 0.14199009537696838, "density": 0.23409130112378318, "accuracy": -1.0, "distance": 1.2042527198791504}, "9": {"mean": -0.2901279330253601, "variance": 0.015825768932700157, "std_dev": 0.1258005052804947, "median": -0.3169707953929901, "range": 0.6207359433174133, "iq_range": 0.13073386251926422, "density": 0.23786121425312337, "accuracy": 1.0, "distance": 0.6349949836730957}, "10": {"mean": -0.28823938965797424, "variance": 0.01691805198788643, "std_dev": 0.13006940484046936, "median": -0.30621108412742615, "range": 0.6600216627120972, "iq_range": 0.14203637838363647, "density": 0.23788125420193326, "accuracy": -1.0, "distance": 0.7288391590118408}, "11": {"mean": -0.2892482876777649, "variance": 0.01633540913462639, "std_dev": 0.1278100460767746, "median": -0.3151540160179138, "range": 0.6288362145423889, "iq_range": 0.14704405516386032, "density": 0.23908332543658975, "accuracy": 1.0, "distance": 0.5622814297676086}, "12": {"mean": -0.28441116213798523, "variance": 0.01911027543246746, "std_dev": 0.13823992013931274, "median": -0.29905760288238525, "range": 0.6288362145423889, "iq_range": 0.17216496914625168, "density": 0.23611217155135578, "accuracy": 1.0, "distance": 0.9684679508209229}, "13": {"mean": -0.28516003489494324, "variance": 0.01868375763297081, "std_dev": 0.13668854534626007, "median": -0.30508559942245483, "range": 0.6600216627120972, "iq_range": 0.16435402631759644, "density": 0.23391861026506103, "accuracy": -1.0, "distance": 1.3876729011535645}, "14": {"mean": -0.2911820709705353, "variance": 0.015213016420602798, "std_dev": 0.12334105372428894, "median": -0.31712883710861206, "range": 0.6079211235046387, "iq_range": 0.11460204422473907, "density": 0.24274661255263044, "accuracy": 1.0, "distance": 0.8089081645011902}}