{"0": {"mean": -0.2913624346256256, "variance": 0.015107939019799232, "std_dev": 0.12291435897350311, "median": -0.31791287660598755, "range": 0.6288362145423889, "iq_range": 0.12203899770975113, "density": 0.24627404128424155, "accuracy": -1.0, "distance": 1.0766960382461548}, "1": {"mean": -0.28731590509414673, "variance": 0.01744956150650978, "std_dev": 0.1320967823266983, "median": -0.3050585985183716, "range": 0.6600216627120972, "iq_range": 0.14979244768619537, "density": 0.23599339142226636, "accuracy": 1.0, "distance": 0.676216185092926}, "2": {"mean": -0.2888064980506897, "variance": 0.016590820625424385, "std_dev": 0.12880535423755646, "median": -0.3070172071456909, "range": 0.6600216627120972, "iq_range": 0.13722209259867668, "density": 0.23709589499009098, "accuracy": -1.0, "distance": 0.5838397741317749}, "3": {"mean": -0.2889014482498169, "variance": 0.016535945236682892, "std_dev": 0.12859216332435608, "median": -0.3094225823879242, "range": 0.6179154515266418, "iq_range": 0.14461847767233849, "density": 0.23651236957614807, "accuracy": 1.0, "distance": 1.007046103477478}, "4": {"mean": -0.2819596230983734, "variance": 0.020498760044574738, "std_dev": 0.14317387342453003, "median": -0.28893452882766724, "range": 0.6288361549377441, "iq_range": 0.1771865338087082, "density": 0.23338400312471716, "accuracy": -1.0, "distance": 1.3771860599517822}, "5": {"mean": -0.2902429699897766, "variance": 0.01575901359319687, "std_dev": 0.12553490698337555, "median": -0.316946804523468, "range": 0.6288361549377441, "iq_range": 0.12840671837329865, "density": 0.24295311386716034, "accuracy": -1.0, "distance": 0.7742669582366943}, "6": {"mean": -0.2875465750694275, "variance": 0.017316963523626328, "std_dev": 0.13159392774105072, "median": -0.30513671040534973, "range": 0.6600216627120972, "iq_range": 0.1543165259063244, "density": 0.23454277967446535, "accuracy": -1.0, "distance": 1.1324183940887451}, "7": {"mean": -0.28556114435195923, "variance": 0.01845482550561428, "std_dev": 0.1358485370874405, "median": -0.3053714632987976, "range": 0.6600216627120972, "iq_range": 0.16545242071151733, "density": 0.23529575790413904, "accuracy": -1.0, "distance": 0.6447479128837585}, "8": {"mean": -0.28467705845832825, "variance": 0.018958961591124535, "std_dev": 0.13769154250621796, "median": -0.296128511428833, "range": 0.6288362145423889, "iq_range": 0.175795778632164, "density": 0.23606540143654353, "accuracy": -1.0, "distance": 0.866994321346283}, "9": {"mean": -0.2843380868434906, "variance": 0.019151858985424042, "std_dev": 0.13839024305343628, "median": -0.30465933680534363, "range": 0.6288361549377441, "iq_range": 0.16360055282711983, "density": 0.23418256193709974, "accuracy": 1.0, "distance": 0.6632756590843201}, "10": {"mean": -0.28660503029823303, "variance": 0.01785753294825554, "std_dev": 0.13363207876682281, "median": -0.3027380108833313, "range": 0.6600216627120972, "iq_range": 0.15758299827575684, "density": 0.23349228295412708, "accuracy": 1.0, "distance": 0.422702819108963}, "11": {"mean": -0.2923232614994049, "variance": 0.01454711053520441, "std_dev": 0.12061139941215515, "median": -0.32029134035110474, "range": 0.6288362145423889, "iq_range": 0.1141962930560112, "density": 0.24647277240479198, "accuracy": -1.0, "distance": 1.1247570514678955}, "12": {"mean": -0.28916555643081665, "variance": 0.016383277252316475, "std_dev": 0.12799717485904694, "median": -0.31447190046310425, "range": 0.6600216627120972, "iq_range": 0.13120729476213455, "density": 0.23820096767752355, "accuracy": -1.0, "distance": 0.7665174603462219}, "13": {"mean": -0.28716331720352173, "variance": 0.017537230625748634, "std_dev": 0.13242821395397186, "median": -0.30793386697769165, "range": 0.6600216627120972, "iq_range": 0.15311119332909584, "density": 0.23746186868009653, "accuracy": 1.0, "distance": 0.9092156291007996}, "14": {"mean": -0.2894028425216675, "variance": 0.016245994716882706, "std_dev": 0.12745977938175201, "median": -0.317021906375885, "range": 0.6288362145423889, "iq_range": 0.1283525601029396, "density": 0.2440446343117318, "accuracy": -1.0, "distance": 1.5444170236587524}}