{"0": {"mean": -0.28549012541770935, "variance": 0.018495403230190277, "std_dev": 0.13599780201911926, "median": -0.29618334770202637, "range": 0.6600216627120972, "iq_range": 0.1732100211083889, "density": 0.23496771128282878, "accuracy": 1.0, "distance": 0.6327856779098511}, "1": {"mean": -0.28616583347320557, "variance": 0.01810910366475582, "std_dev": 0.13457007706165314, "median": -0.305741548538208, "range": 0.6600216627120972, "iq_range": 0.1612405888736248, "density": 0.23689001972281898, "accuracy": 1.0, "distance": 0.5977195501327515}, "2": {"mean": -0.28681549429893494, "variance": 0.01773686893284321, "std_dev": 0.13317984342575073, "median": -0.3111923933029175, "range": 0.6600216627120972, "iq_range": 0.1446118801832199, "density": 0.23686831055887705, "accuracy": -1.0, "distance": 1.4032342433929443}, "3": {"mean": -0.28834426403045654, "variance": 0.01685757376253605, "std_dev": 0.12983672320842743, "median": -0.30923759937286377, "range": 0.6600216627120972, "iq_range": 0.13544154539704323, "density": 0.2355021529998168, "accuracy": 1.0, "distance": 0.2332504391670227}, "4": {"mean": -0.2843643128871918, "variance": 0.019136929884552956, "std_dev": 0.13833628594875336, "median": -0.29534557461738586, "range": 0.6288362145423889, "iq_range": 0.1769917495548725, "density": 0.23696599328197776, "accuracy": -1.0, "distance": 0.9208317399024963}, "5": {"mean": -0.2848217785358429, "variance": 0.01887655444443226, "std_dev": 0.13739196956157684, "median": -0.29541176557540894, "range": 0.6288362145423889, "iq_range": 0.17037451639771461, "density": 0.23566481279462262, "accuracy": 1.0, "distance": 1.2638107538223267}, "6": {"mean": -0.2896263301372528, "variance": 0.016116587445139885, "std_dev": 0.12695112824440002, "median": -0.3150221109390259, "range": 0.6600216627120972, "iq_range": 0.12545212730765343, "density": 0.23582447144280727, "accuracy": -1.0, "distance": 0.9270426630973816}, "7": {"mean": -0.2853547930717468, "variance": 0.018572654575109482, "std_dev": 0.13628152012825012, "median": -0.2985091209411621, "range": 0.6191851496696472, "iq_range": 0.16861224174499512, "density": 0.23687369309076498, "accuracy": -1.0, "distance": 0.8128758668899536}, "8": {"mean": -0.2883185148239136, "variance": 0.016872428357601166, "std_dev": 0.12989391386508942, "median": -0.3025261461734772, "range": 0.6207359433174133, "iq_range": 0.14196405187249184, "density": 0.23706710068685102, "accuracy": -1.0, "distance": 0.9527571201324463}, "9": {"mean": -0.2857726514339447, "variance": 0.018333999440073967, "std_dev": 0.1354030966758728, "median": -0.30135300755500793, "range": 0.6191851496696472, "iq_range": 0.15773389488458633, "density": 0.2350085981504789, "accuracy": 1.0, "distance": 0.5880588293075562}, "10": {"mean": -0.2845897376537323, "variance": 0.019008677452802658, "std_dev": 0.13787196576595306, "median": -0.29455846548080444, "range": 0.6191850900650024, "iq_range": 0.16147086769342422, "density": 0.23538677972874664, "accuracy": -1.0, "distance": 0.8009963035583496}, "11": {"mean": -0.28435570001602173, "variance": 0.019141823053359985, "std_dev": 0.13835397362709045, "median": -0.29607152938842773, "range": 0.6288362145423889, "iq_range": 0.17666495591402054, "density": 0.23487999853491467, "accuracy": -1.0, "distance": 0.8203760385513306}, "12": {"mean": -0.2866204082965851, "variance": 0.017848731949925423, "std_dev": 0.1335991472005844, "median": -0.3092132806777954, "range": 0.6600216627120972, "iq_range": 0.15725494921207428, "density": 0.23225780623587092, "accuracy": 1.0, "distance": 0.6629735231399536}, "13": {"mean": -0.2880929112434387, "variance": 0.017002467066049576, "std_dev": 0.13039350509643555, "median": -0.30650752782821655, "range": 0.6600216627120972, "iq_range": 0.14508284628391266, "density": 0.2361030706523181, "accuracy": -1.0, "distance": 0.7068291306495667}, "14": {"mean": -0.2866847515106201, "variance": 0.017811862751841545, "std_dev": 0.1334610879421234, "median": -0.2999524474143982, "range": 0.6207359433174133, "iq_range": 0.14993953332304955, "density": 0.23597362773444527, "accuracy": -1.0, "distance": 0.5878100395202637}}