{"0": {"mean": -0.2928940951824188, "variance": 0.014213024638593197, "std_dev": 0.11921839416027069, "median": -0.3198786973953247, "range": 0.596330463886261, "iq_range": 0.11578282713890076, "density": 0.24124293007804523, "accuracy": 1.0, "distance": 1.0832926034927368}, "1": {"mean": -0.29167017340660095, "variance": 0.014928516931831837, "std_dev": 0.12218230962753296, "median": -0.3179638683795929, "range": 0.6079211831092834, "iq_range": 0.1178690567612648, "density": 0.23705363970042054, "accuracy": 1.0, "distance": 0.7872070670127869}, "2": {"mean": -0.2880697250366211, "variance": 0.017015822231769562, "std_dev": 0.1304447054862976, "median": -0.31156811118125916, "range": 0.6600216627120972, "iq_range": 0.14378934726119041, "density": 0.23732926486889214, "accuracy": -1.0, "distance": 1.2945072650909424}, "3": {"mean": -0.29075390100479126, "variance": 0.01546216756105423, "std_dev": 0.12434696406126022, "median": -0.31093764305114746, "range": 0.6207359433174133, "iq_range": 0.13148601353168488, "density": 0.23547316278988492, "accuracy": -1.0, "distance": 0.6735653877258301}, "4": {"mean": -0.28451406955718994, "variance": 0.019051749259233475, "std_dev": 0.1380280703306198, "median": -0.2995280623435974, "range": 0.6288362145423889, "iq_range": 0.1688215620815754, "density": 0.2326039188160816, "accuracy": 1.0, "distance": 0.9962092638015747}, "5": {"mean": -0.29044678807258606, "variance": 0.015640651807188988, "std_dev": 0.12506258487701416, "median": -0.31794705986976624, "range": 0.588211178779602, "iq_range": 0.132525235414505, "density": 0.23633441175189668, "accuracy": 1.0, "distance": 0.5675183534622192}, "6": {"mean": -0.2863830626010895, "variance": 0.017984740436077118, "std_dev": 0.13410720229148865, "median": -0.3056544065475464, "range": 0.6207359433174133, "iq_range": 0.16951602697372437, "density": 0.24197448334792876, "accuracy": 1.0, "distance": 1.1173473596572876}, "7": {"mean": -0.28652647137641907, "variance": 0.017902584746479988, "std_dev": 0.13380053639411926, "median": -0.30946385860443115, "range": 0.6207359433174133, "iq_range": 0.1473766192793846, "density": 0.23743120518845726, "accuracy": -1.0, "distance": 1.309836983680725}, "8": {"mean": -0.29095056653022766, "variance": 0.015347780659794807, "std_dev": 0.12388616055250168, "median": -0.3152257204055786, "range": 0.6288362145423889, "iq_range": 0.12783339247107506, "density": 0.24337463860708114, "accuracy": -1.0, "distance": 0.5698328018188477}, "9": {"mean": -0.2889018952846527, "variance": 0.016535697504878044, "std_dev": 0.12859120965003967, "median": -0.30626213550567627, "range": 0.6207359433174133, "iq_range": 0.14394643902778625, "density": 0.2376153345381698, "accuracy": -1.0, "distance": 0.6524242758750916}, "10": {"mean": -0.2848694920539856, "variance": 0.01884937286376953, "std_dev": 0.1372930109500885, "median": -0.30053240060806274, "range": 0.6600216627120972, "iq_range": 0.17235959693789482, "density": 0.2323172765119047, "accuracy": -1.0, "distance": 1.241442084312439}, "11": {"mean": -0.2845914959907532, "variance": 0.019007673487067223, "std_dev": 0.13786831498146057, "median": -0.2967241704463959, "range": 0.6179154515266418, "iq_range": 0.16784162819385529, "density": 0.23412122316735803, "accuracy": -1.0, "distance": 0.9754981994628906}, "12": {"mean": -0.29096972942352295, "variance": 0.01533662062138319, "std_dev": 0.12384110689163208, "median": -0.3165556788444519, "range": 0.5790396928787231, "iq_range": 0.12768762558698654, "density": 0.23656694773553943, "accuracy": 1.0, "distance": 0.1498003751039505}, "13": {"mean": -0.28778311610221863, "variance": 0.017180895432829857, "std_dev": 0.131075918674469, "median": -0.308998167514801, "range": 0.6600216627120972, "iq_range": 0.1454716995358467, "density": 0.23801163955010424, "accuracy": -1.0, "distance": 1.2752903699874878}, "14": {"mean": -0.2875877022743225, "variance": 0.017293311655521393, "std_dev": 0.13150404393672943, "median": -0.31261390447616577, "range": 0.6600216627120972, "iq_range": 0.1389944963157177, "density": 0.2336219823193265, "accuracy": 1.0, "distance": 0.936432421207428}}