{"0": {"mean": -0.288779616355896, "variance": 0.016606338322162628, "std_dev": 0.128865584731102, "median": -0.3120791018009186, "range": 0.6288362145423889, "iq_range": 0.13641665875911713, "density": 0.24249371757118357, "accuracy": 1.0, "distance": 0.8732010126113892}, "1": {"mean": -0.28911834955215454, "variance": 0.016410570591688156, "std_dev": 0.12810374796390533, "median": -0.3130793571472168, "range": 0.6600216627120972, "iq_range": 0.13299556449055672, "density": 0.23558473059504764, "accuracy": -1.0, "distance": 0.831389307975769}, "2": {"mean": -0.28821033239364624, "variance": 0.016934819519519806, "std_dev": 0.13013385236263275, "median": -0.3058996796607971, "range": 0.6207359433174133, "iq_range": 0.14142179116606712, "density": 0.23777004101426055, "accuracy": -1.0, "distance": 1.2523798942565918}, "3": {"mean": -0.29329389333724976, "variance": 0.013978701084852219, "std_dev": 0.11823155730962753, "median": -0.32391202449798584, "range": 0.5790396928787231, "iq_range": 0.11163397878408432, "density": 0.24270792891339776, "accuracy": -1.0, "distance": 0.9335490465164185}, "4": {"mean": -0.28590670228004456, "variance": 0.018257347866892815, "std_dev": 0.1351197510957718, "median": -0.30347925424575806, "range": 0.6207359433174133, "iq_range": 0.17103691399097443, "density": 0.23658675578394045, "accuracy": 1.0, "distance": 0.8959674835205078}, "5": {"mean": -0.2858332395553589, "variance": 0.018299343064427376, "std_dev": 0.13527506589889526, "median": -0.3000528812408447, "range": 0.6179154515266418, "iq_range": 0.16885747388005257, "density": 0.23661677107391996, "accuracy": 1.0, "distance": 0.7361737489700317}, "6": {"mean": -0.2830081582069397, "variance": 0.019906383007764816, "std_dev": 0.14108997583389282, "median": -0.2932294011116028, "range": 0.6288361549377441, "iq_range": 0.16730109229683876, "density": 0.23672009218432394, "accuracy": -1.0, "distance": 0.9301033020019531}, "7": {"mean": -0.29273509979248047, "variance": 0.014306173659861088, "std_dev": 0.11960841715335846, "median": -0.32391202449798584, "range": 0.56411212682724, "iq_range": 0.11827719956636429, "density": 0.2387666708241624, "accuracy": -1.0, "distance": 0.7426177263259888}, "8": {"mean": -0.2869711220264435, "variance": 0.017647579312324524, "std_dev": 0.13284419476985931, "median": -0.3056723475456238, "range": 0.6600216627120972, "iq_range": 0.156585231423378, "density": 0.23753082685829813, "accuracy": -1.0, "distance": 1.1042829751968384}, "9": {"mean": -0.2885191738605499, "variance": 0.016756700351834297, "std_dev": 0.12944766879081726, "median": -0.30670157074928284, "range": 0.6079211831092834, "iq_range": 0.1421033889055252, "density": 0.23769354140082322, "accuracy": 1.0, "distance": 0.9934042096138}, "10": {"mean": -0.29036515951156616, "variance": 0.015688052400946617, "std_dev": 0.12525194883346558, "median": -0.31624650955200195, "range": 0.6288362145423889, "iq_range": 0.13396339863538742, "density": 0.23995270131499002, "accuracy": 1.0, "distance": 0.7403780221939087}, "11": {"mean": -0.2859728932380676, "variance": 0.01821949891746044, "std_dev": 0.13497962057590485, "median": -0.3056826591491699, "range": 0.6600216627120972, "iq_range": 0.16643354669213295, "density": 0.23209849140565156, "accuracy": -1.0, "distance": 0.8154959678649902}, "12": {"mean": -0.28906816244125366, "variance": 0.016439590603113174, "std_dev": 0.1282169669866562, "median": -0.3149803876876831, "range": 0.6288362145423889, "iq_range": 0.13320031017065048, "density": 0.24455655460898373, "accuracy": -1.0, "distance": 0.9193589687347412}, "13": {"mean": -0.2840505838394165, "variance": 0.019315268844366074, "std_dev": 0.13897937536239624, "median": -0.2977246046066284, "range": 0.6288362145423889, "iq_range": 0.16613085940480232, "density": 0.2346830579703262, "accuracy": 1.0, "distance": 1.3564718961715698}, "14": {"mean": -0.28331518173217773, "variance": 0.019732508808374405, "std_dev": 0.1404724419116974, "median": -0.29418596625328064, "range": 0.6288362145423889, "iq_range": 0.17151251807808876, "density": 0.23497498259398356, "accuracy": -1.0, "distance": 1.0612841844558716}}