{"0": {"mean": -0.2928871214389801, "variance": 0.014217138290405273, "std_dev": 0.11923564225435257, "median": -0.3211735785007477, "range": 0.6079211831092834, "iq_range": 0.10983888059854507, "density": 0.2396517506040924, "accuracy": 1.0, "distance": 0.5535467267036438}, "1": {"mean": -0.2846613824367523, "variance": 0.01896791160106659, "std_dev": 0.13772404193878174, "median": -0.301190048456192, "range": 0.6600216627120972, "iq_range": 0.16313229128718376, "density": 0.23445946000817225, "accuracy": -1.0, "distance": 1.5456337928771973}, "2": {"mean": -0.29172036051750183, "variance": 0.014899221248924732, "std_dev": 0.12206236273050308, "median": -0.3165639638900757, "range": 0.6207359433174133, "iq_range": 0.12269721552729607, "density": 0.23556695066619085, "accuracy": -1.0, "distance": 0.48790594935417175}, "3": {"mean": -0.28665977716445923, "variance": 0.01782616227865219, "std_dev": 0.1335146576166153, "median": -0.3050587475299835, "range": 0.6600216627120972, "iq_range": 0.15599071234464645, "density": 0.2350201509823478, "accuracy": -1.0, "distance": 1.0243929624557495}, "4": {"mean": -0.29187342524528503, "variance": 0.014809899032115936, "std_dev": 0.12169592827558517, "median": -0.31943991780281067, "range": 0.6079211831092834, "iq_range": 0.11393621563911438, "density": 0.24551571435424205, "accuracy": 1.0, "distance": 1.2095502614974976}, "5": {"mean": -0.2874756157398224, "variance": 0.01735777221620083, "std_dev": 0.13174889981746674, "median": -0.30429425835609436, "range": 0.6191851496696472, "iq_range": 0.15609333664178848, "density": 0.23542676171181318, "accuracy": -1.0, "distance": 1.3901355266571045}, "6": {"mean": -0.29186612367630005, "variance": 0.014814178459346294, "std_dev": 0.12171351164579391, "median": -0.32005664706230164, "range": 0.6288362145423889, "iq_range": 0.11564704030752182, "density": 0.24363212015165797, "accuracy": 1.0, "distance": 0.22713035345077515}, "7": {"mean": -0.2867982089519501, "variance": 0.017746787518262863, "std_dev": 0.13321706652641296, "median": -0.30878424644470215, "range": 0.6288362145423889, "iq_range": 0.16095462813973427, "density": 0.23576153190681662, "accuracy": 1.0, "distance": 0.9134939312934875}, "8": {"mean": -0.282856822013855, "variance": 0.019992008805274963, "std_dev": 0.14139309525489807, "median": -0.29104602336883545, "range": 0.6191851496696472, "iq_range": 0.17542218044400215, "density": 0.23468117888232778, "accuracy": 1.0, "distance": 0.8164820075035095}, "9": {"mean": -0.28529682755470276, "variance": 0.018605735152959824, "std_dev": 0.13640284538269043, "median": -0.30357110500335693, "range": 0.6288362145423889, "iq_range": 0.16537408530712128, "density": 0.23520143381394043, "accuracy": 1.0, "distance": 0.7917789816856384}, "10": {"mean": -0.2882442772388458, "variance": 0.016915233805775642, "std_dev": 0.13005857169628143, "median": -0.31271278858184814, "range": 0.6146379113197327, "iq_range": 0.13915010541677475, "density": 0.2378857912525113, "accuracy": -1.0, "distance": 1.1606440544128418}, "11": {"mean": -0.28491440415382385, "variance": 0.018823787569999695, "std_dev": 0.13719980418682098, "median": -0.2970902919769287, "range": 0.6600216627120972, "iq_range": 0.17280493676662445, "density": 0.23300688652623078, "accuracy": -1.0, "distance": 1.2759037017822266}, "12": {"mean": -0.2895761728286743, "variance": 0.016145622357726097, "std_dev": 0.12706542015075684, "median": -0.318783700466156, "range": 0.6191851496696472, "iq_range": 0.14639977738261223, "density": 0.24219436059501448, "accuracy": 1.0, "distance": 1.2012889385223389}, "13": {"mean": -0.28396075963974, "variance": 0.019366277381777763, "std_dev": 0.13916277885437012, "median": -0.2961727976799011, "range": 0.6191851496696472, "iq_range": 0.17963507771492004, "density": 0.2362250539390408, "accuracy": -1.0, "distance": 0.954165518283844}, "14": {"mean": -0.2864711880683899, "variance": 0.01793426088988781, "std_dev": 0.1339188665151596, "median": -0.3059065043926239, "range": 0.6600216627120972, "iq_range": 0.15531516820192337, "density": 0.23464800832045096, "accuracy": 1.0, "distance": 0.7940911650657654}}