{"0": {"mean": -0.2835247218608856, "variance": 0.019613735377788544, "std_dev": 0.1400490403175354, "median": -0.2946524918079376, "range": 0.6600216627120972, "iq_range": 0.1724192425608635, "density": 0.233325128331487, "accuracy": -1.0, "distance": 1.552389144897461}, "1": {"mean": -0.2860557734966278, "variance": 0.018172087147831917, "std_dev": 0.1348038911819458, "median": -0.3016299605369568, "range": 0.6179154515266418, "iq_range": 0.1705421656370163, "density": 0.23693520038423266, "accuracy": 1.0, "distance": 0.5494987368583679}, "2": {"mean": -0.2836230397224426, "variance": 0.019557980820536613, "std_dev": 0.13984985649585724, "median": -0.29624760150909424, "range": 0.6288361549377441, "iq_range": 0.17103343456983566, "density": 0.23536314056852842, "accuracy": -1.0, "distance": 1.289422869682312}, "3": {"mean": -0.28674954175949097, "variance": 0.01777469553053379, "std_dev": 0.13332177698612213, "median": -0.30555063486099243, "range": 0.6179154515266418, "iq_range": 0.17149343341588974, "density": 0.2390629770457026, "accuracy": -1.0, "distance": 1.0025867223739624}, "4": {"mean": -0.2888362407684326, "variance": 0.01657363399863243, "std_dev": 0.1287386268377304, "median": -0.30567964911460876, "range": 0.6600216627120972, "iq_range": 0.14981158077716827, "density": 0.23763608020982274, "accuracy": -1.0, "distance": 1.411320686340332}, "5": {"mean": -0.29164934158325195, "variance": 0.014940662309527397, "std_dev": 0.12223200500011444, "median": -0.32071053981781006, "range": 0.6179154515266418, "iq_range": 0.11695975810289383, "density": 0.24273151889183123, "accuracy": -1.0, "distance": 1.1505756378173828}, "6": {"mean": -0.2878534495830536, "variance": 0.017140401527285576, "std_dev": 0.1309213489294052, "median": -0.3045175075531006, "range": 0.6600216627120972, "iq_range": 0.1424563191831112, "density": 0.2389767059524673, "accuracy": -1.0, "distance": 1.2153240442276}, "7": {"mean": -0.2868214249610901, "variance": 0.017733490094542503, "std_dev": 0.13316714763641357, "median": -0.30265235900878906, "range": 0.6600216627120972, "iq_range": 0.16173050925135612, "density": 0.2341240203466522, "accuracy": 1.0, "distance": 0.6909659504890442}, "8": {"mean": -0.2862115502357483, "variance": 0.01808294840157032, "std_dev": 0.13447284698486328, "median": -0.3042536675930023, "range": 0.6288361549377441, "iq_range": 0.15225115418434143, "density": 0.23991048260022535, "accuracy": 1.0, "distance": 1.0046509504318237}, "9": {"mean": -0.2886394262313843, "variance": 0.016687283292412758, "std_dev": 0.12917926907539368, "median": -0.30592620372772217, "range": 0.6600216627120972, "iq_range": 0.1513357199728489, "density": 0.23615458865050878, "accuracy": -1.0, "distance": 0.7357540726661682}, "10": {"mean": -0.28994330763816833, "variance": 0.015932906419038773, "std_dev": 0.12622562050819397, "median": -0.31727010011672974, "range": 0.6288361549377441, "iq_range": 0.12801403552293777, "density": 0.24454038995216984, "accuracy": -1.0, "distance": 1.518251895904541}, "11": {"mean": -0.28599852323532104, "variance": 0.01820484548807144, "std_dev": 0.13492533564567566, "median": -0.29871493577957153, "range": 0.6207359433174133, "iq_range": 0.1601121537387371, "density": 0.2369429345089952, "accuracy": 1.0, "distance": 1.0421407222747803}, "12": {"mean": -0.2866649031639099, "variance": 0.0178232304751873, "std_dev": 0.13350367546081543, "median": -0.3047123849391937, "range": 0.6191851496696472, "iq_range": 0.15152756497263908, "density": 0.23498138460281084, "accuracy": 1.0, "distance": 0.9017125368118286}, "13": {"mean": -0.28991663455963135, "variance": 0.015948353335261345, "std_dev": 0.12628678977489471, "median": -0.31784602999687195, "range": 0.6288362145423889, "iq_range": 0.1254662238061428, "density": 0.24462056896134593, "accuracy": 1.0, "distance": 1.5486552715301514}, "14": {"mean": -0.2832864820957184, "variance": 0.019748782739043236, "std_dev": 0.14053036272525787, "median": -0.29797470569610596, "range": 0.6600216627120972, "iq_range": 0.17831707745790482, "density": 0.23443109757110914, "accuracy": -1.0, "distance": 1.6386327743530273}}