{"0": {"mean": -0.2914749085903168, "variance": 0.015042377635836601, "std_dev": 0.12264736741781235, "median": -0.31967684626579285, "range": 0.6288362145423889, "iq_range": 0.12234268337488174, "density": 0.24488841378367893, "accuracy": 1.0, "distance": 0.5900546908378601}, "1": {"mean": -0.2839934825897217, "variance": 0.01934770867228508, "std_dev": 0.13909603655338287, "median": -0.29292750358581543, "range": 0.6288362145423889, "iq_range": 0.17343752831220627, "density": 0.23678859069105598, "accuracy": -1.0, "distance": 1.0855793952941895}, "2": {"mean": -0.28819069266319275, "variance": 0.016946107149124146, "std_dev": 0.13017721474170685, "median": -0.3102080821990967, "range": 0.6600216627120972, "iq_range": 0.14733489602804184, "density": 0.2357316369343662, "accuracy": -1.0, "distance": 1.0301913022994995}, "3": {"mean": -0.28930237889289856, "variance": 0.016304129734635353, "std_dev": 0.12768763303756714, "median": -0.3090742528438568, "range": 0.6600216627120972, "iq_range": 0.13314899057149887, "density": 0.23699804099557498, "accuracy": -1.0, "distance": 0.9341615438461304}, "4": {"mean": -0.28912103176116943, "variance": 0.016409024596214294, "std_dev": 0.12809771299362183, "median": -0.31165677309036255, "range": 0.6207359433174133, "iq_range": 0.1358671970665455, "density": 0.23582805832179143, "accuracy": -1.0, "distance": 1.0310673713684082}, "5": {"mean": -0.2910752296447754, "variance": 0.015275221318006516, "std_dev": 0.12359296530485153, "median": -0.31968867778778076, "range": 0.5918647646903992, "iq_range": 0.125414926558733, "density": 0.24149880124360987, "accuracy": -1.0, "distance": 0.6592094302177429}, "6": {"mean": -0.2828861176967621, "variance": 0.01997544802725315, "std_dev": 0.14133451879024506, "median": -0.2937888503074646, "range": 0.6288362145423889, "iq_range": 0.18998488038778305, "density": 0.2371443682968773, "accuracy": 1.0, "distance": 1.2933510541915894}, "7": {"mean": -0.28598901629447937, "variance": 0.018210293725132942, "std_dev": 0.13494552671909332, "median": -0.29951298236846924, "range": 0.6600216627120972, "iq_range": 0.1577853001654148, "density": 0.23330259174583345, "accuracy": -1.0, "distance": 0.8372134566307068}, "8": {"mean": -0.28554272651672363, "variance": 0.01846536435186863, "std_dev": 0.13588732481002808, "median": -0.3066680133342743, "range": 0.6600216627120972, "iq_range": 0.16668115928769112, "density": 0.23572073658298262, "accuracy": 1.0, "distance": 0.8579556345939636}, "9": {"mean": -0.287854939699173, "variance": 0.017139533534646034, "std_dev": 0.13091804087162018, "median": -0.3092060685157776, "range": 0.6600216627120972, "iq_range": 0.14143610000610352, "density": 0.2351174662201488, "accuracy": 1.0, "distance": 0.7259183526039124}, "10": {"mean": -0.2852023243904114, "variance": 0.018659623339772224, "std_dev": 0.13660022616386414, "median": -0.2965233623981476, "range": 0.6146379113197327, "iq_range": 0.16155856102705002, "density": 0.23338622519765573, "accuracy": 1.0, "distance": 0.7157304883003235}, "11": {"mean": -0.2867808938026428, "variance": 0.017756717279553413, "std_dev": 0.13325433433055878, "median": -0.3098519444465637, "range": 0.6600216627120972, "iq_range": 0.15602057427167892, "density": 0.23894747517374482, "accuracy": 1.0, "distance": 1.078810453414917}, "12": {"mean": -0.28631365299224854, "variance": 0.01802447810769081, "std_dev": 0.1342552751302719, "median": -0.3033779263496399, "range": 0.6288362145423889, "iq_range": 0.15495996549725533, "density": 0.23523413370177135, "accuracy": -1.0, "distance": 0.9159850478172302}, "13": {"mean": -0.2882601320743561, "variance": 0.01690608263015747, "std_dev": 0.13002339005470276, "median": -0.31402796506881714, "range": 0.6288359761238098, "iq_range": 0.13825884833931923, "density": 0.2432481590301199, "accuracy": 1.0, "distance": 0.9652270674705505}, "14": {"mean": -0.2870171368122101, "variance": 0.017621155828237534, "std_dev": 0.132744699716568, "median": -0.3051011860370636, "range": 0.6600216627120972, "iq_range": 0.14935194700956345, "density": 0.2331723482128432, "accuracy": -1.0, "distance": 0.9728919863700867}}