{"0": {"mean": -0.2879382073879242, "variance": 0.017091596499085426, "std_dev": 0.13073483109474182, "median": -0.30569353699684143, "range": 0.6207359433174133, "iq_range": 0.15107513219118118, "density": 0.23600257855989365, "accuracy": -1.0, "distance": 1.1499513387680054}, "1": {"mean": -0.2868865430355072, "variance": 0.017696108669042587, "std_dev": 0.13302671909332275, "median": -0.3001615107059479, "range": 0.6207359433174133, "iq_range": 0.15817775949835777, "density": 0.23348543542763545, "accuracy": 1.0, "distance": 0.5525974035263062}, "2": {"mean": -0.28642749786376953, "variance": 0.017959296703338623, "std_dev": 0.13401229679584503, "median": -0.30564337968826294, "range": 0.6600216627120972, "iq_range": 0.1617669276893139, "density": 0.23724384059548267, "accuracy": -1.0, "distance": 1.1581379175186157}, "3": {"mean": -0.28649094700813293, "variance": 0.017922943457961082, "std_dev": 0.13387659192085266, "median": -0.30324167013168335, "range": 0.6207359433174133, "iq_range": 0.1625896580517292, "density": 0.23349334256854967, "accuracy": -1.0, "distance": 0.8164955973625183}, "4": {"mean": -0.28712427616119385, "variance": 0.017559656873345375, "std_dev": 0.13251285254955292, "median": -0.30393505096435547, "range": 0.6288362145423889, "iq_range": 0.1545291319489479, "density": 0.23651285037781192, "accuracy": -1.0, "distance": 0.8778981566429138}, "5": {"mean": -0.293054461479187, "variance": 0.014119070954620838, "std_dev": 0.11882369965314865, "median": -0.3223041594028473, "range": 0.6079211831092834, "iq_range": 0.11007921397686005, "density": 0.24451761583936701, "accuracy": 1.0, "distance": 0.2628639340400696}, "6": {"mean": -0.2872545123100281, "variance": 0.01748485676944256, "std_dev": 0.13223031163215637, "median": -0.3075537085533142, "range": 0.6207359433174133, "iq_range": 0.15786132961511612, "density": 0.23593645282317943, "accuracy": -1.0, "distance": 1.0506670475006104}, "7": {"mean": -0.2850925028324127, "variance": 0.01872226409614086, "std_dev": 0.13682933151721954, "median": -0.2997959852218628, "range": 0.6288362145423889, "iq_range": 0.16589979827404022, "density": 0.23286514886820528, "accuracy": -1.0, "distance": 0.8896006941795349}, "8": {"mean": -0.2842407822608948, "variance": 0.0192071832716465, "std_dev": 0.1385899782180786, "median": -0.293774276971817, "range": 0.6288362145423889, "iq_range": 0.16995685920119286, "density": 0.23577653179320318, "accuracy": 1.0, "distance": 0.6866422295570374}, "9": {"mean": -0.28844311833381653, "variance": 0.016800548881292343, "std_dev": 0.12961693108081818, "median": -0.3056613802909851, "range": 0.6600216627120972, "iq_range": 0.1421375498175621, "density": 0.23689902726949782, "accuracy": -1.0, "distance": 1.1994855403900146}, "10": {"mean": -0.2837807238101959, "variance": 0.01946849934756756, "std_dev": 0.13952957093715668, "median": -0.2940218150615692, "range": 0.6288362145423889, "iq_range": 0.17493220046162605, "density": 0.2362578275105544, "accuracy": 1.0, "distance": 1.3665066957473755}, "11": {"mean": -0.29018914699554443, "variance": 0.015790244564414024, "std_dev": 0.12565924227237701, "median": -0.30747753381729126, "range": 0.6600216627120972, "iq_range": 0.13403023034334183, "density": 0.23584198690569022, "accuracy": -1.0, "distance": 1.0404105186462402}, "12": {"mean": -0.28517717123031616, "variance": 0.018673980608582497, "std_dev": 0.13665276765823364, "median": -0.2963427007198334, "range": 0.6191851496696472, "iq_range": 0.16165436431765556, "density": 0.23404540950302197, "accuracy": 1.0, "distance": 0.6221795678138733}, "13": {"mean": -0.28543826937675476, "variance": 0.01852499507367611, "std_dev": 0.13610655069351196, "median": -0.309844970703125, "range": 0.6600216627120972, "iq_range": 0.16649271547794342, "density": 0.23547341148673748, "accuracy": 1.0, "distance": 1.355692744255066}, "14": {"mean": -0.28783661127090454, "variance": 0.01715008355677128, "std_dev": 0.13095833361148834, "median": -0.30913376808166504, "range": 0.6600216627120972, "iq_range": 0.14219505339860916, "density": 0.23298784089381025, "accuracy": 1.0, "distance": 0.7766722440719604}}