{"0": {"mean": -0.2866824269294739, "variance": 0.017813177779316902, "std_dev": 0.13346602022647858, "median": -0.30853402614593506, "range": 0.6007345914840698, "iq_range": 0.16373464092612267, "density": 0.23545552671824418, "accuracy": 1.0, "distance": 0.2489863783121109}, "1": {"mean": -0.2924967110157013, "variance": 0.014445695094764233, "std_dev": 0.12019024789333344, "median": -0.32035624980926514, "range": 0.6007345914840698, "iq_range": 0.11485408991575241, "density": 0.23936532436709962, "accuracy": -1.0, "distance": 1.0028995275497437}, "2": {"mean": -0.2889716625213623, "variance": 0.016495388001203537, "std_dev": 0.12843437492847443, "median": -0.30908241868019104, "range": 0.6207359433174133, "iq_range": 0.14994389191269875, "density": 0.23640100358290095, "accuracy": -1.0, "distance": 0.4555491805076599}, "3": {"mean": -0.2848736643791199, "variance": 0.018847014755010605, "std_dev": 0.13728442788124084, "median": -0.29825735092163086, "range": 0.6191851496696472, "iq_range": 0.16395660117268562, "density": 0.23414745921945826, "accuracy": 1.0, "distance": 0.8248589634895325}, "4": {"mean": -0.28613361716270447, "variance": 0.018127571791410446, "std_dev": 0.13463866710662842, "median": -0.2995280623435974, "range": 0.6288362145423889, "iq_range": 0.15677141025662422, "density": 0.23537323036086194, "accuracy": -1.0, "distance": 0.7487406730651855}, "5": {"mean": -0.2862388789653778, "variance": 0.018067294731736183, "std_dev": 0.1344146430492401, "median": -0.30377650260925293, "range": 0.5967985987663269, "iq_range": 0.17292089387774467, "density": 0.2355040114691417, "accuracy": 1.0, "distance": 0.3237995505332947}, "6": {"mean": -0.2884795367717743, "variance": 0.016779564321041107, "std_dev": 0.1295359581708908, "median": -0.3116215765476227, "range": 0.6600216627120972, "iq_range": 0.1406516134738922, "density": 0.23484144896396167, "accuracy": 1.0, "distance": 0.8656714558601379}, "7": {"mean": -0.2872132658958435, "variance": 0.01750856079161167, "std_dev": 0.13231991231441498, "median": -0.3051917552947998, "range": 0.6288362145423889, "iq_range": 0.15776240825653076, "density": 0.23534105415622542, "accuracy": -1.0, "distance": 0.6935193538665771}, "8": {"mean": -0.2838549315929413, "variance": 0.019426394253969193, "std_dev": 0.1393786072731018, "median": -0.29464367032051086, "range": 0.6288361549377441, "iq_range": 0.16257598623633385, "density": 0.23558447092524823, "accuracy": -1.0, "distance": 0.8522627353668213}, "9": {"mean": -0.29082754254341125, "variance": 0.01541934534907341, "std_dev": 0.12417465448379517, "median": -0.3186381459236145, "range": 0.6191851496696472, "iq_range": 0.12666502594947815, "density": 0.2408341059271841, "accuracy": -1.0, "distance": 1.0346261262893677}, "10": {"mean": -0.2835782468318939, "variance": 0.019583377987146378, "std_dev": 0.13994061946868896, "median": -0.2980939745903015, "range": 0.6288361549377441, "iq_range": 0.17247533798217773, "density": 0.23340865500128014, "accuracy": 1.0, "distance": 0.7229815125465393}, "11": {"mean": -0.2882571816444397, "variance": 0.01690780371427536, "std_dev": 0.13003000617027283, "median": -0.30621108412742615, "range": 0.6600216627120972, "iq_range": 0.13902101665735245, "density": 0.23868342848513274, "accuracy": -1.0, "distance": 1.133966326713562}, "12": {"mean": -0.2924799621105194, "variance": 0.014455484226346016, "std_dev": 0.12023096531629562, "median": -0.32257965207099915, "range": 0.6288362145423889, "iq_range": 0.11545295268297195, "density": 0.24200918352945375, "accuracy": -1.0, "distance": 1.3483978509902954}, "13": {"mean": -0.29049694538116455, "variance": 0.015611511655151844, "std_dev": 0.12494603544473648, "median": -0.3157946467399597, "range": 0.6600216627120972, "iq_range": 0.1351616010069847, "density": 0.23409941736753836, "accuracy": -1.0, "distance": 1.0834323167800903}, "14": {"mean": -0.28313642740249634, "variance": 0.0198337621986866, "std_dev": 0.14083239436149597, "median": -0.29199308156967163, "range": 0.6288362145423889, "iq_range": 0.17376325652003288, "density": 0.23658712247464592, "accuracy": 1.0, "distance": 1.0179097652435303}}