{"0": {"mean": -0.28790080547332764, "variance": 0.017113124951720238, "std_dev": 0.13081714510917664, "median": -0.31006261706352234, "range": 0.6207359433174133, "iq_range": 0.13793744146823883, "density": 0.23939057555102944, "accuracy": 1.0, "distance": 0.9579359292984009}, "1": {"mean": -0.28803229331970215, "variance": 0.017037399113178253, "std_dev": 0.13052739202976227, "median": -0.3037927746772766, "range": 0.6600216627120972, "iq_range": 0.1471753790974617, "density": 0.23560361149607753, "accuracy": -1.0, "distance": 0.7909265160560608}, "2": {"mean": -0.2861543595790863, "variance": 0.018115689978003502, "std_dev": 0.13459454476833344, "median": -0.305741548538208, "range": 0.6600216627120972, "iq_range": 0.1586642935872078, "density": 0.23341306305377074, "accuracy": 1.0, "distance": 0.8212656378746033}, "3": {"mean": -0.2927861511707306, "variance": 0.014276271685957909, "std_dev": 0.1194833517074585, "median": -0.3199504017829895, "range": 0.6288362145423889, "iq_range": 0.11342443525791168, "density": 0.2471914240504806, "accuracy": -1.0, "distance": 0.9474863409996033}, "4": {"mean": -0.2900226414203644, "variance": 0.015886865556240082, "std_dev": 0.12604311108589172, "median": -0.31101933121681213, "range": 0.6207359433174133, "iq_range": 0.12960714846849442, "density": 0.235056392113753, "accuracy": 1.0, "distance": 0.6630749702453613}, "5": {"mean": -0.2863902151584625, "variance": 0.017980633303523064, "std_dev": 0.13409188389778137, "median": -0.31019794940948486, "range": 0.6007345914840698, "iq_range": 0.1673184037208557, "density": 0.2343383129570361, "accuracy": 1.0, "distance": 0.47249773144721985}, "6": {"mean": -0.2887333333492279, "variance": 0.016633057966828346, "std_dev": 0.128969207406044, "median": -0.3085162937641144, "range": 0.6600216627120972, "iq_range": 0.13655486330389977, "density": 0.23497022305913956, "accuracy": 1.0, "distance": 0.3969443142414093}, "7": {"mean": -0.2867995500564575, "variance": 0.01774602197110653, "std_dev": 0.13321419060230255, "median": -0.3037681579589844, "range": 0.6600216627120972, "iq_range": 0.15039043873548508, "density": 0.23378142582458147, "accuracy": -1.0, "distance": 1.2636061906814575}, "8": {"mean": -0.28955113887786865, "variance": 0.016160141676664352, "std_dev": 0.12712255120277405, "median": -0.31106555461883545, "range": 0.6079211831092834, "iq_range": 0.13694418594241142, "density": 0.23410917441520918, "accuracy": 1.0, "distance": 0.2305409163236618}, "9": {"mean": -0.28757092356681824, "variance": 0.017302967607975006, "std_dev": 0.13154074549674988, "median": -0.3114040493965149, "range": 0.5807036757469177, "iq_range": 0.156874880194664, "density": 0.23594620459582807, "accuracy": 1.0, "distance": 0.4625377953052521}, "10": {"mean": -0.28564098477363586, "variance": 0.018409227952361107, "std_dev": 0.13568061590194702, "median": -0.3052365481853485, "range": 0.6207359433174133, "iq_range": 0.1651504561305046, "density": 0.236454206667911, "accuracy": 1.0, "distance": 0.9943018555641174}, "11": {"mean": -0.2894575893878937, "variance": 0.016214309260249138, "std_dev": 0.12733541429042816, "median": -0.314487099647522, "range": 0.6288362145423889, "iq_range": 0.1345120519399643, "density": 0.24127758904369206, "accuracy": 1.0, "distance": 0.7387123107910156}, "12": {"mean": -0.288858562707901, "variance": 0.01656072959303856, "std_dev": 0.1286884993314743, "median": -0.30652856826782227, "range": 0.6007345914840698, "iq_range": 0.1398666836321354, "density": 0.23212899905404388, "accuracy": 1.0, "distance": 0.44825252890586853}, "13": {"mean": -0.28822192549705505, "variance": 0.01692812517285347, "std_dev": 0.13010813295841217, "median": -0.3089149594306946, "range": 0.6135308146476746, "iq_range": 0.1604117900133133, "density": 0.23776471963124837, "accuracy": 1.0, "distance": 0.16220378875732422}, "14": {"mean": -0.2826676070690155, "variance": 0.020099017769098282, "std_dev": 0.14177100360393524, "median": -0.29253268241882324, "range": 0.6288362145423889, "iq_range": 0.16892167925834656, "density": 0.2351252062659368, "accuracy": 1.0, "distance": 0.6173310875892639}}