{"0": {"mean": -0.28554418683052063, "variance": 0.018464507535099983, "std_dev": 0.13588416576385498, "median": -0.3008936643600464, "range": 0.6207359433174133, "iq_range": 0.16909518092870712, "density": 0.23520062004880044, "accuracy": 1.0, "distance": 0.7301727533340454}, "1": {"mean": -0.2873446047306061, "variance": 0.017433060333132744, "std_dev": 0.1320343166589737, "median": -0.30849361419677734, "range": 0.6191851496696472, "iq_range": 0.1460224650800228, "density": 0.233844089977376, "accuracy": 1.0, "distance": 1.2357388734817505}, "2": {"mean": -0.286642462015152, "variance": 0.01783609762787819, "std_dev": 0.13355185091495514, "median": -0.3114002048969269, "range": 0.6079211831092834, "iq_range": 0.16086462512612343, "density": 0.23593890626680425, "accuracy": -1.0, "distance": 0.968295693397522}, "3": {"mean": -0.2899530529975891, "variance": 0.015927229076623917, "std_dev": 0.12620311975479126, "median": -0.30938971042633057, "range": 0.6600216627120972, "iq_range": 0.13759933039546013, "density": 0.2368289370110879, "accuracy": -1.0, "distance": 0.46387380361557007}, "4": {"mean": -0.28101646900177, "variance": 0.021029753610491753, "std_dev": 0.1450163871049881, "median": -0.28546714782714844, "range": 0.6288361549377441, "iq_range": 0.17685247585177422, "density": 0.23488205336100215, "accuracy": -1.0, "distance": 1.3533174991607666}, "5": {"mean": -0.2899490296840668, "variance": 0.015929561108350754, "std_dev": 0.12621235847473145, "median": -0.31246325373649597, "range": 0.6135308146476746, "iq_range": 0.13075591623783112, "density": 0.23456916616105403, "accuracy": -1.0, "distance": 1.16508948802948}, "6": {"mean": -0.2882464826107025, "variance": 0.016913961619138718, "std_dev": 0.13005368411540985, "median": -0.3100276589393616, "range": 0.6600216627120972, "iq_range": 0.14165976271033287, "density": 0.23613585425744144, "accuracy": 1.0, "distance": 0.4226533770561218}, "7": {"mean": -0.2860724925994873, "variance": 0.01816253922879696, "std_dev": 0.13476847112178802, "median": -0.30655917525291443, "range": 0.6600216627120972, "iq_range": 0.1631890907883644, "density": 0.2385132511991462, "accuracy": -1.0, "distance": 0.8781159520149231}, "8": {"mean": -0.2867319881916046, "variance": 0.017784763127565384, "std_dev": 0.13335952162742615, "median": -0.30645644664764404, "range": 0.6600216627120972, "iq_range": 0.1501358598470688, "density": 0.2361385598717403, "accuracy": 1.0, "distance": 1.206681489944458}, "9": {"mean": -0.2862275242805481, "variance": 0.0180737916380167, "std_dev": 0.13443879783153534, "median": -0.3018176555633545, "range": 0.6207359433174133, "iq_range": 0.15879271179437637, "density": 0.23570336715423987, "accuracy": 1.0, "distance": 1.3380151987075806}, "10": {"mean": -0.28789135813713074, "variance": 0.01711856946349144, "std_dev": 0.13083794713020325, "median": -0.30280280113220215, "range": 0.6600216627120972, "iq_range": 0.15451767668128014, "density": 0.23424281194559127, "accuracy": -1.0, "distance": 0.5408488512039185}, "11": {"mean": -0.28724363446235657, "variance": 0.01749110221862793, "std_dev": 0.13225392997264862, "median": -0.3092060685157776, "range": 0.6600216627120972, "iq_range": 0.1433548517525196, "density": 0.23536356824984012, "accuracy": 1.0, "distance": 1.2198559045791626}, "12": {"mean": -0.2919458746910095, "variance": 0.014767604880034924, "std_dev": 0.12152203172445297, "median": -0.31913816928863525, "range": 0.6079211831092834, "iq_range": 0.11712191253900528, "density": 0.2402895052132783, "accuracy": 1.0, "distance": 0.5469566583633423}, "13": {"mean": -0.29044365882873535, "variance": 0.015642482787370682, "std_dev": 0.12506991624832153, "median": -0.317021906375885, "range": 0.6079211831092834, "iq_range": 0.1264246627688408, "density": 0.23839305728989654, "accuracy": 1.0, "distance": 0.6898880004882812}, "14": {"mean": -0.28913983702659607, "variance": 0.01639815978705883, "std_dev": 0.12805530428886414, "median": -0.31327110528945923, "range": 0.6288362145423889, "iq_range": 0.14056921377778053, "density": 0.23837612914803594, "accuracy": 1.0, "distance": 0.7354907989501953}}