{"0": {"mean": -0.28752830624580383, "variance": 0.017327461391687393, "std_dev": 0.13163381814956665, "median": -0.3108806610107422, "range": 0.6207359433174133, "iq_range": 0.15340754389762878, "density": 0.23884412509512953, "accuracy": 1.0, "distance": 0.6103668808937073}, "1": {"mean": -0.2893540561199188, "variance": 0.016274208202958107, "std_dev": 0.12757040560245514, "median": -0.3131188750267029, "range": 0.6600216627120972, "iq_range": 0.1299975924193859, "density": 0.23613763541462393, "accuracy": -1.0, "distance": 0.9159369468688965}, "2": {"mean": -0.2889559864997864, "variance": 0.016504427418112755, "std_dev": 0.1284695565700531, "median": -0.3068278133869171, "range": 0.6600216627120972, "iq_range": 0.13613072037696838, "density": 0.23746170561092797, "accuracy": -1.0, "distance": 0.5103967785835266}, "3": {"mean": -0.28566232323646545, "variance": 0.018397025763988495, "std_dev": 0.1356356292963028, "median": -0.29993119835853577, "range": 0.6288362145423889, "iq_range": 0.16894219815731049, "density": 0.2324338683731823, "accuracy": -1.0, "distance": 0.6331624388694763}, "4": {"mean": -0.2841486930847168, "variance": 0.019259538501501083, "std_dev": 0.13877874612808228, "median": -0.2949695587158203, "range": 0.6013028025627136, "iq_range": 0.16898570582270622, "density": 0.2346156982824357, "accuracy": 1.0, "distance": 1.0260021686553955}, "5": {"mean": -0.2867480516433716, "variance": 0.01777554303407669, "std_dev": 0.13332495093345642, "median": -0.3068457841873169, "range": 0.6191851496696472, "iq_range": 0.15875312313437462, "density": 0.23513504603524568, "accuracy": 1.0, "distance": 0.9451926946640015}, "6": {"mean": -0.2889736294746399, "variance": 0.016494249925017357, "std_dev": 0.12842993438243866, "median": -0.31681084632873535, "range": 0.6079211831092834, "iq_range": 0.14901037141680717, "density": 0.23633520224761506, "accuracy": 1.0, "distance": 0.8101008534431458}, "7": {"mean": -0.2885414958000183, "variance": 0.016743799671530724, "std_dev": 0.12939783930778503, "median": -0.30525052547454834, "range": 0.6600216627120972, "iq_range": 0.13815882056951523, "density": 0.2348331196959864, "accuracy": 1.0, "distance": 0.7508466839790344}, "8": {"mean": -0.2907918691635132, "variance": 0.015440075658261776, "std_dev": 0.12425810098648071, "median": -0.31840604543685913, "range": 0.6288362145423889, "iq_range": 0.12456680089235306, "density": 0.23892075671016952, "accuracy": 1.0, "distance": 0.5546988248825073}, "9": {"mean": -0.28476768732070923, "variance": 0.018907368183135986, "std_dev": 0.13750407099723816, "median": -0.29768240451812744, "range": 0.6288362145423889, "iq_range": 0.1672317124903202, "density": 0.23654331770861306, "accuracy": 1.0, "distance": 0.7327556014060974}, "10": {"mean": -0.29086050391197205, "variance": 0.015400183387100697, "std_dev": 0.12409747391939163, "median": -0.3174858093261719, "range": 0.6207359433174133, "iq_range": 0.1294790841639042, "density": 0.23734171546720464, "accuracy": -1.0, "distance": 0.9393531680107117}, "11": {"mean": -0.2848672866821289, "variance": 0.01885063201189041, "std_dev": 0.1372976005077362, "median": -0.2987865209579468, "range": 0.6288362145423889, "iq_range": 0.16906634718179703, "density": 0.23414294003799532, "accuracy": 1.0, "distance": 1.3171203136444092}, "12": {"mean": -0.2887932062149048, "variance": 0.01659846492111683, "std_dev": 0.1288350224494934, "median": -0.31068897247314453, "range": 0.6207359433174133, "iq_range": 0.14577661454677582, "density": 0.23456405033929978, "accuracy": -1.0, "distance": 0.30674752593040466}, "13": {"mean": -0.2891964018344879, "variance": 0.016365421935915947, "std_dev": 0.12792740762233734, "median": -0.3133287727832794, "range": 0.6079211831092834, "iq_range": 0.1404160037636757, "density": 0.23638059248295992, "accuracy": 1.0, "distance": 0.5242648124694824}, "14": {"mean": -0.28638607263565063, "variance": 0.01798301376402378, "std_dev": 0.1341007649898529, "median": -0.3021225333213806, "range": 0.6600216627120972, "iq_range": 0.16094718873500824, "density": 0.23288805519157316, "accuracy": -1.0, "distance": 1.2733879089355469}}