{"0": {"mean": -0.28784313797950745, "variance": 0.017146319150924683, "std_dev": 0.13094395399093628, "median": -0.30368202924728394, "range": 0.6600216627120972, "iq_range": 0.15041238069534302, "density": 0.2355403602528757, "accuracy": -1.0, "distance": 1.3762727975845337}, "1": {"mean": -0.28279411792755127, "variance": 0.020027467980980873, "std_dev": 0.14151844382286072, "median": -0.2919946610927582, "range": 0.6288362145423889, "iq_range": 0.1720348447561264, "density": 0.23478901556381565, "accuracy": -1.0, "distance": 1.1552437543869019}, "2": {"mean": -0.2875920832157135, "variance": 0.017290806397795677, "std_dev": 0.13149450719356537, "median": -0.30166125297546387, "range": 0.6191851496696472, "iq_range": 0.1451980359852314, "density": 0.234774693415203, "accuracy": -1.0, "distance": 0.945809543132782}, "3": {"mean": -0.28554481267929077, "variance": 0.018464164808392525, "std_dev": 0.1358829140663147, "median": -0.30928850173950195, "range": 0.6288362145423889, "iq_range": 0.15786992758512497, "density": 0.2373169247036306, "accuracy": -1.0, "distance": 1.7046071290969849}, "4": {"mean": -0.2868024408817291, "variance": 0.017744362354278564, "std_dev": 0.13320796191692352, "median": -0.30170971155166626, "range": 0.6135308146476746, "iq_range": 0.16508768126368523, "density": 0.23554995385540184, "accuracy": 1.0, "distance": 1.0759801864624023}, "5": {"mean": -0.2876163423061371, "variance": 0.01727684773504734, "std_dev": 0.13144142925739288, "median": -0.3000200390815735, "range": 0.6600216627120972, "iq_range": 0.14937099441885948, "density": 0.23598862434345927, "accuracy": -1.0, "distance": 0.6130062341690063}, "6": {"mean": -0.29157644510269165, "variance": 0.014983180910348892, "std_dev": 0.12240580469369888, "median": -0.3216949999332428, "range": 0.6288362145423889, "iq_range": 0.12007120996713638, "density": 0.243017588727058, "accuracy": -1.0, "distance": 1.3590019941329956}, "7": {"mean": -0.2859809696674347, "variance": 0.018214881420135498, "std_dev": 0.1349625140428543, "median": -0.303148090839386, "range": 0.6179154515266418, "iq_range": 0.16918952390551567, "density": 0.23843867832935586, "accuracy": 1.0, "distance": 0.670939028263092}, "8": {"mean": -0.2871406078338623, "variance": 0.017550276592373848, "std_dev": 0.13247746229171753, "median": -0.3130413293838501, "range": 0.6079211831092834, "iq_range": 0.1539466716349125, "density": 0.23663275311821075, "accuracy": -1.0, "distance": 1.2597922086715698}, "9": {"mean": -0.2831156551837921, "variance": 0.019845515489578247, "std_dev": 0.14087411761283875, "median": -0.2943611741065979, "range": 0.6288362145423889, "iq_range": 0.17326748371124268, "density": 0.2345656844226726, "accuracy": -1.0, "distance": 1.2136017084121704}, "10": {"mean": -0.2865965664386749, "variance": 0.01786240004003048, "std_dev": 0.1336502879858017, "median": -0.30270928144454956, "range": 0.6600216627120972, "iq_range": 0.1609434001147747, "density": 0.2344686112321379, "accuracy": -1.0, "distance": 1.186834692955017}, "11": {"mean": -0.29123204946517944, "variance": 0.015183881856501102, "std_dev": 0.12322289496660233, "median": -0.3187500238418579, "range": 0.596330463886261, "iq_range": 0.12502359971404076, "density": 0.23887844404207104, "accuracy": -1.0, "distance": 1.349177598953247}, "12": {"mean": -0.2861821949481964, "variance": 0.018099762499332428, "std_dev": 0.13453535735607147, "median": -0.2989314794540405, "range": 0.6207359433174133, "iq_range": 0.15901311859488487, "density": 0.2355110970409001, "accuracy": -1.0, "distance": 0.9709720611572266}, "13": {"mean": -0.28589916229248047, "variance": 0.018261656165122986, "std_dev": 0.1351356953382492, "median": -0.30135011672973633, "range": 0.6179154515266418, "iq_range": 0.17297832667827606, "density": 0.2365636774507745, "accuracy": -1.0, "distance": 0.9058128595352173}, "14": {"mean": -0.2853180766105652, "variance": 0.018593590706586838, "std_dev": 0.1363583207130432, "median": -0.297136127948761, "range": 0.6191851496696472, "iq_range": 0.16618111357092857, "density": 0.23457777349061346, "accuracy": -1.0, "distance": 0.8071244359016418}}