{"0": {"mean": -0.28835999965667725, "variance": 0.016848519444465637, "std_dev": 0.12980183959007263, "median": -0.3038114309310913, "range": 0.6207359433174133, "iq_range": 0.14322645217180252, "density": 0.23528615264576072, "accuracy": -1.0, "distance": 1.3266361951828003}, "1": {"mean": -0.2880111634731293, "variance": 0.017049552872776985, "std_dev": 0.13057394325733185, "median": -0.3088913559913635, "range": 0.6600216627120972, "iq_range": 0.14399763569235802, "density": 0.2338209781956998, "accuracy": 1.0, "distance": 0.9506096243858337}, "2": {"mean": -0.2889358103275299, "variance": 0.01651608571410179, "std_dev": 0.12851493060588837, "median": -0.309844970703125, "range": 0.6600216627120972, "iq_range": 0.13722635433077812, "density": 0.2365330642394927, "accuracy": -1.0, "distance": 0.8813000917434692}, "3": {"mean": -0.2819503843784332, "variance": 0.02050398662686348, "std_dev": 0.1431921273469925, "median": -0.2881733179092407, "range": 0.6288362145423889, "iq_range": 0.18220583721995354, "density": 0.2334074181995403, "accuracy": 1.0, "distance": 0.8354699611663818}, "4": {"mean": -0.28377765417099, "variance": 0.01947023533284664, "std_dev": 0.1395357847213745, "median": -0.29484355449676514, "range": 0.6288362145423889, "iq_range": 0.17162081971764565, "density": 0.23308389560327514, "accuracy": 1.0, "distance": 0.8549010157585144}, "5": {"mean": -0.2899901568889618, "variance": 0.0159057155251503, "std_dev": 0.12611787021160126, "median": -0.3163279592990875, "range": 0.6288360953330994, "iq_range": 0.12343182787299156, "density": 0.2411354180095354, "accuracy": 1.0, "distance": 0.35356688499450684}, "6": {"mean": -0.2885269224643707, "variance": 0.016752231866121292, "std_dev": 0.12943041324615479, "median": -0.30517125129699707, "range": 0.6135308146476746, "iq_range": 0.1476130075752735, "density": 0.23332311410321846, "accuracy": -1.0, "distance": 0.8339734673500061}, "7": {"mean": -0.29299023747444153, "variance": 0.014156731776893139, "std_dev": 0.11898206174373627, "median": -0.32030248641967773, "range": 0.6207359433174133, "iq_range": 0.11677711457014084, "density": 0.24120851127552054, "accuracy": -1.0, "distance": 1.3388686180114746}, "8": {"mean": -0.2872202694416046, "variance": 0.017504505813121796, "std_dev": 0.1323045939207077, "median": -0.30651941895484924, "range": 0.6207359433174133, "iq_range": 0.15954450517892838, "density": 0.23650651057380254, "accuracy": 1.0, "distance": 0.8102665543556213}, "9": {"mean": -0.28557202219963074, "variance": 0.01844862662255764, "std_dev": 0.1358257234096527, "median": -0.3004794120788574, "range": 0.6179154515266418, "iq_range": 0.16360517963767052, "density": 0.23513140853784456, "accuracy": 1.0, "distance": 0.8722841739654541}, "10": {"mean": -0.28470441699028015, "variance": 0.018943404778838158, "std_dev": 0.1376350373029709, "median": -0.29617273807525635, "range": 0.6179154515266418, "iq_range": 0.17762980982661247, "density": 0.2374280613271163, "accuracy": -1.0, "distance": 0.6521787643432617}, "11": {"mean": -0.2886480689048767, "variance": 0.016682296991348267, "std_dev": 0.12915997207164764, "median": -0.30315718054771423, "range": 0.6207359433174133, "iq_range": 0.14741520211100578, "density": 0.23629421865638878, "accuracy": -1.0, "distance": 0.549849271774292}, "12": {"mean": -0.2818359136581421, "variance": 0.020568519830703735, "std_dev": 0.14341729879379272, "median": -0.2862512767314911, "range": 0.6288362145423889, "iq_range": 0.17738059535622597, "density": 0.23401429279356178, "accuracy": 1.0, "distance": 0.8789240717887878}, "13": {"mean": -0.28599733114242554, "variance": 0.018205519765615463, "std_dev": 0.13492783904075623, "median": -0.3036488890647888, "range": 0.6207359433174133, "iq_range": 0.15979794040322304, "density": 0.23669799454284243, "accuracy": 1.0, "distance": 0.7832973599433899}, "14": {"mean": -0.28621840476989746, "variance": 0.018079012632369995, "std_dev": 0.13445821404457092, "median": -0.29818224906921387, "range": 0.6207359433174133, "iq_range": 0.1541743241250515, "density": 0.23459334475397497, "accuracy": -1.0, "distance": 0.9522081613540649}}