{"0": {"mean": -0.2834153473377228, "variance": 0.019675735384225845, "std_dev": 0.14027021825313568, "median": -0.2956375777721405, "range": 0.6288362145423889, "iq_range": 0.1706908755004406, "density": 0.23491844541379414, "accuracy": 1.0, "distance": 0.5268692374229431}, "1": {"mean": -0.2935309112071991, "variance": 0.01383960247039795, "std_dev": 0.11764183640480042, "median": -0.32029134035110474, "range": 0.5784083008766174, "iq_range": 0.11546991765499115, "density": 0.2400504979455645, "accuracy": -1.0, "distance": 0.4444515109062195}, "2": {"mean": -0.2857266068458557, "variance": 0.018360305577516556, "std_dev": 0.1355002075433731, "median": -0.2959282398223877, "range": 0.6207359433174133, "iq_range": 0.1567172072827816, "density": 0.23587231902817818, "accuracy": 1.0, "distance": 0.5761222243309021}, "3": {"mean": -0.28616705536842346, "variance": 0.01810840517282486, "std_dev": 0.1345674693584442, "median": -0.30411297082901, "range": 0.6600216627120972, "iq_range": 0.16203413531184196, "density": 0.2353786387038407, "accuracy": 1.0, "distance": 0.6333940029144287}, "4": {"mean": -0.2874567210674286, "variance": 0.017368612810969353, "std_dev": 0.13179002702236176, "median": -0.30650395154953003, "range": 0.6207359433174133, "iq_range": 0.1480286717414856, "density": 0.23577641559328139, "accuracy": -1.0, "distance": 0.8074613213539124}, "5": {"mean": -0.2852227985858917, "variance": 0.018647950142621994, "std_dev": 0.13655750453472137, "median": -0.2950606942176819, "range": 0.6191851496696472, "iq_range": 0.16311737522482872, "density": 0.23420761504422496, "accuracy": 1.0, "distance": 0.6360761523246765}, "6": {"mean": -0.28889530897140503, "variance": 0.01653950847685337, "std_dev": 0.12860602140426636, "median": -0.3062538504600525, "range": 0.6207359433174133, "iq_range": 0.14508521556854248, "density": 0.23492099556935686, "accuracy": -1.0, "distance": 0.8764735460281372}, "7": {"mean": -0.28630030155181885, "variance": 0.018032120540738106, "std_dev": 0.13428373634815216, "median": -0.3041849732398987, "range": 0.6191851496696472, "iq_range": 0.15561794489622116, "density": 0.23726390405119951, "accuracy": -1.0, "distance": 0.964110791683197}, "8": {"mean": -0.292214959859848, "variance": 0.014610410667955875, "std_dev": 0.12087353318929672, "median": -0.3214312791824341, "range": 0.6207359433174133, "iq_range": 0.11934647709131241, "density": 0.23787779629890987, "accuracy": -1.0, "distance": 0.5490140318870544}, "9": {"mean": -0.28771746158599854, "variance": 0.01721866987645626, "std_dev": 0.13121992349624634, "median": -0.3102439045906067, "range": 0.5918647646903992, "iq_range": 0.14730212837457657, "density": 0.2365827677171804, "accuracy": 1.0, "distance": 0.5902806520462036}, "10": {"mean": -0.2864622175693512, "variance": 0.017939377576112747, "std_dev": 0.13393795490264893, "median": -0.3006269335746765, "range": 0.6600216627120972, "iq_range": 0.15171907097101212, "density": 0.2322244992094232, "accuracy": -1.0, "distance": 1.2819141149520874}, "11": {"mean": -0.2900374233722687, "variance": 0.01587829366326332, "std_dev": 0.12600910663604736, "median": -0.3133222460746765, "range": 0.596330463886261, "iq_range": 0.13135718926787376, "density": 0.236123278828731, "accuracy": -1.0, "distance": 0.9418835043907166}, "12": {"mean": -0.288017213344574, "variance": 0.017046088352799416, "std_dev": 0.13056066632270813, "median": -0.303729772567749, "range": 0.6600216627120972, "iq_range": 0.14271504431962967, "density": 0.23477871804267242, "accuracy": 1.0, "distance": 0.7802416086196899}, "13": {"mean": -0.2839163839817047, "variance": 0.019391492009162903, "std_dev": 0.13925333321094513, "median": -0.2922366261482239, "range": 0.6191851496696472, "iq_range": 0.17063182964920998, "density": 0.23614785027668703, "accuracy": 1.0, "distance": 0.4983380436897278}, "14": {"mean": -0.2867925763130188, "variance": 0.01775001361966133, "std_dev": 0.13322918117046356, "median": -0.30400189757347107, "range": 0.6600216627120972, "iq_range": 0.1448473371565342, "density": 0.23410167454711156, "accuracy": -1.0, "distance": 1.4270555973052979}}