{"0": {"mean": -0.2914317548274994, "variance": 0.01506753172725439, "std_dev": 0.12274987250566483, "median": -0.31967684626579285, "range": 0.6179154515266418, "iq_range": 0.1261984519660473, "density": 0.24420947675976046, "accuracy": 1.0, "distance": 0.883518636226654}, "1": {"mean": -0.288054496049881, "variance": 0.017024608328938484, "std_dev": 0.1304783821105957, "median": -0.3031783699989319, "range": 0.6600216627120972, "iq_range": 0.14581431075930595, "density": 0.23419895810424365, "accuracy": -1.0, "distance": 0.7728558778762817}, "2": {"mean": -0.28361254930496216, "variance": 0.01956392265856266, "std_dev": 0.13987109065055847, "median": -0.29706376791000366, "range": 0.6288362145423889, "iq_range": 0.17012343555688858, "density": 0.23430028341088105, "accuracy": 1.0, "distance": 1.306776762008667}, "3": {"mean": -0.28609228134155273, "variance": 0.01815120130777359, "std_dev": 0.1347263902425766, "median": -0.2965121269226074, "range": 0.6207359433174133, "iq_range": 0.15601376071572304, "density": 0.2333127673151698, "accuracy": -1.0, "distance": 0.3551417589187622}, "4": {"mean": -0.2869599163532257, "variance": 0.017653992399573326, "std_dev": 0.13286833465099335, "median": -0.3114040493965149, "range": 0.6207359433174133, "iq_range": 0.15813946723937988, "density": 0.24013591840021217, "accuracy": -1.0, "distance": 1.3159222602844238}, "5": {"mean": -0.28513768315315247, "variance": 0.018696486949920654, "std_dev": 0.13673509657382965, "median": -0.30314069986343384, "range": 0.6191851496696472, "iq_range": 0.17472827807068825, "density": 0.23599773204380284, "accuracy": 1.0, "distance": 0.869219183921814}, "6": {"mean": -0.28713667392730713, "variance": 0.017552530393004417, "std_dev": 0.13248595595359802, "median": -0.3037434220314026, "range": 0.6600216627120972, "iq_range": 0.15913325920701027, "density": 0.23536597460612738, "accuracy": -1.0, "distance": 0.5897331833839417}, "7": {"mean": -0.28590717911720276, "variance": 0.01825709454715252, "std_dev": 0.13511881232261658, "median": -0.3052856922149658, "range": 0.6288361549377441, "iq_range": 0.15868981555104256, "density": 0.23746646323939483, "accuracy": 1.0, "distance": 1.2632659673690796}, "8": {"mean": -0.2865441143512726, "variance": 0.017892468720674515, "std_dev": 0.13376273214817047, "median": -0.2989940047264099, "range": 0.6135308146476746, "iq_range": 0.1664392165839672, "density": 0.23298614045696375, "accuracy": -1.0, "distance": 0.38595589995384216}, "9": {"mean": -0.2860206365585327, "variance": 0.018192194402217865, "std_dev": 0.13487844169139862, "median": -0.2948888838291168, "range": 0.6207359433174133, "iq_range": 0.1516517959535122, "density": 0.23499701946870086, "accuracy": -1.0, "distance": 0.3528822958469391}, "10": {"mean": -0.28572115302085876, "variance": 0.01836341992020607, "std_dev": 0.13551169633865356, "median": -0.3042551577091217, "range": 0.6179154515266418, "iq_range": 0.15846431255340576, "density": 0.2357438419934604, "accuracy": 1.0, "distance": 0.5692964196205139}, "11": {"mean": -0.2915050983428955, "variance": 0.015024780295789242, "std_dev": 0.12257561087608337, "median": -0.3174701929092407, "range": 0.6179153919219971, "iq_range": 0.11684098839759827, "density": 0.24228708836407323, "accuracy": 1.0, "distance": 0.7127288579940796}, "12": {"mean": -0.28644999861717224, "variance": 0.017946388572454453, "std_dev": 0.13396413624286652, "median": -0.30912861227989197, "range": 0.6600216627120972, "iq_range": 0.1583966687321663, "density": 0.23676660528583213, "accuracy": -1.0, "distance": 0.7099301218986511}, "13": {"mean": -0.2881121039390564, "variance": 0.016991427168250084, "std_dev": 0.13035117089748383, "median": -0.31238168478012085, "range": 0.6007345914840698, "iq_range": 0.15023978799581528, "density": 0.2369178142647859, "accuracy": 1.0, "distance": 1.04036283493042}, "14": {"mean": -0.28899499773979187, "variance": 0.016481883823871613, "std_dev": 0.12838178873062134, "median": -0.3154573440551758, "range": 0.6288360953330994, "iq_range": 0.12836242839694023, "density": 0.2440212890535376, "accuracy": 1.0, "distance": 1.0539484024047852}}