{"0": {"mean": -0.2873987555503845, "variance": 0.017401957884430885, "std_dev": 0.13191647827625275, "median": -0.3026873469352722, "range": 0.6600216627120972, "iq_range": 0.14870130270719528, "density": 0.23490594949329255, "accuracy": -1.0, "distance": 0.9909349083900452}, "1": {"mean": -0.2842404246330261, "variance": 0.01920739747583866, "std_dev": 0.1385907530784607, "median": -0.2965121269226074, "range": 0.6207359433174133, "iq_range": 0.17101448774337769, "density": 0.2348342002479148, "accuracy": 1.0, "distance": 0.9345539808273315}, "2": {"mean": -0.2902367413043976, "variance": 0.01576262339949608, "std_dev": 0.1255492866039276, "median": -0.31712883710861206, "range": 0.6079211831092834, "iq_range": 0.12617605924606323, "density": 0.23767179739895933, "accuracy": 1.0, "distance": 1.2986112833023071}, "3": {"mean": -0.28866612911224365, "variance": 0.01667185313999653, "std_dev": 0.12911953032016754, "median": -0.3131519556045532, "range": 0.6600216627120972, "iq_range": 0.13344038277864456, "density": 0.23699984662858894, "accuracy": 1.0, "distance": 1.1907671689987183}, "4": {"mean": -0.28901907801628113, "variance": 0.016467975452542305, "std_dev": 0.1283276081085205, "median": -0.3092060685157776, "range": 0.6600216627120972, "iq_range": 0.1417609043419361, "density": 0.23626650996922377, "accuracy": 1.0, "distance": 0.7910034656524658}, "5": {"mean": -0.28635531663894653, "variance": 0.018000632524490356, "std_dev": 0.1341664344072342, "median": -0.3034398555755615, "range": 0.6600216627120972, "iq_range": 0.16505784541368484, "density": 0.23922539559504927, "accuracy": 1.0, "distance": 0.825268566608429}, "6": {"mean": -0.2865944504737854, "variance": 0.017863616347312927, "std_dev": 0.13365484774112701, "median": -0.3001615107059479, "range": 0.6207359433174133, "iq_range": 0.1565338522195816, "density": 0.23540911322844135, "accuracy": -1.0, "distance": 0.618016242980957}, "7": {"mean": -0.2850060760974884, "variance": 0.018771538510918617, "std_dev": 0.13700926303863525, "median": -0.3009105920791626, "range": 0.6288362145423889, "iq_range": 0.18064601719379425, "density": 0.236269207399351, "accuracy": 1.0, "distance": 0.35384416580200195}, "8": {"mean": -0.286490797996521, "variance": 0.017923029139637947, "std_dev": 0.13387691974639893, "median": -0.3086542785167694, "range": 0.6600216627120972, "iq_range": 0.1491788998246193, "density": 0.23542817452778908, "accuracy": 1.0, "distance": 0.8006806373596191}, "9": {"mean": -0.2924939692020416, "variance": 0.014447282999753952, "std_dev": 0.12019684910774231, "median": -0.3197571039199829, "range": 0.578887403011322, "iq_range": 0.11949588358402252, "density": 0.2390504774125603, "accuracy": -1.0, "distance": 0.8777866363525391}, "10": {"mean": -0.28928130865097046, "variance": 0.016316315159201622, "std_dev": 0.12773533165454865, "median": -0.30695873498916626, "range": 0.6600216627120972, "iq_range": 0.1373942606151104, "density": 0.23292752760775529, "accuracy": -1.0, "distance": 0.5978860259056091}, "11": {"mean": -0.2870543301105499, "variance": 0.01759982667863369, "std_dev": 0.13266433775424957, "median": -0.3053513169288635, "range": 0.6207359433174133, "iq_range": 0.163508128374815, "density": 0.2372690087139805, "accuracy": -1.0, "distance": 0.810328483581543}, "12": {"mean": -0.28547313809394836, "variance": 0.018505096435546875, "std_dev": 0.13603344559669495, "median": -0.2978714108467102, "range": 0.6288362145423889, "iq_range": 0.16124625131487846, "density": 0.23366650667032512, "accuracy": 1.0, "distance": 0.5066726803779602}, "13": {"mean": -0.29005247354507446, "variance": 0.015869582071900368, "std_dev": 0.12597453594207764, "median": -0.3066951036453247, "range": 0.6600216627120972, "iq_range": 0.13724356517195702, "density": 0.2356027265177149, "accuracy": -1.0, "distance": 0.5286069512367249}, "14": {"mean": -0.2867200970649719, "variance": 0.017791585996747017, "std_dev": 0.13338510692119598, "median": -0.3079877495765686, "range": 0.6600216627120972, "iq_range": 0.15857971459627151, "density": 0.2365886603347725, "accuracy": 1.0, "distance": 0.37940362095832825}}