{"0": {"mean": -0.28714314103126526, "variance": 0.01754881627857685, "std_dev": 0.1324719488620758, "median": -0.30381447076797485, "range": 0.6600216627120972, "iq_range": 0.14998115599155426, "density": 0.23388075379524306, "accuracy": 1.0, "distance": 0.7785780429840088}, "1": {"mean": -0.2899343967437744, "variance": 0.015938052907586098, "std_dev": 0.12624600529670715, "median": -0.31280872225761414, "range": 0.6600216627120972, "iq_range": 0.13715118914842606, "density": 0.23555422216597438, "accuracy": -1.0, "distance": 0.8279693126678467}, "2": {"mean": -0.2818964421749115, "variance": 0.02053438313305378, "std_dev": 0.14329823851585388, "median": -0.2926292419433594, "range": 0.6288362145423889, "iq_range": 0.18547621369361877, "density": 0.23321816011712426, "accuracy": 1.0, "distance": 1.314889907836914}, "3": {"mean": -0.2921323776245117, "variance": 0.014658668078482151, "std_dev": 0.12107298523187637, "median": -0.32197320461273193, "range": 0.6079211831092834, "iq_range": 0.11710785329341888, "density": 0.24070081084851874, "accuracy": 1.0, "distance": 0.6343885064125061}, "4": {"mean": -0.2896937429904938, "variance": 0.016077527776360512, "std_dev": 0.12679718434810638, "median": -0.3155163526535034, "range": 0.6288362145423889, "iq_range": 0.13526347279548645, "density": 0.24054086066060862, "accuracy": 1.0, "distance": 0.7130754590034485}, "5": {"mean": -0.28446486592292786, "variance": 0.01907973550260067, "std_dev": 0.13812941312789917, "median": -0.2988329231739044, "range": 0.6288362145423889, "iq_range": 0.1845845691859722, "density": 0.23468958480470414, "accuracy": 1.0, "distance": 1.010118842124939}, "6": {"mean": -0.29323339462280273, "variance": 0.014014171436429024, "std_dev": 0.11838146299123764, "median": -0.322258323431015, "range": 0.578887403011322, "iq_range": 0.11253369599580765, "density": 0.24537746784662073, "accuracy": -1.0, "distance": 0.9799440503120422}, "7": {"mean": -0.2852061688899994, "variance": 0.018657444044947624, "std_dev": 0.13659225404262543, "median": -0.30730724334716797, "range": 0.6288362145423889, "iq_range": 0.1649813987314701, "density": 0.2326971532171274, "accuracy": 1.0, "distance": 1.4780164957046509}, "8": {"mean": -0.2920680344104767, "variance": 0.014696267433464527, "std_dev": 0.1212281659245491, "median": -0.32073113322257996, "range": 0.6288362145423889, "iq_range": 0.11654936522245407, "density": 0.24009324204642452, "accuracy": -1.0, "distance": 1.1187989711761475}, "9": {"mean": -0.28920891880989075, "variance": 0.01635819673538208, "std_dev": 0.127899169921875, "median": -0.3101533055305481, "range": 0.6600216627120972, "iq_range": 0.1373731829226017, "density": 0.23545793278608443, "accuracy": -1.0, "distance": 1.1980669498443604}, "10": {"mean": -0.2872177064418793, "variance": 0.017505984753370285, "std_dev": 0.1323101818561554, "median": -0.30654996633529663, "range": 0.6288362145423889, "iq_range": 0.15310953557491302, "density": 0.23506294201318018, "accuracy": 1.0, "distance": 1.0540308952331543}, "11": {"mean": -0.28743189573287964, "variance": 0.017382901161909103, "std_dev": 0.13184423744678497, "median": -0.30582213401794434, "range": 0.6600216627120972, "iq_range": 0.15163174271583557, "density": 0.23893223324620486, "accuracy": -1.0, "distance": 1.291939377784729}, "12": {"mean": -0.2862119674682617, "variance": 0.01808270625770092, "std_dev": 0.13447195291519165, "median": -0.30072546005249023, "range": 0.6288362145423889, "iq_range": 0.1554155834019184, "density": 0.23581658716424636, "accuracy": -1.0, "distance": 1.4238784313201904}, "13": {"mean": -0.29014769196510315, "variance": 0.015814315527677536, "std_dev": 0.12575498223304749, "median": -0.3168150782585144, "range": 0.6079211831092834, "iq_range": 0.12708191201090813, "density": 0.2387499193418014, "accuracy": -1.0, "distance": 1.0943262577056885}, "14": {"mean": -0.28885650634765625, "variance": 0.01656191609799862, "std_dev": 0.1286931037902832, "median": -0.31207340955734253, "range": 0.6007345914840698, "iq_range": 0.1339377835392952, "density": 0.2359737876345156, "accuracy": 1.0, "distance": 0.7243829965591431}}