{"0": {"mean": -0.28956878185272217, "variance": 0.01614992506802082, "std_dev": 0.12708236277103424, "median": -0.316240131855011, "range": 0.5961215496063232, "iq_range": 0.13564998656511307, "density": 0.23619447264944454, "accuracy": -1.0, "distance": 0.7520392537117004}, "1": {"mean": -0.2844070494174957, "variance": 0.019112637266516685, "std_dev": 0.13824845850467682, "median": -0.2927393317222595, "range": 0.6179154515266418, "iq_range": 0.1609625220298767, "density": 0.23593599068640903, "accuracy": -1.0, "distance": 0.5967624187469482}, "2": {"mean": -0.2869693338871002, "variance": 0.0176486037671566, "std_dev": 0.13284805417060852, "median": -0.30974340438842773, "range": 0.6288362145423889, "iq_range": 0.14553441852331161, "density": 0.2365945495145309, "accuracy": 1.0, "distance": 0.9725097417831421}, "3": {"mean": -0.2911277115345001, "variance": 0.015244660899043083, "std_dev": 0.1234692707657814, "median": -0.3199898600578308, "range": 0.6079211831092834, "iq_range": 0.11719905585050583, "density": 0.24344934994551254, "accuracy": -1.0, "distance": 0.9019705653190613}, "4": {"mean": -0.28916189074516296, "variance": 0.016385402530431747, "std_dev": 0.1280054748058319, "median": -0.31107401847839355, "range": 0.6179154515266418, "iq_range": 0.13819625601172447, "density": 0.24124867865605046, "accuracy": 1.0, "distance": 1.1151232719421387}, "5": {"mean": -0.2876483201980591, "variance": 0.017258446663618088, "std_dev": 0.131371408700943, "median": -0.3106377124786377, "range": 0.6191851496696472, "iq_range": 0.14351755380630493, "density": 0.23740218433788815, "accuracy": -1.0, "distance": 0.9384886026382446}, "6": {"mean": -0.28866636753082275, "variance": 0.016671719029545784, "std_dev": 0.12911900877952576, "median": -0.314383864402771, "range": 0.5918647646903992, "iq_range": 0.14126329123973846, "density": 0.23469439514569784, "accuracy": 1.0, "distance": 0.8662506937980652}, "7": {"mean": -0.2875846028327942, "variance": 0.017295105382800102, "std_dev": 0.13151085376739502, "median": -0.3129673898220062, "range": 0.6079211831092834, "iq_range": 0.14320651814341545, "density": 0.23470377252722832, "accuracy": 1.0, "distance": 1.2324793338775635}, "8": {"mean": -0.2864847779273987, "variance": 0.017926471307873726, "std_dev": 0.13388977944850922, "median": -0.3022002875804901, "range": 0.6600216627120972, "iq_range": 0.1649455390870571, "density": 0.23740147364502615, "accuracy": -1.0, "distance": 1.1103876829147339}, "9": {"mean": -0.2861768901348114, "variance": 0.01810278743505478, "std_dev": 0.13454659283161163, "median": -0.30028092861175537, "range": 0.6146379113197327, "iq_range": 0.1615196168422699, "density": 0.2343085989930667, "accuracy": -1.0, "distance": 1.0961321592330933}, "10": {"mean": -0.2884613573551178, "variance": 0.016790051013231277, "std_dev": 0.1295764297246933, "median": -0.31224799156188965, "range": 0.6207359433174133, "iq_range": 0.13690385222434998, "density": 0.23840280852264606, "accuracy": 1.0, "distance": 0.664787769317627}, "11": {"mean": -0.2884208559989929, "variance": 0.016813408583402634, "std_dev": 0.1296665221452713, "median": -0.3123788833618164, "range": 0.6191851496696472, "iq_range": 0.13899201154708862, "density": 0.23849523280508889, "accuracy": 1.0, "distance": 0.8453689217567444}, "12": {"mean": -0.2884361445903778, "variance": 0.016804581508040428, "std_dev": 0.12963248789310455, "median": -0.3058996796607971, "range": 0.6600216627120972, "iq_range": 0.139057919383049, "density": 0.23913776671459874, "accuracy": -1.0, "distance": 1.0180692672729492}, "13": {"mean": -0.2868593633174896, "variance": 0.017711704596877098, "std_dev": 0.13308532536029816, "median": -0.30594250559806824, "range": 0.6600216627120972, "iq_range": 0.15725384280085564, "density": 0.23602312357052266, "accuracy": -1.0, "distance": 1.110107183456421}, "14": {"mean": -0.28753140568733215, "variance": 0.017325688153505325, "std_dev": 0.13162708282470703, "median": -0.3081095218658447, "range": 0.6600216627120972, "iq_range": 0.14480780437588692, "density": 0.23725186520815925, "accuracy": -1.0, "distance": 1.0664517879486084}}