{"0": {"mean": -0.2911292016506195, "variance": 0.015243781730532646, "std_dev": 0.12346570938825607, "median": -0.319923460483551, "range": 0.6207359433174133, "iq_range": 0.1292065791785717, "density": 0.23674245481970535, "accuracy": 1.0, "distance": 0.717573881149292}, "1": {"mean": -0.28598108887672424, "variance": 0.018214810639619827, "std_dev": 0.134962260723114, "median": -0.303690642118454, "range": 0.6207359433174133, "iq_range": 0.16739656776189804, "density": 0.23637433098100938, "accuracy": 1.0, "distance": 1.3098632097244263}, "2": {"mean": -0.2862144112586975, "variance": 0.018081311136484146, "std_dev": 0.1344667673110962, "median": -0.297007292509079, "range": 0.6146379113197327, "iq_range": 0.15401243045926094, "density": 0.23328985806945945, "accuracy": -1.0, "distance": 0.8914607167243958}, "3": {"mean": -0.29093220829963684, "variance": 0.01535844337195158, "std_dev": 0.12392918765544891, "median": -0.31595420837402344, "range": 0.6079211831092834, "iq_range": 0.11578689515590668, "density": 0.24246870693912237, "accuracy": 1.0, "distance": 0.6302965879440308}, "4": {"mean": -0.2876354455947876, "variance": 0.017265859991312027, "std_dev": 0.13139961659908295, "median": -0.3103746175765991, "range": 0.6207359433174133, "iq_range": 0.15475840866565704, "density": 0.23642587415621596, "accuracy": 1.0, "distance": 1.00829017162323}, "5": {"mean": -0.2878841459751129, "variance": 0.017122726887464523, "std_dev": 0.1308538317680359, "median": -0.3040958344936371, "range": 0.6600216627120972, "iq_range": 0.14093442261219025, "density": 0.23522461341097967, "accuracy": -1.0, "distance": 0.3768822252750397}, "6": {"mean": -0.28811559081077576, "variance": 0.01698939874768257, "std_dev": 0.13034339249134064, "median": -0.3096480667591095, "range": 0.6207359433174133, "iq_range": 0.1384606957435608, "density": 0.2395078113031538, "accuracy": -1.0, "distance": 0.8814667463302612}, "7": {"mean": -0.28737878799438477, "variance": 0.01741342805325985, "std_dev": 0.1319599449634552, "median": -0.30864110589027405, "range": 0.6079211831092834, "iq_range": 0.15500054135918617, "density": 0.23394591194675954, "accuracy": 1.0, "distance": 0.384368896484375}, "8": {"mean": -0.28929924964904785, "variance": 0.016305947676301003, "std_dev": 0.1276947408914566, "median": -0.31239020824432373, "range": 0.6288362145423889, "iq_range": 0.13932887837290764, "density": 0.2399554414489814, "accuracy": -1.0, "distance": 0.7589824795722961}, "9": {"mean": -0.2930411696434021, "variance": 0.014126879163086414, "std_dev": 0.11885654926300049, "median": -0.32159385085105896, "range": 0.6288362145423889, "iq_range": 0.11216964572668076, "density": 0.2419449344116268, "accuracy": 1.0, "distance": 0.31400832533836365}, "10": {"mean": -0.28618770837783813, "variance": 0.018096590414643288, "std_dev": 0.13452357053756714, "median": -0.30562299489974976, "range": 0.6179154515266418, "iq_range": 0.1669001281261444, "density": 0.23439238375146373, "accuracy": 1.0, "distance": 0.6287568807601929}, "11": {"mean": -0.288549542427063, "variance": 0.016739172860980034, "std_dev": 0.12937995791435242, "median": -0.31570661067962646, "range": 0.6600216627120972, "iq_range": 0.13528979197144508, "density": 0.23920322942089106, "accuracy": -1.0, "distance": 1.0878360271453857}, "12": {"mean": -0.2938860356807709, "variance": 0.013630987145006657, "std_dev": 0.11675181984901428, "median": -0.3249848484992981, "range": 0.5475066304206848, "iq_range": 0.1106538474559784, "density": 0.2433040684825757, "accuracy": -1.0, "distance": 0.8474271893501282}, "13": {"mean": -0.28631591796875, "variance": 0.01802319660782814, "std_dev": 0.13425050675868988, "median": -0.3087467551231384, "range": 0.6207359433174133, "iq_range": 0.16343280673027039, "density": 0.2358063417206341, "accuracy": -1.0, "distance": 0.8641512393951416}, "14": {"mean": -0.2874659299850464, "variance": 0.017363322898745537, "std_dev": 0.13176995515823364, "median": -0.3070278763771057, "range": 0.6600216627120972, "iq_range": 0.148541908711195, "density": 0.23249717405262005, "accuracy": 1.0, "distance": 0.4714968204498291}}