{"0": {"mean": -0.29236340522766113, "variance": 0.014523632824420929, "std_dev": 0.12051403522491455, "median": -0.3238977789878845, "range": 0.5866883993148804, "iq_range": 0.11718089878559113, "density": 0.24472076706322002, "accuracy": 1.0, "distance": 0.275398850440979}, "1": {"mean": -0.28370434045791626, "variance": 0.019511854276061058, "std_dev": 0.13968484103679657, "median": -0.2949041724205017, "range": 0.6288361549377441, "iq_range": 0.16523337736725807, "density": 0.2361858875190069, "accuracy": 1.0, "distance": 0.5432379245758057}, "2": {"mean": -0.289803147315979, "variance": 0.016014115884900093, "std_dev": 0.12654688954353333, "median": -0.3071344494819641, "range": 0.6207359433174133, "iq_range": 0.13552327454090118, "density": 0.2362979712302109, "accuracy": -1.0, "distance": 0.8176088929176331}, "3": {"mean": -0.2853139638900757, "variance": 0.018595952540636063, "std_dev": 0.13636697828769684, "median": -0.29981935024261475, "range": 0.6288362145423889, "iq_range": 0.17629438638687134, "density": 0.2378211326133254, "accuracy": 1.0, "distance": 0.9639666676521301}, "4": {"mean": -0.2853536009788513, "variance": 0.01857331395149231, "std_dev": 0.13628394901752472, "median": -0.3009047508239746, "range": 0.6600216627120972, "iq_range": 0.16618848219513893, "density": 0.2347539657308186, "accuracy": -1.0, "distance": 0.7778806686401367}, "5": {"mean": -0.28902336955070496, "variance": 0.01646549440920353, "std_dev": 0.1283179372549057, "median": -0.31027257442474365, "range": 0.6288362145423889, "iq_range": 0.1426868550479412, "density": 0.23798513509619607, "accuracy": 1.0, "distance": 0.638196587562561}, "6": {"mean": -0.2922816872596741, "variance": 0.014571423642337322, "std_dev": 0.12071215361356735, "median": -0.3201010227203369, "range": 0.5790396928787231, "iq_range": 0.11672450602054596, "density": 0.24021788670680078, "accuracy": -1.0, "distance": 0.7585351467132568}, "7": {"mean": -0.28750622272491455, "variance": 0.01734016090631485, "std_dev": 0.13168203830718994, "median": -0.3042346239089966, "range": 0.6600216627120972, "iq_range": 0.15401173382997513, "density": 0.23672581094049233, "accuracy": -1.0, "distance": 1.2561978101730347}, "8": {"mean": -0.28574368357658386, "variance": 0.018350539728999138, "std_dev": 0.1354641616344452, "median": -0.3068486154079437, "range": 0.6600216627120972, "iq_range": 0.16617028787732124, "density": 0.23907566045608367, "accuracy": -1.0, "distance": 1.3236578702926636}, "9": {"mean": -0.28743335604667664, "variance": 0.017382081598043442, "std_dev": 0.13184112310409546, "median": -0.30562907457351685, "range": 0.6288362145423889, "iq_range": 0.14806075766682625, "density": 0.2350560510827397, "accuracy": -1.0, "distance": 1.0431265830993652}, "10": {"mean": -0.29177355766296387, "variance": 0.014868207275867462, "std_dev": 0.12193525582551956, "median": -0.3171415328979492, "range": 0.6207359433174133, "iq_range": 0.12491839751601219, "density": 0.2376724205804291, "accuracy": -1.0, "distance": 0.559117317199707}, "11": {"mean": -0.291007399559021, "variance": 0.015314712189137936, "std_dev": 0.12375262379646301, "median": -0.3188368082046509, "range": 0.6288362145423889, "iq_range": 0.12562144920229912, "density": 0.24463756758654742, "accuracy": -1.0, "distance": 1.189480185508728}, "12": {"mean": -0.29051488637924194, "variance": 0.015601116232573986, "std_dev": 0.12490443140268326, "median": -0.31712883710861206, "range": 0.5961215496063232, "iq_range": 0.13300053030252457, "density": 0.2379418032035733, "accuracy": 1.0, "distance": 1.1004266738891602}, "13": {"mean": -0.2889186441898346, "variance": 0.01652601920068264, "std_dev": 0.128553569316864, "median": -0.31506460905075073, "range": 0.5901098251342773, "iq_range": 0.13708092272281647, "density": 0.23599264799617464, "accuracy": 1.0, "distance": 0.899004340171814}, "14": {"mean": -0.2887640595436096, "variance": 0.016615325585007668, "std_dev": 0.1289004534482956, "median": -0.3120712637901306, "range": 0.5918647646903992, "iq_range": 0.13707821816205978, "density": 0.23640906763844985, "accuracy": 1.0, "distance": 0.4731902480125427}}