{"0": {"mean": -0.28626739978790283, "variance": 0.01805098168551922, "std_dev": 0.13435393571853638, "median": -0.302746444940567, "range": 0.6288362145423889, "iq_range": 0.1615472547709942, "density": 0.23638135287212553, "accuracy": -1.0, "distance": 0.9424918293952942}, "1": {"mean": -0.2869832515716553, "variance": 0.0176406092941761, "std_dev": 0.13281795382499695, "median": -0.3092060685157776, "range": 0.6079211831092834, "iq_range": 0.15985895320773125, "density": 0.23753078276281112, "accuracy": 1.0, "distance": 0.9398878812789917}, "2": {"mean": -0.2923606038093567, "variance": 0.01452528964728117, "std_dev": 0.12052091211080551, "median": -0.32061728835105896, "range": 0.6079211831092834, "iq_range": 0.1186789870262146, "density": 0.24048997033213185, "accuracy": -1.0, "distance": 0.9249422550201416}, "3": {"mean": -0.2854326367378235, "variance": 0.018528206273913383, "std_dev": 0.1361183524131775, "median": -0.3016236126422882, "range": 0.6191851496696472, "iq_range": 0.16980288177728653, "density": 0.23504857978436655, "accuracy": -1.0, "distance": 0.9170063734054565}, "4": {"mean": -0.2866250276565552, "variance": 0.01784609630703926, "std_dev": 0.13358928263187408, "median": -0.30028092861175537, "range": 0.6207359433174133, "iq_range": 0.15253854915499687, "density": 0.23525538914930919, "accuracy": -1.0, "distance": 0.9790557026863098}, "5": {"mean": -0.2901299297809601, "variance": 0.015824608504772186, "std_dev": 0.1257959008216858, "median": -0.31004154682159424, "range": 0.6600216627120972, "iq_range": 0.1311352364718914, "density": 0.23599239577369088, "accuracy": -1.0, "distance": 0.591214120388031}, "6": {"mean": -0.2879506051540375, "variance": 0.017084453254938126, "std_dev": 0.1307075172662735, "median": -0.311481773853302, "range": 0.6600216627120972, "iq_range": 0.13995511457324028, "density": 0.23460072699065562, "accuracy": 1.0, "distance": 0.7438309788703918}, "7": {"mean": -0.28966155648231506, "variance": 0.01609617844223976, "std_dev": 0.12687072157859802, "median": -0.30736178159713745, "range": 0.6600216627120972, "iq_range": 0.1429673694074154, "density": 0.2367991739890707, "accuracy": -1.0, "distance": 0.991679310798645}, "8": {"mean": -0.2874285578727722, "variance": 0.017384815961122513, "std_dev": 0.13185149431228638, "median": -0.3054850399494171, "range": 0.6600216627120972, "iq_range": 0.14572307467460632, "density": 0.23479431605160336, "accuracy": -1.0, "distance": 0.6864985227584839}, "9": {"mean": -0.2871376872062683, "variance": 0.017551928758621216, "std_dev": 0.13248369097709656, "median": -0.30429425835609436, "range": 0.6191851496696472, "iq_range": 0.1543813981115818, "density": 0.23581025527105368, "accuracy": 1.0, "distance": 0.9919964671134949}, "10": {"mean": -0.2875344157218933, "variance": 0.017323963344097137, "std_dev": 0.13162052631378174, "median": -0.30483531951904297, "range": 0.6600216627120972, "iq_range": 0.15283985808491707, "density": 0.23770021749505765, "accuracy": -1.0, "distance": 0.4421171545982361}, "11": {"mean": -0.29166534543037415, "variance": 0.014931317418813705, "std_dev": 0.12219376862049103, "median": -0.3206908702850342, "range": 0.6191851496696472, "iq_range": 0.12709127366542816, "density": 0.24210329237789208, "accuracy": 1.0, "distance": 0.6212621331214905}, "12": {"mean": -0.2887738049030304, "variance": 0.016609694808721542, "std_dev": 0.1288786083459854, "median": -0.31046727299690247, "range": 0.6146379113197327, "iq_range": 0.1374896541237831, "density": 0.23732859295628775, "accuracy": 1.0, "distance": 0.9289838075637817}, "13": {"mean": -0.28810566663742065, "variance": 0.016995146870613098, "std_dev": 0.13036543130874634, "median": -0.30466562509536743, "range": 0.6600216627120972, "iq_range": 0.15639270842075348, "density": 0.23586458233356122, "accuracy": -1.0, "distance": 0.6651818752288818}, "14": {"mean": -0.2938345670700073, "variance": 0.013661237433552742, "std_dev": 0.11688129603862762, "median": -0.32336920499801636, "range": 0.6079211831092834, "iq_range": 0.1090758815407753, "density": 0.24196555447664653, "accuracy": -1.0, "distance": 0.8743113279342651}}