{"0": {"mean": -0.2866312265396118, "variance": 0.017842527478933334, "std_dev": 0.1335759311914444, "median": -0.30269789695739746, "range": 0.6600216627120972, "iq_range": 0.15751494467258453, "density": 0.23576259251084195, "accuracy": 1.0, "distance": 1.0519500970840454}, "1": {"mean": -0.291753351688385, "variance": 0.014879985712468624, "std_dev": 0.12198355048894882, "median": -0.31983059644699097, "range": 0.578887403011322, "iq_range": 0.1281195878982544, "density": 0.23540125075281185, "accuracy": -1.0, "distance": 0.7363459467887878}, "2": {"mean": -0.2830770015716553, "variance": 0.019867420196533203, "std_dev": 0.14095184206962585, "median": -0.2949250340461731, "range": 0.6600216627120972, "iq_range": 0.17713209614157677, "density": 0.23258220982298575, "accuracy": -1.0, "distance": 1.0402225255966187}, "3": {"mean": -0.2833099365234375, "variance": 0.019735481590032578, "std_dev": 0.1404830366373062, "median": -0.29359567165374756, "range": 0.6600216627120972, "iq_range": 0.18388623371720314, "density": 0.23414602927072073, "accuracy": -1.0, "distance": 1.0931296348571777}, "4": {"mean": -0.2878779172897339, "variance": 0.01712631806731224, "std_dev": 0.13086755573749542, "median": -0.3079782724380493, "range": 0.6288362145423889, "iq_range": 0.15069939196109772, "density": 0.2404137836057424, "accuracy": 1.0, "distance": 1.1479402780532837}, "5": {"mean": -0.2891286611557007, "variance": 0.016404613852500916, "std_dev": 0.12808050215244293, "median": -0.3052856922149658, "range": 0.6207359433174133, "iq_range": 0.138494323939085, "density": 0.23708042830569226, "accuracy": -1.0, "distance": 0.6093677282333374}, "6": {"mean": -0.2873217761516571, "variance": 0.01744619384407997, "std_dev": 0.13208404183387756, "median": -0.30890434980392456, "range": 0.6600216627120972, "iq_range": 0.15443985909223557, "density": 0.2384107131206257, "accuracy": -1.0, "distance": 0.863673210144043}, "7": {"mean": -0.28587543964385986, "variance": 0.01827523671090603, "std_dev": 0.13518592715263367, "median": -0.2998128831386566, "range": 0.6207359433174133, "iq_range": 0.17018729448318481, "density": 0.23605446466735824, "accuracy": -1.0, "distance": 0.669249415397644}, "8": {"mean": -0.2856241464614868, "variance": 0.018418865278363228, "std_dev": 0.13571612536907196, "median": -0.30332162976264954, "range": 0.6179154515266418, "iq_range": 0.16380152478814125, "density": 0.23452146426881176, "accuracy": 1.0, "distance": 0.8044682145118713}, "9": {"mean": -0.286186158657074, "variance": 0.018097465857863426, "std_dev": 0.1345268189907074, "median": -0.3039981722831726, "range": 0.6179154515266418, "iq_range": 0.1738719679415226, "density": 0.237863619399463, "accuracy": -1.0, "distance": 0.84376460313797}, "10": {"mean": -0.29080578684806824, "variance": 0.015432000160217285, "std_dev": 0.12422560155391693, "median": -0.31967684626579285, "range": 0.6191850900650024, "iq_range": 0.12260876223444939, "density": 0.23941794424335316, "accuracy": 1.0, "distance": 0.8625460863113403}, "11": {"mean": -0.2868826389312744, "variance": 0.017698360607028008, "std_dev": 0.13303518295288086, "median": -0.31093674898147583, "range": 0.6007345914840698, "iq_range": 0.1651441864669323, "density": 0.23511194673913488, "accuracy": 1.0, "distance": 0.3844761848449707}, "12": {"mean": -0.2905442416667938, "variance": 0.015584050677716732, "std_dev": 0.12483609467744827, "median": -0.31916874647140503, "range": 0.6288362145423889, "iq_range": 0.12412267550826073, "density": 0.24526318811439568, "accuracy": 1.0, "distance": 0.8647520542144775}, "13": {"mean": -0.28577977418899536, "variance": 0.018329927697777748, "std_dev": 0.1353880614042282, "median": -0.29674017429351807, "range": 0.6135308146476746, "iq_range": 0.160813108086586, "density": 0.2339244580162134, "accuracy": -1.0, "distance": 0.812470018863678}, "14": {"mean": -0.28744006156921387, "variance": 0.017378205433487892, "std_dev": 0.13182641565799713, "median": -0.3116215765476227, "range": 0.6007345914840698, "iq_range": 0.15785115957260132, "density": 0.23493652184655311, "accuracy": 1.0, "distance": 0.276878297328949}}