{"0": {"mean": -0.2862738072872162, "variance": 0.018047314137220383, "std_dev": 0.1343402862548828, "median": -0.3046131134033203, "range": 0.6079211831092834, "iq_range": 0.16938147693872452, "density": 0.23730428186538136, "accuracy": 1.0, "distance": 0.9676840305328369}, "1": {"mean": -0.2868626117706299, "variance": 0.01770983822643757, "std_dev": 0.13307832181453705, "median": -0.3010029196739197, "range": 0.6600216627120972, "iq_range": 0.15952151268720627, "density": 0.23483810745674313, "accuracy": -1.0, "distance": 0.9833654165267944}, "2": {"mean": -0.2882501184940338, "variance": 0.01691187545657158, "std_dev": 0.13004566729068756, "median": -0.30422282218933105, "range": 0.6600216627120972, "iq_range": 0.14124323800206184, "density": 0.23515754331064848, "accuracy": -1.0, "distance": 0.9642412662506104}, "3": {"mean": -0.28415170311927795, "variance": 0.019257811829447746, "std_dev": 0.13877251744270325, "median": -0.2951906621456146, "range": 0.6288362145423889, "iq_range": 0.18341576680541039, "density": 0.2349495368015843, "accuracy": 1.0, "distance": 0.5293493270874023}, "4": {"mean": -0.29048827290534973, "variance": 0.01561656128615141, "std_dev": 0.12496624141931534, "median": -0.31597667932510376, "range": 0.6207359433174133, "iq_range": 0.12937775626778603, "density": 0.23538158637692416, "accuracy": 1.0, "distance": 0.875889778137207}, "5": {"mean": -0.2842905819416046, "variance": 0.01917887106537819, "std_dev": 0.1384878009557724, "median": -0.2956947982311249, "range": 0.6288362145423889, "iq_range": 0.17870818823575974, "density": 0.23671248141401452, "accuracy": 1.0, "distance": 0.7187350988388062}, "6": {"mean": -0.28837043046951294, "variance": 0.016842510551214218, "std_dev": 0.1297786980867386, "median": -0.30333757400512695, "range": 0.6600216627120972, "iq_range": 0.14937522634863853, "density": 0.23654320494305736, "accuracy": -1.0, "distance": 1.0596084594726562}, "7": {"mean": -0.2845577597618103, "variance": 0.0190268661826849, "std_dev": 0.13793790340423584, "median": -0.29800617694854736, "range": 0.6288362145423889, "iq_range": 0.17414379119873047, "density": 0.23728294718500306, "accuracy": 1.0, "distance": 1.0563005208969116}, "8": {"mean": -0.28523534536361694, "variance": 0.018640784546732903, "std_dev": 0.136531263589859, "median": -0.30167853832244873, "range": 0.6288361549377441, "iq_range": 0.1549641340970993, "density": 0.2360250544772242, "accuracy": -1.0, "distance": 0.4691982865333557}, "9": {"mean": -0.29200848937034607, "variance": 0.01473103929311037, "std_dev": 0.12137149274349213, "median": -0.32030248641967773, "range": 0.6288362145423889, "iq_range": 0.11910698562860489, "density": 0.2440292037884925, "accuracy": -1.0, "distance": 1.0270453691482544}, "10": {"mean": -0.292331725358963, "variance": 0.014542161487042904, "std_dev": 0.12059088796377182, "median": -0.32095038890838623, "range": 0.6079211831092834, "iq_range": 0.11212660372257233, "density": 0.245500414699382, "accuracy": 1.0, "distance": 1.0881739854812622}, "11": {"mean": -0.2864636182785034, "variance": 0.017938584089279175, "std_dev": 0.13393500447273254, "median": -0.3017882704734802, "range": 0.6600216627120972, "iq_range": 0.16143722087144852, "density": 0.23513720424029802, "accuracy": -1.0, "distance": 1.1075594425201416}, "12": {"mean": -0.2864392101764679, "variance": 0.017952583730220795, "std_dev": 0.13398724794387817, "median": -0.3026873469352722, "range": 0.6600216627120972, "iq_range": 0.1516045480966568, "density": 0.23411812179970617, "accuracy": -1.0, "distance": 0.6688531041145325}, "13": {"mean": -0.2852921783924103, "variance": 0.01860835775732994, "std_dev": 0.13641245663166046, "median": -0.3012288212776184, "range": 0.6288362145423889, "iq_range": 0.17017356678843498, "density": 0.23497083083379025, "accuracy": 1.0, "distance": 0.5657033324241638}, "14": {"mean": -0.28582844138145447, "variance": 0.018302105367183685, "std_dev": 0.13528527319431305, "median": -0.2989940047264099, "range": 0.6600216627120972, "iq_range": 0.16939445585012436, "density": 0.23465250307885013, "accuracy": -1.0, "distance": 0.9449519515037537}}