{"0": {"mean": -0.28934311866760254, "variance": 0.01628057099878788, "std_dev": 0.12759533524513245, "median": -0.316946804523468, "range": 0.6079211831092834, "iq_range": 0.14434797689318657, "density": 0.23723387032781165, "accuracy": 1.0, "distance": 0.9390488266944885}, "1": {"mean": -0.2919435501098633, "variance": 0.014768966473639011, "std_dev": 0.12152763456106186, "median": -0.31716325879096985, "range": 0.6207359433174133, "iq_range": 0.1232779435813427, "density": 0.23587297367050936, "accuracy": -1.0, "distance": 0.7204791903495789}, "2": {"mean": -0.29123520851135254, "variance": 0.015182060189545155, "std_dev": 0.12321550399065018, "median": -0.31791287660598755, "range": 0.6288361549377441, "iq_range": 0.12089790776371956, "density": 0.24422732780253792, "accuracy": 1.0, "distance": 0.553645670413971}, "3": {"mean": -0.28724974393844604, "variance": 0.017487574368715286, "std_dev": 0.13224059343338013, "median": -0.31076979637145996, "range": 0.6600216627120972, "iq_range": 0.14872265234589577, "density": 0.23708350906058687, "accuracy": -1.0, "distance": 1.05479097366333}, "4": {"mean": -0.2895435392856598, "variance": 0.016164537519216537, "std_dev": 0.1271398365497589, "median": -0.31477153301239014, "range": 0.6288362145423889, "iq_range": 0.1304691582918167, "density": 0.24257381328437289, "accuracy": 1.0, "distance": 0.8629300594329834}, "5": {"mean": -0.2913437485694885, "variance": 0.015118812210857868, "std_dev": 0.12295857816934586, "median": -0.3186377286911011, "range": 0.6079211831092834, "iq_range": 0.11452781409025192, "density": 0.24392433795560575, "accuracy": 1.0, "distance": 0.6036939024925232}, "6": {"mean": -0.29034456610679626, "variance": 0.01570001430809498, "std_dev": 0.12529969215393066, "median": -0.31709492206573486, "range": 0.6288362145423889, "iq_range": 0.12261714413762093, "density": 0.24306656174060884, "accuracy": -1.0, "distance": 1.3352725505828857}, "7": {"mean": -0.2884615361690521, "variance": 0.016789941117167473, "std_dev": 0.12957601249217987, "median": -0.3101453185081482, "range": 0.6146379113197327, "iq_range": 0.14280278608202934, "density": 0.23346522956162352, "accuracy": 1.0, "distance": 0.31672024726867676}, "8": {"mean": -0.2855639159679413, "variance": 0.018453257158398628, "std_dev": 0.13584277033805847, "median": -0.30348002910614014, "range": 0.6600216627120972, "iq_range": 0.1707724891602993, "density": 0.23763841951270762, "accuracy": -1.0, "distance": 0.8911528587341309}, "9": {"mean": -0.28709912300109863, "variance": 0.017574090510606766, "std_dev": 0.13256730139255524, "median": -0.30311319231987, "range": 0.6600216627120972, "iq_range": 0.15742813423275948, "density": 0.23537030943847992, "accuracy": 1.0, "distance": 0.6396788954734802}, "10": {"mean": -0.2861486077308655, "variance": 0.018118971958756447, "std_dev": 0.13460673391819, "median": -0.3062823414802551, "range": 0.6600216627120972, "iq_range": 0.1676933392882347, "density": 0.23824853975635957, "accuracy": -1.0, "distance": 1.3141995668411255}, "11": {"mean": -0.2854642868041992, "variance": 0.01851014792919159, "std_dev": 0.1360519975423813, "median": -0.29762768745422363, "range": 0.6600216627120972, "iq_range": 0.1640525609254837, "density": 0.23525028101288745, "accuracy": -1.0, "distance": 0.7876956462860107}, "12": {"mean": -0.28757262229919434, "variance": 0.01730198971927166, "std_dev": 0.1315370351076126, "median": -0.31291669607162476, "range": 0.6207359433174133, "iq_range": 0.15181082487106323, "density": 0.23899728985512458, "accuracy": 1.0, "distance": 1.283764123916626}, "13": {"mean": -0.28650814294815063, "variance": 0.01791307143867016, "std_dev": 0.13383972644805908, "median": -0.30881765484809875, "range": 0.6191851496696472, "iq_range": 0.15188952907919884, "density": 0.23545060307825014, "accuracy": -1.0, "distance": 0.5622390508651733}, "14": {"mean": -0.2879321277141571, "variance": 0.01709510199725628, "std_dev": 0.13074824213981628, "median": -0.30567947030067444, "range": 0.6600216627120972, "iq_range": 0.14929330721497536, "density": 0.23678545462690279, "accuracy": -1.0, "distance": 1.0846116542816162}}