{"0": {"mean": -0.286468505859375, "variance": 0.01793579012155533, "std_dev": 0.13392457365989685, "median": -0.2987865209579468, "range": 0.6600216627120972, "iq_range": 0.1651349626481533, "density": 0.23550883505896159, "accuracy": -1.0, "distance": 0.7512193322181702}, "1": {"mean": -0.2879489064216614, "variance": 0.017085418105125427, "std_dev": 0.13071119785308838, "median": -0.3067522644996643, "range": 0.6288362145423889, "iq_range": 0.1455250419676304, "density": 0.23551383537351664, "accuracy": -1.0, "distance": 1.4608246088027954}, "2": {"mean": -0.2877955436706543, "variance": 0.01717374101281166, "std_dev": 0.13104861974716187, "median": -0.31238168478012085, "range": 0.6207359433174133, "iq_range": 0.1521362029016018, "density": 0.23780523856734362, "accuracy": 1.0, "distance": 1.0162407159805298}, "3": {"mean": -0.2921053171157837, "variance": 0.014674490317702293, "std_dev": 0.1211383119225502, "median": -0.31879597902297974, "range": 0.6207359433174133, "iq_range": 0.12625110521912575, "density": 0.23677662482455133, "accuracy": -1.0, "distance": 0.44950351119041443}, "4": {"mean": -0.2892482280731201, "variance": 0.01633545756340027, "std_dev": 0.12781023979187012, "median": -0.3099741041660309, "range": 0.6600216627120972, "iq_range": 0.135366041213274, "density": 0.23697718929562583, "accuracy": -1.0, "distance": 0.2715063691139221}, "5": {"mean": -0.2849142253398895, "variance": 0.018823886290192604, "std_dev": 0.13720016181468964, "median": -0.2992706298828125, "range": 0.6288362145423889, "iq_range": 0.1782313846051693, "density": 0.23482640342064953, "accuracy": 1.0, "distance": 0.6961756944656372}, "6": {"mean": -0.2884884774684906, "variance": 0.016774402931332588, "std_dev": 0.12951603531837463, "median": -0.3081095218658447, "range": 0.6600216627120972, "iq_range": 0.134443037211895, "density": 0.23408785171467478, "accuracy": -1.0, "distance": 0.6857351064682007}, "7": {"mean": -0.28564226627349854, "variance": 0.018408482894301414, "std_dev": 0.13567785918712616, "median": -0.30612677335739136, "range": 0.6600216627120972, "iq_range": 0.16537581384181976, "density": 0.23664750683588448, "accuracy": 1.0, "distance": 1.2436151504516602}, "8": {"mean": -0.2843839228153229, "variance": 0.019125785678625107, "std_dev": 0.1382960081100464, "median": -0.30487531423568726, "range": 0.5967985987663269, "iq_range": 0.1812356784939766, "density": 0.23295442728575447, "accuracy": 1.0, "distance": 1.1806504726409912}, "9": {"mean": -0.2912268340587616, "variance": 0.015186929143965244, "std_dev": 0.12323526293039322, "median": -0.3187500238418579, "range": 0.588211178779602, "iq_range": 0.12974512949585915, "density": 0.23685435092436052, "accuracy": 1.0, "distance": 0.5897073149681091}, "10": {"mean": -0.2882414758205414, "variance": 0.016916850581765175, "std_dev": 0.13006480038166046, "median": -0.3108384609222412, "range": 0.6207359433174133, "iq_range": 0.13795575872063637, "density": 0.23937435111729125, "accuracy": 1.0, "distance": 1.154448390007019}, "11": {"mean": -0.28843438625335693, "variance": 0.016805598512291908, "std_dev": 0.12963640689849854, "median": -0.3049563765525818, "range": 0.6207359433174133, "iq_range": 0.15626196563243866, "density": 0.23569023641120307, "accuracy": -1.0, "distance": 0.6864677667617798}, "12": {"mean": -0.28616613149642944, "variance": 0.018108941614627838, "std_dev": 0.1345694661140442, "median": -0.30690938234329224, "range": 0.588631808757782, "iq_range": 0.17108138278126717, "density": 0.23534860494307094, "accuracy": 1.0, "distance": 0.9296643733978271}, "13": {"mean": -0.29043102264404297, "variance": 0.01564980484545231, "std_dev": 0.12509918212890625, "median": -0.31363287568092346, "range": 0.6600216627120972, "iq_range": 0.12712740898132324, "density": 0.23643039162297688, "accuracy": 1.0, "distance": 0.3789308965206146}, "14": {"mean": -0.2829543352127075, "variance": 0.019936827942728996, "std_dev": 0.1411978304386139, "median": -0.2926850914955139, "range": 0.6288362145423889, "iq_range": 0.17067845538258553, "density": 0.23563654054212133, "accuracy": -1.0, "distance": 0.5747910141944885}}