{"0": {"mean": -0.28577959537506104, "variance": 0.018330015242099762, "std_dev": 0.13538838922977448, "median": -0.2988101840019226, "range": 0.6191851496696472, "iq_range": 0.16560063511133194, "density": 0.23464303412354304, "accuracy": 1.0, "distance": 0.7356209754943848}, "1": {"mean": -0.28479647636413574, "variance": 0.018890967592597008, "std_dev": 0.1374444216489792, "median": -0.29955852031707764, "range": 0.6288362145423889, "iq_range": 0.1770463064312935, "density": 0.23794921644885936, "accuracy": 1.0, "distance": 1.4021384716033936}, "2": {"mean": -0.2879016101360321, "variance": 0.017112672328948975, "std_dev": 0.13081541657447815, "median": -0.30381447076797485, "range": 0.6600216627120972, "iq_range": 0.14806772023439407, "density": 0.23491956748522874, "accuracy": 1.0, "distance": 0.6704732775688171}, "3": {"mean": -0.2882022559642792, "variance": 0.01693945750594139, "std_dev": 0.1301516741514206, "median": -0.30571144819259644, "range": 0.6600216627120972, "iq_range": 0.14353056624531746, "density": 0.23927599844240427, "accuracy": -1.0, "distance": 0.9316428899765015}, "4": {"mean": -0.28727391362190247, "variance": 0.017473697662353516, "std_dev": 0.1321881115436554, "median": -0.3070158362388611, "range": 0.6600216627120972, "iq_range": 0.1497652903199196, "density": 0.2363838489497061, "accuracy": -1.0, "distance": 1.283351182937622}, "5": {"mean": -0.28324443101882935, "variance": 0.019772591069340706, "std_dev": 0.1406150460243225, "median": -0.2939203977584839, "range": 0.6288362145423889, "iq_range": 0.18370718136429787, "density": 0.23390884146911706, "accuracy": 1.0, "distance": 0.8981465101242065}, "6": {"mean": -0.28665006160736084, "variance": 0.017831744626164436, "std_dev": 0.13353554904460907, "median": -0.30567628145217896, "range": 0.6146379113197327, "iq_range": 0.1461295299232006, "density": 0.23598698172121776, "accuracy": -1.0, "distance": 0.664141058921814}, "7": {"mean": -0.2857097387313843, "variance": 0.01836993359029293, "std_dev": 0.13553573191165924, "median": -0.3014351725578308, "range": 0.6600216627120972, "iq_range": 0.15701892226934433, "density": 0.23616269603619477, "accuracy": -1.0, "distance": 1.0836690664291382}, "8": {"mean": -0.28933611512184143, "variance": 0.016284603625535965, "std_dev": 0.12761114537715912, "median": -0.31501927971839905, "range": 0.6207359433174133, "iq_range": 0.13707492128014565, "density": 0.23547235103496528, "accuracy": -1.0, "distance": 1.0678788423538208}, "9": {"mean": -0.28401175141334534, "variance": 0.01933731883764267, "std_dev": 0.1390586942434311, "median": -0.29199308156967163, "range": 0.6288362145423889, "iq_range": 0.1732877716422081, "density": 0.2357560320656148, "accuracy": 1.0, "distance": 0.8543769717216492}, "10": {"mean": -0.2842201292514801, "variance": 0.01921890862286091, "std_dev": 0.13863228261470795, "median": -0.2967241704463959, "range": 0.6288362145423889, "iq_range": 0.17118195071816444, "density": 0.233806056690111, "accuracy": 1.0, "distance": 0.8016255497932434}, "11": {"mean": -0.2881771922111511, "variance": 0.01695391722023487, "std_dev": 0.13020721077919006, "median": -0.31160980463027954, "range": 0.6600216627120972, "iq_range": 0.14076561853289604, "density": 0.235186803311305, "accuracy": 1.0, "distance": 0.9019708037376404}, "12": {"mean": -0.2842792272567749, "variance": 0.01918531395494938, "std_dev": 0.138511061668396, "median": -0.29684820771217346, "range": 0.6191851496696472, "iq_range": 0.1634804643690586, "density": 0.2349623718014286, "accuracy": 1.0, "distance": 0.6705941557884216}, "13": {"mean": -0.2881632149219513, "variance": 0.016961975023150444, "std_dev": 0.1302381455898285, "median": -0.3110755383968353, "range": 0.6207359433174133, "iq_range": 0.137885183095932, "density": 0.23866411996149012, "accuracy": -1.0, "distance": 0.8804215788841248}, "14": {"mean": -0.2849934697151184, "variance": 0.018778739497065544, "std_dev": 0.13703553378582, "median": -0.3007909059524536, "range": 0.6179154515266418, "iq_range": 0.1673031896352768, "density": 0.23518022343790437, "accuracy": -1.0, "distance": 0.659044623374939}}