{"0": {"mean": -0.2849687337875366, "variance": 0.01879282109439373, "std_dev": 0.1370869129896164, "median": -0.29476726055145264, "range": 0.6288362145423889, "iq_range": 0.16637825965881348, "density": 0.23470195407196906, "accuracy": -1.0, "distance": 0.7979129552841187}, "1": {"mean": -0.2863139510154724, "variance": 0.01802433468401432, "std_dev": 0.13425473868846893, "median": -0.3026711344718933, "range": 0.6600216627120972, "iq_range": 0.16472958400845528, "density": 0.2337816606617144, "accuracy": -1.0, "distance": 0.5962262749671936}, "2": {"mean": -0.2900761067867279, "variance": 0.015855856239795685, "std_dev": 0.12592004239559174, "median": -0.31465768814086914, "range": 0.6288362145423889, "iq_range": 0.1277364306151867, "density": 0.24394357457220553, "accuracy": 1.0, "distance": 0.7042622566223145}, "3": {"mean": -0.2890957295894623, "variance": 0.016423668712377548, "std_dev": 0.12815485894680023, "median": -0.3088635206222534, "range": 0.6600216627120972, "iq_range": 0.13536665588617325, "density": 0.23715471802457633, "accuracy": -1.0, "distance": 0.6569681763648987}, "4": {"mean": -0.2905532717704773, "variance": 0.015578782185912132, "std_dev": 0.12481499463319778, "median": -0.3169322609901428, "range": 0.6288362145423889, "iq_range": 0.1297731213271618, "density": 0.2429711516273258, "accuracy": 1.0, "distance": 0.39836129546165466}, "5": {"mean": -0.2882005572319031, "variance": 0.01694042980670929, "std_dev": 0.13015539944171906, "median": -0.3093804121017456, "range": 0.6191851496696472, "iq_range": 0.137885183095932, "density": 0.2377864883879325, "accuracy": 1.0, "distance": 0.1306207776069641}, "6": {"mean": -0.2852010130882263, "variance": 0.01866038516163826, "std_dev": 0.13660302758216858, "median": -0.2955136299133301, "range": 0.6179154515266418, "iq_range": 0.16669506579637527, "density": 0.23395673149352145, "accuracy": 1.0, "distance": 0.3517439663410187}, "7": {"mean": -0.28562304377555847, "variance": 0.018419470638036728, "std_dev": 0.13571834564208984, "median": -0.30088967084884644, "range": 0.6600216627120972, "iq_range": 0.16335471719503403, "density": 0.23101194819351048, "accuracy": -1.0, "distance": 0.8729913830757141}, "8": {"mean": -0.2933933436870575, "variance": 0.013920348137617111, "std_dev": 0.11798452585935593, "median": -0.3227485716342926, "range": 0.5619096159934998, "iq_range": 0.11231700330972672, "density": 0.24171679226440215, "accuracy": 1.0, "distance": 0.7062990069389343}, "9": {"mean": -0.2888672947883606, "variance": 0.01655569113790989, "std_dev": 0.1286689192056656, "median": -0.30680686235427856, "range": 0.6207359433174133, "iq_range": 0.1503661312162876, "density": 0.235519005233652, "accuracy": 1.0, "distance": 0.5160901546478271}, "10": {"mean": -0.2825987637042999, "variance": 0.020137952640652657, "std_dev": 0.14190825819969177, "median": -0.2907486855983734, "range": 0.6288362145423889, "iq_range": 0.17558065801858902, "density": 0.23561121276659963, "accuracy": 1.0, "distance": 0.6983888745307922}, "11": {"mean": -0.28471460938453674, "variance": 0.01893760822713375, "std_dev": 0.13761398196220398, "median": -0.29823076725006104, "range": 0.6288362145423889, "iq_range": 0.18574511259794235, "density": 0.2353511506251638, "accuracy": 1.0, "distance": 0.624840259552002}, "12": {"mean": -0.29193633794784546, "variance": 0.01477318536490202, "std_dev": 0.12154499441385269, "median": -0.3202282786369324, "range": 0.6007345914840698, "iq_range": 0.11452316492795944, "density": 0.23974059530346983, "accuracy": -1.0, "distance": 1.0388362407684326}, "13": {"mean": -0.2848012149333954, "variance": 0.018888255581259727, "std_dev": 0.13743455708026886, "median": -0.3010293245315552, "range": 0.6600216627120972, "iq_range": 0.16039582714438438, "density": 0.2346803187350976, "accuracy": 1.0, "distance": 1.2728267908096313}, "14": {"mean": -0.2891409695148468, "variance": 0.01639750227332115, "std_dev": 0.1280527263879776, "median": -0.3056645393371582, "range": 0.6207359433174133, "iq_range": 0.14919652044773102, "density": 0.23660576078040257, "accuracy": -1.0, "distance": 0.47950273752212524}}