{"0": {"mean": -0.28665345907211304, "variance": 0.017829788848757744, "std_dev": 0.1335282325744629, "median": -0.30377650260925293, "range": 0.6179154515266418, "iq_range": 0.16913708671927452, "density": 0.23823355111886022, "accuracy": 1.0, "distance": 0.8536455035209656}, "1": {"mean": -0.2931520342826843, "variance": 0.014061890542507172, "std_dev": 0.1185828447341919, "median": -0.3227226734161377, "range": 0.6288362145423889, "iq_range": 0.11224710196256638, "density": 0.24212836712693112, "accuracy": 1.0, "distance": 0.5270523428916931}, "2": {"mean": -0.2890245020389557, "variance": 0.01646484062075615, "std_dev": 0.12831538915634155, "median": -0.3125494122505188, "range": 0.6600216627120972, "iq_range": 0.1332150138914585, "density": 0.23404097539967994, "accuracy": -1.0, "distance": 1.2758170366287231}, "3": {"mean": -0.2847616672515869, "variance": 0.018910782411694527, "std_dev": 0.13751648366451263, "median": -0.29762768745422363, "range": 0.6288362145423889, "iq_range": 0.1772446446120739, "density": 0.2358581424301596, "accuracy": 1.0, "distance": 0.8150747418403625}, "4": {"mean": -0.2880006432533264, "variance": 0.017055636271834373, "std_dev": 0.13059723377227783, "median": -0.3114002048969269, "range": 0.6079211831092834, "iq_range": 0.14097531512379646, "density": 0.23309840933879197, "accuracy": 1.0, "distance": 0.900155782699585}, "5": {"mean": -0.2912340462207794, "variance": 0.015182730741798878, "std_dev": 0.12321822345256805, "median": -0.31878459453582764, "range": 0.6191851496696472, "iq_range": 0.12480621039867401, "density": 0.24141043042219573, "accuracy": -1.0, "distance": 0.7435758113861084}, "6": {"mean": -0.28318077325820923, "variance": 0.019808635115623474, "std_dev": 0.14074315130710602, "median": -0.2937498688697815, "range": 0.6288361549377441, "iq_range": 0.16956938058137894, "density": 0.23420500097483918, "accuracy": 1.0, "distance": 0.9759334921836853}, "7": {"mean": -0.2867072820663452, "variance": 0.01779892109334469, "std_dev": 0.13341259956359863, "median": -0.3047217130661011, "range": 0.6600216627120972, "iq_range": 0.15106717497110367, "density": 0.23545815979687046, "accuracy": -1.0, "distance": 0.9036973714828491}, "8": {"mean": -0.291683167219162, "variance": 0.014920934103429317, "std_dev": 0.12215127795934677, "median": -0.320149302482605, "range": 0.6207359433174133, "iq_range": 0.12141606584191322, "density": 0.23904096058434257, "accuracy": 1.0, "distance": 0.7937374711036682}, "9": {"mean": -0.28332239389419556, "variance": 0.019728420302271843, "std_dev": 0.1404578983783722, "median": -0.29476726055145264, "range": 0.6288362145423889, "iq_range": 0.17321114987134933, "density": 0.2341187161536943, "accuracy": 1.0, "distance": 0.530699610710144}, "10": {"mean": -0.2868620753288269, "variance": 0.017710154876112938, "std_dev": 0.13307949900627136, "median": -0.30695733428001404, "range": 0.6600216627120972, "iq_range": 0.14967957139015198, "density": 0.2343560819096399, "accuracy": -1.0, "distance": 1.2438925504684448}, "11": {"mean": -0.2904047966003418, "variance": 0.01566506177186966, "std_dev": 0.12516014277935028, "median": -0.3163394331932068, "range": 0.6600216627120972, "iq_range": 0.13090259581804276, "density": 0.2374547425378944, "accuracy": -1.0, "distance": 0.8806595206260681}, "12": {"mean": -0.2907642126083374, "variance": 0.015456164255738258, "std_dev": 0.12432282418012619, "median": -0.31545278429985046, "range": 0.6288362145423889, "iq_range": 0.1242607869207859, "density": 0.24120737456304317, "accuracy": 1.0, "distance": 0.7140471935272217}, "13": {"mean": -0.287663996219635, "variance": 0.017249420285224915, "std_dev": 0.13133704662322998, "median": -0.31050771474838257, "range": 0.6207359433174133, "iq_range": 0.15426703542470932, "density": 0.2386474558860726, "accuracy": 1.0, "distance": 0.29191797971725464}, "14": {"mean": -0.2858627438545227, "variance": 0.018282510340213776, "std_dev": 0.13521283864974976, "median": -0.30330410599708557, "range": 0.6288362145423889, "iq_range": 0.15222104638814926, "density": 0.2341149673754968, "accuracy": -1.0, "distance": 0.8971957564353943}}