{"0": {"mean": -0.28235071897506714, "variance": 0.020278068259358406, "std_dev": 0.1424010843038559, "median": -0.2942622900009155, "range": 0.6600216627120972, "iq_range": 0.17922714725136757, "density": 0.2340032120182564, "accuracy": -1.0, "distance": 1.5521607398986816}, "1": {"mean": -0.2812655568122864, "variance": 0.02088969014585018, "std_dev": 0.14453266561031342, "median": -0.287484735250473, "range": 0.6288361549377441, "iq_range": 0.1800806261599064, "density": 0.23370876160974755, "accuracy": 1.0, "distance": 1.4318491220474243}, "2": {"mean": -0.2863719165325165, "variance": 0.017991123721003532, "std_dev": 0.13413099944591522, "median": -0.3076375126838684, "range": 0.6600216627120972, "iq_range": 0.17003201320767403, "density": 0.2372139709319477, "accuracy": -1.0, "distance": 0.5890917181968689}, "3": {"mean": -0.28729698061943054, "variance": 0.017460444942116737, "std_dev": 0.1321379840373993, "median": -0.3047217130661011, "range": 0.6600216627120972, "iq_range": 0.1471204198896885, "density": 0.23681579335825223, "accuracy": -1.0, "distance": 1.1106932163238525}, "4": {"mean": -0.2876814007759094, "variance": 0.017239412292838097, "std_dev": 0.1312989443540573, "median": -0.30991238355636597, "range": 0.6600216627120972, "iq_range": 0.1452459953725338, "density": 0.23663029428411397, "accuracy": -1.0, "distance": 0.9795863628387451}, "5": {"mean": -0.2847960293292999, "variance": 0.0188912320882082, "std_dev": 0.1374453753232956, "median": -0.29935431480407715, "range": 0.6191851496696472, "iq_range": 0.17182882130146027, "density": 0.23371218955275325, "accuracy": 1.0, "distance": 1.1693514585494995}, "6": {"mean": -0.28258129954338074, "variance": 0.020147815346717834, "std_dev": 0.14194300770759583, "median": -0.29273146390914917, "range": 0.6288362145423889, "iq_range": 0.18492057546973228, "density": 0.23569653374199187, "accuracy": 1.0, "distance": 0.6522648930549622}, "7": {"mean": -0.2901073694229126, "variance": 0.01583770662546158, "std_dev": 0.1258479505777359, "median": -0.3163641691207886, "range": 0.6288362145423889, "iq_range": 0.1256731040775776, "density": 0.24517087023147477, "accuracy": 1.0, "distance": 1.0329691171646118}, "8": {"mean": -0.2832581698894501, "variance": 0.01976480707526207, "std_dev": 0.14058735966682434, "median": -0.29459327459335327, "range": 0.6288361549377441, "iq_range": 0.16389335319399834, "density": 0.23619414158696692, "accuracy": -1.0, "distance": 0.7608044147491455}, "9": {"mean": -0.28763458132743835, "variance": 0.017266351729631424, "std_dev": 0.13140149414539337, "median": -0.30311319231987, "range": 0.6600216627120972, "iq_range": 0.15001356974244118, "density": 0.23653771873982374, "accuracy": -1.0, "distance": 0.8745682835578918}, "10": {"mean": -0.2892506718635559, "variance": 0.01633405312895775, "std_dev": 0.1278047412633896, "median": -0.30582213401794434, "range": 0.6600216627120972, "iq_range": 0.13546443358063698, "density": 0.23840483496796921, "accuracy": -1.0, "distance": 1.0191280841827393}, "11": {"mean": -0.28589770197868347, "variance": 0.018262486904859543, "std_dev": 0.13513876497745514, "median": -0.30566149950027466, "range": 0.6007345914840698, "iq_range": 0.16454342380166054, "density": 0.23392700260067956, "accuracy": 1.0, "distance": 1.1398241519927979}, "12": {"mean": -0.2849481999874115, "variance": 0.01880452036857605, "std_dev": 0.13712957501411438, "median": -0.2990536689758301, "range": 0.6146379113197327, "iq_range": 0.16880427300930023, "density": 0.2342293372168992, "accuracy": 1.0, "distance": 0.7111745476722717}, "13": {"mean": -0.2845010459423065, "variance": 0.019059155136346817, "std_dev": 0.13805489242076874, "median": -0.2980995178222656, "range": 0.6288362145423889, "iq_range": 0.16865115240216255, "density": 0.23492137783490669, "accuracy": 1.0, "distance": 0.8105510473251343}, "14": {"mean": -0.28813061118125916, "variance": 0.01698075607419014, "std_dev": 0.13031023740768433, "median": -0.3076934218406677, "range": 0.6013028025627136, "iq_range": 0.14775827527046204, "density": 0.23887214724784744, "accuracy": 1.0, "distance": 1.077789306640625}}