{"0": {"mean": -0.28692883253097534, "variance": 0.017671840265393257, "std_dev": 0.13293547928333282, "median": -0.3054678440093994, "range": 0.6288362145423889, "iq_range": 0.15873229876160622, "density": 0.23617412818906883, "accuracy": -1.0, "distance": 1.3813472986221313}, "1": {"mean": -0.2892066538333893, "variance": 0.01635950803756714, "std_dev": 0.12790429592132568, "median": -0.30574876070022583, "range": 0.6600216627120972, "iq_range": 0.14513575285673141, "density": 0.23644434768529707, "accuracy": -1.0, "distance": 0.6453235149383545}, "2": {"mean": -0.291593462228775, "variance": 0.014973246492445469, "std_dev": 0.12236522138118744, "median": -0.32061728835105896, "range": 0.596330463886261, "iq_range": 0.11615747958421707, "density": 0.2415076314441709, "accuracy": -1.0, "distance": 0.8435133695602417}, "3": {"mean": -0.28672513365745544, "variance": 0.017788689583539963, "std_dev": 0.13337424397468567, "median": -0.3022242784500122, "range": 0.6600216627120972, "iq_range": 0.16417111828923225, "density": 0.23431728352493586, "accuracy": 1.0, "distance": 0.3720085024833679}, "4": {"mean": -0.29004162549972534, "variance": 0.01587585173547268, "std_dev": 0.12599940598011017, "median": -0.3127336800098419, "range": 0.6600216627120972, "iq_range": 0.13577409833669662, "density": 0.2347915363574282, "accuracy": -1.0, "distance": 1.233085036277771}, "5": {"mean": -0.2883228659629822, "variance": 0.01686991937458515, "std_dev": 0.1298842579126358, "median": -0.3064318895339966, "range": 0.6600216627120972, "iq_range": 0.14047475531697273, "density": 0.23689309188014815, "accuracy": -1.0, "distance": 0.7023281455039978}, "6": {"mean": -0.2911677956581116, "variance": 0.01522133033722639, "std_dev": 0.12337475270032883, "median": -0.3193689286708832, "range": 0.6288362145423889, "iq_range": 0.1179896891117096, "density": 0.2474813429467777, "accuracy": 1.0, "distance": 0.9097728729248047}, "7": {"mean": -0.288774311542511, "variance": 0.016609398648142815, "std_dev": 0.1288774609565735, "median": -0.31528210639953613, "range": 0.6079211831092834, "iq_range": 0.13174182176589966, "density": 0.23656156084946528, "accuracy": 1.0, "distance": 0.6773746609687805}, "8": {"mean": -0.28960686922073364, "variance": 0.016127871349453926, "std_dev": 0.12699556350708008, "median": -0.31321486830711365, "range": 0.6079211831092834, "iq_range": 0.12910322472453117, "density": 0.2378134923534665, "accuracy": -1.0, "distance": 1.2577357292175293}, "9": {"mean": -0.2851162254810333, "variance": 0.01870875060558319, "std_dev": 0.13677993416786194, "median": -0.30072546005249023, "range": 0.6288362145423889, "iq_range": 0.15871332958340645, "density": 0.2336567072023451, "accuracy": -1.0, "distance": 0.83189857006073}, "10": {"mean": -0.28368592262268066, "variance": 0.019522307440638542, "std_dev": 0.13972225785255432, "median": -0.296858549118042, "range": 0.6288362145423889, "iq_range": 0.1754569597542286, "density": 0.23473555994699502, "accuracy": -1.0, "distance": 1.2079178094863892}, "11": {"mean": -0.2876187264919281, "variance": 0.017275476828217506, "std_dev": 0.13143621385097504, "median": -0.3030698299407959, "range": 0.6600216627120972, "iq_range": 0.14807462692260742, "density": 0.23585601956220908, "accuracy": -1.0, "distance": 1.056064486503601}, "12": {"mean": -0.2882133722305298, "variance": 0.016933061182498932, "std_dev": 0.13012710213661194, "median": -0.3052789568901062, "range": 0.6288362145423889, "iq_range": 0.14733948558568954, "density": 0.23840094960889593, "accuracy": -1.0, "distance": 0.46049001812934875}, "13": {"mean": -0.28304412961006165, "variance": 0.01988603174686432, "std_dev": 0.1410178393125534, "median": -0.29190725088119507, "range": 0.6288362145423889, "iq_range": 0.17286181449890137, "density": 0.23397213504945596, "accuracy": 1.0, "distance": 0.7098994851112366}, "14": {"mean": -0.28644701838493347, "variance": 0.017948104068636894, "std_dev": 0.13397052884101868, "median": -0.30167317390441895, "range": 0.6288362145423889, "iq_range": 0.15433752164244652, "density": 0.2369968322467577, "accuracy": -1.0, "distance": 0.9416804909706116}}