{"0": {"mean": -0.2897335886955261, "variance": 0.016054445877671242, "std_dev": 0.12670613825321198, "median": -0.31536024808883667, "range": 0.6288360953330994, "iq_range": 0.12822474911808968, "density": 0.2424372420281266, "accuracy": 1.0, "distance": 0.7441273927688599}, "1": {"mean": -0.2899801433086395, "variance": 0.015911521390080452, "std_dev": 0.12614087760448456, "median": -0.3184276819229126, "range": 0.6288362145423889, "iq_range": 0.13150488957762718, "density": 0.24419817774389632, "accuracy": -1.0, "distance": 1.2693113088607788}, "2": {"mean": -0.2922663390636444, "variance": 0.01458040438592434, "std_dev": 0.1207493469119072, "median": -0.3221970796585083, "range": 0.6288362145423889, "iq_range": 0.11281628161668777, "density": 0.24466850159072928, "accuracy": 1.0, "distance": 0.8511683344841003}, "3": {"mean": -0.29167628288269043, "variance": 0.01492494810372591, "std_dev": 0.12216770648956299, "median": -0.3161941170692444, "range": 0.6288362145423889, "iq_range": 0.1189710795879364, "density": 0.23954285181765309, "accuracy": -1.0, "distance": 0.7104432582855225}, "4": {"mean": -0.2893572747707367, "variance": 0.01627236418426037, "std_dev": 0.12756317853927612, "median": -0.3173903822898865, "range": 0.5918647646903992, "iq_range": 0.14611345529556274, "density": 0.23644609138443484, "accuracy": 1.0, "distance": 0.5185527205467224}, "5": {"mean": -0.284431517124176, "variance": 0.019098712131381035, "std_dev": 0.1381980925798416, "median": -0.29797470569610596, "range": 0.6600216627120972, "iq_range": 0.17677633464336395, "density": 0.23594658956936027, "accuracy": 1.0, "distance": 1.1500139236450195}, "6": {"mean": -0.286720335483551, "variance": 0.01779145561158657, "std_dev": 0.1333846151828766, "median": -0.30988991260528564, "range": 0.6079211831092834, "iq_range": 0.1701161228120327, "density": 0.23743173710292226, "accuracy": 1.0, "distance": 0.9092013239860535}, "7": {"mean": -0.29130735993385315, "variance": 0.015140012837946415, "std_dev": 0.12304475903511047, "median": -0.3206889033317566, "range": 0.6079211831092834, "iq_range": 0.11897610872983932, "density": 0.24075156263923675, "accuracy": 1.0, "distance": 1.2652161121368408}, "8": {"mean": -0.2844574451446533, "variance": 0.019083965569734573, "std_dev": 0.13814473152160645, "median": -0.2942622900009155, "range": 0.6207359433174133, "iq_range": 0.16449404880404472, "density": 0.23792661230708917, "accuracy": 1.0, "distance": 0.761982798576355}, "9": {"mean": -0.29085057973861694, "variance": 0.015405946411192417, "std_dev": 0.12412068992853165, "median": -0.30991238355636597, "range": 0.6600216627120972, "iq_range": 0.13324705511331558, "density": 0.2356493476759334, "accuracy": -1.0, "distance": 0.920913815498352}, "10": {"mean": -0.2872426211833954, "variance": 0.017491674050688744, "std_dev": 0.13225609064102173, "median": -0.3036552667617798, "range": 0.6191851496696472, "iq_range": 0.15031521767377853, "density": 0.23523858077747184, "accuracy": 1.0, "distance": 0.600784420967102}, "11": {"mean": -0.28708183765411377, "variance": 0.017584022134542465, "std_dev": 0.13260476291179657, "median": -0.30876851081848145, "range": 0.6079211831092834, "iq_range": 0.16812242940068245, "density": 0.23653088862138918, "accuracy": 1.0, "distance": 0.633016049861908}, "12": {"mean": -0.2860606908798218, "variance": 0.01816927269101143, "std_dev": 0.1347934454679489, "median": -0.3075639605522156, "range": 0.6135308146476746, "iq_range": 0.16707488149404526, "density": 0.2352502480192867, "accuracy": 1.0, "distance": 0.509738028049469}, "13": {"mean": -0.28568658232688904, "variance": 0.018383169546723366, "std_dev": 0.13558454811573029, "median": -0.30326855182647705, "range": 0.6179154515266418, "iq_range": 0.16429521143436432, "density": 0.23415203804875498, "accuracy": 1.0, "distance": 0.9120422005653381}, "14": {"mean": -0.28583991527557373, "variance": 0.01829555071890354, "std_dev": 0.13526104390621185, "median": -0.3040210008621216, "range": 0.6600216627120972, "iq_range": 0.16186539828777313, "density": 0.2385548606701595, "accuracy": -1.0, "distance": 1.2859678268432617}}