{"0": {"mean": -0.29055410623550415, "variance": 0.015578309074044228, "std_dev": 0.12481309473514557, "median": -0.32057276368141174, "range": 0.6191851496696472, "iq_range": 0.13490421324968338, "density": 0.24189702904481558, "accuracy": 1.0, "distance": 0.8414399027824402}, "1": {"mean": -0.29144203662872314, "variance": 0.01506153866648674, "std_dev": 0.1227254569530487, "median": -0.31722748279571533, "range": 0.6288362145423889, "iq_range": 0.11989721655845642, "density": 0.24274913156751687, "accuracy": 1.0, "distance": 0.7390739321708679}, "2": {"mean": -0.2848058342933655, "variance": 0.018885640427470207, "std_dev": 0.137425035238266, "median": -0.2980888783931732, "range": 0.6191850900650024, "iq_range": 0.16196761280298233, "density": 0.234475399393533, "accuracy": 1.0, "distance": 0.4319717288017273}, "3": {"mean": -0.2844875752925873, "variance": 0.01906682178378105, "std_dev": 0.13808266818523407, "median": -0.30033808946609497, "range": 0.6288362145423889, "iq_range": 0.1723325029015541, "density": 0.23634065653906947, "accuracy": -1.0, "distance": 1.4717644453048706}, "4": {"mean": -0.28634113073349, "variance": 0.018008757382631302, "std_dev": 0.1341967135667801, "median": -0.2998995780944824, "range": 0.6600216627120972, "iq_range": 0.16446809470653534, "density": 0.23625296783653704, "accuracy": -1.0, "distance": 0.48879820108413696}, "5": {"mean": -0.2911699116230011, "variance": 0.01522008329629898, "std_dev": 0.12336970120668411, "median": -0.3176042437553406, "range": 0.6207359433174133, "iq_range": 0.12795910984277725, "density": 0.23935942159305626, "accuracy": -1.0, "distance": 0.9828253388404846}, "6": {"mean": -0.2944282293319702, "variance": 0.013312017545104027, "std_dev": 0.11537771672010422, "median": -0.32401221990585327, "range": 0.5784083008766174, "iq_range": 0.10668488591909409, "density": 0.24536335577576274, "accuracy": -1.0, "distance": 0.345452219247818}, "7": {"mean": -0.2892078161239624, "variance": 0.01635882630944252, "std_dev": 0.12790162861347198, "median": -0.3068920373916626, "range": 0.6600216627120972, "iq_range": 0.13858316093683243, "density": 0.23625446540549988, "accuracy": -1.0, "distance": 1.190541386604309}, "8": {"mean": -0.2875780165195465, "variance": 0.017298895865678787, "std_dev": 0.13152526319026947, "median": -0.3041834831237793, "range": 0.6191850900650024, "iq_range": 0.147699773311615, "density": 0.23661768250541568, "accuracy": 1.0, "distance": 0.2968730628490448}, "9": {"mean": -0.28541484475135803, "variance": 0.01853836514055729, "std_dev": 0.13615566492080688, "median": -0.3012281656265259, "range": 0.6600216627120972, "iq_range": 0.16118692979216576, "density": 0.23262167351743246, "accuracy": -1.0, "distance": 0.8774269223213196}, "10": {"mean": -0.28710025548934937, "variance": 0.017573436722159386, "std_dev": 0.13256484270095825, "median": -0.3075639605522156, "range": 0.6179154515266418, "iq_range": 0.15737349912524223, "density": 0.23772184323372522, "accuracy": 1.0, "distance": 0.7499452829360962}, "11": {"mean": -0.2899618446826935, "variance": 0.01592213287949562, "std_dev": 0.1261829286813736, "median": -0.31674253940582275, "range": 0.6288362145423889, "iq_range": 0.13368338346481323, "density": 0.2386491034081535, "accuracy": 1.0, "distance": 0.3767941892147064}, "12": {"mean": -0.2847670316696167, "variance": 0.018907755613327026, "std_dev": 0.13750547170639038, "median": -0.2971462607383728, "range": 0.6288362145423889, "iq_range": 0.1659981906414032, "density": 0.2359144901022735, "accuracy": 1.0, "distance": 0.7613720297813416}, "13": {"mean": -0.28522661328315735, "variance": 0.018645767122507095, "std_dev": 0.13654950261116028, "median": -0.303148090839386, "range": 0.6179154515266418, "iq_range": 0.16045429185032845, "density": 0.23576478313979635, "accuracy": 1.0, "distance": 1.4087954759597778}, "14": {"mean": -0.2852424383163452, "variance": 0.018636757507920265, "std_dev": 0.1365165114402771, "median": -0.2996712923049927, "range": 0.6288362145423889, "iq_range": 0.16202408447861671, "density": 0.23476412112217698, "accuracy": -1.0, "distance": 0.9705445170402527}}