{"0": {"mean": -0.2872973084449768, "variance": 0.01746026985347271, "std_dev": 0.13213731348514557, "median": -0.3099023699760437, "range": 0.6288361549377441, "iq_range": 0.14454705640673637, "density": 0.23882180651180487, "accuracy": 1.0, "distance": 0.8795279860496521}, "1": {"mean": -0.2869553864002228, "variance": 0.017656609416007996, "std_dev": 0.1328781694173813, "median": -0.2969881594181061, "range": 0.6135308146476746, "iq_range": 0.15176450088620186, "density": 0.23309284711196476, "accuracy": 1.0, "distance": 0.33435332775115967}, "2": {"mean": -0.2850428521633148, "variance": 0.01875058375298977, "std_dev": 0.13693277537822723, "median": -0.2951906621456146, "range": 0.6288362145423889, "iq_range": 0.17209606990218163, "density": 0.23737767271334054, "accuracy": 1.0, "distance": 0.39951738715171814}, "3": {"mean": -0.28720614314079285, "variance": 0.01751263439655304, "std_dev": 0.13233530521392822, "median": -0.3026052713394165, "range": 0.6288362145423889, "iq_range": 0.1590488851070404, "density": 0.23428757321236363, "accuracy": 1.0, "distance": 0.6148796677589417}, "4": {"mean": -0.28762173652648926, "variance": 0.017273738980293274, "std_dev": 0.13142959773540497, "median": -0.3116774260997772, "range": 0.6600216627120972, "iq_range": 0.1469292715191841, "density": 0.23405148696552894, "accuracy": -1.0, "distance": 0.5727760195732117}, "5": {"mean": -0.28704553842544556, "variance": 0.017604853957891464, "std_dev": 0.13268327713012695, "median": -0.3116215765476227, "range": 0.6079211831092834, "iq_range": 0.15638885274529457, "density": 0.23972780871589772, "accuracy": 1.0, "distance": 0.9403383731842041}, "6": {"mean": -0.28845635056495667, "variance": 0.016792932525277138, "std_dev": 0.1295875459909439, "median": -0.31439119577407837, "range": 0.6288362145423889, "iq_range": 0.13577217236161232, "density": 0.23958967460075495, "accuracy": -1.0, "distance": 1.1888600587844849}, "7": {"mean": -0.2859029471874237, "variance": 0.01825949177145958, "std_dev": 0.1351276934146881, "median": -0.3064383268356323, "range": 0.6600216627120972, "iq_range": 0.17583399266004562, "density": 0.23721073565897377, "accuracy": 1.0, "distance": 1.0731596946716309}, "8": {"mean": -0.2906113862991333, "variance": 0.015545026399195194, "std_dev": 0.12467969208955765, "median": -0.31611838936805725, "range": 0.6207359433174133, "iq_range": 0.1286153458058834, "density": 0.2365749876956255, "accuracy": -1.0, "distance": 0.5920769572257996}, "9": {"mean": -0.28743255138397217, "variance": 0.01738251931965351, "std_dev": 0.13184277713298798, "median": -0.3085455894470215, "range": 0.6207359433174133, "iq_range": 0.14203664660453796, "density": 0.23720820174339632, "accuracy": -1.0, "distance": 1.1129027605056763}, "10": {"mean": -0.2911721169948578, "variance": 0.01521880179643631, "std_dev": 0.12336450815200806, "median": -0.31506460905075073, "range": 0.6207359433174133, "iq_range": 0.12822610512375832, "density": 0.2369598817803815, "accuracy": -1.0, "distance": 0.41651788353919983}, "11": {"mean": -0.28493353724479675, "variance": 0.018812885507941246, "std_dev": 0.13716007769107819, "median": -0.2980995178222656, "range": 0.6288362145423889, "iq_range": 0.17045080661773682, "density": 0.23542242426715904, "accuracy": -1.0, "distance": 1.2021656036376953}, "12": {"mean": -0.29351329803466797, "variance": 0.013849950395524502, "std_dev": 0.11768580973148346, "median": -0.3238053023815155, "range": 0.5866883993148804, "iq_range": 0.11096755415201187, "density": 0.24152345244701834, "accuracy": -1.0, "distance": 0.27503493428230286}, "13": {"mean": -0.28525233268737793, "variance": 0.018631108105182648, "std_dev": 0.13649581372737885, "median": -0.2976820766925812, "range": 0.6288362145423889, "iq_range": 0.1700817234814167, "density": 0.233657611697275, "accuracy": 1.0, "distance": 0.8801855444908142}, "14": {"mean": -0.2861269414424896, "variance": 0.018131379038095474, "std_dev": 0.13465280830860138, "median": -0.29870539903640747, "range": 0.6191851496696472, "iq_range": 0.15522094070911407, "density": 0.2351498761044885, "accuracy": -1.0, "distance": 1.1869401931762695}}