{"0": {"mean": -0.28781378269195557, "variance": 0.01716323383152485, "std_dev": 0.13100852072238922, "median": -0.30426549911499023, "range": 0.6179154515266418, "iq_range": 0.16503741964697838, "density": 0.23605603521038562, "accuracy": 1.0, "distance": 0.22380371391773224}, "1": {"mean": -0.2885465621948242, "variance": 0.016740888357162476, "std_dev": 0.12938658893108368, "median": -0.30691003799438477, "range": 0.6600216627120972, "iq_range": 0.13673274591565132, "density": 0.23618329201892313, "accuracy": -1.0, "distance": 0.5506113767623901}, "2": {"mean": -0.29049548506736755, "variance": 0.015612367540597916, "std_dev": 0.12494946271181107, "median": -0.3169322609901428, "range": 0.6288362145423889, "iq_range": 0.1285627856850624, "density": 0.2466491403197398, "accuracy": 1.0, "distance": 0.3919491767883301}, "3": {"mean": -0.2889772951602936, "variance": 0.016492104157805443, "std_dev": 0.1284215897321701, "median": -0.3141512870788574, "range": 0.6007345914840698, "iq_range": 0.13563184812664986, "density": 0.23668425646998517, "accuracy": 1.0, "distance": 0.8449957966804504}, "4": {"mean": -0.28883177042007446, "variance": 0.016576213762164116, "std_dev": 0.12874864041805267, "median": -0.3068278133869171, "range": 0.6600216627120972, "iq_range": 0.14128926396369934, "density": 0.2383439639450805, "accuracy": -1.0, "distance": 0.5959921479225159}, "5": {"mean": -0.28394219279289246, "variance": 0.01937681995332241, "std_dev": 0.13920064270496368, "median": -0.2963113784790039, "range": 0.6600216627120972, "iq_range": 0.1680331528186798, "density": 0.23509232640370406, "accuracy": 1.0, "distance": 0.7132208943367004}, "6": {"mean": -0.2861543595790863, "variance": 0.01811566948890686, "std_dev": 0.13459447026252747, "median": -0.3018176555633545, "range": 0.5866883993148804, "iq_range": 0.16531994193792343, "density": 0.23710082557787915, "accuracy": 1.0, "distance": 0.6016239523887634}, "7": {"mean": -0.2884903848171234, "variance": 0.016773292794823647, "std_dev": 0.1295117437839508, "median": -0.3135523200035095, "range": 0.5961214900016785, "iq_range": 0.14396151527762413, "density": 0.23732819171468642, "accuracy": 1.0, "distance": 0.32545050978660583}, "8": {"mean": -0.2862924337387085, "variance": 0.018036656081676483, "std_dev": 0.1343006193637848, "median": -0.30923759937286377, "range": 0.6600216627120972, "iq_range": 0.16079361364245415, "density": 0.23903077954220558, "accuracy": -1.0, "distance": 0.8972983360290527}, "9": {"mean": -0.2870637774467468, "variance": 0.017594370990991592, "std_dev": 0.13264377415180206, "median": -0.3056753873825073, "range": 0.6600216627120972, "iq_range": 0.16067159548401833, "density": 0.23664058714167388, "accuracy": -1.0, "distance": 1.0106911659240723}, "10": {"mean": -0.28676530718803406, "variance": 0.017765644937753677, "std_dev": 0.13328783214092255, "median": -0.31019794940948486, "range": 0.6207359433174133, "iq_range": 0.15971073880791664, "density": 0.23965975782871649, "accuracy": 1.0, "distance": 0.9466289281845093}, "11": {"mean": -0.2870853841304779, "variance": 0.017581989988684654, "std_dev": 0.13259710371494293, "median": -0.30434614419937134, "range": 0.6600216627120972, "iq_range": 0.1578955166041851, "density": 0.23495325104810919, "accuracy": 1.0, "distance": 0.9440580606460571}, "12": {"mean": -0.2918773889541626, "variance": 0.014807604253292084, "std_dev": 0.12168650329113007, "median": -0.317966103553772, "range": 0.578887403011322, "iq_range": 0.12657829374074936, "density": 0.23635448449091098, "accuracy": -1.0, "distance": 0.7753713130950928}, "13": {"mean": -0.28677886724472046, "variance": 0.017757892608642578, "std_dev": 0.13325874507427216, "median": -0.2998177409172058, "range": 0.6288362145423889, "iq_range": 0.15204337611794472, "density": 0.23688234621824988, "accuracy": -1.0, "distance": 1.0797868967056274}, "14": {"mean": -0.28857120871543884, "variance": 0.016726667061448097, "std_dev": 0.12933161854743958, "median": -0.31201833486557007, "range": 0.6288362145423889, "iq_range": 0.14603903889656067, "density": 0.23760746288334375, "accuracy": 1.0, "distance": 0.6204000115394592}}