{"0": {"mean": -0.28265661001205444, "variance": 0.02010524831712246, "std_dev": 0.14179298281669617, "median": -0.2926292419433594, "range": 0.6288362145423889, "iq_range": 0.17922955378890038, "density": 0.23355939796336764, "accuracy": 1.0, "distance": 1.007010817527771}, "1": {"mean": -0.28769898414611816, "variance": 0.01722930558025837, "std_dev": 0.1312604546546936, "median": -0.30729877948760986, "range": 0.6207359433174133, "iq_range": 0.14614587649703026, "density": 0.23459007326776032, "accuracy": -1.0, "distance": 1.2419458627700806}, "2": {"mean": -0.2910958230495453, "variance": 0.01526322029531002, "std_dev": 0.12354440987110138, "median": -0.31709492206573486, "range": 0.6179154515266418, "iq_range": 0.12157511338591576, "density": 0.24299815804696884, "accuracy": 1.0, "distance": 0.6798024773597717}, "3": {"mean": -0.2854260206222534, "variance": 0.01853199303150177, "std_dev": 0.13613227009773254, "median": -0.3056544065475464, "range": 0.6600216627120972, "iq_range": 0.16281462833285332, "density": 0.23608595082792033, "accuracy": 1.0, "distance": 0.7924458980560303}, "4": {"mean": -0.29290589690208435, "variance": 0.014206157997250557, "std_dev": 0.11918959021568298, "median": -0.3244377374649048, "range": 0.5790396928787231, "iq_range": 0.11374446004629135, "density": 0.2432400460500345, "accuracy": -1.0, "distance": 1.0360088348388672}, "5": {"mean": -0.2879331409931183, "variance": 0.01709451712667942, "std_dev": 0.1307460069656372, "median": -0.3085920810699463, "range": 0.6288362145423889, "iq_range": 0.15355271846055984, "density": 0.23638968139049388, "accuracy": 1.0, "distance": 0.9506604671478271}, "6": {"mean": -0.28898492455482483, "variance": 0.016487715765833855, "std_dev": 0.12840449810028076, "median": -0.3119429647922516, "range": 0.6191851496696472, "iq_range": 0.13376175984740257, "density": 0.2350641063105799, "accuracy": 1.0, "distance": 0.3480148911476135}, "7": {"mean": -0.2926512360572815, "variance": 0.014355246908962727, "std_dev": 0.11981338262557983, "median": -0.32257965207099915, "range": 0.6288362145423889, "iq_range": 0.1124187558889389, "density": 0.24696926523201035, "accuracy": 1.0, "distance": 0.6915387511253357}, "8": {"mean": -0.28541600704193115, "variance": 0.018537696450948715, "std_dev": 0.1361532062292099, "median": -0.3012281656265259, "range": 0.6600216627120972, "iq_range": 0.1588926613330841, "density": 0.2355944535769653, "accuracy": 1.0, "distance": 1.1896311044692993}, "9": {"mean": -0.2861102223396301, "variance": 0.018140943720936775, "std_dev": 0.13468831777572632, "median": -0.30326855182647705, "range": 0.6191851496696472, "iq_range": 0.15858854353427887, "density": 0.23397208160182908, "accuracy": -1.0, "distance": 0.9187832474708557}, "10": {"mean": -0.2879112958908081, "variance": 0.017107101157307625, "std_dev": 0.13079412281513214, "median": -0.3138880133628845, "range": 0.6013027429580688, "iq_range": 0.14839982613921165, "density": 0.23939340991942262, "accuracy": -1.0, "distance": 0.5742344260215759}, "11": {"mean": -0.2881792187690735, "variance": 0.016952741891145706, "std_dev": 0.13020269572734833, "median": -0.30653446912765503, "range": 0.6079211831092834, "iq_range": 0.14846985787153244, "density": 0.2349607117086732, "accuracy": 1.0, "distance": 0.8853691220283508}, "12": {"mean": -0.28469255566596985, "variance": 0.01895013451576233, "std_dev": 0.13765949010849, "median": -0.3008785843849182, "range": 0.6191851496696472, "iq_range": 0.17861159518361092, "density": 0.2353962965436463, "accuracy": 1.0, "distance": 1.2800302505493164}, "13": {"mean": -0.29164233803749084, "variance": 0.014944751746952534, "std_dev": 0.12224873155355453, "median": -0.32134175300598145, "range": 0.596330463886261, "iq_range": 0.12016381695866585, "density": 0.2391139857948547, "accuracy": 1.0, "distance": 0.6518710255622864}, "14": {"mean": -0.2872273325920105, "variance": 0.017500458285212517, "std_dev": 0.13228929042816162, "median": -0.3040196895599365, "range": 0.6179154515266418, "iq_range": 0.1677880845963955, "density": 0.23559901848013967, "accuracy": -1.0, "distance": 0.3385269045829773}}