{"0": {"mean": -0.28639188408851624, "variance": 0.017979692667722702, "std_dev": 0.13408838212490082, "median": -0.2994093894958496, "range": 0.6179154515266418, "iq_range": 0.14956586062908173, "density": 0.23556687044647867, "accuracy": 1.0, "distance": 0.31976208090782166}, "1": {"mean": -0.28533080220222473, "variance": 0.018586333841085434, "std_dev": 0.136331707239151, "median": -0.2972815930843353, "range": 0.6135308146476746, "iq_range": 0.17129554226994514, "density": 0.23434834504279822, "accuracy": -1.0, "distance": 1.1618125438690186}, "2": {"mean": -0.2863209843635559, "variance": 0.01802029088139534, "std_dev": 0.13423967361450195, "median": -0.3059512972831726, "range": 0.6079211831092834, "iq_range": 0.17197519913315773, "density": 0.23856275348158118, "accuracy": 1.0, "distance": 0.5334732532501221}, "3": {"mean": -0.28907182812690735, "variance": 0.016437485814094543, "std_dev": 0.12820875644683838, "median": -0.309026300907135, "range": 0.6207359433174133, "iq_range": 0.1398879811167717, "density": 0.23605418985589866, "accuracy": -1.0, "distance": 0.6963363885879517}, "4": {"mean": -0.29170769453048706, "variance": 0.014906615950167179, "std_dev": 0.12209265679121017, "median": -0.31791287660598755, "range": 0.6079211831092834, "iq_range": 0.11942540109157562, "density": 0.2382669011522811, "accuracy": 1.0, "distance": 0.9209886789321899}, "5": {"mean": -0.2882920205593109, "variance": 0.016887715086340904, "std_dev": 0.12995274364948273, "median": -0.3076012432575226, "range": 0.6288362145423889, "iq_range": 0.15292419120669365, "density": 0.23581803455076608, "accuracy": 1.0, "distance": 0.368125319480896}, "6": {"mean": -0.2859099805355072, "variance": 0.018255488947033882, "std_dev": 0.13511288166046143, "median": -0.3015271723270416, "range": 0.6600216627120972, "iq_range": 0.16445372626185417, "density": 0.23708137106242044, "accuracy": -1.0, "distance": 0.8559573888778687}, "7": {"mean": -0.29040929675102234, "variance": 0.015662427991628647, "std_dev": 0.12514962255954742, "median": -0.3158882260322571, "range": 0.6207359433174133, "iq_range": 0.12818820402026176, "density": 0.23625761089843933, "accuracy": 1.0, "distance": 1.0448189973831177}, "8": {"mean": -0.2843085825443268, "variance": 0.01916862092912197, "std_dev": 0.13845078647136688, "median": -0.2930017113685608, "range": 0.6146379113197327, "iq_range": 0.17692358791828156, "density": 0.23579201988097367, "accuracy": 1.0, "distance": 0.9479189515113831}, "9": {"mean": -0.29059484601020813, "variance": 0.0155546385794878, "std_dev": 0.12471823394298553, "median": -0.3159381151199341, "range": 0.5961214900016785, "iq_range": 0.1259492225944996, "density": 0.24143912669623194, "accuracy": 1.0, "distance": 0.541808009147644}, "10": {"mean": -0.2858353555202484, "variance": 0.018298141658306122, "std_dev": 0.1352706253528595, "median": -0.29796627163887024, "range": 0.6179154515266418, "iq_range": 0.17194240540266037, "density": 0.23459475264798083, "accuracy": 1.0, "distance": 0.47234243154525757}, "11": {"mean": -0.28742071986198425, "variance": 0.01738932728767395, "std_dev": 0.13186860084533691, "median": -0.30360034108161926, "range": 0.6600216627120972, "iq_range": 0.14835717156529427, "density": 0.23513730761848134, "accuracy": -1.0, "distance": 0.5685399174690247}, "12": {"mean": -0.29301702976226807, "variance": 0.014141015708446503, "std_dev": 0.11891600489616394, "median": -0.32052987813949585, "range": 0.6079211831092834, "iq_range": 0.11022216826677322, "density": 0.24365036453450845, "accuracy": 1.0, "distance": 0.817828893661499}, "13": {"mean": -0.2856224775314331, "variance": 0.01841980591416359, "std_dev": 0.13571958243846893, "median": -0.2982153594493866, "range": 0.6288362145423889, "iq_range": 0.16765444353222847, "density": 0.23319910568019228, "accuracy": 1.0, "distance": 0.8162131905555725}, "14": {"mean": -0.2905919849872589, "variance": 0.015556293539702892, "std_dev": 0.1247248724102974, "median": -0.3093138635158539, "range": 0.6600216627120972, "iq_range": 0.1356411799788475, "density": 0.23561400745224725, "accuracy": -1.0, "distance": 0.5384384393692017}}