{"0": {"mean": -0.2866232395172119, "variance": 0.01784711703658104, "std_dev": 0.1335930973291397, "median": -0.30433687567710876, "range": 0.6600216627120972, "iq_range": 0.15065935999155045, "density": 0.23660749868939582, "accuracy": 1.0, "distance": 1.1067626476287842}, "1": {"mean": -0.288551390171051, "variance": 0.016738083213567734, "std_dev": 0.12937574088573456, "median": -0.31751954555511475, "range": 0.6207359433174133, "iq_range": 0.14988137781620026, "density": 0.23722034107536383, "accuracy": 1.0, "distance": 0.5789969563484192}, "2": {"mean": -0.2861481010913849, "variance": 0.01811925880610943, "std_dev": 0.13460779190063477, "median": -0.3008349537849426, "range": 0.6600216627120972, "iq_range": 0.16286812722682953, "density": 0.23429801531821412, "accuracy": 1.0, "distance": 0.9497560262680054}, "3": {"mean": -0.2880423069000244, "variance": 0.01703161932528019, "std_dev": 0.1305052489042282, "median": -0.3083258271217346, "range": 0.6600216627120972, "iq_range": 0.14510708302259445, "density": 0.2359034997128582, "accuracy": 1.0, "distance": 1.0954488515853882}, "4": {"mean": -0.28942736983299255, "variance": 0.01623179204761982, "std_dev": 0.12740404903888702, "median": -0.30925559997558594, "range": 0.6207359433174133, "iq_range": 0.13354739174246788, "density": 0.23617750740710394, "accuracy": -1.0, "distance": 0.9246357679367065}, "5": {"mean": -0.2880549430847168, "variance": 0.01702435500919819, "std_dev": 0.1304774135351181, "median": -0.3066767454147339, "range": 0.6288362145423889, "iq_range": 0.1464492678642273, "density": 0.23508386089314937, "accuracy": -1.0, "distance": 0.7865983843803406}, "6": {"mean": -0.2830292284488678, "variance": 0.019894447177648544, "std_dev": 0.1410476714372635, "median": -0.2956370413303375, "range": 0.6288362145423889, "iq_range": 0.173491433262825, "density": 0.23569884183214995, "accuracy": -1.0, "distance": 1.6041169166564941}, "7": {"mean": -0.2922936975955963, "variance": 0.014564404264092445, "std_dev": 0.12068307399749756, "median": -0.3204959034919739, "range": 0.6191851496696472, "iq_range": 0.11388268321752548, "density": 0.243129831172823, "accuracy": 1.0, "distance": 0.8048393130302429}, "8": {"mean": -0.28974926471710205, "variance": 0.01604534313082695, "std_dev": 0.1266702115535736, "median": -0.31509578227996826, "range": 0.6207359433174133, "iq_range": 0.13338671624660492, "density": 0.23610365267689415, "accuracy": -1.0, "distance": 0.8838822841644287}, "9": {"mean": -0.2884974479675293, "variance": 0.016769232228398323, "std_dev": 0.12949606776237488, "median": -0.3135523200035095, "range": 0.6191851496696472, "iq_range": 0.13892748206853867, "density": 0.2373196850160331, "accuracy": -1.0, "distance": 0.7536717653274536}, "10": {"mean": -0.29132696986198425, "variance": 0.015128598548471928, "std_dev": 0.12299837172031403, "median": -0.32053130865097046, "range": 0.6079211831092834, "iq_range": 0.1244460828602314, "density": 0.24215362169708704, "accuracy": 1.0, "distance": 1.0244876146316528}, "11": {"mean": -0.2914378345012665, "variance": 0.01506398431956768, "std_dev": 0.12273542582988739, "median": -0.3166506588459015, "range": 0.6600216627120972, "iq_range": 0.11883126199245453, "density": 0.24228536870755682, "accuracy": -1.0, "distance": 0.4793289303779602}, "12": {"mean": -0.28807851672172546, "variance": 0.017010768875479698, "std_dev": 0.1304253339767456, "median": -0.3110705316066742, "range": 0.6288362145423889, "iq_range": 0.14270508661866188, "density": 0.23673982319045592, "accuracy": 1.0, "distance": 1.0037429332733154}, "13": {"mean": -0.2852487862110138, "variance": 0.018633143976330757, "std_dev": 0.13650327920913696, "median": -0.30032414197921753, "range": 0.6288362145423889, "iq_range": 0.17751814052462578, "density": 0.23568258260555988, "accuracy": 1.0, "distance": 0.7168232798576355}, "14": {"mean": -0.2914045453071594, "variance": 0.015083391219377518, "std_dev": 0.12281446158885956, "median": -0.3177924156188965, "range": 0.5918647646903992, "iq_range": 0.12061728537082672, "density": 0.23844483503852038, "accuracy": -1.0, "distance": 0.7750589847564697}}