{"0": {"mean": -0.2871953248977661, "variance": 0.017518863081932068, "std_dev": 0.1323588490486145, "median": -0.3088986873626709, "range": 0.6288361549377441, "iq_range": 0.15142367035150528, "density": 0.23456476813770208, "accuracy": -1.0, "distance": 1.3919928073883057}, "1": {"mean": -0.2909352481365204, "variance": 0.015356694348156452, "std_dev": 0.12392213195562363, "median": -0.3166040778160095, "range": 0.6600216627120972, "iq_range": 0.13162384927272797, "density": 0.23742535105933743, "accuracy": 1.0, "distance": 0.6791166663169861}, "2": {"mean": -0.2871386706829071, "variance": 0.017551368102431297, "std_dev": 0.13248157501220703, "median": -0.2994309663772583, "range": 0.6600216627120972, "iq_range": 0.1507733277976513, "density": 0.23493653967086275, "accuracy": -1.0, "distance": 0.9122574925422668}, "3": {"mean": -0.2895174026489258, "variance": 0.016179688274860382, "std_dev": 0.12719939649105072, "median": -0.31334641575813293, "range": 0.6288362145423889, "iq_range": 0.13750583678483963, "density": 0.23882426838829085, "accuracy": -1.0, "distance": 1.4422078132629395}, "4": {"mean": -0.2884121239185333, "variance": 0.016818441450595856, "std_dev": 0.12968593835830688, "median": -0.3125494122505188, "range": 0.6079211831092834, "iq_range": 0.14812474697828293, "density": 0.23670676602316573, "accuracy": 1.0, "distance": 0.4050579369068146}, "5": {"mean": -0.2877292335033417, "variance": 0.017211878672242165, "std_dev": 0.13119405508041382, "median": -0.3054090440273285, "range": 0.6191851496696472, "iq_range": 0.14625629410147667, "density": 0.23637940868732513, "accuracy": 1.0, "distance": 0.357636421918869}, "6": {"mean": -0.2872732877731323, "variance": 0.01747405156493187, "std_dev": 0.13218945264816284, "median": -0.3075537085533142, "range": 0.6079211831092834, "iq_range": 0.15488067269325256, "density": 0.23230118550935183, "accuracy": 1.0, "distance": 0.6986965537071228}, "7": {"mean": -0.2866213619709015, "variance": 0.017848186194896698, "std_dev": 0.13359710574150085, "median": -0.3040761947631836, "range": 0.6600216627120972, "iq_range": 0.15460610762238503, "density": 0.2342390225599585, "accuracy": -1.0, "distance": 0.6666135191917419}, "8": {"mean": -0.291077196598053, "variance": 0.01527405995875597, "std_dev": 0.12358827143907547, "median": -0.3169707953929901, "range": 0.6207359433174133, "iq_range": 0.12613634020090103, "density": 0.23708275379084898, "accuracy": -1.0, "distance": 0.7526766657829285}, "9": {"mean": -0.28532060980796814, "variance": 0.01859213225543499, "std_dev": 0.13635297119617462, "median": -0.30269789695739746, "range": 0.6600216627120972, "iq_range": 0.16467635706067085, "density": 0.23278014846869005, "accuracy": -1.0, "distance": 0.7327356338500977}, "10": {"mean": -0.289376825094223, "variance": 0.016261056065559387, "std_dev": 0.12751884758472443, "median": -0.31559330224990845, "range": 0.6207359433174133, "iq_range": 0.13185204192996025, "density": 0.23784052488015933, "accuracy": 1.0, "distance": 0.791758120059967}, "11": {"mean": -0.28347477316856384, "variance": 0.01964205503463745, "std_dev": 0.14015011489391327, "median": -0.29299265146255493, "range": 0.6191851496696472, "iq_range": 0.16865231469273567, "density": 0.23653213281077376, "accuracy": 1.0, "distance": 0.6687835454940796}, "12": {"mean": -0.2850538492202759, "variance": 0.018744297325611115, "std_dev": 0.13690981268882751, "median": -0.29764866828918457, "range": 0.6191851496696472, "iq_range": 0.1691022291779518, "density": 0.2355896081806793, "accuracy": 1.0, "distance": 0.6110259890556335}, "13": {"mean": -0.28435054421424866, "variance": 0.01914476789534092, "std_dev": 0.13836461305618286, "median": -0.29445910453796387, "range": 0.6288362145423889, "iq_range": 0.17992497980594635, "density": 0.2374937159731576, "accuracy": 1.0, "distance": 0.66255784034729}, "14": {"mean": -0.28531795740127563, "variance": 0.01859366148710251, "std_dev": 0.1363585740327835, "median": -0.2989022135734558, "range": 0.6288362145423889, "iq_range": 0.15631292387843132, "density": 0.23270738112722011, "accuracy": 1.0, "distance": 0.7169060707092285}}