{"0": {"mean": -0.2857862412929535, "variance": 0.01832621917128563, "std_dev": 0.13537436723709106, "median": -0.298916757106781, "range": 0.6600216627120972, "iq_range": 0.16845282167196274, "density": 0.23670617405823308, "accuracy": -1.0, "distance": 1.2458957433700562}, "1": {"mean": -0.28829237818717957, "variance": 0.01688750460743904, "std_dev": 0.12995193898677826, "median": -0.31624650955200195, "range": 0.6179154515266418, "iq_range": 0.15353604406118393, "density": 0.2349848128999736, "accuracy": -1.0, "distance": 0.9301697015762329}, "2": {"mean": -0.28864333033561707, "variance": 0.016685007140040398, "std_dev": 0.1291704624891281, "median": -0.3113003969192505, "range": 0.6207359433174133, "iq_range": 0.1363915428519249, "density": 0.23867147607040376, "accuracy": -1.0, "distance": 0.6356024146080017}, "3": {"mean": -0.2869848608970642, "variance": 0.01763969101011753, "std_dev": 0.13281449675559998, "median": -0.3092826008796692, "range": 0.6007345914840698, "iq_range": 0.16010987013578415, "density": 0.235677140713136, "accuracy": 1.0, "distance": 0.43681883811950684}, "4": {"mean": -0.2876567542552948, "variance": 0.017253588885068893, "std_dev": 0.13135291635990143, "median": -0.3068821132183075, "range": 0.6207359433174133, "iq_range": 0.1538243219256401, "density": 0.23816563686789768, "accuracy": -1.0, "distance": 0.8945087790489197}, "5": {"mean": -0.2861529290676117, "variance": 0.01811649650335312, "std_dev": 0.1345975399017334, "median": -0.3031943738460541, "range": 0.6600216627120972, "iq_range": 0.15933914855122566, "density": 0.237526851128002, "accuracy": -1.0, "distance": 1.2191803455352783}, "6": {"mean": -0.2871932089328766, "variance": 0.017520058900117874, "std_dev": 0.13236336410045624, "median": -0.30434665083885193, "range": 0.6288362145423889, "iq_range": 0.15043549239635468, "density": 0.23345025436195718, "accuracy": 1.0, "distance": 0.804142951965332}, "7": {"mean": -0.2879846394062042, "variance": 0.017064841464161873, "std_dev": 0.1306324601173401, "median": -0.30930060148239136, "range": 0.6600216627120972, "iq_range": 0.14047826826572418, "density": 0.23404769056539504, "accuracy": 1.0, "distance": 0.7676291465759277}, "8": {"mean": -0.28576233983039856, "variance": 0.01833990402519703, "std_dev": 0.1354248970746994, "median": -0.30332162976264954, "range": 0.6207359433174133, "iq_range": 0.15265638008713722, "density": 0.23524223995945287, "accuracy": -1.0, "distance": 0.8140459656715393}, "9": {"mean": -0.2877222001552582, "variance": 0.017215939238667488, "std_dev": 0.13120952248573303, "median": -0.3066704273223877, "range": 0.6600216627120972, "iq_range": 0.14887886494398117, "density": 0.2335347920045802, "accuracy": 1.0, "distance": 0.731048583984375}, "10": {"mean": -0.2870323956012726, "variance": 0.017612401396036148, "std_dev": 0.132711723446846, "median": -0.30033808946609497, "range": 0.6207359433174133, "iq_range": 0.1519879512488842, "density": 0.2362187417407826, "accuracy": 1.0, "distance": 0.7387941479682922}, "11": {"mean": -0.28689026832580566, "variance": 0.017693975940346718, "std_dev": 0.13301870226860046, "median": -0.30653733015060425, "range": 0.6179154515266418, "iq_range": 0.16529880091547966, "density": 0.23786980776300046, "accuracy": 1.0, "distance": 0.5864847898483276}, "12": {"mean": -0.2890467047691345, "variance": 0.0164520014077425, "std_dev": 0.1282653510570526, "median": -0.3117219805717468, "range": 0.6207359433174133, "iq_range": 0.1374388337135315, "density": 0.23370485837494706, "accuracy": -1.0, "distance": 0.9919001460075378}, "13": {"mean": -0.2879244387149811, "variance": 0.017099529504776, "std_dev": 0.1307651698589325, "median": -0.3113003969192505, "range": 0.6600216627120972, "iq_range": 0.13080357015132904, "density": 0.23659812559911947, "accuracy": 1.0, "distance": 1.2473639249801636}, "14": {"mean": -0.2892247438430786, "variance": 0.016349056735634804, "std_dev": 0.12786343693733215, "median": -0.3145843744277954, "range": 0.5918647646903992, "iq_range": 0.1350475400686264, "density": 0.23715260763784685, "accuracy": 1.0, "distance": 0.6469460129737854}}