{"0": {"mean": -0.2886643707752228, "variance": 0.016672873869538307, "std_dev": 0.1291234791278839, "median": -0.3101533055305481, "range": 0.6207359433174133, "iq_range": 0.15144125744700432, "density": 0.23865651267166776, "accuracy": -1.0, "distance": 0.6844504475593567}, "1": {"mean": -0.2853531241416931, "variance": 0.018573589622974396, "std_dev": 0.1362849622964859, "median": -0.3002535104751587, "range": 0.6191850900650024, "iq_range": 0.16594062745571136, "density": 0.23456744922705397, "accuracy": 1.0, "distance": 0.5223020315170288}, "2": {"mean": -0.28557300567626953, "variance": 0.018448051065206528, "std_dev": 0.13582360744476318, "median": -0.30853402614593506, "range": 0.6600216627120972, "iq_range": 0.1663607507944107, "density": 0.23512841492679834, "accuracy": -1.0, "distance": 0.7197076082229614}, "3": {"mean": -0.28906917572021484, "variance": 0.016439007595181465, "std_dev": 0.12821468710899353, "median": -0.314677894115448, "range": 0.6191851496696472, "iq_range": 0.13817550614476204, "density": 0.23862352889463803, "accuracy": 1.0, "distance": 0.797397792339325}, "4": {"mean": -0.2899537980556488, "variance": 0.015926795080304146, "std_dev": 0.12620140612125397, "median": -0.31486889719963074, "range": 0.6600216627120972, "iq_range": 0.130394596606493, "density": 0.23627721188234593, "accuracy": -1.0, "distance": 0.752446174621582}, "5": {"mean": -0.2937049865722656, "variance": 0.013737381435930729, "std_dev": 0.11720657348632812, "median": -0.32319390773773193, "range": 0.578887403011322, "iq_range": 0.11154107749462128, "density": 0.23955247552683126, "accuracy": 1.0, "distance": 0.6115872263908386}, "6": {"mean": -0.28464046120643616, "variance": 0.018979812040925026, "std_dev": 0.1377672404050827, "median": -0.2934841811656952, "range": 0.6191851496696472, "iq_range": 0.17333781719207764, "density": 0.23586480247849967, "accuracy": 1.0, "distance": 0.6601228713989258}, "7": {"mean": -0.2894478738307953, "variance": 0.016219934448599815, "std_dev": 0.12735751271247864, "median": -0.30483531951904297, "range": 0.6600216627120972, "iq_range": 0.14266132935881615, "density": 0.23575249970219592, "accuracy": -1.0, "distance": 0.38634201884269714}, "8": {"mean": -0.2886328399181366, "variance": 0.01669108122587204, "std_dev": 0.1291939616203308, "median": -0.3038467764854431, "range": 0.6600216627120972, "iq_range": 0.13988033682107925, "density": 0.23595350156696937, "accuracy": -1.0, "distance": 0.7492983341217041}, "9": {"mean": -0.29006993770599365, "variance": 0.01585942693054676, "std_dev": 0.12593421339988708, "median": -0.31564968824386597, "range": 0.6207359433174133, "iq_range": 0.12975000217556953, "density": 0.2364507890890664, "accuracy": -1.0, "distance": 0.9150421023368835}, "10": {"mean": -0.28756749629974365, "variance": 0.017304934561252594, "std_dev": 0.1315482258796692, "median": -0.30965352058410645, "range": 0.6179154515266418, "iq_range": 0.15587467327713966, "density": 0.23654334027383522, "accuracy": 1.0, "distance": 0.7057223916053772}, "11": {"mean": -0.2876385450363159, "variance": 0.01726406067609787, "std_dev": 0.13139277696609497, "median": -0.31101781129837036, "range": 0.6079211831092834, "iq_range": 0.1560460589826107, "density": 0.23673651318851574, "accuracy": 1.0, "distance": 0.6316459774971008}, "12": {"mean": -0.2855988144874573, "variance": 0.01843332313001156, "std_dev": 0.13576938211917877, "median": -0.30238038301467896, "range": 0.6600216031074524, "iq_range": 0.15062976628541946, "density": 0.23484747872773412, "accuracy": -1.0, "distance": 1.3598817586898804}, "13": {"mean": -0.2893125116825104, "variance": 0.01629827544093132, "std_dev": 0.1276647001504898, "median": -0.3043529987335205, "range": 0.6207359433174133, "iq_range": 0.14444762468338013, "density": 0.2363556322465717, "accuracy": -1.0, "distance": 0.3341482877731323}, "14": {"mean": -0.29189854860305786, "variance": 0.014795226976275444, "std_dev": 0.12163563072681427, "median": -0.32113584876060486, "range": 0.6600216627120972, "iq_range": 0.11648242175579071, "density": 0.24523674867419903, "accuracy": -1.0, "distance": 1.090258002281189}}