{"0": {"mean": -0.2860693335533142, "variance": 0.01816435158252716, "std_dev": 0.13477519154548645, "median": -0.3007122874259949, "range": 0.6179154515266418, "iq_range": 0.17407383024692535, "density": 0.23585875566443387, "accuracy": 1.0, "distance": 0.7086001038551331}, "1": {"mean": -0.2912180721759796, "variance": 0.015192032791674137, "std_dev": 0.12325596809387207, "median": -0.31956782937049866, "range": 0.6288362145423889, "iq_range": 0.12413732707500458, "density": 0.24216415715485307, "accuracy": -1.0, "distance": 1.5214037895202637}, "2": {"mean": -0.28435468673706055, "variance": 0.019142424687743187, "std_dev": 0.13835614919662476, "median": -0.2942143976688385, "range": 0.6179154515266418, "iq_range": 0.17606526613235474, "density": 0.23503458366855112, "accuracy": -1.0, "distance": 0.7514011263847351}, "3": {"mean": -0.28601953387260437, "variance": 0.018192822113633156, "std_dev": 0.13488076627254486, "median": -0.3039674758911133, "range": 0.6207359433174133, "iq_range": 0.14919347316026688, "density": 0.2364583400985157, "accuracy": 1.0, "distance": 0.5962773561477661}, "4": {"mean": -0.2930465042591095, "variance": 0.014123749919235706, "std_dev": 0.11884338408708572, "median": -0.32401221990585327, "range": 0.5866883993148804, "iq_range": 0.11417629569768906, "density": 0.24330245058830074, "accuracy": -1.0, "distance": 0.889302134513855}, "5": {"mean": -0.28970953822135925, "variance": 0.01606838032603264, "std_dev": 0.12676110863685608, "median": -0.3078867793083191, "range": 0.6600216627120972, "iq_range": 0.13932738453149796, "density": 0.23331205379059505, "accuracy": -1.0, "distance": 0.4293578863143921}, "6": {"mean": -0.28956401348114014, "variance": 0.016152678057551384, "std_dev": 0.12709318101406097, "median": -0.31329017877578735, "range": 0.6207359433174133, "iq_range": 0.14815034717321396, "density": 0.2350681130689241, "accuracy": -1.0, "distance": 0.3981155753135681}, "7": {"mean": -0.2932336926460266, "variance": 0.014013987965881824, "std_dev": 0.11838068813085556, "median": -0.31930965185165405, "range": 0.596330463886261, "iq_range": 0.11043688654899597, "density": 0.2389687879866293, "accuracy": 1.0, "distance": 0.1977573186159134}, "8": {"mean": -0.28639668226242065, "variance": 0.017976950854063034, "std_dev": 0.13407814502716064, "median": -0.30403923988342285, "range": 0.6288362145423889, "iq_range": 0.15526674687862396, "density": 0.23507751649478675, "accuracy": -1.0, "distance": 0.9804006814956665}, "9": {"mean": -0.28777074813842773, "variance": 0.01718798279762268, "std_dev": 0.13110294938087463, "median": -0.3110313415527344, "range": 0.6191851496696472, "iq_range": 0.14193378761410713, "density": 0.23718658850647392, "accuracy": -1.0, "distance": 0.8993390202522278}, "10": {"mean": -0.28600794076919556, "variance": 0.01819944754242897, "std_dev": 0.13490532338619232, "median": -0.30066022276878357, "range": 0.6288362145423889, "iq_range": 0.1630183644592762, "density": 0.23667379322047036, "accuracy": 1.0, "distance": 0.5319247245788574}, "11": {"mean": -0.2873363792896271, "variance": 0.017437797039747238, "std_dev": 0.1320522576570511, "median": -0.30930060148239136, "range": 0.6207359433174133, "iq_range": 0.1528528332710266, "density": 0.23750773689844107, "accuracy": 1.0, "distance": 0.6823744773864746}, "12": {"mean": -0.28885307908058167, "variance": 0.016563892364501953, "std_dev": 0.12870079278945923, "median": -0.31372392177581787, "range": 0.6007345914840698, "iq_range": 0.14524413645267487, "density": 0.2352131822615763, "accuracy": 1.0, "distance": 0.5414979457855225}, "13": {"mean": -0.29244905710220337, "variance": 0.01447354257106781, "std_dev": 0.12030603736639023, "median": -0.3184926211833954, "range": 0.6207359433174133, "iq_range": 0.11626065522432327, "density": 0.23628338572775462, "accuracy": -1.0, "distance": 0.620790958404541}, "14": {"mean": -0.2883661985397339, "variance": 0.01684493012726307, "std_dev": 0.12978802621364594, "median": -0.31215667724609375, "range": 0.6600216627120972, "iq_range": 0.1338445097208023, "density": 0.23435885320701108, "accuracy": 1.0, "distance": 0.7797776460647583}}