{"0": {"mean": -0.28608667850494385, "variance": 0.018154408782720566, "std_dev": 0.13473829627037048, "median": -0.3050587475299835, "range": 0.6179154515266418, "iq_range": 0.17422356829047203, "density": 0.237684962051727, "accuracy": 1.0, "distance": 0.40061381459236145}, "1": {"mean": -0.28689971566200256, "variance": 0.017688559368252754, "std_dev": 0.13299834728240967, "median": -0.3065674901008606, "range": 0.6179154515266418, "iq_range": 0.17022918909788132, "density": 0.23878338215757172, "accuracy": 1.0, "distance": 0.8496097922325134}, "2": {"mean": -0.2868233025074005, "variance": 0.017732394859194756, "std_dev": 0.13316303491592407, "median": -0.3064383268356323, "range": 0.6600216627120972, "iq_range": 0.16718340292572975, "density": 0.23929976739024547, "accuracy": -1.0, "distance": 0.576054036617279}, "3": {"mean": -0.2873755693435669, "variance": 0.01741526834666729, "std_dev": 0.13196691870689392, "median": -0.30843502283096313, "range": 0.5906884670257568, "iq_range": 0.15724287927150726, "density": 0.23644515531325455, "accuracy": 1.0, "distance": 0.22022752463817596}, "4": {"mean": -0.28521528840065, "variance": 0.018652228638529778, "std_dev": 0.1365731656551361, "median": -0.30251288414001465, "range": 0.6146379113197327, "iq_range": 0.1686943843960762, "density": 0.23440859087853594, "accuracy": 1.0, "distance": 0.9267012476921082}, "5": {"mean": -0.28369930386543274, "variance": 0.019514700397849083, "std_dev": 0.13969503343105316, "median": -0.293654203414917, "range": 0.6207359433174133, "iq_range": 0.16944463178515434, "density": 0.2348873628015643, "accuracy": -1.0, "distance": 1.3092923164367676}, "6": {"mean": -0.29280251264572144, "variance": 0.014266670681536198, "std_dev": 0.11944317072629929, "median": -0.32289719581604004, "range": 0.6288362145423889, "iq_range": 0.11051624268293381, "density": 0.2432574702380131, "accuracy": 1.0, "distance": 0.8295837044715881}, "7": {"mean": -0.2865018844604492, "variance": 0.017916660755872726, "std_dev": 0.13385313749313354, "median": -0.3016069531440735, "range": 0.6288362145423889, "iq_range": 0.16503658145666122, "density": 0.23595663104234596, "accuracy": 1.0, "distance": 0.6382474303245544}, "8": {"mean": -0.285030722618103, "variance": 0.01875748112797737, "std_dev": 0.13695795834064484, "median": -0.29808932542800903, "range": 0.6600216627120972, "iq_range": 0.16917769238352776, "density": 0.23420885462897673, "accuracy": 1.0, "distance": 0.9179977178573608}, "9": {"mean": -0.2880486249923706, "variance": 0.017028002068400383, "std_dev": 0.13049139082431793, "median": -0.3051917552947998, "range": 0.6288362145423889, "iq_range": 0.15183483436703682, "density": 0.2353264634094058, "accuracy": 1.0, "distance": 0.5872846245765686}, "10": {"mean": -0.28500914573669434, "variance": 0.018769798800349236, "std_dev": 0.13700291514396667, "median": -0.3005531132221222, "range": 0.6600216627120972, "iq_range": 0.16561608016490936, "density": 0.23440464444024936, "accuracy": 1.0, "distance": 0.9539501667022705}, "11": {"mean": -0.2829670310020447, "variance": 0.01992965303361416, "std_dev": 0.14117242395877838, "median": -0.2942622900009155, "range": 0.6288362145423889, "iq_range": 0.17637275159358978, "density": 0.23637376897357373, "accuracy": -1.0, "distance": 1.6348705291748047}, "12": {"mean": -0.28831160068511963, "variance": 0.016876406967639923, "std_dev": 0.1299092322587967, "median": -0.3106333017349243, "range": 0.6207359433174133, "iq_range": 0.15322615206241608, "density": 0.23518831764020026, "accuracy": 1.0, "distance": 0.8622020483016968}, "13": {"mean": -0.29228082299232483, "variance": 0.014571931213140488, "std_dev": 0.12071425467729568, "median": -0.3228703439235687, "range": 0.6288362145423889, "iq_range": 0.11293577402830124, "density": 0.2426097923995302, "accuracy": -1.0, "distance": 0.8135802149772644}, "14": {"mean": -0.2877676486968994, "variance": 0.01718977466225624, "std_dev": 0.13110977411270142, "median": -0.3090565800666809, "range": 0.6288361549377441, "iq_range": 0.1378670074045658, "density": 0.23780348010962774, "accuracy": -1.0, "distance": 0.6056333780288696}}