{"0": {"mean": -0.289544939994812, "variance": 0.016163716092705727, "std_dev": 0.12713660299777985, "median": -0.30923759937286377, "range": 0.6600216627120972, "iq_range": 0.1387803666293621, "density": 0.23521377896922555, "accuracy": -1.0, "distance": 0.8335300087928772}, "1": {"mean": -0.2896680235862732, "variance": 0.01609242707490921, "std_dev": 0.12685592472553253, "median": -0.3064318895339966, "range": 0.6207359433174133, "iq_range": 0.14307685941457748, "density": 0.23536421916132455, "accuracy": -1.0, "distance": 1.0487010478973389}, "2": {"mean": -0.285025417804718, "variance": 0.018760506063699722, "std_dev": 0.13696900010108948, "median": -0.29390835762023926, "range": 0.6600216627120972, "iq_range": 0.1683032065629959, "density": 0.23541013927512236, "accuracy": -1.0, "distance": 0.7873606085777283}, "3": {"mean": -0.2857365012168884, "variance": 0.01835465244948864, "std_dev": 0.13547934591770172, "median": -0.3015407919883728, "range": 0.6179153919219971, "iq_range": 0.15781718119978905, "density": 0.23580118516462742, "accuracy": 1.0, "distance": 0.46005263924598694}, "4": {"mean": -0.2897903323173523, "variance": 0.01602156087756157, "std_dev": 0.12657630443572998, "median": -0.31264394521713257, "range": 0.6207359433174133, "iq_range": 0.1328420639038086, "density": 0.23772252780761047, "accuracy": 1.0, "distance": 0.8705890774726868}, "5": {"mean": -0.2860860526561737, "variance": 0.018154749646782875, "std_dev": 0.13473956286907196, "median": -0.30538439750671387, "range": 0.6600216627120972, "iq_range": 0.17014465853571892, "density": 0.23922834826547212, "accuracy": -1.0, "distance": 1.3079164028167725}, "6": {"mean": -0.2889614999294281, "variance": 0.016501259058713913, "std_dev": 0.1284572333097458, "median": -0.30694669485092163, "range": 0.6207359433174133, "iq_range": 0.14189200103282928, "density": 0.236240693072096, "accuracy": -1.0, "distance": 0.4874534606933594}, "7": {"mean": -0.286163866519928, "variance": 0.018110230565071106, "std_dev": 0.13457424938678741, "median": -0.30484724044799805, "range": 0.6600216627120972, "iq_range": 0.1713801883161068, "density": 0.23943104155850584, "accuracy": -1.0, "distance": 1.046774983406067}, "8": {"mean": -0.2891707122325897, "variance": 0.016380298882722855, "std_dev": 0.12798553705215454, "median": -0.30840352177619934, "range": 0.6207359433174133, "iq_range": 0.1369180604815483, "density": 0.236661306635697, "accuracy": -1.0, "distance": 1.0711764097213745}, "9": {"mean": -0.2851230204105377, "variance": 0.018704857677221298, "std_dev": 0.13676570355892181, "median": -0.29825878143310547, "range": 0.6288362145423889, "iq_range": 0.16589784622192383, "density": 0.23540807818294968, "accuracy": -1.0, "distance": 1.291342854499817}, "10": {"mean": -0.28573480248451233, "variance": 0.018355606123805046, "std_dev": 0.13548286259174347, "median": -0.3016299605369568, "range": 0.6191851496696472, "iq_range": 0.17804836109280586, "density": 0.23760600304760582, "accuracy": -1.0, "distance": 0.6842658519744873}, "11": {"mean": -0.28904005885124207, "variance": 0.016455836594104767, "std_dev": 0.12828031182289124, "median": -0.3071344494819641, "range": 0.6207359433174133, "iq_range": 0.15045655891299248, "density": 0.23570677397183804, "accuracy": -1.0, "distance": 0.8205705881118774}, "12": {"mean": -0.28878509998321533, "variance": 0.016603169962763786, "std_dev": 0.12885329127311707, "median": -0.3071344494819641, "range": 0.6207359433174133, "iq_range": 0.13783852383494377, "density": 0.23859833392030055, "accuracy": -1.0, "distance": 1.053215742111206}, "13": {"mean": -0.29005682468414307, "variance": 0.015867028385400772, "std_dev": 0.12596438825130463, "median": -0.3170241713523865, "range": 0.6288361549377441, "iq_range": 0.12904739007353783, "density": 0.24403772533694668, "accuracy": 1.0, "distance": 0.7958294153213501}, "14": {"mean": -0.2882210612297058, "variance": 0.016928615048527718, "std_dev": 0.1301100105047226, "median": -0.30890434980392456, "range": 0.6207359433174133, "iq_range": 0.14659364521503448, "density": 0.23767169701268784, "accuracy": -1.0, "distance": 1.2964249849319458}}