{"0": {"mean": -0.2900303900241852, "variance": 0.015882359817624092, "std_dev": 0.1260252296924591, "median": -0.3159308433532715, "range": 0.6600216627120972, "iq_range": 0.12969987466931343, "density": 0.2369087931082852, "accuracy": -1.0, "distance": 0.5908201336860657}, "1": {"mean": -0.29259589314460754, "variance": 0.014387636445462704, "std_dev": 0.11994847655296326, "median": -0.32316648960113525, "range": 0.5784083008766174, "iq_range": 0.11982002854347229, "density": 0.23655905907355843, "accuracy": -1.0, "distance": 0.5762381553649902}, "2": {"mean": -0.28594881296157837, "variance": 0.0182332880795002, "std_dev": 0.13503068685531616, "median": -0.30311319231987, "range": 0.6600216627120972, "iq_range": 0.15291372686624527, "density": 0.23343371506503752, "accuracy": 1.0, "distance": 0.979102373123169}, "3": {"mean": -0.2851901352405548, "variance": 0.0186665840446949, "std_dev": 0.13662570714950562, "median": -0.30001091957092285, "range": 0.6288362145423889, "iq_range": 0.16825006902217865, "density": 0.23792404053089286, "accuracy": -1.0, "distance": 1.446858525276184}, "4": {"mean": -0.28642961382865906, "variance": 0.017958078533411026, "std_dev": 0.1340077519416809, "median": -0.3004692494869232, "range": 0.6207359433174133, "iq_range": 0.15291570127010345, "density": 0.23434345073818078, "accuracy": -1.0, "distance": 0.6575025916099548}, "5": {"mean": -0.291043221950531, "variance": 0.015293843112885952, "std_dev": 0.12366827577352524, "median": -0.3145830035209656, "range": 0.6288362145423889, "iq_range": 0.12565357238054276, "density": 0.24672240375568505, "accuracy": 1.0, "distance": 0.6306877732276917}, "6": {"mean": -0.28582292795181274, "variance": 0.018305258825421333, "std_dev": 0.13529692590236664, "median": -0.29870539903640747, "range": 0.6288362145423889, "iq_range": 0.1658080630004406, "density": 0.23564790583884934, "accuracy": 1.0, "distance": 0.5492494106292725}, "7": {"mean": -0.2851690948009491, "variance": 0.018678590655326843, "std_dev": 0.13666963577270508, "median": -0.2979496419429779, "range": 0.6288362145423889, "iq_range": 0.17101935297250748, "density": 0.23617599487609325, "accuracy": 1.0, "distance": 0.6598671674728394}, "8": {"mean": -0.2864748537540436, "variance": 0.017932172864675522, "std_dev": 0.13391105830669403, "median": -0.3016062378883362, "range": 0.6600216627120972, "iq_range": 0.16299710795283318, "density": 0.23786020095445304, "accuracy": -1.0, "distance": 1.4612536430358887}, "9": {"mean": -0.2885100543498993, "variance": 0.016761960461735725, "std_dev": 0.12946799397468567, "median": -0.3138998746871948, "range": 0.6207359433174133, "iq_range": 0.13990744203329086, "density": 0.23952079990014347, "accuracy": -1.0, "distance": 0.7175459265708923}, "10": {"mean": -0.28550127148628235, "variance": 0.018489014357328415, "std_dev": 0.13597431778907776, "median": -0.301016628742218, "range": 0.6600216627120972, "iq_range": 0.1637994721531868, "density": 0.23524403597836616, "accuracy": 1.0, "distance": 1.2581486701965332}, "11": {"mean": -0.28856128454208374, "variance": 0.016732390969991684, "std_dev": 0.12935374677181244, "median": -0.31219491362571716, "range": 0.6600216627120972, "iq_range": 0.13371269777417183, "density": 0.23795455142535013, "accuracy": -1.0, "distance": 1.1335371732711792}, "12": {"mean": -0.2851933240890503, "variance": 0.018664762377738953, "std_dev": 0.13661904633045197, "median": -0.3023890554904938, "range": 0.6191851496696472, "iq_range": 0.16430557146668434, "density": 0.23333499642256372, "accuracy": 1.0, "distance": 0.9736546277999878}, "13": {"mean": -0.28637948632240295, "variance": 0.01798679307103157, "std_dev": 0.1341148465871811, "median": -0.3058508634567261, "range": 0.6079211831092834, "iq_range": 0.16390307247638702, "density": 0.23331707285874603, "accuracy": 1.0, "distance": 1.0881249904632568}, "14": {"mean": -0.2916101813316345, "variance": 0.014963502995669842, "std_dev": 0.12232539802789688, "median": -0.321331262588501, "range": 0.5866883993148804, "iq_range": 0.12098345905542374, "density": 0.23955230621940066, "accuracy": -1.0, "distance": 0.6027387380599976}}