{"0": {"mean": -0.2868732810020447, "variance": 0.017703715711832047, "std_dev": 0.13305531442165375, "median": -0.3057788610458374, "range": 0.6600216627120972, "iq_range": 0.1562950387597084, "density": 0.2369432167161848, "accuracy": -1.0, "distance": 0.7740576863288879}, "1": {"mean": -0.28959137201309204, "variance": 0.01613682508468628, "std_dev": 0.12703080475330353, "median": -0.3131519556045532, "range": 0.5866883993148804, "iq_range": 0.13237912207841873, "density": 0.2358392323446356, "accuracy": 1.0, "distance": 0.8763879537582397}, "2": {"mean": -0.28733164072036743, "variance": 0.017440540716052055, "std_dev": 0.1320626437664032, "median": -0.30269789695739746, "range": 0.6600216627120972, "iq_range": 0.15827197954058647, "density": 0.23535320677496094, "accuracy": 1.0, "distance": 0.582915723323822}, "3": {"mean": -0.28358057141304016, "variance": 0.019582057371735573, "std_dev": 0.1399359107017517, "median": -0.29517680406570435, "range": 0.6288362145423889, "iq_range": 0.17065172269940376, "density": 0.2331383414914802, "accuracy": 1.0, "distance": 0.7083633542060852}, "4": {"mean": -0.28783470392227173, "variance": 0.017151184380054474, "std_dev": 0.130962535738945, "median": -0.302828848361969, "range": 0.6600216627120972, "iq_range": 0.15199126303195953, "density": 0.23541125825316508, "accuracy": -1.0, "distance": 0.8004292249679565}, "5": {"mean": -0.28956329822540283, "variance": 0.016153087839484215, "std_dev": 0.1270948052406311, "median": -0.31076979637145996, "range": 0.6207359433174133, "iq_range": 0.13705628737807274, "density": 0.23461455927255978, "accuracy": -1.0, "distance": 0.9200279116630554}, "6": {"mean": -0.2845809757709503, "variance": 0.019013674929738045, "std_dev": 0.13789008557796478, "median": -0.3007909059524536, "range": 0.6288362145423889, "iq_range": 0.17272429168224335, "density": 0.23435418048584628, "accuracy": 1.0, "distance": 0.9270921945571899}, "7": {"mean": -0.28653663396835327, "variance": 0.017896758392453194, "std_dev": 0.13377876579761505, "median": -0.3009769916534424, "range": 0.6207359433174133, "iq_range": 0.15927675738930702, "density": 0.2343025940473817, "accuracy": -1.0, "distance": 1.3826367855072021}, "8": {"mean": -0.2859768569469452, "variance": 0.01821722462773323, "std_dev": 0.13497120141983032, "median": -0.30373960733413696, "range": 0.6288362145423889, "iq_range": 0.16042948886752129, "density": 0.2378445165875427, "accuracy": 1.0, "distance": 1.2656269073486328}, "9": {"mean": -0.28582727909088135, "variance": 0.018302764743566513, "std_dev": 0.13528771698474884, "median": -0.30538439750671387, "range": 0.6600216627120972, "iq_range": 0.17239199951291084, "density": 0.24181708466777563, "accuracy": -1.0, "distance": 1.2228293418884277}, "10": {"mean": -0.2916291356086731, "variance": 0.014952446334064007, "std_dev": 0.12228019535541534, "median": -0.31681084632873535, "range": 0.6288362145423889, "iq_range": 0.11795216053724289, "density": 0.2428341216390622, "accuracy": -1.0, "distance": 1.0709435939788818}, "11": {"mean": -0.2907954156398773, "variance": 0.015438027679920197, "std_dev": 0.12424986064434052, "median": -0.3170992136001587, "range": 0.6288361549377441, "iq_range": 0.12103613466024399, "density": 0.24208608958570735, "accuracy": 1.0, "distance": 0.722728431224823}, "12": {"mean": -0.29173657298088074, "variance": 0.014889782294631004, "std_dev": 0.12202369421720505, "median": -0.31993240118026733, "range": 0.6288362145423889, "iq_range": 0.11882566660642624, "density": 0.24683762970347145, "accuracy": -1.0, "distance": 1.1694512367248535}, "13": {"mean": -0.2874353528022766, "variance": 0.017380908131599426, "std_dev": 0.1318366676568985, "median": -0.30434665083885193, "range": 0.6079211831092834, "iq_range": 0.16338539496064186, "density": 0.23644534198201014, "accuracy": 1.0, "distance": 0.42146867513656616}, "14": {"mean": -0.2878807783126831, "variance": 0.017124660313129425, "std_dev": 0.13086122274398804, "median": -0.30918172001838684, "range": 0.6600216627120972, "iq_range": 0.14465244114398956, "density": 0.23465484584815752, "accuracy": 1.0, "distance": 0.5498051643371582}}