{"0": {"mean": -0.28540319204330444, "variance": 0.018545016646385193, "std_dev": 0.1361800879240036, "median": -0.30065828561782837, "range": 0.6146379113197327, "iq_range": 0.16689378395676613, "density": 0.23269124527756532, "accuracy": 1.0, "distance": 0.276622474193573}, "1": {"mean": -0.29047730565071106, "variance": 0.01562293991446495, "std_dev": 0.1249917596578598, "median": -0.31640416383743286, "range": 0.6600216627120972, "iq_range": 0.1323314607143402, "density": 0.2365210174151667, "accuracy": -1.0, "distance": 1.2168689966201782}, "2": {"mean": -0.29252398014068604, "variance": 0.014429704286158085, "std_dev": 0.12012370675802231, "median": -0.3156265616416931, "range": 0.6007345914840698, "iq_range": 0.11468729376792908, "density": 0.23550811244077488, "accuracy": 1.0, "distance": 0.2147018015384674}, "3": {"mean": -0.2896014451980591, "variance": 0.01613098569214344, "std_dev": 0.12700781226158142, "median": -0.3116310238838196, "range": 0.6600216627120972, "iq_range": 0.13027691096067429, "density": 0.24065065384839332, "accuracy": -1.0, "distance": 1.3087530136108398}, "4": {"mean": -0.2883993983268738, "variance": 0.016825782135128975, "std_dev": 0.129714235663414, "median": -0.30798518657684326, "range": 0.6207359433174133, "iq_range": 0.1575743593275547, "density": 0.23652308289930513, "accuracy": -1.0, "distance": 0.3062893748283386}, "5": {"mean": -0.28908124566078186, "variance": 0.01643204502761364, "std_dev": 0.12818753719329834, "median": -0.3029087483882904, "range": 0.6207359433174133, "iq_range": 0.14111122116446495, "density": 0.23681784606548648, "accuracy": -1.0, "distance": 0.46668684482574463}, "6": {"mean": -0.28564947843551636, "variance": 0.01840437762439251, "std_dev": 0.1356627345085144, "median": -0.2989940047264099, "range": 0.6600216627120972, "iq_range": 0.16639385744929314, "density": 0.23464604359182306, "accuracy": 1.0, "distance": 1.0120556354522705}, "7": {"mean": -0.285519540309906, "variance": 0.018478602170944214, "std_dev": 0.13593602180480957, "median": -0.3010113835334778, "range": 0.6600216627120972, "iq_range": 0.1677677072584629, "density": 0.23686542388528734, "accuracy": 1.0, "distance": 1.0722967386245728}, "8": {"mean": -0.2905535101890564, "variance": 0.015578670427203178, "std_dev": 0.12481454759836197, "median": -0.3190726637840271, "range": 0.6288362145423889, "iq_range": 0.12514175474643707, "density": 0.24441917636040394, "accuracy": 1.0, "distance": 1.2374929189682007}, "9": {"mean": -0.28952905535697937, "variance": 0.01617293991148472, "std_dev": 0.12717287242412567, "median": -0.312519371509552, "range": 0.6207359433174133, "iq_range": 0.13269684463739395, "density": 0.2378251316681212, "accuracy": -1.0, "distance": 0.521808922290802}, "10": {"mean": -0.2881133258342743, "variance": 0.01699071377515793, "std_dev": 0.13034842908382416, "median": -0.30846065282821655, "range": 0.6146379113197327, "iq_range": 0.13950960338115692, "density": 0.23605910840188657, "accuracy": 1.0, "distance": 0.3990159332752228}, "11": {"mean": -0.2879100441932678, "variance": 0.017107803374528885, "std_dev": 0.13079680502414703, "median": -0.30911505222320557, "range": 0.6207359433174133, "iq_range": 0.14979473501443863, "density": 0.23831060754921626, "accuracy": 1.0, "distance": 0.9143669009208679}, "12": {"mean": -0.28661248087882996, "variance": 0.017853278666734695, "std_dev": 0.13361616432666779, "median": -0.2992427945137024, "range": 0.6288362145423889, "iq_range": 0.156467467546463, "density": 0.2344352848583819, "accuracy": -1.0, "distance": 0.5189917087554932}, "13": {"mean": -0.2921806573867798, "variance": 0.014630474150180817, "std_dev": 0.12095649540424347, "median": -0.31916874647140503, "range": 0.6288362145423889, "iq_range": 0.11391687393188477, "density": 0.2449034690485604, "accuracy": 1.0, "distance": 0.9824761152267456}, "14": {"mean": -0.28729212284088135, "variance": 0.017463231459259987, "std_dev": 0.13214851915836334, "median": -0.3032901883125305, "range": 0.6600216627120972, "iq_range": 0.14551235362887383, "density": 0.2371434789466958, "accuracy": -1.0, "distance": 1.2644927501678467}}