{"0": {"mean": -0.2857791781425476, "variance": 0.018330272287130356, "std_dev": 0.13538934290409088, "median": -0.29913488030433655, "range": 0.6288362145423889, "iq_range": 0.1701243668794632, "density": 0.23686821111727197, "accuracy": 1.0, "distance": 0.7371049523353577}, "1": {"mean": -0.28611627221107483, "variance": 0.018137479200959206, "std_dev": 0.13467545807361603, "median": -0.3056753873825073, "range": 0.6600216627120972, "iq_range": 0.16152098774909973, "density": 0.2365491670495223, "accuracy": -1.0, "distance": 1.0619953870773315}, "2": {"mean": -0.2885178327560425, "variance": 0.01675744727253914, "std_dev": 0.12945055961608887, "median": -0.3122091293334961, "range": 0.6079211831092834, "iq_range": 0.13948551937937737, "density": 0.2360719144907692, "accuracy": 1.0, "distance": 0.9754086136817932}, "3": {"mean": -0.2896895110607147, "variance": 0.016079992055892944, "std_dev": 0.12680691480636597, "median": -0.316946804523468, "range": 0.6288361549377441, "iq_range": 0.12800414860248566, "density": 0.24214610662320216, "accuracy": -1.0, "distance": 1.423000693321228}, "4": {"mean": -0.28543293476104736, "variance": 0.018528059124946594, "std_dev": 0.1361178159713745, "median": -0.3076218366622925, "range": 0.6600216627120972, "iq_range": 0.15889348462224007, "density": 0.234802922032362, "accuracy": 1.0, "distance": 1.5213501453399658}, "5": {"mean": -0.2833018898963928, "variance": 0.01974003203213215, "std_dev": 0.14049921929836273, "median": -0.2928289771080017, "range": 0.6288361549377441, "iq_range": 0.17057735100388527, "density": 0.2359037272884031, "accuracy": 1.0, "distance": 1.2370237112045288}, "6": {"mean": -0.28299957513809204, "variance": 0.01991123892366886, "std_dev": 0.14110718667507172, "median": -0.29253268241882324, "range": 0.6600216627120972, "iq_range": 0.18195752054452896, "density": 0.23371996102708964, "accuracy": 1.0, "distance": 1.533494234085083}, "7": {"mean": -0.28987279534339905, "variance": 0.015973757952451706, "std_dev": 0.1263873279094696, "median": -0.3131321966648102, "range": 0.6600216627120972, "iq_range": 0.12853168323636055, "density": 0.23431052296882088, "accuracy": -1.0, "distance": 1.005406141281128}, "8": {"mean": -0.28985729813575745, "variance": 0.015982752665877342, "std_dev": 0.1264229118824005, "median": -0.3156251013278961, "range": 0.6207359433174133, "iq_range": 0.13369784876704216, "density": 0.23553360135025123, "accuracy": 1.0, "distance": 1.036206841468811}, "9": {"mean": -0.28663212060928345, "variance": 0.017842039465904236, "std_dev": 0.13357409834861755, "median": -0.30600297451019287, "range": 0.6179154515266418, "iq_range": 0.17054109275341034, "density": 0.23938918012334875, "accuracy": 1.0, "distance": 0.6561468243598938}, "10": {"mean": -0.284005731344223, "variance": 0.019340740516781807, "std_dev": 0.13907098770141602, "median": -0.3008045554161072, "range": 0.6288361549377441, "iq_range": 0.1701400689780712, "density": 0.23435642979928561, "accuracy": 1.0, "distance": 1.1496703624725342}, "11": {"mean": -0.28624677658081055, "variance": 0.01806279458105564, "std_dev": 0.13439789414405823, "median": -0.3042669892311096, "range": 0.6600216627120972, "iq_range": 0.17096325755119324, "density": 0.24181653273489073, "accuracy": 1.0, "distance": 0.7695702910423279}, "12": {"mean": -0.28504157066345215, "variance": 0.018751289695501328, "std_dev": 0.13693535327911377, "median": -0.3056544065475464, "range": 0.6079211831092834, "iq_range": 0.16871750354766846, "density": 0.23401099327519434, "accuracy": 1.0, "distance": 0.8979249000549316}, "13": {"mean": -0.2889483869075775, "variance": 0.016508830711245537, "std_dev": 0.12848669290542603, "median": -0.314405620098114, "range": 0.6079211831092834, "iq_range": 0.13799210265278816, "density": 0.23778719155950526, "accuracy": -1.0, "distance": 1.4271095991134644}, "14": {"mean": -0.2846870720386505, "variance": 0.018953273072838783, "std_dev": 0.13767088949680328, "median": -0.29464367032051086, "range": 0.6191851496696472, "iq_range": 0.16193240508437157, "density": 0.23598124752435304, "accuracy": -1.0, "distance": 0.5872215032577515}}