{"0": {"mean": -0.2863174378871918, "variance": 0.018022311851382256, "std_dev": 0.13424719870090485, "median": -0.305017352104187, "range": 0.6600216627120972, "iq_range": 0.16370471566915512, "density": 0.23603247532144006, "accuracy": -1.0, "distance": 0.8968053460121155}, "1": {"mean": -0.2826365828514099, "variance": 0.020116550847887993, "std_dev": 0.14183282852172852, "median": -0.29184669256210327, "range": 0.6288362145423889, "iq_range": 0.1785077527165413, "density": 0.23270800642278194, "accuracy": 1.0, "distance": 0.9321705102920532}, "2": {"mean": -0.2871137261390686, "variance": 0.017565708607435226, "std_dev": 0.1325356811285019, "median": -0.30411940813064575, "range": 0.6288362145423889, "iq_range": 0.16080724075436592, "density": 0.23734840010562766, "accuracy": 1.0, "distance": 0.6098687648773193}, "3": {"mean": -0.2902269661426544, "variance": 0.01576830819249153, "std_dev": 0.12557192146778107, "median": -0.31458568572998047, "range": 0.6600216627120972, "iq_range": 0.12809300795197487, "density": 0.23601688810738716, "accuracy": 1.0, "distance": 0.4272598624229431}, "4": {"mean": -0.28720390796661377, "variance": 0.017513912171125412, "std_dev": 0.13234013319015503, "median": -0.30139657855033875, "range": 0.6207359433174133, "iq_range": 0.14902471378445625, "density": 0.23595607650765224, "accuracy": -1.0, "distance": 0.8268177509307861}, "5": {"mean": -0.2932531535625458, "variance": 0.014002596028149128, "std_dev": 0.11833256483078003, "median": -0.322547972202301, "range": 0.6079211831092834, "iq_range": 0.11051110178232193, "density": 0.24390444819532683, "accuracy": 1.0, "distance": 0.8065754175186157}, "6": {"mean": -0.28824150562286377, "variance": 0.016916824504733086, "std_dev": 0.1300646960735321, "median": -0.30600786209106445, "range": 0.6288362145423889, "iq_range": 0.1418864093720913, "density": 0.23599343648718085, "accuracy": -1.0, "distance": 0.8221056461334229}, "7": {"mean": -0.2905373275279999, "variance": 0.015588072128593922, "std_dev": 0.12485220283269882, "median": -0.32119548320770264, "range": 0.6288362145423889, "iq_range": 0.12564197555184364, "density": 0.23882131834217424, "accuracy": 1.0, "distance": 1.1352542638778687}, "8": {"mean": -0.28586694598197937, "variance": 0.01828007958829403, "std_dev": 0.13520383834838867, "median": -0.3043370842933655, "range": 0.6600216627120972, "iq_range": 0.16951603069901466, "density": 0.2351639606407235, "accuracy": -1.0, "distance": 1.1091763973236084}, "9": {"mean": -0.2901585102081299, "variance": 0.01580803468823433, "std_dev": 0.1257300078868866, "median": -0.31221526861190796, "range": 0.6191851496696472, "iq_range": 0.13018501922488213, "density": 0.23832506086862232, "accuracy": -1.0, "distance": 0.3341323137283325}, "10": {"mean": -0.2842980623245239, "variance": 0.019174613058567047, "std_dev": 0.13847242295742035, "median": -0.2939203977584839, "range": 0.6288362145423889, "iq_range": 0.18225370347499847, "density": 0.23740629116634762, "accuracy": 1.0, "distance": 0.9119158983230591}, "11": {"mean": -0.28800666332244873, "variance": 0.017052169889211655, "std_dev": 0.1305839568376541, "median": -0.3101652264595032, "range": 0.6600216627120972, "iq_range": 0.13169682398438454, "density": 0.23423483075603319, "accuracy": -1.0, "distance": 0.7447365522384644}, "12": {"mean": -0.2879825532436371, "variance": 0.017066050320863724, "std_dev": 0.13063709437847137, "median": -0.30183088779449463, "range": 0.6207359433174133, "iq_range": 0.14638354256749153, "density": 0.2374560415088005, "accuracy": -1.0, "distance": 1.3171837329864502}, "13": {"mean": -0.2884664237499237, "variance": 0.01678711734712124, "std_dev": 0.12956510484218597, "median": -0.30815038084983826, "range": 0.6600216627120972, "iq_range": 0.15107591822743416, "density": 0.2361764050125526, "accuracy": -1.0, "distance": 1.0986274480819702}, "14": {"mean": -0.28781378269195557, "variance": 0.01716323383152485, "std_dev": 0.13100852072238922, "median": -0.3115372657775879, "range": 0.6288361549377441, "iq_range": 0.14096469059586525, "density": 0.24017583057160857, "accuracy": 1.0, "distance": 0.5214378237724304}}