{"0": {"mean": -0.2869724929332733, "variance": 0.017646778374910355, "std_dev": 0.13284116983413696, "median": -0.2994093894958496, "range": 0.6288362145423889, "iq_range": 0.1550813913345337, "density": 0.23475586384169259, "accuracy": -1.0, "distance": 0.8268136382102966}, "1": {"mean": -0.2906064987182617, "variance": 0.015547863207757473, "std_dev": 0.12469106912612915, "median": -0.3176937699317932, "range": 0.6288361549377441, "iq_range": 0.12228238582611084, "density": 0.24343024599296428, "accuracy": -1.0, "distance": 1.0523613691329956}, "2": {"mean": -0.28515535593032837, "variance": 0.018686408177018166, "std_dev": 0.13669823110103607, "median": -0.3014525771141052, "range": 0.6600216627120972, "iq_range": 0.1674857847392559, "density": 0.2327935096320162, "accuracy": 1.0, "distance": 0.9206165671348572}, "3": {"mean": -0.2847914397716522, "variance": 0.018893849104642868, "std_dev": 0.13745489716529846, "median": -0.3016560673713684, "range": 0.6600216627120972, "iq_range": 0.1725310981273651, "density": 0.23728088768772754, "accuracy": -1.0, "distance": 1.5776700973510742}, "4": {"mean": -0.2888728082180023, "variance": 0.01655251532793045, "std_dev": 0.12865658104419708, "median": -0.30819371342658997, "range": 0.6600216627120972, "iq_range": 0.1340583600103855, "density": 0.23394034766203145, "accuracy": -1.0, "distance": 0.7655562162399292}, "5": {"mean": -0.2845284938812256, "variance": 0.01904352754354477, "std_dev": 0.1379982829093933, "median": -0.3001615107059479, "range": 0.6191851496696472, "iq_range": 0.16619504988193512, "density": 0.23406342147957407, "accuracy": 1.0, "distance": 1.1322331428527832}, "6": {"mean": -0.28842857480049133, "variance": 0.016808953136205673, "std_dev": 0.1296493411064148, "median": -0.31308627128601074, "range": 0.6600216627120972, "iq_range": 0.14131270721554756, "density": 0.23712082421303718, "accuracy": -1.0, "distance": 1.3617265224456787}, "7": {"mean": -0.28580790758132935, "variance": 0.01831381767988205, "std_dev": 0.13532856106758118, "median": -0.29752713441848755, "range": 0.6600216627120972, "iq_range": 0.16141849756240845, "density": 0.23352273502127086, "accuracy": -1.0, "distance": 1.4410189390182495}, "8": {"mean": -0.2849399745464325, "variance": 0.018809201195836067, "std_dev": 0.13714663684368134, "median": -0.29581305384635925, "range": 0.6191851496696472, "iq_range": 0.17044636607170105, "density": 0.2334393649240027, "accuracy": 1.0, "distance": 0.8486409783363342}, "9": {"mean": -0.28571629524230957, "variance": 0.018366187810897827, "std_dev": 0.13552190363407135, "median": -0.2984354496002197, "range": 0.6191851496696472, "iq_range": 0.16234389320015907, "density": 0.23320731812731385, "accuracy": -1.0, "distance": 0.6957582235336304}, "10": {"mean": -0.2873704433441162, "variance": 0.017418216913938522, "std_dev": 0.1319780945777893, "median": -0.3092089891433716, "range": 0.6207359433174133, "iq_range": 0.14372429624199867, "density": 0.2389420333088008, "accuracy": -1.0, "distance": 1.1653965711593628}, "11": {"mean": -0.28823527693748474, "variance": 0.016920415684580803, "std_dev": 0.1300784945487976, "median": -0.3141512870788574, "range": 0.6007345914840698, "iq_range": 0.13976825773715973, "density": 0.2359152866109303, "accuracy": -1.0, "distance": 0.9126905202865601}, "12": {"mean": -0.29340094327926636, "variance": 0.013915897347033024, "std_dev": 0.11796566098928452, "median": -0.3235161304473877, "range": 0.6079211831092834, "iq_range": 0.10817652940750122, "density": 0.24276779496773626, "accuracy": 1.0, "distance": 0.7377561330795288}, "13": {"mean": -0.2869111895561218, "variance": 0.017681952565908432, "std_dev": 0.13297350704669952, "median": -0.3019042909145355, "range": 0.6600216627120972, "iq_range": 0.1608453243970871, "density": 0.23360706412260251, "accuracy": -1.0, "distance": 0.8642737865447998}, "14": {"mean": -0.2903382480144501, "variance": 0.015703681856393814, "std_dev": 0.12531432509422302, "median": -0.31821131706237793, "range": 0.6146379113197327, "iq_range": 0.1292501874268055, "density": 0.23834070616508832, "accuracy": 1.0, "distance": 1.1108101606369019}}