{"0": {"mean": -0.2908896505832672, "variance": 0.0153832221403718, "std_dev": 0.12402911484241486, "median": -0.31633293628692627, "range": 0.6207359433174133, "iq_range": 0.12690510228276253, "density": 0.24040011998832084, "accuracy": -1.0, "distance": 1.143362045288086}, "1": {"mean": -0.28922393918037415, "variance": 0.016349509358406067, "std_dev": 0.12786519527435303, "median": -0.3127520680427551, "range": 0.6079211831092834, "iq_range": 0.13649053126573563, "density": 0.2372125727688931, "accuracy": 1.0, "distance": 0.5693419575691223}, "2": {"mean": -0.290120929479599, "variance": 0.015829844400286674, "std_dev": 0.1258167028427124, "median": -0.3193165361881256, "range": 0.5918647646903992, "iq_range": 0.1306009776890278, "density": 0.23725633235099355, "accuracy": 1.0, "distance": 0.4998995065689087}, "3": {"mean": -0.28646770119667053, "variance": 0.017936252057552338, "std_dev": 0.13392628729343414, "median": -0.2991606295108795, "range": 0.6288362145423889, "iq_range": 0.15749134868383408, "density": 0.23361616272876576, "accuracy": -1.0, "distance": 0.7361830472946167}, "4": {"mean": -0.2860817015171051, "variance": 0.018157271668314934, "std_dev": 0.1347489207983017, "median": -0.2985454499721527, "range": 0.6179154515266418, "iq_range": 0.1703549288213253, "density": 0.23532019079450622, "accuracy": 1.0, "distance": 0.3245421350002289}, "5": {"mean": -0.2896812856197357, "variance": 0.016084767878055573, "std_dev": 0.1268257349729538, "median": -0.31090879440307617, "range": 0.6600216627120972, "iq_range": 0.13297735527157784, "density": 0.2369056169575526, "accuracy": -1.0, "distance": 0.8348996639251709}, "6": {"mean": -0.28413015604019165, "variance": 0.019270047545433044, "std_dev": 0.13881659507751465, "median": -0.29434916377067566, "range": 0.6288362145423889, "iq_range": 0.18276185542345047, "density": 0.23592749606335012, "accuracy": -1.0, "distance": 1.0896668434143066}, "7": {"mean": -0.28486016392707825, "variance": 0.018854675814509392, "std_dev": 0.13731232285499573, "median": -0.2992572784423828, "range": 0.6191851496696472, "iq_range": 0.16897574439644814, "density": 0.23566890810220734, "accuracy": 1.0, "distance": 0.6702627539634705}, "8": {"mean": -0.28381794691085815, "variance": 0.019447393715381622, "std_dev": 0.1394539177417755, "median": -0.2934238910675049, "range": 0.6288362145423889, "iq_range": 0.17034389451146126, "density": 0.23624700182792438, "accuracy": -1.0, "distance": 0.9393453001976013}, "9": {"mean": -0.28548744320869446, "variance": 0.018496917560696602, "std_dev": 0.13600337505340576, "median": -0.30029672384262085, "range": 0.6600216627120972, "iq_range": 0.17087921127676964, "density": 0.23562345942499566, "accuracy": -1.0, "distance": 0.5519506335258484}, "10": {"mean": -0.28605031967163086, "variance": 0.018175214529037476, "std_dev": 0.13481548428535461, "median": -0.3067287802696228, "range": 0.6207359433174133, "iq_range": 0.16199935972690582, "density": 0.23661634543373328, "accuracy": -1.0, "distance": 1.2940888404846191}, "11": {"mean": -0.2901628911495209, "variance": 0.015805497765541077, "std_dev": 0.12571991980075836, "median": -0.316810667514801, "range": 0.6288362145423889, "iq_range": 0.13413073122501373, "density": 0.23894251666398855, "accuracy": 1.0, "distance": 0.3602076470851898}, "12": {"mean": -0.287437379360199, "variance": 0.0173797607421875, "std_dev": 0.1318323165178299, "median": -0.3087206184864044, "range": 0.6600216627120972, "iq_range": 0.14743597432971, "density": 0.23610590126134587, "accuracy": 1.0, "distance": 1.395946741104126}, "13": {"mean": -0.28891992568969727, "variance": 0.016525279730558395, "std_dev": 0.1285506933927536, "median": -0.31365489959716797, "range": 0.6288359761238098, "iq_range": 0.130453173071146, "density": 0.24151091708474154, "accuracy": -1.0, "distance": 1.362349510192871}, "14": {"mean": -0.2853511571884155, "variance": 0.018574712797999382, "std_dev": 0.1362890750169754, "median": -0.30338823795318604, "range": 0.6191851496696472, "iq_range": 0.16142376884818077, "density": 0.23651124689285455, "accuracy": 1.0, "distance": 1.038628339767456}}