{"0": {"mean": -0.28732338547706604, "variance": 0.017445262521505356, "std_dev": 0.13208051025867462, "median": -0.3008972406387329, "range": 0.6135308146476746, "iq_range": 0.15215110778808594, "density": 0.23566992546706853, "accuracy": -1.0, "distance": 0.6523248553276062}, "1": {"mean": -0.28647899627685547, "variance": 0.01792977564036846, "std_dev": 0.13390211760997772, "median": -0.3065814971923828, "range": 0.6191851496696472, "iq_range": 0.16332244127988815, "density": 0.23449751653528178, "accuracy": -1.0, "distance": 1.1419878005981445}, "2": {"mean": -0.29027417302131653, "variance": 0.015740908682346344, "std_dev": 0.12546278536319733, "median": -0.31738728284835815, "range": 0.5790396928787231, "iq_range": 0.13696348667144775, "density": 0.2349871899256538, "accuracy": 1.0, "distance": 0.4830029308795929}, "3": {"mean": -0.2902255952358246, "variance": 0.01576911471784115, "std_dev": 0.12557514011859894, "median": -0.3092060685157776, "range": 0.6207359433174133, "iq_range": 0.13505743443965912, "density": 0.23450978632891906, "accuracy": 1.0, "distance": 0.7991675138473511}, "4": {"mean": -0.2889980375766754, "variance": 0.016480132937431335, "std_dev": 0.12837496399879456, "median": -0.3090628981590271, "range": 0.6207359433174133, "iq_range": 0.1365334838628769, "density": 0.23648618433892676, "accuracy": 1.0, "distance": 0.7642459273338318}, "5": {"mean": -0.2901093661785126, "variance": 0.0158365610986948, "std_dev": 0.12584340572357178, "median": -0.3154712915420532, "range": 0.6207359433174133, "iq_range": 0.12890523299574852, "density": 0.2367131946178951, "accuracy": -1.0, "distance": 0.8700950145721436}, "6": {"mean": -0.29112085700035095, "variance": 0.015248643234372139, "std_dev": 0.12348539382219315, "median": -0.32048648595809937, "range": 0.6600216627120972, "iq_range": 0.12411106750369072, "density": 0.2368843509255259, "accuracy": -1.0, "distance": 0.9350386261940002}, "7": {"mean": -0.28497257828712463, "variance": 0.01879063807427883, "std_dev": 0.13707895576953888, "median": -0.3056753873825073, "range": 0.6600216627120972, "iq_range": 0.16869096085429192, "density": 0.23600097869452438, "accuracy": 1.0, "distance": 1.446129322052002}, "8": {"mean": -0.2856793701648712, "variance": 0.018387291580438614, "std_dev": 0.135599747300148, "median": -0.29974162578582764, "range": 0.6288362145423889, "iq_range": 0.16092006117105484, "density": 0.23257086645133962, "accuracy": 1.0, "distance": 0.9799904823303223}, "9": {"mean": -0.2921749949455261, "variance": 0.014633783139288425, "std_dev": 0.12097017467021942, "median": -0.32159385085105896, "range": 0.6288362145423889, "iq_range": 0.11489053815603256, "density": 0.24662660428099908, "accuracy": 1.0, "distance": 1.1374073028564453}, "10": {"mean": -0.28823360800743103, "variance": 0.016921386122703552, "std_dev": 0.13008223474025726, "median": -0.30793386697769165, "range": 0.6007345914840698, "iq_range": 0.1461963914334774, "density": 0.23325785113186973, "accuracy": -1.0, "distance": 0.9521566033363342}, "11": {"mean": -0.2887144088745117, "variance": 0.01664399728178978, "std_dev": 0.1290116161108017, "median": -0.31207340955734253, "range": 0.6207359433174133, "iq_range": 0.1397281549870968, "density": 0.23540447092922068, "accuracy": -1.0, "distance": 1.1809686422348022}, "12": {"mean": -0.2897590100765228, "variance": 0.01603972353041172, "std_dev": 0.12664802372455597, "median": -0.31492727994918823, "range": 0.6288362145423889, "iq_range": 0.13116593286395073, "density": 0.24168775246919297, "accuracy": 1.0, "distance": 0.795775294303894}, "13": {"mean": -0.2913469076156616, "variance": 0.015116994269192219, "std_dev": 0.12295118719339371, "median": -0.3181799054145813, "range": 0.6288362145423889, "iq_range": 0.12021074444055557, "density": 0.24461982735557553, "accuracy": 1.0, "distance": 0.4765773117542267}, "14": {"mean": -0.28891050815582275, "variance": 0.01653071865439415, "std_dev": 0.12857183814048767, "median": -0.30571162700653076, "range": 0.6600216627120972, "iq_range": 0.1506861187517643, "density": 0.2362540544479673, "accuracy": -1.0, "distance": 0.5057362914085388}}