{"0": {"mean": -0.2889385521411896, "variance": 0.016514524817466736, "std_dev": 0.12850885093212128, "median": -0.3071344494819641, "range": 0.6207359433174133, "iq_range": 0.13886116817593575, "density": 0.23688626285913436, "accuracy": -1.0, "distance": 1.2158249616622925}, "1": {"mean": -0.2870008945465088, "variance": 0.017630483955144882, "std_dev": 0.13277983665466309, "median": -0.3072679042816162, "range": 0.6600216627120972, "iq_range": 0.15540559217333794, "density": 0.23887760316032616, "accuracy": -1.0, "distance": 0.7860888242721558}, "2": {"mean": -0.2919372618198395, "variance": 0.014772643335163593, "std_dev": 0.12154276669025421, "median": -0.3213564455509186, "range": 0.6288362145423889, "iq_range": 0.11623083800077438, "density": 0.2452045447893173, "accuracy": -1.0, "distance": 1.3645633459091187}, "3": {"mean": -0.29027172923088074, "variance": 0.015742329880595207, "std_dev": 0.125468447804451, "median": -0.316946804523468, "range": 0.6191850304603577, "iq_range": 0.1293024942278862, "density": 0.24316033078909188, "accuracy": -1.0, "distance": 1.115864872932434}, "4": {"mean": -0.2870725691318512, "variance": 0.017589347437024117, "std_dev": 0.13262483477592468, "median": -0.3019171953201294, "range": 0.5967985987663269, "iq_range": 0.16207245364785194, "density": 0.2330481236902078, "accuracy": 1.0, "distance": 0.49810850620269775}, "5": {"mean": -0.28495875000953674, "variance": 0.01879851520061493, "std_dev": 0.13710767030715942, "median": -0.29597991704940796, "range": 0.6288362145423889, "iq_range": 0.1695784106850624, "density": 0.23751639340679506, "accuracy": 1.0, "distance": 1.3950791358947754}, "6": {"mean": -0.289328396320343, "variance": 0.016289087012410164, "std_dev": 0.12762871384620667, "median": -0.3130413293838501, "range": 0.6600216627120972, "iq_range": 0.12741613760590553, "density": 0.2377510832277794, "accuracy": -1.0, "distance": 0.7840079069137573}, "7": {"mean": -0.28553393483161926, "variance": 0.01847038045525551, "std_dev": 0.13590577244758606, "median": -0.303926020860672, "range": 0.6191850900650024, "iq_range": 0.15657080709934235, "density": 0.23567733530616666, "accuracy": -1.0, "distance": 1.222025752067566}, "8": {"mean": -0.28859832882881165, "variance": 0.016711004078388214, "std_dev": 0.12927104532718658, "median": -0.3158882260322571, "range": 0.6207359433174133, "iq_range": 0.14361506327986717, "density": 0.23525963387708831, "accuracy": -1.0, "distance": 0.5844594240188599}, "9": {"mean": -0.2869136929512024, "variance": 0.017680542543530464, "std_dev": 0.13296820223331451, "median": -0.30108559131622314, "range": 0.6207359433174133, "iq_range": 0.15531526133418083, "density": 0.23553226074552205, "accuracy": 1.0, "distance": 0.8756561279296875}, "10": {"mean": -0.2840328514575958, "variance": 0.019325343891978264, "std_dev": 0.13901562988758087, "median": -0.30076098442077637, "range": 0.6288362145423889, "iq_range": 0.18358158320188522, "density": 0.23476334938809845, "accuracy": 1.0, "distance": 1.0953376293182373}, "11": {"mean": -0.28831613063812256, "variance": 0.016873806715011597, "std_dev": 0.12989921867847443, "median": -0.314383864402771, "range": 0.6207359433174133, "iq_range": 0.1485159993171692, "density": 0.23710221147629232, "accuracy": 1.0, "distance": 0.851489782333374}, "12": {"mean": -0.28814610838890076, "variance": 0.016971824690699577, "std_dev": 0.13027594983577728, "median": -0.305225670337677, "range": 0.6288362145423889, "iq_range": 0.14652040600776672, "density": 0.23445729786470518, "accuracy": -1.0, "distance": 0.5232117176055908}, "13": {"mean": -0.2894442677497864, "variance": 0.016222020611166954, "std_dev": 0.12736569344997406, "median": -0.3155038356781006, "range": 0.5918647646903992, "iq_range": 0.13411319628357887, "density": 0.23587665333335944, "accuracy": 1.0, "distance": 0.7227572202682495}, "14": {"mean": -0.28424352407455444, "variance": 0.019205613061785698, "std_dev": 0.13858431577682495, "median": -0.2983721196651459, "range": 0.6191850900650024, "iq_range": 0.16354763880372047, "density": 0.23513006157593985, "accuracy": 1.0, "distance": 0.48581066727638245}}