{"0": {"mean": -0.289579838514328, "variance": 0.01614350825548172, "std_dev": 0.12705710530281067, "median": -0.31470787525177, "range": 0.6600216627120972, "iq_range": 0.13111462444067, "density": 0.2371469202822376, "accuracy": -1.0, "distance": 1.2402622699737549}, "1": {"mean": -0.2896473705768585, "variance": 0.016104403883218765, "std_dev": 0.12690313160419464, "median": -0.307219922542572, "range": 0.6135308146476746, "iq_range": 0.14138872548937798, "density": 0.2358378699519515, "accuracy": -1.0, "distance": 1.136526107788086}, "2": {"mean": -0.28803375363349915, "variance": 0.017036564648151398, "std_dev": 0.1305241882801056, "median": -0.30899256467819214, "range": 0.5918647646903992, "iq_range": 0.1405096836388111, "density": 0.2387585662967378, "accuracy": 1.0, "distance": 0.9381563067436218}, "3": {"mean": -0.2876623272895813, "variance": 0.017250385135412216, "std_dev": 0.13134072721004486, "median": -0.30821043252944946, "range": 0.6179154515266418, "iq_range": 0.16397570073604584, "density": 0.23691532921799457, "accuracy": 1.0, "distance": 0.3135565519332886}, "4": {"mean": -0.2861054539680481, "variance": 0.018143652006983757, "std_dev": 0.13469837605953217, "median": -0.303596556186676, "range": 0.6288361549377441, "iq_range": 0.15144970640540123, "density": 0.23361752440257247, "accuracy": -1.0, "distance": 0.8093147873878479}, "5": {"mean": -0.2891632616519928, "variance": 0.01638459414243698, "std_dev": 0.1280023157596588, "median": -0.31372392177581787, "range": 0.6079211831092834, "iq_range": 0.14004222303628922, "density": 0.23694441682862064, "accuracy": 1.0, "distance": 0.6165163516998291}, "6": {"mean": -0.28457194566726685, "variance": 0.01901879534125328, "std_dev": 0.13790865242481232, "median": -0.2972642183303833, "range": 0.6191850900650024, "iq_range": 0.16454758122563362, "density": 0.23612137946088055, "accuracy": 1.0, "distance": 0.6638055443763733}, "7": {"mean": -0.2904787063598633, "variance": 0.01562212873250246, "std_dev": 0.12498851120471954, "median": -0.3139457106590271, "range": 0.6079211831092834, "iq_range": 0.12958789616823196, "density": 0.23432037495685423, "accuracy": 1.0, "distance": 0.519237756729126}, "8": {"mean": -0.2906978726387024, "variance": 0.015494736842811108, "std_dev": 0.12447785586118698, "median": -0.3178252577781677, "range": 0.6207359433174133, "iq_range": 0.12407565861940384, "density": 0.23974484187305597, "accuracy": -1.0, "distance": 1.2479321956634521}, "9": {"mean": -0.2877223789691925, "variance": 0.017215825617313385, "std_dev": 0.1312090903520584, "median": -0.30564337968826294, "range": 0.6207359433174133, "iq_range": 0.15515698119997978, "density": 0.23736830979382703, "accuracy": -1.0, "distance": 0.6038828492164612}, "10": {"mean": -0.28959906101226807, "variance": 0.01613239198923111, "std_dev": 0.12701335549354553, "median": -0.3147015869617462, "range": 0.6600216627120972, "iq_range": 0.13082992285490036, "density": 0.2353695795427544, "accuracy": 1.0, "distance": 0.5877029895782471}, "11": {"mean": -0.2882745563983917, "variance": 0.01689778082072735, "std_dev": 0.12999147176742554, "median": -0.30564337968826294, "range": 0.6600216627120972, "iq_range": 0.14076436311006546, "density": 0.23984590043238824, "accuracy": -1.0, "distance": 0.8703991174697876}, "12": {"mean": -0.28919556736946106, "variance": 0.016365911811590195, "std_dev": 0.12792932987213135, "median": -0.31132668256759644, "range": 0.5918647646903992, "iq_range": 0.13772247359156609, "density": 0.23558294312782538, "accuracy": 1.0, "distance": 0.5819406509399414}, "13": {"mean": -0.2885468006134033, "variance": 0.01674073375761509, "std_dev": 0.12938599288463593, "median": -0.3083258271217346, "range": 0.6600216627120972, "iq_range": 0.13654730841517448, "density": 0.23671244836471783, "accuracy": -1.0, "distance": 0.9104555249214172}, "14": {"mean": -0.2935030460357666, "variance": 0.013855955563485622, "std_dev": 0.11771132051944733, "median": -0.3242393732070923, "range": 0.6079211831092834, "iq_range": 0.10891744494438171, "density": 0.24425682534016743, "accuracy": -1.0, "distance": 1.1427714824676514}}