{"0": {"mean": -0.28666722774505615, "variance": 0.017821894958615303, "std_dev": 0.1334986686706543, "median": -0.30867451429367065, "range": 0.6179154515266418, "iq_range": 0.16936174035072327, "density": 0.23713873762768145, "accuracy": 1.0, "distance": 1.083944320678711}, "1": {"mean": -0.28504234552383423, "variance": 0.01875087060034275, "std_dev": 0.1369338184595108, "median": -0.2988365888595581, "range": 0.6600216627120972, "iq_range": 0.172014482319355, "density": 0.23553761614925128, "accuracy": -1.0, "distance": 1.3497843742370605}, "2": {"mean": -0.29153403639793396, "variance": 0.015007919631898403, "std_dev": 0.12250681221485138, "median": -0.3223514258861542, "range": 0.6288362145423889, "iq_range": 0.12016338109970093, "density": 0.24289143471060917, "accuracy": 1.0, "distance": 1.2965301275253296}, "3": {"mean": -0.2889774739742279, "variance": 0.01649201102554798, "std_dev": 0.12842123210430145, "median": -0.31004154682159424, "range": 0.6600216627120972, "iq_range": 0.13563914224505424, "density": 0.2378980691033857, "accuracy": -1.0, "distance": 1.2440871000289917}, "4": {"mean": -0.28782129287719727, "variance": 0.01715889573097229, "std_dev": 0.13099196553230286, "median": -0.3120712637901306, "range": 0.5961215496063232, "iq_range": 0.14644905924797058, "density": 0.23546401533569772, "accuracy": 1.0, "distance": 0.9035846590995789}, "5": {"mean": -0.29009804129600525, "variance": 0.015843119472265244, "std_dev": 0.12586945295333862, "median": -0.3193165361881256, "range": 0.5918647646903992, "iq_range": 0.13091623783111572, "density": 0.23889705093009478, "accuracy": 1.0, "distance": 1.145808458328247}, "6": {"mean": -0.284908264875412, "variance": 0.018827291205525398, "std_dev": 0.1372125744819641, "median": -0.30225807428359985, "range": 0.6600216627120972, "iq_range": 0.16917773708701134, "density": 0.23407830425375198, "accuracy": 1.0, "distance": 1.1584062576293945}, "7": {"mean": -0.2858588397502899, "variance": 0.01828472688794136, "std_dev": 0.13522103428840637, "median": -0.3040792942047119, "range": 0.6600216627120972, "iq_range": 0.16059764102101326, "density": 0.23187798927098605, "accuracy": -1.0, "distance": 1.3230116367340088}, "8": {"mean": -0.28561127185821533, "variance": 0.018426192924380302, "std_dev": 0.13574311137199402, "median": -0.2983801066875458, "range": 0.6179154515266418, "iq_range": 0.16086282581090927, "density": 0.23737622062010985, "accuracy": -1.0, "distance": 0.9202587008476257}, "9": {"mean": -0.2877201437950134, "variance": 0.017217129468917847, "std_dev": 0.13121405243873596, "median": -0.3076602816581726, "range": 0.6600216627120972, "iq_range": 0.1406310796737671, "density": 0.23430357471676033, "accuracy": -1.0, "distance": 1.3518728017807007}, "10": {"mean": -0.2891552746295929, "variance": 0.01638922467827797, "std_dev": 0.12802040576934814, "median": -0.31367576122283936, "range": 0.6288362145423889, "iq_range": 0.13432161509990692, "density": 0.24139974701191044, "accuracy": 1.0, "distance": 0.7852466702461243}, "11": {"mean": -0.28339141607284546, "variance": 0.019689301028847694, "std_dev": 0.14031857252120972, "median": -0.29434916377067566, "range": 0.6288362145423889, "iq_range": 0.17984884977340698, "density": 0.2355078172117976, "accuracy": -1.0, "distance": 0.987929105758667}, "12": {"mean": -0.2892548441886902, "variance": 0.0163316298276186, "std_dev": 0.1277952641248703, "median": -0.3088635206222534, "range": 0.6600216627120972, "iq_range": 0.13511231541633606, "density": 0.2378580854238077, "accuracy": -1.0, "distance": 0.8392114639282227}, "13": {"mean": -0.28334563970565796, "variance": 0.01971524953842163, "std_dev": 0.14041100442409515, "median": -0.29784631729125977, "range": 0.6191851496696472, "iq_range": 0.17563849687576294, "density": 0.23451450569712354, "accuracy": 1.0, "distance": 1.2357851266860962}, "14": {"mean": -0.2843548655509949, "variance": 0.019142329692840576, "std_dev": 0.1383558064699173, "median": -0.3013840317726135, "range": 0.6191851496696472, "iq_range": 0.18341618031263351, "density": 0.23634060046215846, "accuracy": 1.0, "distance": 1.1616919040679932}}