{"0": {"mean": -0.28518950939178467, "variance": 0.018666937947273254, "std_dev": 0.13662700355052948, "median": -0.2988927960395813, "range": 0.6191851496696472, "iq_range": 0.1684342324733734, "density": 0.23616837580519448, "accuracy": 1.0, "distance": 0.94032222032547}, "1": {"mean": -0.28889843821525574, "variance": 0.016537701711058617, "std_dev": 0.12859900295734406, "median": -0.3117465376853943, "range": 0.6288361549377441, "iq_range": 0.13756035640835762, "density": 0.24129103102941318, "accuracy": 1.0, "distance": 1.0115107297897339}, "2": {"mean": -0.2842859625816345, "variance": 0.019181493669748306, "std_dev": 0.1384972631931305, "median": -0.30324167013168335, "range": 0.6600216627120972, "iq_range": 0.17486029118299484, "density": 0.23558413534618647, "accuracy": -1.0, "distance": 1.4597954750061035}, "3": {"mean": -0.2849633991718292, "variance": 0.018795862793922424, "std_dev": 0.13709799945354462, "median": -0.2967241704463959, "range": 0.6191850900650024, "iq_range": 0.15958905592560768, "density": 0.23609217303383795, "accuracy": -1.0, "distance": 0.5461643934249878}, "4": {"mean": -0.284246027469635, "variance": 0.01920420676469803, "std_dev": 0.13857924938201904, "median": -0.29510319232940674, "range": 0.6288362145423889, "iq_range": 0.18031350523233414, "density": 0.23700981445033403, "accuracy": 1.0, "distance": 0.8267643451690674}, "5": {"mean": -0.2866525650024414, "variance": 0.017830314114689827, "std_dev": 0.13353019952774048, "median": -0.30683934688568115, "range": 0.6600216627120972, "iq_range": 0.15330733358860016, "density": 0.23543253611563342, "accuracy": 1.0, "distance": 0.8969420194625854}, "6": {"mean": -0.29024606943130493, "variance": 0.015757231041789055, "std_dev": 0.12552781403064728, "median": -0.3159381151199341, "range": 0.6191850304603577, "iq_range": 0.1279391422867775, "density": 0.24292988720291686, "accuracy": 1.0, "distance": 0.978406548500061}, "7": {"mean": -0.2903071939945221, "variance": 0.01572173833847046, "std_dev": 0.12538635730743408, "median": -0.31004154682159424, "range": 0.6600216627120972, "iq_range": 0.13223443925380707, "density": 0.23767683669533007, "accuracy": -1.0, "distance": 1.2328917980194092}, "8": {"mean": -0.2852156460285187, "variance": 0.01865204982459545, "std_dev": 0.13657251000404358, "median": -0.3072029948234558, "range": 0.6600216627120972, "iq_range": 0.17531459406018257, "density": 0.23859695313480725, "accuracy": 1.0, "distance": 1.1346921920776367}, "9": {"mean": -0.2897467613220215, "variance": 0.016046803444623947, "std_dev": 0.12667597830295563, "median": -0.31918787956237793, "range": 0.6288362145423889, "iq_range": 0.13182388246059418, "density": 0.24214361643429919, "accuracy": -1.0, "distance": 1.6778162717819214}, "10": {"mean": -0.28742581605911255, "variance": 0.01738639920949936, "std_dev": 0.1318574994802475, "median": -0.30416569113731384, "range": 0.6600216627120972, "iq_range": 0.15118994563817978, "density": 0.23368989476246854, "accuracy": -1.0, "distance": 1.0886085033416748}, "11": {"mean": -0.2910321056842804, "variance": 0.015300310216844082, "std_dev": 0.12369441986083984, "median": -0.31633293628692627, "range": 0.6207359433174133, "iq_range": 0.1267329677939415, "density": 0.23927231266999807, "accuracy": -1.0, "distance": 0.7519926428794861}, "12": {"mean": -0.282960444688797, "variance": 0.019933383911848068, "std_dev": 0.14118564128875732, "median": -0.2948451638221741, "range": 0.6288362145423889, "iq_range": 0.1736423671245575, "density": 0.235020193149091, "accuracy": 1.0, "distance": 1.3342264890670776}, "13": {"mean": -0.2888292372226715, "variance": 0.016577688977122307, "std_dev": 0.1287543773651123, "median": -0.31491342186927795, "range": 0.6207359433174133, "iq_range": 0.1389968916773796, "density": 0.2377299038331136, "accuracy": -1.0, "distance": 1.1228982210159302}, "14": {"mean": -0.287771075963974, "variance": 0.017187798395752907, "std_dev": 0.13110224902629852, "median": -0.30901074409484863, "range": 0.6191851496696472, "iq_range": 0.14167853817343712, "density": 0.2358360791016586, "accuracy": 1.0, "distance": 0.9817429780960083}}