{"0": {"mean": -0.2851051390171051, "variance": 0.018715064972639084, "std_dev": 0.1368030160665512, "median": -0.30376285314559937, "range": 0.6600216627120972, "iq_range": 0.1696416288614273, "density": 0.23783678526199678, "accuracy": -1.0, "distance": 1.489946961402893}, "1": {"mean": -0.28987738490104675, "variance": 0.015971098095178604, "std_dev": 0.12637680768966675, "median": -0.3147546052932739, "range": 0.6600216627120972, "iq_range": 0.1284526139497757, "density": 0.23499683454758105, "accuracy": -1.0, "distance": 1.1977871656417847}, "2": {"mean": -0.28730258345603943, "variance": 0.017457233741879463, "std_dev": 0.1321258246898651, "median": -0.3050888776779175, "range": 0.6288362145423889, "iq_range": 0.1513228565454483, "density": 0.23770377671176188, "accuracy": 1.0, "distance": 0.6056777834892273}, "3": {"mean": -0.284868985414505, "variance": 0.018849655985832214, "std_dev": 0.13729405403137207, "median": -0.30318683385849, "range": 0.6600216627120972, "iq_range": 0.1676529496908188, "density": 0.23500960933314485, "accuracy": -1.0, "distance": 0.9800527095794678}, "4": {"mean": -0.2872551381587982, "variance": 0.01748448610305786, "std_dev": 0.13222891092300415, "median": -0.3016904592514038, "range": 0.6207359433174133, "iq_range": 0.14677152782678604, "density": 0.23587203770230755, "accuracy": -1.0, "distance": 1.0374526977539062}, "5": {"mean": -0.28560423851013184, "variance": 0.018430223688483238, "std_dev": 0.1357579529285431, "median": -0.30251508951187134, "range": 0.6191851496696472, "iq_range": 0.16943881660699844, "density": 0.23835380026029676, "accuracy": 1.0, "distance": 0.7695680260658264}, "6": {"mean": -0.28508704900741577, "variance": 0.018725387752056122, "std_dev": 0.13684074580669403, "median": -0.2951906621456146, "range": 0.6288362145423889, "iq_range": 0.1646905541419983, "density": 0.23557323628248483, "accuracy": 1.0, "distance": 0.2680167555809021}, "7": {"mean": -0.2824733257293701, "variance": 0.020208824425935745, "std_dev": 0.14215774834156036, "median": -0.28856176137924194, "range": 0.6288361549377441, "iq_range": 0.1696210689842701, "density": 0.2353166798340472, "accuracy": -1.0, "distance": 0.6299642324447632}, "8": {"mean": -0.29086387157440186, "variance": 0.015398222953081131, "std_dev": 0.12408957630395889, "median": -0.3173856735229492, "range": 0.6600216627120972, "iq_range": 0.11587706953287125, "density": 0.24153239943411423, "accuracy": -1.0, "distance": 1.1459871530532837}, "9": {"mean": -0.28675293922424316, "variance": 0.017772765830159187, "std_dev": 0.13331453502178192, "median": -0.31076979637145996, "range": 0.6600216627120972, "iq_range": 0.1593521162867546, "density": 0.23858213289955546, "accuracy": 1.0, "distance": 0.8218968510627747}, "10": {"mean": -0.2909025251865387, "variance": 0.015375726856291294, "std_dev": 0.12399889528751373, "median": -0.31446003913879395, "range": 0.6600216627120972, "iq_range": 0.12591195851564407, "density": 0.23593652288309266, "accuracy": -1.0, "distance": 0.5118630528450012}, "11": {"mean": -0.28900212049484253, "variance": 0.016477782279253006, "std_dev": 0.12836581468582153, "median": -0.30691003799438477, "range": 0.6600216627120972, "iq_range": 0.134040966629982, "density": 0.2364522437597962, "accuracy": 1.0, "distance": 0.42784494161605835}, "12": {"mean": -0.28829333186149597, "variance": 0.016886940225958824, "std_dev": 0.12994976341724396, "median": -0.30694669485092163, "range": 0.6600216627120972, "iq_range": 0.1396349035203457, "density": 0.23401250587933198, "accuracy": -1.0, "distance": 0.42486149072647095}, "13": {"mean": -0.287669837474823, "variance": 0.017246063798666, "std_dev": 0.13132427632808685, "median": -0.31019794940948486, "range": 0.6207359433174133, "iq_range": 0.15447956696152687, "density": 0.2371889443225463, "accuracy": -1.0, "distance": 0.7638877034187317}, "14": {"mean": -0.2861781716346741, "variance": 0.018102062866091728, "std_dev": 0.13454391062259674, "median": -0.3056422472000122, "range": 0.6191851496696472, "iq_range": 0.16616050899028778, "density": 0.2347533796409647, "accuracy": 1.0, "distance": 0.8040679693222046}}