{"0": {"mean": -0.2880246639251709, "variance": 0.017041800543665886, "std_dev": 0.1305442452430725, "median": -0.3088807463645935, "range": 0.6600216627120972, "iq_range": 0.1480063498020172, "density": 0.23626861407928548, "accuracy": -1.0, "distance": 1.2332192659378052}, "1": {"mean": -0.28610000014305115, "variance": 0.018146786838769913, "std_dev": 0.13471001386642456, "median": -0.30060622096061707, "range": 0.6600216627120972, "iq_range": 0.16511846706271172, "density": 0.23465317193243496, "accuracy": -1.0, "distance": 0.9904945492744446}, "2": {"mean": -0.28657299280166626, "variance": 0.01787590980529785, "std_dev": 0.13370081782341003, "median": -0.3062703609466553, "range": 0.6179154515266418, "iq_range": 0.16617415472865105, "density": 0.2354764437863564, "accuracy": 1.0, "distance": 0.5881479382514954}, "3": {"mean": -0.28472229838371277, "variance": 0.018933216109871864, "std_dev": 0.13759802281856537, "median": -0.3049198389053345, "range": 0.6288361549377441, "iq_range": 0.16341493278741837, "density": 0.234579559691865, "accuracy": 1.0, "distance": 0.4520193934440613}, "4": {"mean": -0.2906970679759979, "variance": 0.015495216473937035, "std_dev": 0.12447978556156158, "median": -0.3198211193084717, "range": 0.6288362145423889, "iq_range": 0.12801939994096756, "density": 0.24268711967472847, "accuracy": 1.0, "distance": 1.070796251296997}, "5": {"mean": -0.28862372040748596, "variance": 0.016696341335773468, "std_dev": 0.1292143166065216, "median": -0.3070172071456909, "range": 0.6600216627120972, "iq_range": 0.14477304369211197, "density": 0.23710663062797957, "accuracy": -1.0, "distance": 0.7951270937919617}, "6": {"mean": -0.2856277525424957, "variance": 0.018416794016957283, "std_dev": 0.1357084959745407, "median": -0.29764240980148315, "range": 0.6207359433174133, "iq_range": 0.1642313338816166, "density": 0.23728139771890594, "accuracy": 1.0, "distance": 0.6207451224327087}, "7": {"mean": -0.2907107472419739, "variance": 0.015487248077988625, "std_dev": 0.1244477704167366, "median": -0.3116685152053833, "range": 0.5792906284332275, "iq_range": 0.13051221519708633, "density": 0.23555495745971555, "accuracy": -1.0, "distance": 1.1186443567276}, "8": {"mean": -0.28805413842201233, "variance": 0.017024807631969452, "std_dev": 0.1304791420698166, "median": -0.3133634328842163, "range": 0.6191851496696472, "iq_range": 0.1459452249109745, "density": 0.2357680947880012, "accuracy": 1.0, "distance": 0.7673861384391785}, "9": {"mean": -0.2934381663799286, "variance": 0.013894046656787395, "std_dev": 0.11787301301956177, "median": -0.3226757049560547, "range": 0.596330463886261, "iq_range": 0.11066320538520813, "density": 0.24303894122473163, "accuracy": -1.0, "distance": 0.836438000202179}, "10": {"mean": -0.28674858808517456, "variance": 0.017775235697627068, "std_dev": 0.1333238035440445, "median": -0.30582213401794434, "range": 0.6600216627120972, "iq_range": 0.15256056189537048, "density": 0.23728784258952199, "accuracy": 1.0, "distance": 0.6969886422157288}, "11": {"mean": -0.28782638907432556, "variance": 0.017155973240733147, "std_dev": 0.13098081946372986, "median": -0.30571162700653076, "range": 0.6600216627120972, "iq_range": 0.15455994382500648, "density": 0.23500895465098637, "accuracy": -1.0, "distance": 1.0872175693511963}, "12": {"mean": -0.2843515872955322, "variance": 0.019144171848893166, "std_dev": 0.13836246728897095, "median": -0.3016236126422882, "range": 0.6191851496696472, "iq_range": 0.1765786111354828, "density": 0.23465199376615137, "accuracy": 1.0, "distance": 0.9132140874862671}, "13": {"mean": -0.28600209951400757, "variance": 0.018202800303697586, "std_dev": 0.134917750954628, "median": -0.3072029948234558, "range": 0.6079211831092834, "iq_range": 0.16826892271637917, "density": 0.23818501385427823, "accuracy": 1.0, "distance": 0.6553705334663391}, "14": {"mean": -0.2857540547847748, "variance": 0.018344620242714882, "std_dev": 0.135442316532135, "median": -0.30205273628234863, "range": 0.6191851496696472, "iq_range": 0.17609882354736328, "density": 0.23593864932680159, "accuracy": 1.0, "distance": 0.6040207743644714}}