{"0": {"mean": -0.2887595593929291, "variance": 0.016617923974990845, "std_dev": 0.12891052663326263, "median": -0.3103252649307251, "range": 0.5918647646903992, "iq_range": 0.14121059328317642, "density": 0.23720766383649042, "accuracy": 1.0, "distance": 0.22994667291641235}, "1": {"mean": -0.2850191593170166, "variance": 0.018764080479741096, "std_dev": 0.1369820386171341, "median": -0.3026418089866638, "range": 0.6600216627120972, "iq_range": 0.1704600378870964, "density": 0.2341607934662142, "accuracy": -1.0, "distance": 0.6580435037612915}, "2": {"mean": -0.2873973250389099, "variance": 0.01740277372300625, "std_dev": 0.13191957771778107, "median": -0.3068828582763672, "range": 0.6288362145423889, "iq_range": 0.15479110926389694, "density": 0.23689763190117896, "accuracy": 1.0, "distance": 0.902267575263977}, "3": {"mean": -0.28673967719078064, "variance": 0.01778036542236805, "std_dev": 0.13334304094314575, "median": -0.30404919385910034, "range": 0.6191851496696472, "iq_range": 0.16099413856863976, "density": 0.23721813064661063, "accuracy": 1.0, "distance": 1.0236726999282837}, "4": {"mean": -0.285625159740448, "variance": 0.01841828040778637, "std_dev": 0.13571396470069885, "median": -0.30077776312828064, "range": 0.6179154515266418, "iq_range": 0.17006615176796913, "density": 0.23754870501341374, "accuracy": 1.0, "distance": 1.1129217147827148}, "5": {"mean": -0.2857089936733246, "variance": 0.018370365723967552, "std_dev": 0.13553732633590698, "median": -0.29874932765960693, "range": 0.6288362145423889, "iq_range": 0.16019834578037262, "density": 0.2357954164957505, "accuracy": 1.0, "distance": 0.22353915870189667}, "6": {"mean": -0.2876555323600769, "variance": 0.0172543004155159, "std_dev": 0.1313556283712387, "median": -0.30582696199417114, "range": 0.6600216627120972, "iq_range": 0.15678134560585022, "density": 0.23510359951040113, "accuracy": -1.0, "distance": 0.7598162293434143}, "7": {"mean": -0.2882232069969177, "variance": 0.016927380114793777, "std_dev": 0.13010527193546295, "median": -0.3093138635158539, "range": 0.6600216627120972, "iq_range": 0.14405226707458496, "density": 0.23501765323789334, "accuracy": -1.0, "distance": 0.7720975279808044}, "8": {"mean": -0.28997868299484253, "variance": 0.01591237634420395, "std_dev": 0.12614427506923676, "median": -0.3065345883369446, "range": 0.6207359433174133, "iq_range": 0.1346171796321869, "density": 0.23565400748478524, "accuracy": -1.0, "distance": 0.8334454894065857}, "9": {"mean": -0.2852124273777008, "variance": 0.01865386962890625, "std_dev": 0.13657917082309723, "median": -0.2987164258956909, "range": 0.6288362145423889, "iq_range": 0.17080919444561005, "density": 0.23543011027613614, "accuracy": 1.0, "distance": 1.152296781539917}, "10": {"mean": -0.29091569781303406, "variance": 0.015368051826953888, "std_dev": 0.12396794557571411, "median": -0.3179003894329071, "range": 0.6288361549377441, "iq_range": 0.12312544509768486, "density": 0.2431794513105064, "accuracy": 1.0, "distance": 0.9470382928848267}, "11": {"mean": -0.2847961485385895, "variance": 0.018891163170337677, "std_dev": 0.1374451220035553, "median": -0.3019067347049713, "range": 0.6207359433174133, "iq_range": 0.17237647622823715, "density": 0.23632328056785215, "accuracy": -1.0, "distance": 1.2811884880065918}, "12": {"mean": -0.2910999357700348, "variance": 0.015260822139680386, "std_dev": 0.12353470176458359, "median": -0.3164891004562378, "range": 0.6207359433174133, "iq_range": 0.13206353411078453, "density": 0.23555422063938639, "accuracy": -1.0, "distance": 1.5245987176895142}, "13": {"mean": -0.28953540325164795, "variance": 0.016169246286153793, "std_dev": 0.12715834379196167, "median": -0.3149023652076721, "range": 0.6600216627120972, "iq_range": 0.1300405077636242, "density": 0.23778483454318572, "accuracy": -1.0, "distance": 1.145561933517456}, "14": {"mean": -0.2875898480415344, "variance": 0.017292069271206856, "std_dev": 0.1314993053674698, "median": -0.3056613802909851, "range": 0.6207359433174133, "iq_range": 0.15383535251021385, "density": 0.23238420696942227, "accuracy": -1.0, "distance": 1.5317516326904297}}