{"0": {"mean": -0.28908678889274597, "variance": 0.016428817063570023, "std_dev": 0.12817494571208954, "median": -0.30567964911460876, "range": 0.6600216627120972, "iq_range": 0.14456497132778168, "density": 0.23504220548874577, "accuracy": -1.0, "distance": 1.1952393054962158}, "1": {"mean": -0.2855938673019409, "variance": 0.018436133861541748, "std_dev": 0.1357797235250473, "median": -0.3021225333213806, "range": 0.6600216627120972, "iq_range": 0.16240128502249718, "density": 0.2365128036548889, "accuracy": -1.0, "distance": 1.242444396018982}, "2": {"mean": -0.2844475209712982, "variance": 0.019089605659246445, "std_dev": 0.13816514611244202, "median": -0.29832184314727783, "range": 0.6146379113197327, "iq_range": 0.1707037016749382, "density": 0.23493847193668002, "accuracy": 1.0, "distance": 0.49789249897003174}, "3": {"mean": -0.28533464670181274, "variance": 0.018584130331873894, "std_dev": 0.13632363080978394, "median": -0.3063760995864868, "range": 0.6007345914840698, "iq_range": 0.17400649189949036, "density": 0.23496853439676826, "accuracy": 1.0, "distance": 0.757896363735199}, "4": {"mean": -0.2874286472797394, "variance": 0.017384780570864677, "std_dev": 0.13185136020183563, "median": -0.30683934688568115, "range": 0.6600216627120972, "iq_range": 0.15015653520822525, "density": 0.23692640857352743, "accuracy": -1.0, "distance": 1.0643129348754883}, "5": {"mean": -0.29144880175590515, "variance": 0.015057585202157497, "std_dev": 0.12270935624837875, "median": -0.31706809997558594, "range": 0.6207359433174133, "iq_range": 0.12103460729122162, "density": 0.23675271807212958, "accuracy": -1.0, "distance": 1.0835604667663574}, "6": {"mean": -0.2896016836166382, "variance": 0.016130855306982994, "std_dev": 0.12700730562210083, "median": -0.3127336800098419, "range": 0.6600216627120972, "iq_range": 0.13264348357915878, "density": 0.23478902627243806, "accuracy": 1.0, "distance": 0.474728524684906}, "7": {"mean": -0.29073816537857056, "variance": 0.015471327118575573, "std_dev": 0.12438379228115082, "median": -0.3139912784099579, "range": 0.6288362145423889, "iq_range": 0.12863678485155106, "density": 0.24292059997339469, "accuracy": 1.0, "distance": 0.6552833914756775}, "8": {"mean": -0.2889196574687958, "variance": 0.016525443643331528, "std_dev": 0.12855133414268494, "median": -0.3056613802909851, "range": 0.6600216627120972, "iq_range": 0.1446302831172943, "density": 0.2373100138911251, "accuracy": -1.0, "distance": 0.9037792682647705}, "9": {"mean": -0.2864733934402466, "variance": 0.017933009192347527, "std_dev": 0.13391418755054474, "median": -0.30022603273391724, "range": 0.6600216627120972, "iq_range": 0.1624670997262001, "density": 0.23753956649586985, "accuracy": -1.0, "distance": 0.9157581329345703}, "10": {"mean": -0.28914228081703186, "variance": 0.01639675162732601, "std_dev": 0.1280498057603836, "median": -0.3069353699684143, "range": 0.6207359433174133, "iq_range": 0.14639626443386078, "density": 0.23607690345375787, "accuracy": -1.0, "distance": 1.0122705698013306}, "11": {"mean": -0.28690120577812195, "variance": 0.017687702551484108, "std_dev": 0.1329951286315918, "median": -0.3047497868537903, "range": 0.6207359433174133, "iq_range": 0.15096723660826683, "density": 0.2360212138048045, "accuracy": -1.0, "distance": 1.0316903591156006}, "12": {"mean": -0.28914886713027954, "variance": 0.016392936930060387, "std_dev": 0.12803490459918976, "median": -0.3085067868232727, "range": 0.6207359433174133, "iq_range": 0.13743353262543678, "density": 0.23484075553394565, "accuracy": -1.0, "distance": 1.124808430671692}, "13": {"mean": -0.28407931327819824, "variance": 0.019298933446407318, "std_dev": 0.1389206051826477, "median": -0.29434916377067566, "range": 0.6288362145423889, "iq_range": 0.17875192686915398, "density": 0.2373756075436515, "accuracy": -1.0, "distance": 1.0770041942596436}, "14": {"mean": -0.2854563593864441, "variance": 0.018514670431613922, "std_dev": 0.13606862723827362, "median": -0.2961727976799011, "range": 0.6207359433174133, "iq_range": 0.1685471385717392, "density": 0.23863888662979696, "accuracy": -1.0, "distance": 0.6844706535339355}}