{"0": {"mean": -0.2846928834915161, "variance": 0.0189499631524086, "std_dev": 0.13765886425971985, "median": -0.3009476363658905, "range": 0.6191851496696472, "iq_range": 0.16962122917175293, "density": 0.2365352444624974, "accuracy": -1.0, "distance": 1.221099615097046}, "1": {"mean": -0.29242241382598877, "variance": 0.014489107765257359, "std_dev": 0.12037070840597153, "median": -0.322258323431015, "range": 0.6288362145423889, "iq_range": 0.1158740222454071, "density": 0.24386971164177848, "accuracy": 1.0, "distance": 0.36217814683914185}, "2": {"mean": -0.2850278913974762, "variance": 0.01875910721719265, "std_dev": 0.1369638890028, "median": -0.2984354496002197, "range": 0.6600216627120972, "iq_range": 0.16220352426171303, "density": 0.23508074085146255, "accuracy": 1.0, "distance": 1.1751173734664917}, "3": {"mean": -0.28432193398475647, "variance": 0.01916104555130005, "std_dev": 0.13842342793941498, "median": -0.30181893706321716, "range": 0.6600216627120972, "iq_range": 0.16525079682469368, "density": 0.23324420176231295, "accuracy": -1.0, "distance": 1.1978676319122314}, "4": {"mean": -0.29355067014694214, "variance": 0.013827999122440815, "std_dev": 0.11759251356124878, "median": -0.32370448112487793, "range": 0.5784083008766174, "iq_range": 0.10939007997512817, "density": 0.2424358891379999, "accuracy": -1.0, "distance": 0.7805969715118408}, "5": {"mean": -0.2913784086704254, "variance": 0.015098610892891884, "std_dev": 0.12287640571594238, "median": -0.31967684626579285, "range": 0.6079211831092834, "iq_range": 0.11812127381563187, "density": 0.23994584798846946, "accuracy": -1.0, "distance": 0.8341272473335266}, "6": {"mean": -0.28690579533576965, "variance": 0.0176850613206625, "std_dev": 0.1329851895570755, "median": -0.3046804666519165, "range": 0.6600216627120972, "iq_range": 0.14834994450211525, "density": 0.2355103277579096, "accuracy": -1.0, "distance": 1.0288563966751099}, "7": {"mean": -0.28324511647224426, "variance": 0.019772207364439964, "std_dev": 0.14061367511749268, "median": -0.2917405664920807, "range": 0.6288362145423889, "iq_range": 0.17523980513215065, "density": 0.23322530783844522, "accuracy": 1.0, "distance": 0.6784568428993225}, "8": {"mean": -0.29020121693611145, "variance": 0.015783259645104408, "std_dev": 0.1256314367055893, "median": -0.3115808963775635, "range": 0.6600216627120972, "iq_range": 0.13647690042853355, "density": 0.23556483098396166, "accuracy": -1.0, "distance": 0.8222402930259705}, "9": {"mean": -0.2868879437446594, "variance": 0.01769530028104782, "std_dev": 0.1330236792564392, "median": -0.3066023588180542, "range": 0.6146379113197327, "iq_range": 0.14819978550076485, "density": 0.238252876594083, "accuracy": 1.0, "distance": 0.4065740704536438}, "10": {"mean": -0.2871758043766022, "variance": 0.017530057579278946, "std_dev": 0.13240112364292145, "median": -0.3059985041618347, "range": 0.6600216627120972, "iq_range": 0.14914868772029877, "density": 0.2342983269270189, "accuracy": -1.0, "distance": 0.7428504228591919}, "11": {"mean": -0.28982579708099365, "variance": 0.016001002863049507, "std_dev": 0.12649506330490112, "median": -0.3133634328842163, "range": 0.6600216627120972, "iq_range": 0.1318458877503872, "density": 0.23603213198059636, "accuracy": -1.0, "distance": 0.9518013000488281}, "12": {"mean": -0.29122814536094666, "variance": 0.015186162665486336, "std_dev": 0.1232321485877037, "median": -0.31755268573760986, "range": 0.6288361549377441, "iq_range": 0.11939486861228943, "density": 0.24197627270622504, "accuracy": -1.0, "distance": 0.6776960492134094}, "13": {"mean": -0.2887437641620636, "variance": 0.01662704534828663, "std_dev": 0.12894590198993683, "median": -0.3097800612449646, "range": 0.6600216627120972, "iq_range": 0.13542502373456955, "density": 0.2343467116443649, "accuracy": 1.0, "distance": 0.4014776051044464}, "14": {"mean": -0.28881415724754333, "variance": 0.016586393117904663, "std_dev": 0.12878817319869995, "median": -0.30920863151550293, "range": 0.6207359433174133, "iq_range": 0.14109299704432487, "density": 0.2383305405666909, "accuracy": 1.0, "distance": 0.5916424989700317}}