{"0": {"mean": -0.2872644066810608, "variance": 0.01747916452586651, "std_dev": 0.13220879435539246, "median": -0.31045907735824585, "range": 0.6600216627120972, "iq_range": 0.15123947337269783, "density": 0.23656617548766837, "accuracy": -1.0, "distance": 0.5721271634101868}, "1": {"mean": -0.2921549677848816, "variance": 0.014645473100244999, "std_dev": 0.12101848423480988, "median": -0.31926846504211426, "range": 0.6288362145423889, "iq_range": 0.12096714973449707, "density": 0.23979335832366333, "accuracy": -1.0, "distance": 0.5831003785133362}, "2": {"mean": -0.2874315083026886, "variance": 0.01738312467932701, "std_dev": 0.13184507191181183, "median": -0.30853402614593506, "range": 0.6207359433174133, "iq_range": 0.15653864294290543, "density": 0.2373066030101399, "accuracy": -1.0, "distance": 0.45092278718948364}, "3": {"mean": -0.29164403676986694, "variance": 0.014943759888410568, "std_dev": 0.12224467098712921, "median": -0.317969411611557, "range": 0.6600216627120972, "iq_range": 0.1243428997695446, "density": 0.23878361901807904, "accuracy": -1.0, "distance": 0.5674622058868408}, "4": {"mean": -0.28405240178108215, "variance": 0.0193142332136631, "std_dev": 0.13897565007209778, "median": -0.2914749085903168, "range": 0.6600216627120972, "iq_range": 0.17272701859474182, "density": 0.23528577554360322, "accuracy": -1.0, "distance": 0.8129239082336426}, "5": {"mean": -0.2887631356716156, "variance": 0.016615867614746094, "std_dev": 0.12890255451202393, "median": -0.3067859411239624, "range": 0.6600216627120972, "iq_range": 0.13760681450366974, "density": 0.23843598859938922, "accuracy": -1.0, "distance": 1.0881766080856323}, "6": {"mean": -0.2897043526172638, "variance": 0.016071399673819542, "std_dev": 0.12677302956581116, "median": -0.31612199544906616, "range": 0.6288362145423889, "iq_range": 0.13678395375609398, "density": 0.24045495199162475, "accuracy": 1.0, "distance": 0.4829637408256531}, "7": {"mean": -0.28575557470321655, "variance": 0.018343757838010788, "std_dev": 0.13543912768363953, "median": -0.3075639605522156, "range": 0.6600216627120972, "iq_range": 0.1706826575100422, "density": 0.23669217100959408, "accuracy": 1.0, "distance": 0.8884492516517639}, "8": {"mean": -0.28902795910835266, "variance": 0.016462836414575577, "std_dev": 0.12830758094787598, "median": -0.31365489959716797, "range": 0.6600216627120972, "iq_range": 0.13707905262708664, "density": 0.2387803864919122, "accuracy": 1.0, "distance": 0.6508611440658569}, "9": {"mean": -0.28493404388427734, "variance": 0.018812591210007668, "std_dev": 0.13715900480747223, "median": -0.2982153594493866, "range": 0.6288362145423889, "iq_range": 0.1723562739789486, "density": 0.23383321741238158, "accuracy": 1.0, "distance": 0.277959406375885}, "10": {"mean": -0.2858220934867859, "variance": 0.018305741250514984, "std_dev": 0.1352987140417099, "median": -0.3056544065475464, "range": 0.6600216627120972, "iq_range": 0.16215627267956734, "density": 0.23637123090281265, "accuracy": 1.0, "distance": 0.6941030025482178}, "11": {"mean": -0.2872338891029358, "variance": 0.017496701329946518, "std_dev": 0.13227510452270508, "median": -0.30437207221984863, "range": 0.6600216627120972, "iq_range": 0.14762841165065765, "density": 0.23385504213261446, "accuracy": 1.0, "distance": 0.5751800537109375}, "12": {"mean": -0.288964182138443, "variance": 0.016499720513820648, "std_dev": 0.12845124304294586, "median": -0.30930060148239136, "range": 0.6600216627120972, "iq_range": 0.13615825027227402, "density": 0.23674093452931474, "accuracy": -1.0, "distance": 1.3347551822662354}, "13": {"mean": -0.28964048624038696, "variance": 0.016108402982354164, "std_dev": 0.12691888213157654, "median": -0.31709492206573486, "range": 0.6007345914840698, "iq_range": 0.13375427573919296, "density": 0.23575503855395377, "accuracy": -1.0, "distance": 0.5870352983474731}, "14": {"mean": -0.28588446974754333, "variance": 0.018270066007971764, "std_dev": 0.13516680896282196, "median": -0.3030490279197693, "range": 0.6191851496696472, "iq_range": 0.1549776792526245, "density": 0.23559451049817945, "accuracy": -1.0, "distance": 1.2856696844100952}}