{"0": {"mean": -0.29122650623321533, "variance": 0.015187114477157593, "std_dev": 0.12323600798845291, "median": -0.32004237174987793, "range": 0.6079211831092834, "iq_range": 0.12957290932536125, "density": 0.24219652605602496, "accuracy": 1.0, "distance": 0.6127704977989197}, "1": {"mean": -0.2889459729194641, "variance": 0.01651020720601082, "std_dev": 0.1284920573234558, "median": -0.3074526786804199, "range": 0.6600216627120972, "iq_range": 0.13558941334486008, "density": 0.23811634403945453, "accuracy": -1.0, "distance": 0.8001543879508972}, "2": {"mean": -0.29053425788879395, "variance": 0.015589836053550243, "std_dev": 0.1248592659831047, "median": -0.31628650426864624, "range": 0.6288362145423889, "iq_range": 0.1305689960718155, "density": 0.24054731946880495, "accuracy": -1.0, "distance": 1.1824238300323486}, "3": {"mean": -0.28624510765075684, "variance": 0.018063725903630257, "std_dev": 0.1344013661146164, "median": -0.3075098395347595, "range": 0.6207359433174133, "iq_range": 0.16301287338137627, "density": 0.23593115802752718, "accuracy": 1.0, "distance": 0.46366509795188904}, "4": {"mean": -0.28809699416160583, "variance": 0.01700012944638729, "std_dev": 0.13038454949855804, "median": -0.30925559997558594, "range": 0.6600216627120972, "iq_range": 0.14251473173499107, "density": 0.2348520116816678, "accuracy": -1.0, "distance": 0.6728041172027588}, "5": {"mean": -0.2863365411758423, "variance": 0.018011383712291718, "std_dev": 0.13420650362968445, "median": -0.3044561445713043, "range": 0.6288362145423889, "iq_range": 0.1576978974044323, "density": 0.23687324817917163, "accuracy": 1.0, "distance": 0.8664565086364746}, "6": {"mean": -0.29077965021133423, "variance": 0.01544718723744154, "std_dev": 0.1242867112159729, "median": -0.3184276819229126, "range": 0.6207359433174133, "iq_range": 0.11228453367948532, "density": 0.2373902369058826, "accuracy": 1.0, "distance": 0.5629086494445801}, "7": {"mean": -0.2902128994464874, "variance": 0.01577647402882576, "std_dev": 0.12560443580150604, "median": -0.31595689058303833, "range": 0.588211178779602, "iq_range": 0.12944741547107697, "density": 0.23844713767392653, "accuracy": 1.0, "distance": 0.9274354577064514}, "8": {"mean": -0.28622421622276306, "variance": 0.018075697124004364, "std_dev": 0.1344458907842636, "median": -0.30314069986343384, "range": 0.6600216627120972, "iq_range": 0.14919443428516388, "density": 0.23549007636409466, "accuracy": -1.0, "distance": 1.1678543090820312}, "9": {"mean": -0.2880801856517792, "variance": 0.017009789124131203, "std_dev": 0.13042157888412476, "median": -0.30362504720687866, "range": 0.6600216627120972, "iq_range": 0.1476074419915676, "density": 0.2367636974603075, "accuracy": -1.0, "distance": 0.7293116450309753}, "10": {"mean": -0.2845573127269745, "variance": 0.019027123227715492, "std_dev": 0.13793884217739105, "median": -0.2958275079727173, "range": 0.6146379113197327, "iq_range": 0.16799571737647057, "density": 0.23243176148050984, "accuracy": 1.0, "distance": 0.8842529654502869}, "11": {"mean": -0.2891138195991516, "variance": 0.016413196921348572, "std_dev": 0.1281139999628067, "median": -0.30691003799438477, "range": 0.6600216627120972, "iq_range": 0.13433119654655457, "density": 0.23728501118792414, "accuracy": -1.0, "distance": 0.9373443126678467}, "12": {"mean": -0.2917015254497528, "variance": 0.014910204336047173, "std_dev": 0.12210734933614731, "median": -0.3174847960472107, "range": 0.6079211831092834, "iq_range": 0.11197828501462936, "density": 0.24483797076942998, "accuracy": 1.0, "distance": 0.6224752068519592}, "13": {"mean": -0.28675633668899536, "variance": 0.017770791426301003, "std_dev": 0.13330712914466858, "median": -0.3037434220314026, "range": 0.6600216627120972, "iq_range": 0.15934216231107712, "density": 0.23569608394133523, "accuracy": -1.0, "distance": 0.4788438677787781}, "14": {"mean": -0.28967732191085815, "variance": 0.016087057068943977, "std_dev": 0.12683476507663727, "median": -0.3145575523376465, "range": 0.6207359433174133, "iq_range": 0.13905229791998863, "density": 0.23626253435841585, "accuracy": -1.0, "distance": 1.1003773212432861}}