{"0": {"mean": -0.2889174818992615, "variance": 0.01652667671442032, "std_dev": 0.12855611741542816, "median": -0.3068278133869171, "range": 0.6600216627120972, "iq_range": 0.13745205104351044, "density": 0.23751370916228018, "accuracy": -1.0, "distance": 1.2384895086288452}, "1": {"mean": -0.2866632044315338, "variance": 0.017824213951826096, "std_dev": 0.1335073560476303, "median": -0.3067706227302551, "range": 0.6179154515266418, "iq_range": 0.17053747177124023, "density": 0.2390565624536304, "accuracy": 1.0, "distance": 0.7029513716697693}, "2": {"mean": -0.2907153069972992, "variance": 0.01548460777848959, "std_dev": 0.12443716078996658, "median": -0.31758978962898254, "range": 0.6600216627120972, "iq_range": 0.12360507249832153, "density": 0.23784726060063352, "accuracy": 1.0, "distance": 1.0085667371749878}, "3": {"mean": -0.28753355145454407, "variance": 0.017324473708868027, "std_dev": 0.13162246346473694, "median": -0.3056645393371582, "range": 0.6600216627120972, "iq_range": 0.15779134258627892, "density": 0.2362896723234767, "accuracy": -1.0, "distance": 1.0054092407226562}, "4": {"mean": -0.28592121601104736, "variance": 0.01824904792010784, "std_dev": 0.13508903980255127, "median": -0.29888486862182617, "range": 0.6600216627120972, "iq_range": 0.16431592404842377, "density": 0.23563276020428597, "accuracy": 1.0, "distance": 0.8161114454269409}, "5": {"mean": -0.2904265224933624, "variance": 0.015652446076273918, "std_dev": 0.1251097321510315, "median": -0.3106333017349243, "range": 0.6600216627120972, "iq_range": 0.1330476738512516, "density": 0.23793663534056197, "accuracy": -1.0, "distance": 0.7709639072418213}, "6": {"mean": -0.2882307171821594, "variance": 0.01692306622862816, "std_dev": 0.1300886869430542, "median": -0.3108806610107422, "range": 0.6600216627120972, "iq_range": 0.13160907104611397, "density": 0.23427999393846557, "accuracy": -1.0, "distance": 1.2327373027801514}, "7": {"mean": -0.290540874004364, "variance": 0.015586007386446, "std_dev": 0.12484393268823624, "median": -0.3172384202480316, "range": 0.6288362145423889, "iq_range": 0.13148514926433563, "density": 0.24151792107756156, "accuracy": 1.0, "distance": 1.1305598020553589}, "8": {"mean": -0.2826406955718994, "variance": 0.0201142355799675, "std_dev": 0.1418246626853943, "median": -0.29404526948928833, "range": 0.6288361549377441, "iq_range": 0.17208871245384216, "density": 0.2344505384960232, "accuracy": -1.0, "distance": 1.200634241104126}, "9": {"mean": -0.2867586314678192, "variance": 0.017769480124115944, "std_dev": 0.1333022117614746, "median": -0.3009708523750305, "range": 0.6288362145423889, "iq_range": 0.16144363209605217, "density": 0.2358485923743024, "accuracy": 1.0, "distance": 1.242412805557251}, "10": {"mean": -0.2845137417316437, "variance": 0.019051935523748398, "std_dev": 0.13802875578403473, "median": -0.3027411699295044, "range": 0.6600216627120972, "iq_range": 0.17921334132552147, "density": 0.23428426684733022, "accuracy": 1.0, "distance": 1.119631052017212}, "11": {"mean": -0.28533172607421875, "variance": 0.018585804849863052, "std_dev": 0.1363297700881958, "median": -0.30244648456573486, "range": 0.6600216627120972, "iq_range": 0.16365600749850273, "density": 0.23547861093694575, "accuracy": -1.0, "distance": 1.2804241180419922}, "12": {"mean": -0.2873688340187073, "variance": 0.017419159412384033, "std_dev": 0.13198165595531464, "median": -0.3025261461734772, "range": 0.6179154515266418, "iq_range": 0.16276729479432106, "density": 0.23479158857701726, "accuracy": -1.0, "distance": 1.1227142810821533}, "13": {"mean": -0.2860197424888611, "variance": 0.018192699179053307, "std_dev": 0.13488031923770905, "median": -0.30681583285331726, "range": 0.6179154515266418, "iq_range": 0.17341846972703934, "density": 0.2360755572783092, "accuracy": -1.0, "distance": 1.1135594844818115}, "14": {"mean": -0.2860560119152069, "variance": 0.01817195862531662, "std_dev": 0.1348034143447876, "median": -0.2963113784790039, "range": 0.6600216627120972, "iq_range": 0.15725283324718475, "density": 0.2330789948415691, "accuracy": -1.0, "distance": 0.8414896130561829}}