{"0": {"mean": -0.29004448652267456, "variance": 0.01587418094277382, "std_dev": 0.1259927749633789, "median": -0.31605857610702515, "range": 0.6207359433174133, "iq_range": 0.12720204889774323, "density": 0.23826128369150368, "accuracy": 1.0, "distance": 0.4734245538711548}, "1": {"mean": -0.2883215844631195, "variance": 0.0168706513941288, "std_dev": 0.12988707423210144, "median": -0.30204713344573975, "range": 0.6600216627120972, "iq_range": 0.14347802102565765, "density": 0.23567319241669507, "accuracy": -1.0, "distance": 0.738927960395813}, "2": {"mean": -0.28901389241218567, "variance": 0.016470978036522865, "std_dev": 0.12833930552005768, "median": -0.31195518374443054, "range": 0.6288362145423889, "iq_range": 0.13710105046629906, "density": 0.2370945641364996, "accuracy": 1.0, "distance": 1.1567970514297485}, "3": {"mean": -0.2866501212120056, "variance": 0.017831701785326004, "std_dev": 0.13353540003299713, "median": -0.3046804666519165, "range": 0.6207359433174133, "iq_range": 0.15830840542912483, "density": 0.23700934904303506, "accuracy": 1.0, "distance": 0.44847893714904785}, "4": {"mean": -0.2857830822467804, "variance": 0.018328024074435234, "std_dev": 0.13538102805614471, "median": -0.2996467351913452, "range": 0.6288362145423889, "iq_range": 0.16343432292342186, "density": 0.23716913807720028, "accuracy": 1.0, "distance": 0.8216504454612732}, "5": {"mean": -0.2844254970550537, "variance": 0.019102130085229874, "std_dev": 0.1382104605436325, "median": -0.30211687088012695, "range": 0.6191851496696472, "iq_range": 0.17611900344491005, "density": 0.23486998411034832, "accuracy": 1.0, "distance": 0.8394655585289001}, "6": {"mean": -0.2925696074962616, "variance": 0.014403017237782478, "std_dev": 0.12001257389783859, "median": -0.32043176889419556, "range": 0.6079211831092834, "iq_range": 0.11031508445739746, "density": 0.24164884712422333, "accuracy": -1.0, "distance": 0.5294826030731201}, "7": {"mean": -0.28571513295173645, "variance": 0.018366865813732147, "std_dev": 0.13552440702915192, "median": -0.3031061887741089, "range": 0.6600216627120972, "iq_range": 0.16385013237595558, "density": 0.23546478758246758, "accuracy": -1.0, "distance": 1.3328015804290771}, "8": {"mean": -0.28551605343818665, "variance": 0.01848059520125389, "std_dev": 0.13594335317611694, "median": -0.29948753118515015, "range": 0.6179154515266418, "iq_range": 0.1768270507454872, "density": 0.23597089773207755, "accuracy": 1.0, "distance": 0.511732280254364}, "9": {"mean": -0.2865696847438812, "variance": 0.017877822741866112, "std_dev": 0.13370797038078308, "median": -0.30849915742874146, "range": 0.5990521907806396, "iq_range": 0.17187898606061935, "density": 0.2371081800153683, "accuracy": 1.0, "distance": 0.33166807889938354}, "10": {"mean": -0.28995758295059204, "variance": 0.015924599021673203, "std_dev": 0.12619270384311676, "median": -0.3166506588459015, "range": 0.6288362145423889, "iq_range": 0.1300053894519806, "density": 0.24189140768399697, "accuracy": -1.0, "distance": 0.7157078981399536}, "11": {"mean": -0.28925320506095886, "variance": 0.016332579776644707, "std_dev": 0.12779897451400757, "median": -0.3144513666629791, "range": 0.6288362145423889, "iq_range": 0.1407308578491211, "density": 0.23683910144778642, "accuracy": 1.0, "distance": 0.9978944659233093}, "12": {"mean": -0.2871878147125244, "variance": 0.01752314530313015, "std_dev": 0.13237501680850983, "median": -0.3040075898170471, "range": 0.6600216627120972, "iq_range": 0.14583870768547058, "density": 0.23550218278917695, "accuracy": -1.0, "distance": 0.6249958276748657}, "13": {"mean": -0.2872462272644043, "variance": 0.017489610239863396, "std_dev": 0.13224829733371735, "median": -0.31076979637145996, "range": 0.6207359433174133, "iq_range": 0.15654578804969788, "density": 0.2376000683685994, "accuracy": -1.0, "distance": 0.7496930360794067}, "14": {"mean": -0.2848954200744629, "variance": 0.018834615126252174, "std_dev": 0.1372392624616623, "median": -0.3044852018356323, "range": 0.6600216627120972, "iq_range": 0.16769849881529808, "density": 0.23564781229837856, "accuracy": -1.0, "distance": 1.3202743530273438}}