{"0": {"mean": -0.2901156544685364, "variance": 0.01583290658891201, "std_dev": 0.12582887709140778, "median": -0.3167979121208191, "range": 0.6146379113197327, "iq_range": 0.1310841701924801, "density": 0.23570923449489958, "accuracy": -1.0, "distance": 0.9967550039291382}, "1": {"mean": -0.29017651081085205, "variance": 0.015797603875398636, "std_dev": 0.12568852305412292, "median": -0.3197241425514221, "range": 0.5790396928787231, "iq_range": 0.13264357671141624, "density": 0.23872636250335755, "accuracy": 1.0, "distance": 0.481924444437027}, "2": {"mean": -0.28363922238349915, "variance": 0.019548792392015457, "std_dev": 0.1398169994354248, "median": -0.29806429147720337, "range": 0.6288362145423889, "iq_range": 0.1821555458009243, "density": 0.23499461779343614, "accuracy": -1.0, "distance": 0.8717353940010071}, "3": {"mean": -0.2915318012237549, "variance": 0.015009219758212566, "std_dev": 0.12251212447881699, "median": -0.31615787744522095, "range": 0.6207359433174133, "iq_range": 0.12681523337960243, "density": 0.2359190606076168, "accuracy": -1.0, "distance": 0.9388826489448547}, "4": {"mean": -0.2864540219306946, "variance": 0.017944101244211197, "std_dev": 0.13395559787750244, "median": -0.31073322892189026, "range": 0.6207359433174133, "iq_range": 0.15791785717010498, "density": 0.23598331137173292, "accuracy": -1.0, "distance": 1.4200886487960815}, "5": {"mean": -0.2878250777721405, "variance": 0.017156733199954033, "std_dev": 0.13098371028900146, "median": -0.3050585985183716, "range": 0.6600216627120972, "iq_range": 0.142819382250309, "density": 0.23983279475780556, "accuracy": -1.0, "distance": 1.6239101886749268}, "6": {"mean": -0.2871849834918976, "variance": 0.017524782568216324, "std_dev": 0.13238120079040527, "median": -0.31076979637145996, "range": 0.6207359433174133, "iq_range": 0.15873800218105316, "density": 0.23989853328503288, "accuracy": 1.0, "distance": 1.127475619316101}, "7": {"mean": -0.28298914432525635, "variance": 0.019917160272598267, "std_dev": 0.14112816751003265, "median": -0.28940263390541077, "range": 0.6191851496696472, "iq_range": 0.17811593413352966, "density": 0.2356196128442266, "accuracy": 1.0, "distance": 0.860450267791748}, "8": {"mean": -0.285208135843277, "variance": 0.018656328320503235, "std_dev": 0.1365881711244583, "median": -0.29597991704940796, "range": 0.6013028025627136, "iq_range": 0.16195004433393478, "density": 0.2354276129165082, "accuracy": 1.0, "distance": 0.8315503597259521}, "9": {"mean": -0.28789451718330383, "variance": 0.017116736620664597, "std_dev": 0.13083094358444214, "median": -0.30582213401794434, "range": 0.6600216627120972, "iq_range": 0.1459740214049816, "density": 0.2370904035365534, "accuracy": -1.0, "distance": 1.5772769451141357}, "10": {"mean": -0.2889896035194397, "variance": 0.01648501306772232, "std_dev": 0.1283939778804779, "median": -0.30517125129699707, "range": 0.6600216627120972, "iq_range": 0.14492498338222504, "density": 0.23665945746973657, "accuracy": -1.0, "distance": 0.634161114692688}, "11": {"mean": -0.283404141664505, "variance": 0.01968209445476532, "std_dev": 0.14029288291931152, "median": -0.2972450852394104, "range": 0.6288361549377441, "iq_range": 0.1663697026669979, "density": 0.23506293892955119, "accuracy": -1.0, "distance": 1.4764490127563477}, "12": {"mean": -0.2876391112804413, "variance": 0.017263736575841904, "std_dev": 0.13139154016971588, "median": -0.30908745527267456, "range": 0.6288362145423889, "iq_range": 0.15127826482057571, "density": 0.23983119950353743, "accuracy": 1.0, "distance": 1.3398698568344116}, "13": {"mean": -0.28637444972991943, "variance": 0.017989682033658028, "std_dev": 0.13412562012672424, "median": -0.2989433705806732, "range": 0.6600216627120972, "iq_range": 0.15428121387958527, "density": 0.23289297108871493, "accuracy": -1.0, "distance": 1.0547071695327759}, "14": {"mean": -0.2871619164943695, "variance": 0.017538027837872505, "std_dev": 0.13243122398853302, "median": -0.3059098720550537, "range": 0.6207359433174133, "iq_range": 0.15475798770785332, "density": 0.23727550706068903, "accuracy": 1.0, "distance": 0.8664346933364868}}