{"0": {"mean": -0.2873341739177704, "variance": 0.017439082264900208, "std_dev": 0.13205711543560028, "median": -0.30594250559806824, "range": 0.6600216627120972, "iq_range": 0.15770529955625534, "density": 0.23837459916359247, "accuracy": -1.0, "distance": 0.9441776871681213}, "1": {"mean": -0.29063650965690613, "variance": 0.015530422329902649, "std_dev": 0.12462111562490463, "median": -0.31669241189956665, "range": 0.578887403011322, "iq_range": 0.13823265954852104, "density": 0.23421247595112216, "accuracy": 1.0, "distance": 0.33842557668685913}, "2": {"mean": -0.2914884090423584, "variance": 0.015034503303468227, "std_dev": 0.1226152628660202, "median": -0.32043176889419556, "range": 0.6288362145423889, "iq_range": 0.12020359188318253, "density": 0.242383678158374, "accuracy": 1.0, "distance": 0.9482203722000122}, "3": {"mean": -0.28177595138549805, "variance": 0.020602306351065636, "std_dev": 0.14353503286838531, "median": -0.2890178859233856, "range": 0.6288362145423889, "iq_range": 0.17646198719739914, "density": 0.23351349765616178, "accuracy": -1.0, "distance": 1.3763123750686646}, "4": {"mean": -0.2850653827190399, "variance": 0.018737729638814926, "std_dev": 0.13688582181930542, "median": -0.3016299605369568, "range": 0.6288362145423889, "iq_range": 0.1789848580956459, "density": 0.23984386134951127, "accuracy": 1.0, "distance": 1.1107624769210815}, "5": {"mean": -0.29212623834609985, "variance": 0.01466225367039442, "std_dev": 0.12108778953552246, "median": -0.32052987813949585, "range": 0.6191851496696472, "iq_range": 0.11473073810338974, "density": 0.2438805987159421, "accuracy": 1.0, "distance": 0.8629132509231567}, "6": {"mean": -0.28598883748054504, "variance": 0.018210384994745255, "std_dev": 0.1349458545446396, "median": -0.2982203960418701, "range": 0.6600216627120972, "iq_range": 0.15761268883943558, "density": 0.23615413542637095, "accuracy": -1.0, "distance": 1.377540111541748}, "7": {"mean": -0.2857949137687683, "variance": 0.018321258947253227, "std_dev": 0.13535603880882263, "median": -0.30058664083480835, "range": 0.6288362145423889, "iq_range": 0.16363725066184998, "density": 0.23777148284099967, "accuracy": 1.0, "distance": 1.146525502204895}, "8": {"mean": -0.2846643626689911, "variance": 0.0189661905169487, "std_dev": 0.13771779835224152, "median": -0.29852133989334106, "range": 0.6191851496696472, "iq_range": 0.16967880353331566, "density": 0.23506184700130264, "accuracy": 1.0, "distance": 0.796963095664978}, "9": {"mean": -0.2871007025241852, "variance": 0.017573177814483643, "std_dev": 0.13256385922431946, "median": -0.30645644664764404, "range": 0.6600216627120972, "iq_range": 0.1460602916777134, "density": 0.2344667483019485, "accuracy": 1.0, "distance": 0.9974340796470642}, "10": {"mean": -0.28818413615226746, "variance": 0.016949882730841637, "std_dev": 0.13019171357154846, "median": -0.31287628412246704, "range": 0.6600216627120972, "iq_range": 0.13875092193484306, "density": 0.23649595099387627, "accuracy": -1.0, "distance": 1.3319600820541382}, "11": {"mean": -0.28506577014923096, "variance": 0.018737509846687317, "std_dev": 0.13688501715660095, "median": -0.3040100336074829, "range": 0.6600216627120972, "iq_range": 0.17726954072713852, "density": 0.2347510663160998, "accuracy": -1.0, "distance": 1.3627995252609253}, "12": {"mean": -0.289029061794281, "variance": 0.016462203115224838, "std_dev": 0.128305122256279, "median": -0.3150221109390259, "range": 0.6207359433174133, "iq_range": 0.13341141864657402, "density": 0.23906198434030934, "accuracy": 1.0, "distance": 1.3108750581741333}, "13": {"mean": -0.2913139760494232, "variance": 0.015136155299842358, "std_dev": 0.12302908301353455, "median": -0.3202982544898987, "range": 0.6288362145423889, "iq_range": 0.12418036535382271, "density": 0.24314325543853604, "accuracy": 1.0, "distance": 0.6527281999588013}, "14": {"mean": -0.2872665524482727, "variance": 0.017477916553616524, "std_dev": 0.132204070687294, "median": -0.3053920269012451, "range": 0.6600216627120972, "iq_range": 0.15970193594694138, "density": 0.23574942887825656, "accuracy": -1.0, "distance": 1.1177117824554443}}