{"0": {"mean": -0.28617462515830994, "variance": 0.018104087561368942, "std_dev": 0.13455143570899963, "median": -0.299871027469635, "range": 0.6288362145423889, "iq_range": 0.1644960306584835, "density": 0.23573799307379303, "accuracy": -1.0, "distance": 0.38370248675346375}, "1": {"mean": -0.2846444845199585, "variance": 0.018977519124746323, "std_dev": 0.13775891065597534, "median": -0.29828840494155884, "range": 0.6288362145423889, "iq_range": 0.16524776816368103, "density": 0.23573844999082957, "accuracy": -1.0, "distance": 1.3453515768051147}, "2": {"mean": -0.2925890386104584, "variance": 0.014391645789146423, "std_dev": 0.11996518820524216, "median": -0.320776104927063, "range": 0.6079211831092834, "iq_range": 0.11442791670560837, "density": 0.24295692082184253, "accuracy": -1.0, "distance": 0.9184956550598145}, "3": {"mean": -0.29194098711013794, "variance": 0.014770478941500187, "std_dev": 0.12153385579586029, "median": -0.319732666015625, "range": 0.6007345914840698, "iq_range": 0.11730422079563141, "density": 0.2351251438024149, "accuracy": -1.0, "distance": 0.8066374659538269}, "4": {"mean": -0.2868161201477051, "variance": 0.017736515030264854, "std_dev": 0.1331785023212433, "median": -0.3080803453922272, "range": 0.6288361549377441, "iq_range": 0.15162739902734756, "density": 0.23803760560954898, "accuracy": -1.0, "distance": 1.3036112785339355}, "5": {"mean": -0.2909732162952423, "variance": 0.0153345987200737, "std_dev": 0.12383294850587845, "median": -0.3179709017276764, "range": 0.6288361549377441, "iq_range": 0.12261296436190605, "density": 0.24349519505213246, "accuracy": 1.0, "distance": 0.880438506603241}, "6": {"mean": -0.28556203842163086, "variance": 0.01845431886613369, "std_dev": 0.13584667444229126, "median": -0.30034905672073364, "range": 0.6288362145423889, "iq_range": 0.1641087532043457, "density": 0.23729006074370104, "accuracy": 1.0, "distance": 1.2277854681015015}, "7": {"mean": -0.2887403964996338, "variance": 0.016628997400403023, "std_dev": 0.1289534717798233, "median": -0.30577048659324646, "range": 0.6600216627120972, "iq_range": 0.14947464689612389, "density": 0.23701946014777217, "accuracy": -1.0, "distance": 1.1917939186096191}, "8": {"mean": -0.2866072952747345, "variance": 0.017856255173683167, "std_dev": 0.1336272954940796, "median": -0.30881765484809875, "range": 0.6600216627120972, "iq_range": 0.1530151516199112, "density": 0.23404039576539504, "accuracy": 1.0, "distance": 0.9956389665603638}, "9": {"mean": -0.2839304804801941, "variance": 0.01938347890973091, "std_dev": 0.1392245590686798, "median": -0.29429370164871216, "range": 0.6288362145423889, "iq_range": 0.17043695598840714, "density": 0.23693071969619428, "accuracy": 1.0, "distance": 1.1047600507736206}, "10": {"mean": -0.2915629744529724, "variance": 0.01499102171510458, "std_dev": 0.12243782728910446, "median": -0.3190058469772339, "range": 0.6079211831092834, "iq_range": 0.11305530369281769, "density": 0.24385698166090922, "accuracy": 1.0, "distance": 1.213591456413269}, "11": {"mean": -0.2873520255088806, "variance": 0.017428822815418243, "std_dev": 0.13201826810836792, "median": -0.30322137475013733, "range": 0.6600216627120972, "iq_range": 0.144980039447546, "density": 0.23716151691843987, "accuracy": -1.0, "distance": 1.348939299583435}, "12": {"mean": -0.2860844135284424, "variance": 0.01815570704638958, "std_dev": 0.1347431093454361, "median": -0.305741548538208, "range": 0.6600216627120972, "iq_range": 0.15803255513310432, "density": 0.2381968961036105, "accuracy": -1.0, "distance": 1.425968050956726}, "13": {"mean": -0.2857048809528351, "variance": 0.018372703343629837, "std_dev": 0.13554593920707703, "median": -0.30196917057037354, "range": 0.6288362145423889, "iq_range": 0.16721461340785027, "density": 0.23572808926555547, "accuracy": 1.0, "distance": 0.8336609601974487}, "14": {"mean": -0.2863829433917999, "variance": 0.017984813079237938, "std_dev": 0.13410747051239014, "median": -0.30114680528640747, "range": 0.6600216627120972, "iq_range": 0.1613171100616455, "density": 0.23479869917296428, "accuracy": 1.0, "distance": 0.8514230847358704}}