{"0": {"mean": -0.2856079638004303, "variance": 0.01842809095978737, "std_dev": 0.13575010001659393, "median": -0.3072029948234558, "range": 0.6179154515266418, "iq_range": 0.17802290245890617, "density": 0.2354573508167548, "accuracy": 1.0, "distance": 0.7902164459228516}, "1": {"mean": -0.2879617214202881, "variance": 0.017078053206205368, "std_dev": 0.1306830197572708, "median": -0.3147312104701996, "range": 0.6191851496696472, "iq_range": 0.15384491533041, "density": 0.23883366068537001, "accuracy": 1.0, "distance": 0.8109384179115295}, "2": {"mean": -0.28688845038414, "variance": 0.017695022746920586, "std_dev": 0.13302263617515564, "median": -0.2982153296470642, "range": 0.6207359433174133, "iq_range": 0.15232356637716293, "density": 0.2362174484793306, "accuracy": -1.0, "distance": 0.49632659554481506}, "3": {"mean": -0.2855772078037262, "variance": 0.018445665016770363, "std_dev": 0.1358148157596588, "median": -0.30331093072891235, "range": 0.6600216627120972, "iq_range": 0.16870179399847984, "density": 0.23338067270101698, "accuracy": 1.0, "distance": 0.5790145397186279}, "4": {"mean": -0.288421630859375, "variance": 0.016812965273857117, "std_dev": 0.1296648234128952, "median": -0.31236982345581055, "range": 0.6207359433174133, "iq_range": 0.14711058884859085, "density": 0.2378811209508355, "accuracy": 1.0, "distance": 0.8776645064353943}, "5": {"mean": -0.2873212397098541, "variance": 0.017446517944335938, "std_dev": 0.13208526372909546, "median": -0.3012124300003052, "range": 0.6191851496696472, "iq_range": 0.15407010912895203, "density": 0.23687505683744067, "accuracy": -1.0, "distance": 1.0229272842407227}, "6": {"mean": -0.29148992896080017, "variance": 0.015033610165119171, "std_dev": 0.1226116269826889, "median": -0.3180345296859741, "range": 0.6135308146476746, "iq_range": 0.1291787177324295, "density": 0.23702158239933166, "accuracy": -1.0, "distance": 0.8616085052490234}, "7": {"mean": -0.2847971022129059, "variance": 0.0188906230032444, "std_dev": 0.1374431699514389, "median": -0.2988927960395813, "range": 0.6191851496696472, "iq_range": 0.16741111129522324, "density": 0.23430633688717253, "accuracy": 1.0, "distance": 0.4509168267250061}, "8": {"mean": -0.2865305542945862, "variance": 0.017900248989462852, "std_dev": 0.13379181921482086, "median": -0.3013991713523865, "range": 0.6600216627120972, "iq_range": 0.16261833533644676, "density": 0.23417152020302043, "accuracy": 1.0, "distance": 0.4348956346511841}, "9": {"mean": -0.2918931543827057, "variance": 0.014798390679061413, "std_dev": 0.1216486394405365, "median": -0.3203468322753906, "range": 0.6600216627120972, "iq_range": 0.11410195380449295, "density": 0.24393099330105464, "accuracy": -1.0, "distance": 0.9463658928871155}, "10": {"mean": -0.28956401348114014, "variance": 0.01615268737077713, "std_dev": 0.12709322571754456, "median": -0.31347209215164185, "range": 0.6600216627120972, "iq_range": 0.12596400827169418, "density": 0.23415561674084445, "accuracy": 1.0, "distance": 0.5448467135429382}, "11": {"mean": -0.2898118793964386, "variance": 0.016009071841835976, "std_dev": 0.12652696669101715, "median": -0.3116844892501831, "range": 0.6600216627120972, "iq_range": 0.13214822486042976, "density": 0.2376189038447585, "accuracy": -1.0, "distance": 0.7618412375450134}, "12": {"mean": -0.29167646169662476, "variance": 0.014924837276339531, "std_dev": 0.12216725200414658, "median": -0.3193051218986511, "range": 0.6288362145423889, "iq_range": 0.1224709190428257, "density": 0.24366571089559905, "accuracy": 1.0, "distance": 0.32760223746299744}, "13": {"mean": -0.2891930639743805, "variance": 0.01636737585067749, "std_dev": 0.12793505191802979, "median": -0.309245765209198, "range": 0.6179154515266418, "iq_range": 0.1455947570502758, "density": 0.23955441738677286, "accuracy": 1.0, "distance": 0.8165339827537537}, "14": {"mean": -0.28629070520401, "variance": 0.018037626519799232, "std_dev": 0.1343042254447937, "median": -0.2987865209579468, "range": 0.6288362145423889, "iq_range": 0.16652770340442657, "density": 0.23663594627828927, "accuracy": 1.0, "distance": 0.7543380260467529}}