{"0": {"mean": -0.2848820686340332, "variance": 0.01884220540523529, "std_dev": 0.13726691901683807, "median": -0.3026987612247467, "range": 0.6191851496696472, "iq_range": 0.17396485805511475, "density": 0.23580907156791323, "accuracy": -1.0, "distance": 0.7532989978790283}, "1": {"mean": -0.2853359282016754, "variance": 0.0185833889991045, "std_dev": 0.13632090389728546, "median": -0.3013960123062134, "range": 0.6288362145423889, "iq_range": 0.16583320125937462, "density": 0.23803036314908124, "accuracy": 1.0, "distance": 1.344853162765503}, "2": {"mean": -0.29072248935699463, "variance": 0.01548042893409729, "std_dev": 0.12442037463188171, "median": -0.3163394331932068, "range": 0.6600216627120972, "iq_range": 0.12961559742689133, "density": 0.23723766029099166, "accuracy": -1.0, "distance": 1.1227353811264038}, "3": {"mean": -0.286548912525177, "variance": 0.01788971945643425, "std_dev": 0.13375245034694672, "median": -0.30042439699172974, "range": 0.6600216627120972, "iq_range": 0.1589561626315117, "density": 0.23541832792332942, "accuracy": 1.0, "distance": 0.6115525960922241}, "4": {"mean": -0.28768715262413025, "variance": 0.017236096784472466, "std_dev": 0.13128632307052612, "median": -0.31365489959716797, "range": 0.6600216627120972, "iq_range": 0.13946671038866043, "density": 0.23866178178103908, "accuracy": -1.0, "distance": 1.5848050117492676}, "5": {"mean": -0.2852942645549774, "variance": 0.01860716938972473, "std_dev": 0.13640810549259186, "median": -0.3051011860370636, "range": 0.6079211831092834, "iq_range": 0.1660858318209648, "density": 0.23305960960313843, "accuracy": 1.0, "distance": 1.2590115070343018}, "6": {"mean": -0.2903827428817749, "variance": 0.015677860006690025, "std_dev": 0.12521126866340637, "median": -0.3127336800098419, "range": 0.6207359433174133, "iq_range": 0.13129648938775063, "density": 0.23625606449148706, "accuracy": 1.0, "distance": 0.5890018939971924}, "7": {"mean": -0.2843689024448395, "variance": 0.019134346395730972, "std_dev": 0.138326957821846, "median": -0.29418596625328064, "range": 0.6288362145423889, "iq_range": 0.16370467469096184, "density": 0.23538216148942284, "accuracy": -1.0, "distance": 0.8968240022659302}, "8": {"mean": -0.2885900139808655, "variance": 0.016715774312615395, "std_dev": 0.12928949296474457, "median": -0.31195518374443054, "range": 0.6288362145423889, "iq_range": 0.14969751238822937, "density": 0.23583121044027225, "accuracy": 1.0, "distance": 0.5839287638664246}, "9": {"mean": -0.28657811880111694, "variance": 0.017872974276542664, "std_dev": 0.13368985056877136, "median": -0.3038426637649536, "range": 0.6600216627120972, "iq_range": 0.16493557766079903, "density": 0.23614277403165826, "accuracy": -1.0, "distance": 0.6135382652282715}, "10": {"mean": -0.2928081154823303, "variance": 0.01426342036575079, "std_dev": 0.1194295659661293, "median": -0.3199564218521118, "range": 0.578887403011322, "iq_range": 0.11497734487056732, "density": 0.23532013443592947, "accuracy": 1.0, "distance": 0.24271409213542938}, "11": {"mean": -0.28716057538986206, "variance": 0.01753881387412548, "std_dev": 0.1324341893196106, "median": -0.31065550446510315, "range": 0.6207359433174133, "iq_range": 0.15686272829771042, "density": 0.2374468428046178, "accuracy": 1.0, "distance": 0.5821452140808105}, "12": {"mean": -0.2911508083343506, "variance": 0.015231207013130188, "std_dev": 0.1234147772192955, "median": -0.31674253940582275, "range": 0.6179154515266418, "iq_range": 0.11961190402507782, "density": 0.2425450307804231, "accuracy": 1.0, "distance": 1.0502489805221558}, "13": {"mean": -0.2854256331920624, "variance": 0.01853220909833908, "std_dev": 0.13613305985927582, "median": -0.3015017509460449, "range": 0.6288362145423889, "iq_range": 0.17898514866828918, "density": 0.23833647627417393, "accuracy": 1.0, "distance": 0.4747072160243988}, "14": {"mean": -0.2912130355834961, "variance": 0.015194956213235855, "std_dev": 0.12326782196760178, "median": -0.31956782937049866, "range": 0.6288362145423889, "iq_range": 0.1265040636062622, "density": 0.244593879083039, "accuracy": 1.0, "distance": 0.6865913271903992}}