{"0": {"mean": -0.2902103364467621, "variance": 0.01577797904610634, "std_dev": 0.12561042606830597, "median": -0.3116215765476227, "range": 0.6007345914840698, "iq_range": 0.12369442731142044, "density": 0.23617987625297313, "accuracy": -1.0, "distance": 1.0231938362121582}, "1": {"mean": -0.28825557231903076, "variance": 0.01690872386097908, "std_dev": 0.13003355264663696, "median": -0.3057343363761902, "range": 0.6600216627120972, "iq_range": 0.14837375655770302, "density": 0.23670210960592916, "accuracy": -1.0, "distance": 0.9996849894523621}, "2": {"mean": -0.2876584529876709, "variance": 0.0172526016831398, "std_dev": 0.13134916126728058, "median": -0.3141101598739624, "range": 0.6079211831092834, "iq_range": 0.15009095519781113, "density": 0.23700566373123857, "accuracy": -1.0, "distance": 1.1743643283843994}, "3": {"mean": -0.28583455085754395, "variance": 0.018298611044883728, "std_dev": 0.13527235388755798, "median": -0.3001615107059479, "range": 0.6600216627120972, "iq_range": 0.1582374982535839, "density": 0.23419756261688743, "accuracy": -1.0, "distance": 1.631650686264038}, "4": {"mean": -0.285258412361145, "variance": 0.018627623096108437, "std_dev": 0.13648304343223572, "median": -0.2979215979576111, "range": 0.6191851496696472, "iq_range": 0.1703813299536705, "density": 0.2340457114141382, "accuracy": -1.0, "distance": 1.0000615119934082}, "5": {"mean": -0.28864040970802307, "variance": 0.016686709597706795, "std_dev": 0.1291770488023758, "median": -0.30582213401794434, "range": 0.6600216627120972, "iq_range": 0.13736749067902565, "density": 0.23648038610701186, "accuracy": -1.0, "distance": 0.6153807640075684}, "6": {"mean": -0.29288768768310547, "variance": 0.014216792769730091, "std_dev": 0.11923418939113617, "median": -0.3203097879886627, "range": 0.596330463886261, "iq_range": 0.11520552635192871, "density": 0.2391675640528741, "accuracy": -1.0, "distance": 0.7373571395874023}, "7": {"mean": -0.2918696105480194, "variance": 0.014812147244811058, "std_dev": 0.12170516699552536, "median": -0.32061728835105896, "range": 0.588211178779602, "iq_range": 0.12225565686821938, "density": 0.24232472295653257, "accuracy": 1.0, "distance": 0.372834175825119}, "8": {"mean": -0.29090121388435364, "variance": 0.015376472845673561, "std_dev": 0.12400190532207489, "median": -0.3168150782585144, "range": 0.6079211831092834, "iq_range": 0.11462985724210739, "density": 0.24061452672209524, "accuracy": 1.0, "distance": 1.112926959991455}, "9": {"mean": -0.2913948595523834, "variance": 0.015089035034179688, "std_dev": 0.12283743172883987, "median": -0.3173825740814209, "range": 0.6600216627120972, "iq_range": 0.13089240342378616, "density": 0.2377333988396039, "accuracy": -1.0, "distance": 0.7865574955940247}, "10": {"mean": -0.2891937792301178, "variance": 0.016366969794034958, "std_dev": 0.12793345749378204, "median": -0.3102288544178009, "range": 0.6288362145423889, "iq_range": 0.14780301600694656, "density": 0.23557357965455186, "accuracy": -1.0, "distance": 0.7994291186332703}, "11": {"mean": -0.2827368974685669, "variance": 0.020059842616319656, "std_dev": 0.1416327804327011, "median": -0.2913860082626343, "range": 0.6288362145423889, "iq_range": 0.18127508461475372, "density": 0.23644322707662394, "accuracy": 1.0, "distance": 0.6925666332244873}, "12": {"mean": -0.2869023084640503, "variance": 0.017687061801552773, "std_dev": 0.1329927146434784, "median": -0.30770179629325867, "range": 0.6600216627120972, "iq_range": 0.15585622563958168, "density": 0.23523280709051272, "accuracy": -1.0, "distance": 0.7359132170677185}, "13": {"mean": -0.28496214747428894, "variance": 0.018796579912304878, "std_dev": 0.13710062205791473, "median": -0.3020251393318176, "range": 0.6600216627120972, "iq_range": 0.1677858605980873, "density": 0.2349485716747697, "accuracy": -1.0, "distance": 1.0058797597885132}, "14": {"mean": -0.2871764600276947, "variance": 0.017529688775539398, "std_dev": 0.13239973783493042, "median": -0.3090628981590271, "range": 0.6191851496696472, "iq_range": 0.14436835423111916, "density": 0.2398752975608718, "accuracy": -1.0, "distance": 1.1257902383804321}}