{"0": {"mean": -0.29184725880622864, "variance": 0.01482517458498478, "std_dev": 0.12175867706537247, "median": -0.313366174697876, "range": 0.6207359433174133, "iq_range": 0.1278950199484825, "density": 0.23547015412876024, "accuracy": -1.0, "distance": 0.8440859913825989}, "1": {"mean": -0.2834964096546173, "variance": 0.019629787653684616, "std_dev": 0.14010635018348694, "median": -0.2969881594181061, "range": 0.6288361549377441, "iq_range": 0.17063885927200317, "density": 0.2346460565749435, "accuracy": 1.0, "distance": 0.5591874718666077}, "2": {"mean": -0.2864583730697632, "variance": 0.017941609025001526, "std_dev": 0.1339462846517563, "median": -0.2988380193710327, "range": 0.6288362145423889, "iq_range": 0.16762693226337433, "density": 0.2377864445179526, "accuracy": 1.0, "distance": 0.5659655332565308}, "3": {"mean": -0.28550300002098083, "variance": 0.01848803646862507, "std_dev": 0.13597072660923004, "median": -0.29825878143310547, "range": 0.6288362145423889, "iq_range": 0.16522075608372688, "density": 0.23603740259448236, "accuracy": 1.0, "distance": 0.8345440030097961}, "4": {"mean": -0.2852155268192291, "variance": 0.01865210011601448, "std_dev": 0.1365726888179779, "median": -0.3009047508239746, "range": 0.6600216627120972, "iq_range": 0.1661561019718647, "density": 0.2355111374787216, "accuracy": -1.0, "distance": 1.156417965888977}, "5": {"mean": -0.2885284125804901, "variance": 0.01675134338438511, "std_dev": 0.1294269859790802, "median": -0.3087579011917114, "range": 0.6600216627120972, "iq_range": 0.1344985030591488, "density": 0.23408529039519535, "accuracy": 1.0, "distance": 0.47754383087158203}, "6": {"mean": -0.2901979386806488, "variance": 0.01578516513109207, "std_dev": 0.12563902139663696, "median": -0.31658414006233215, "range": 0.6288361549377441, "iq_range": 0.1257489249110222, "density": 0.24235066942340572, "accuracy": 1.0, "distance": 0.8801770210266113}, "7": {"mean": -0.288915753364563, "variance": 0.0165276937186718, "std_dev": 0.12856008112430573, "median": -0.3129863142967224, "range": 0.5918647646903992, "iq_range": 0.13607830926775932, "density": 0.2370210829510081, "accuracy": 1.0, "distance": 1.0533612966537476}, "8": {"mean": -0.2860758602619171, "variance": 0.018160585314035416, "std_dev": 0.13476121425628662, "median": -0.3075537085533142, "range": 0.6600216627120972, "iq_range": 0.1625240594148636, "density": 0.238237724299535, "accuracy": 1.0, "distance": 1.052557110786438}, "9": {"mean": -0.28937098383903503, "variance": 0.016264446079730988, "std_dev": 0.12753213942050934, "median": -0.3177761137485504, "range": 0.6288362145423889, "iq_range": 0.13892072811722755, "density": 0.236617196613608, "accuracy": 1.0, "distance": 0.7247627973556519}, "10": {"mean": -0.2883356809616089, "variance": 0.016862528398633003, "std_dev": 0.12985579669475555, "median": -0.30919528007507324, "range": 0.6600216627120972, "iq_range": 0.13617072999477386, "density": 0.23394788836720232, "accuracy": 1.0, "distance": 0.7044289112091064}, "11": {"mean": -0.28761616349220276, "variance": 0.01727694272994995, "std_dev": 0.13144178688526154, "median": -0.30311065912246704, "range": 0.6600216627120972, "iq_range": 0.14916134625673294, "density": 0.23545989985257137, "accuracy": -1.0, "distance": 1.1621768474578857}, "12": {"mean": -0.2887932062149048, "variance": 0.016598476096987724, "std_dev": 0.128835067152977, "median": -0.3054879307746887, "range": 0.6135308146476746, "iq_range": 0.1489318683743477, "density": 0.2345264048234952, "accuracy": -1.0, "distance": 0.3289058804512024}, "13": {"mean": -0.28667065501213074, "variance": 0.017819931730628014, "std_dev": 0.13349132239818573, "median": -0.30414438247680664, "range": 0.6191851496696472, "iq_range": 0.15428048372268677, "density": 0.2344187896051369, "accuracy": 1.0, "distance": 0.49592822790145874}, "14": {"mean": -0.28855276107788086, "variance": 0.016737302765250206, "std_dev": 0.1293727308511734, "median": -0.3098503351211548, "range": 0.6288362145423889, "iq_range": 0.14965470507740974, "density": 0.23875889308069645, "accuracy": 1.0, "distance": 0.8133752346038818}}