{"0": {"mean": -0.28908854722976685, "variance": 0.01642780192196369, "std_dev": 0.12817098200321198, "median": -0.3147798776626587, "range": 0.6600216031074524, "iq_range": 0.13226864486932755, "density": 0.2422277973418354, "accuracy": 1.0, "distance": 1.401710033416748}, "1": {"mean": -0.286001980304718, "variance": 0.01820286549627781, "std_dev": 0.1349179893732071, "median": -0.30613070726394653, "range": 0.6600216627120972, "iq_range": 0.16519386693835258, "density": 0.23411320261384852, "accuracy": -1.0, "distance": 0.530541181564331}, "2": {"mean": -0.294006884098053, "variance": 0.013559935614466667, "std_dev": 0.11644713580608368, "median": -0.3246728181838989, "range": 0.5503160953521729, "iq_range": 0.11022216826677322, "density": 0.24483849915209985, "accuracy": 1.0, "distance": 0.2668866813182831}, "3": {"mean": -0.29022493958473206, "variance": 0.015769490972161293, "std_dev": 0.12557663023471832, "median": -0.3110862374305725, "range": 0.6207359433174133, "iq_range": 0.13687974214553833, "density": 0.23429712706564076, "accuracy": -1.0, "distance": 1.1049554347991943}, "4": {"mean": -0.2882816195487976, "variance": 0.01689370721578598, "std_dev": 0.1299757957458496, "median": -0.3121272325515747, "range": 0.6288362145423889, "iq_range": 0.1436215303838253, "density": 0.23509747395549674, "accuracy": -1.0, "distance": 1.0841373205184937}, "5": {"mean": -0.28607428073883057, "variance": 0.018161505460739136, "std_dev": 0.1347646266222, "median": -0.30753231048583984, "range": 0.6179154515266418, "iq_range": 0.16568724438548088, "density": 0.23549076082810588, "accuracy": 1.0, "distance": 0.40491363406181335}, "6": {"mean": -0.2866149842739105, "variance": 0.017851846292614937, "std_dev": 0.133610799908638, "median": -0.30348682403564453, "range": 0.6600216627120972, "iq_range": 0.1506003476679325, "density": 0.2360988520134989, "accuracy": -1.0, "distance": 1.441143274307251}, "7": {"mean": -0.28606078028678894, "variance": 0.018169229850172997, "std_dev": 0.13479328155517578, "median": -0.3029770851135254, "range": 0.6179154515266418, "iq_range": 0.17387284338474274, "density": 0.23720011020344386, "accuracy": 1.0, "distance": 1.2708646059036255}, "8": {"mean": -0.28744012117385864, "variance": 0.017378170043230057, "std_dev": 0.1318262815475464, "median": -0.30654996633529663, "range": 0.6288362145423889, "iq_range": 0.15651627629995346, "density": 0.235783831884808, "accuracy": -1.0, "distance": 0.6907784342765808}, "9": {"mean": -0.29050391912460327, "variance": 0.015607466921210289, "std_dev": 0.12492984533309937, "median": -0.31605857610702515, "range": 0.596330463886261, "iq_range": 0.12802135571837425, "density": 0.23659336649628754, "accuracy": 1.0, "distance": 0.6851632595062256}, "10": {"mean": -0.2904486358165741, "variance": 0.01563958078622818, "std_dev": 0.12505830824375153, "median": -0.32048794627189636, "range": 0.6207359433174133, "iq_range": 0.13111061602830887, "density": 0.23603669148538073, "accuracy": -1.0, "distance": 0.9171741008758545}, "11": {"mean": -0.2858569324016571, "variance": 0.01828581839799881, "std_dev": 0.1352250725030899, "median": -0.30753231048583984, "range": 0.6600216627120972, "iq_range": 0.1678805835545063, "density": 0.23736623525309186, "accuracy": -1.0, "distance": 0.7920796275138855}, "12": {"mean": -0.2886717915534973, "variance": 0.016668591648340225, "std_dev": 0.12910689413547516, "median": -0.3068104088306427, "range": 0.6600216627120972, "iq_range": 0.13634289801120758, "density": 0.2390705900438593, "accuracy": -1.0, "distance": 0.9242820739746094}, "13": {"mean": -0.2905985116958618, "variance": 0.015552505850791931, "std_dev": 0.12470968812704086, "median": -0.3182419538497925, "range": 0.6079211831092834, "iq_range": 0.12367158383131027, "density": 0.23589378361726307, "accuracy": 1.0, "distance": 0.5242108106613159}, "14": {"mean": -0.293069452047348, "variance": 0.014110288582742214, "std_dev": 0.11878673732280731, "median": -0.32048648595809937, "range": 0.596330463886261, "iq_range": 0.111328125, "density": 0.24329668310721128, "accuracy": 1.0, "distance": 0.7102212905883789}}