{"0": {"mean": -0.28627198934555054, "variance": 0.01804833859205246, "std_dev": 0.13434410095214844, "median": -0.3065674901008606, "range": 0.6179154515266418, "iq_range": 0.17234047502279282, "density": 0.23936688903387782, "accuracy": 1.0, "distance": 1.1793843507766724}, "1": {"mean": -0.28589898347854614, "variance": 0.018261762335896492, "std_dev": 0.13513608276844025, "median": -0.3063760995864868, "range": 0.6179154515266418, "iq_range": 0.16815165430307388, "density": 0.2380640698734449, "accuracy": 1.0, "distance": 1.4916799068450928}, "2": {"mean": -0.2868260443210602, "variance": 0.017730800434947014, "std_dev": 0.13315704464912415, "median": -0.30600297451019287, "range": 0.6179154515266418, "iq_range": 0.16756712272763252, "density": 0.23938019392163937, "accuracy": 1.0, "distance": 0.9533848762512207}, "3": {"mean": -0.28795570135116577, "variance": 0.01708151213824749, "std_dev": 0.13069625198841095, "median": -0.3030698299407959, "range": 0.6135308146476746, "iq_range": 0.1506940945982933, "density": 0.2343295287290216, "accuracy": 1.0, "distance": 0.8682683706283569}, "4": {"mean": -0.28525689244270325, "variance": 0.01862850971519947, "std_dev": 0.13648629188537598, "median": -0.2965717315673828, "range": 0.6600216627120972, "iq_range": 0.1729830987751484, "density": 0.236387043659298, "accuracy": -1.0, "distance": 0.7132834196090698}, "5": {"mean": -0.2834364175796509, "variance": 0.019663797691464424, "std_dev": 0.14022766053676605, "median": -0.29534557461738586, "range": 0.6288362145423889, "iq_range": 0.1707482561469078, "density": 0.23378332271815452, "accuracy": 1.0, "distance": 1.2517218589782715}, "6": {"mean": -0.2855915427207947, "variance": 0.01843746192753315, "std_dev": 0.13578461110591888, "median": -0.30582213401794434, "range": 0.6600216627120972, "iq_range": 0.16600561514496803, "density": 0.23639153033028804, "accuracy": -1.0, "distance": 0.9721066355705261}, "7": {"mean": -0.28966662287712097, "variance": 0.016093239188194275, "std_dev": 0.1268591284751892, "median": -0.31499624252319336, "range": 0.6600216627120972, "iq_range": 0.13156601041555405, "density": 0.23713368962327128, "accuracy": -1.0, "distance": 1.3269532918930054}, "8": {"mean": -0.28957802057266235, "variance": 0.016144560649991035, "std_dev": 0.12706124782562256, "median": -0.3083551526069641, "range": 0.6600216627120972, "iq_range": 0.1355765350162983, "density": 0.23744834844151633, "accuracy": -1.0, "distance": 0.5552083849906921}, "9": {"mean": -0.2867409586906433, "variance": 0.01777961291372776, "std_dev": 0.13334020972251892, "median": -0.3034645915031433, "range": 0.6600216627120972, "iq_range": 0.14696720242500305, "density": 0.23460255722713008, "accuracy": 1.0, "distance": 1.2513768672943115}, "10": {"mean": -0.28523555397987366, "variance": 0.0186406709253788, "std_dev": 0.13653084635734558, "median": -0.3052365481853485, "range": 0.6207359433174133, "iq_range": 0.17360769957304, "density": 0.23633437430665488, "accuracy": -1.0, "distance": 1.238832712173462}, "11": {"mean": -0.28271484375, "variance": 0.02007230930030346, "std_dev": 0.14167678356170654, "median": -0.2955136299133301, "range": 0.6288361549377441, "iq_range": 0.1716321036219597, "density": 0.23608371735410613, "accuracy": -1.0, "distance": 1.590968370437622}, "12": {"mean": -0.2902948260307312, "variance": 0.015728909522294998, "std_dev": 0.12541495263576508, "median": -0.3189474940299988, "range": 0.6146379113197327, "iq_range": 0.129501361399889, "density": 0.23894361048895357, "accuracy": 1.0, "distance": 0.3309096097946167}, "13": {"mean": -0.28612691164016724, "variance": 0.018131382763385773, "std_dev": 0.13465282320976257, "median": -0.3034398555755615, "range": 0.6600216627120972, "iq_range": 0.16635505110025406, "density": 0.23849854125566455, "accuracy": 1.0, "distance": 0.9768980145454407}, "14": {"mean": -0.2864323556423187, "variance": 0.01795651577413082, "std_dev": 0.1340019255876541, "median": -0.3072654604911804, "range": 0.6600216627120972, "iq_range": 0.16230903193354607, "density": 0.23516876624493574, "accuracy": -1.0, "distance": 1.1865599155426025}}