{"0": {"mean": -0.2888769507408142, "variance": 0.016550082713365555, "std_dev": 0.128647118806839, "median": -0.31169891357421875, "range": 0.6079211831092834, "iq_range": 0.14364798739552498, "density": 0.23659358684798124, "accuracy": 1.0, "distance": 1.3221079111099243}, "1": {"mean": -0.28573718667030334, "variance": 0.018354255706071854, "std_dev": 0.13547788560390472, "median": -0.3061072826385498, "range": 0.6191851496696472, "iq_range": 0.1766132079064846, "density": 0.2370964297204398, "accuracy": -1.0, "distance": 0.9907141327857971}, "2": {"mean": -0.28870689868927, "variance": 0.016648324206471443, "std_dev": 0.12902837991714478, "median": -0.31178373098373413, "range": 0.6600216627120972, "iq_range": 0.13280420377850533, "density": 0.2352016813258312, "accuracy": -1.0, "distance": 1.0209927558898926}, "3": {"mean": -0.2934688925743103, "variance": 0.013876001350581646, "std_dev": 0.11779644340276718, "median": -0.3249848484992981, "range": 0.5778919458389282, "iq_range": 0.11327363550662994, "density": 0.242550732680677, "accuracy": -1.0, "distance": 0.746177613735199}, "4": {"mean": -0.2900938391685486, "variance": 0.01584557071328163, "std_dev": 0.1258791983127594, "median": -0.31636950373649597, "range": 0.6288362145423889, "iq_range": 0.1283990554511547, "density": 0.2411417466281998, "accuracy": 1.0, "distance": 1.369899034500122}, "5": {"mean": -0.2911660969257355, "variance": 0.01522230263799429, "std_dev": 0.1233786940574646, "median": -0.31842219829559326, "range": 0.6079211831092834, "iq_range": 0.11728551983833313, "density": 0.23746526219834163, "accuracy": -1.0, "distance": 0.6730766296386719}, "6": {"mean": -0.2867579460144043, "variance": 0.01776989921927452, "std_dev": 0.13330379128456116, "median": -0.3059116005897522, "range": 0.6600216627120972, "iq_range": 0.15545231476426125, "density": 0.23707065139741024, "accuracy": 1.0, "distance": 1.0152575969696045}, "7": {"mean": -0.28484106063842773, "variance": 0.018865572288632393, "std_dev": 0.13735200464725494, "median": -0.3043369650840759, "range": 0.6600216627120972, "iq_range": 0.16818751394748688, "density": 0.23293679532492895, "accuracy": -1.0, "distance": 1.2594044208526611}, "8": {"mean": -0.2878360450267792, "variance": 0.017150413244962692, "std_dev": 0.13095958530902863, "median": -0.3044984042644501, "range": 0.6600216627120972, "iq_range": 0.1456865295767784, "density": 0.23693945840628114, "accuracy": -1.0, "distance": 0.579233705997467}, "9": {"mean": -0.2921232283115387, "variance": 0.014664019457995892, "std_dev": 0.12109508365392685, "median": -0.3192533850669861, "range": 0.6079211831092834, "iq_range": 0.11264534294605255, "density": 0.2412675096751125, "accuracy": 1.0, "distance": 0.4197152853012085}, "10": {"mean": -0.2875674366950989, "variance": 0.01730496436357498, "std_dev": 0.13154833018779755, "median": -0.30301979184150696, "range": 0.6135308146476746, "iq_range": 0.14153649285435677, "density": 0.23509435802013814, "accuracy": 1.0, "distance": 1.0113780498504639}, "11": {"mean": -0.284461110830307, "variance": 0.019081853330135345, "std_dev": 0.138137087225914, "median": -0.298559308052063, "range": 0.6288362145423889, "iq_range": 0.1837850771844387, "density": 0.23564910584394422, "accuracy": -1.0, "distance": 0.8263958096504211}, "12": {"mean": -0.28346899151802063, "variance": 0.019645337015390396, "std_dev": 0.14016182720661163, "median": -0.29273146390914917, "range": 0.6288362145423889, "iq_range": 0.176936324685812, "density": 0.23798145453512715, "accuracy": 1.0, "distance": 1.1309354305267334}, "13": {"mean": -0.2862127125263214, "variance": 0.018082287162542343, "std_dev": 0.1344703882932663, "median": -0.3091790974140167, "range": 0.6207359433174133, "iq_range": 0.16532911732792854, "density": 0.23701973961286651, "accuracy": 1.0, "distance": 0.6322420835494995}, "14": {"mean": -0.28646227717399597, "variance": 0.017939357087016106, "std_dev": 0.13393788039684296, "median": -0.30259066820144653, "range": 0.6600216627120972, "iq_range": 0.157911516726017, "density": 0.23432954699564554, "accuracy": -1.0, "distance": 0.8506399393081665}}