{"0": {"mean": -0.2901249825954437, "variance": 0.015827493742108345, "std_dev": 0.12580737471580505, "median": -0.31791287660598755, "range": 0.6288362145423889, "iq_range": 0.12487071380019188, "density": 0.242767129117608, "accuracy": 1.0, "distance": 0.732402503490448}, "1": {"mean": -0.2892052233219147, "variance": 0.016360340639948845, "std_dev": 0.12790754437446594, "median": -0.3028263449668884, "range": 0.5653889179229736, "iq_range": 0.14776846766471863, "density": 0.23422807490441608, "accuracy": 1.0, "distance": 0.19831819832324982}, "2": {"mean": -0.28915804624557495, "variance": 0.01638762280344963, "std_dev": 0.12801414728164673, "median": -0.311481773853302, "range": 0.6600216627120972, "iq_range": 0.1338556706905365, "density": 0.23609342673536768, "accuracy": -1.0, "distance": 1.0715904235839844}, "3": {"mean": -0.2891208529472351, "variance": 0.0164091307669878, "std_dev": 0.12809813022613525, "median": -0.3068278133869171, "range": 0.6207359433174133, "iq_range": 0.13833468407392502, "density": 0.23900485808939465, "accuracy": -1.0, "distance": 0.9223210215568542}, "4": {"mean": -0.2846486270427704, "variance": 0.018975162878632545, "std_dev": 0.13775035738945007, "median": -0.2952786684036255, "range": 0.6191851496696472, "iq_range": 0.16330847516655922, "density": 0.23283220608911764, "accuracy": -1.0, "distance": 0.8633884191513062}, "5": {"mean": -0.2864100933074951, "variance": 0.017969246953725815, "std_dev": 0.1340494155883789, "median": -0.30510449409484863, "range": 0.6288362145423889, "iq_range": 0.16385137289762497, "density": 0.2353762460019084, "accuracy": 1.0, "distance": 0.641850471496582}, "6": {"mean": -0.28880980610847473, "variance": 0.01658889837563038, "std_dev": 0.12879790365695953, "median": -0.3144936263561249, "range": 0.6288361549377441, "iq_range": 0.13388436660170555, "density": 0.24171904426602614, "accuracy": 1.0, "distance": 0.9709683060646057}, "7": {"mean": -0.29108476638793945, "variance": 0.015269650146365166, "std_dev": 0.12357042729854584, "median": -0.31668999791145325, "range": 0.6079211831092834, "iq_range": 0.11988242715597153, "density": 0.2385716796560223, "accuracy": 1.0, "distance": 0.39688390493392944}, "8": {"mean": -0.28797996044158936, "variance": 0.017067549750208855, "std_dev": 0.130642831325531, "median": -0.3105267882347107, "range": 0.6207359433174133, "iq_range": 0.15352457761764526, "density": 0.23533586762469244, "accuracy": -1.0, "distance": 0.6894302368164062}, "9": {"mean": -0.2852016091346741, "variance": 0.018660038709640503, "std_dev": 0.1366017460823059, "median": -0.2966996133327484, "range": 0.6207359433174133, "iq_range": 0.1597987413406372, "density": 0.23523408306138244, "accuracy": -1.0, "distance": 1.1996088027954102}, "10": {"mean": -0.2878910005092621, "variance": 0.01711878553032875, "std_dev": 0.1308387815952301, "median": -0.30655479431152344, "range": 0.6207359433174133, "iq_range": 0.15666799247264862, "density": 0.23726918346056883, "accuracy": -1.0, "distance": 0.2901709973812103}, "11": {"mean": -0.2882874608039856, "variance": 0.016890322789549828, "std_dev": 0.1299627721309662, "median": -0.3113408088684082, "range": 0.6079211831092834, "iq_range": 0.15319068357348442, "density": 0.236654628509372, "accuracy": 1.0, "distance": 0.5991373062133789}, "12": {"mean": -0.2891998291015625, "variance": 0.01636344939470291, "std_dev": 0.12791970372200012, "median": -0.3065639138221741, "range": 0.6207359433174133, "iq_range": 0.1419624239206314, "density": 0.2335376858931626, "accuracy": -1.0, "distance": 0.4747917652130127}, "13": {"mean": -0.2876603603363037, "variance": 0.01725151017308235, "std_dev": 0.1313450038433075, "median": -0.30809086561203003, "range": 0.6600216627120972, "iq_range": 0.14380474016070366, "density": 0.23491966612172743, "accuracy": -1.0, "distance": 1.1321851015090942}, "14": {"mean": -0.2887747883796692, "variance": 0.016609106212854385, "std_dev": 0.12887632846832275, "median": -0.3105894923210144, "range": 0.6191849112510681, "iq_range": 0.13809236139059067, "density": 0.238933987598583, "accuracy": 1.0, "distance": 0.5081562399864197}}