{"0": {"mean": -0.28743240237236023, "variance": 0.017382603138685226, "std_dev": 0.13184310495853424, "median": -0.3065309524536133, "range": 0.6600216627120972, "iq_range": 0.14734038710594177, "density": 0.2351583793409216, "accuracy": -1.0, "distance": 1.462697148323059}, "1": {"mean": -0.2897956073284149, "variance": 0.01601853221654892, "std_dev": 0.12656433880329132, "median": -0.3155903220176697, "range": 0.6288361549377441, "iq_range": 0.12533637508749962, "density": 0.24407531752436548, "accuracy": 1.0, "distance": 0.5631210803985596}, "2": {"mean": -0.29087913036346436, "variance": 0.015389332547783852, "std_dev": 0.12405374646186829, "median": -0.31633293628692627, "range": 0.6135308146476746, "iq_range": 0.12722674012184143, "density": 0.23913771233238468, "accuracy": -1.0, "distance": 0.7590349316596985}, "3": {"mean": -0.2863503694534302, "variance": 0.018003463745117188, "std_dev": 0.13417698442935944, "median": -0.30542540550231934, "range": 0.6179154515266418, "iq_range": 0.1701095886528492, "density": 0.2369803020324141, "accuracy": -1.0, "distance": 0.7385548949241638}, "4": {"mean": -0.28495895862579346, "variance": 0.01879839412868023, "std_dev": 0.1371072381734848, "median": -0.3057630658149719, "range": 0.6600216627120972, "iq_range": 0.17252985388040543, "density": 0.23507325264888196, "accuracy": -1.0, "distance": 1.0732202529907227}, "5": {"mean": -0.286834716796875, "variance": 0.017725849524140358, "std_dev": 0.13313846290111542, "median": -0.30513572692871094, "range": 0.6600216627120972, "iq_range": 0.15655644237995148, "density": 0.23508720183712042, "accuracy": -1.0, "distance": 1.0327885150909424}, "6": {"mean": -0.29136696457862854, "variance": 0.01510528288781643, "std_dev": 0.12290354818105698, "median": -0.3161178529262543, "range": 0.6600216627120972, "iq_range": 0.12507238239049911, "density": 0.23646348800735725, "accuracy": -1.0, "distance": 1.0553995370864868}, "7": {"mean": -0.2903881371021271, "variance": 0.01567474566400051, "std_dev": 0.1251988261938095, "median": -0.316426157951355, "range": 0.6600216627120972, "iq_range": 0.13114699348807335, "density": 0.23589714606996187, "accuracy": -1.0, "distance": 0.870392918586731}, "8": {"mean": -0.2912660837173462, "variance": 0.015164071694016457, "std_dev": 0.12314248830080032, "median": -0.32004237174987793, "range": 0.6288362145423889, "iq_range": 0.12633982300758362, "density": 0.24348309084424605, "accuracy": 1.0, "distance": 1.0349787473678589}, "9": {"mean": -0.28636881709098816, "variance": 0.01799289509654045, "std_dev": 0.1341376006603241, "median": -0.3013991713523865, "range": 0.6600216627120972, "iq_range": 0.16320404037833214, "density": 0.23441333371109738, "accuracy": -1.0, "distance": 0.9314305186271667}, "10": {"mean": -0.2878563702106476, "variance": 0.017138712108135223, "std_dev": 0.13091489672660828, "median": -0.31605276465415955, "range": 0.6007345914840698, "iq_range": 0.15438031032681465, "density": 0.23686178751758685, "accuracy": -1.0, "distance": 0.8521266579627991}, "11": {"mean": -0.29167303442955017, "variance": 0.014926841482520103, "std_dev": 0.12217545509338379, "median": -0.31882837414741516, "range": 0.6207359433174133, "iq_range": 0.1277146302163601, "density": 0.2374301970955789, "accuracy": -1.0, "distance": 0.9592646956443787}, "12": {"mean": -0.29202306270599365, "variance": 0.014722517691552639, "std_dev": 0.12133638560771942, "median": -0.3213314414024353, "range": 0.6013028025627136, "iq_range": 0.11813074350357056, "density": 0.2400737987238751, "accuracy": 1.0, "distance": 0.9170764088630676}, "13": {"mean": -0.2870556712150574, "variance": 0.017599057406187057, "std_dev": 0.13266143202781677, "median": -0.30389928817749023, "range": 0.6600216627120972, "iq_range": 0.1498328112065792, "density": 0.23747240748706896, "accuracy": -1.0, "distance": 1.2059687376022339}, "14": {"mean": -0.29155492782592773, "variance": 0.014995722100138664, "std_dev": 0.12245701998472214, "median": -0.3137754201889038, "range": 0.578887403011322, "iq_range": 0.13233336806297302, "density": 0.23470888007699275, "accuracy": -1.0, "distance": 0.8955115675926208}}