{"0": {"mean": -0.2886396050453186, "variance": 0.016687165945768356, "std_dev": 0.12917880713939667, "median": -0.3073136806488037, "range": 0.6207359433174133, "iq_range": 0.14385929703712463, "density": 0.23682921701713802, "accuracy": -1.0, "distance": 0.2396833300590515}, "1": {"mean": -0.2851914167404175, "variance": 0.018665866926312447, "std_dev": 0.1366230845451355, "median": -0.2982153594493866, "range": 0.6288362145423889, "iq_range": 0.1657840609550476, "density": 0.23712711635270964, "accuracy": 1.0, "distance": 0.7841315269470215}, "2": {"mean": -0.28987953066825867, "variance": 0.015969866886734962, "std_dev": 0.12637193500995636, "median": -0.31593990325927734, "range": 0.6600216627120972, "iq_range": 0.13165896013379097, "density": 0.23813145806197275, "accuracy": 1.0, "distance": 1.1407301425933838}, "3": {"mean": -0.28575757145881653, "variance": 0.018342604860663414, "std_dev": 0.13543486595153809, "median": -0.3037681579589844, "range": 0.6600216627120972, "iq_range": 0.16238446906208992, "density": 0.2369187514818288, "accuracy": -1.0, "distance": 0.9541361927986145}, "4": {"mean": -0.29099738597869873, "variance": 0.01532052829861641, "std_dev": 0.12377612292766571, "median": -0.31561148166656494, "range": 0.6191851496696472, "iq_range": 0.13018955290317535, "density": 0.23690667303003726, "accuracy": -1.0, "distance": 0.4588989019393921}, "5": {"mean": -0.2851313352584839, "variance": 0.018700122833251953, "std_dev": 0.13674838840961456, "median": -0.2960609495639801, "range": 0.6288362145423889, "iq_range": 0.16383006051182747, "density": 0.2336505822143151, "accuracy": -1.0, "distance": 0.6123036742210388}, "6": {"mean": -0.2907589375972748, "variance": 0.015459243208169937, "std_dev": 0.12433520704507828, "median": -0.3157860040664673, "range": 0.6288362145423889, "iq_range": 0.12181505560874939, "density": 0.2432864962350026, "accuracy": 1.0, "distance": 0.3883448541164398}, "7": {"mean": -0.28795191645622253, "variance": 0.01708371751010418, "std_dev": 0.13070470094680786, "median": -0.3097102642059326, "range": 0.6600216627120972, "iq_range": 0.14232752472162247, "density": 0.23714742421554533, "accuracy": 1.0, "distance": 1.2033120393753052}, "8": {"mean": -0.28998810052871704, "variance": 0.015906888991594315, "std_dev": 0.12612251937389374, "median": -0.30926886200904846, "range": 0.6600216627120972, "iq_range": 0.130570437759161, "density": 0.23619774357982312, "accuracy": -1.0, "distance": 0.4854547679424286}, "9": {"mean": -0.2880038619041443, "variance": 0.017053771764039993, "std_dev": 0.13059009611606598, "median": -0.3038467764854431, "range": 0.6600216627120972, "iq_range": 0.1408938579261303, "density": 0.23472380307016802, "accuracy": 1.0, "distance": 0.707815945148468}, "10": {"mean": -0.29091301560401917, "variance": 0.015369596891105175, "std_dev": 0.12397418171167374, "median": -0.32021182775497437, "range": 0.6079211831092834, "iq_range": 0.12896094098687172, "density": 0.2390185683650782, "accuracy": 1.0, "distance": 0.5992268323898315}, "11": {"mean": -0.28551483154296875, "variance": 0.018481271341443062, "std_dev": 0.13594584167003632, "median": -0.29843008518218994, "range": 0.6207359433174133, "iq_range": 0.17214982211589813, "density": 0.23818103980333308, "accuracy": 1.0, "distance": 0.7571683526039124}, "12": {"mean": -0.284443199634552, "variance": 0.01909206435084343, "std_dev": 0.13817404210567474, "median": -0.2975178360939026, "range": 0.6600216627120972, "iq_range": 0.16970011964440346, "density": 0.23430859420280908, "accuracy": 1.0, "distance": 0.9010949730873108}, "13": {"mean": -0.289865106344223, "variance": 0.015978220850229263, "std_dev": 0.12640498578548431, "median": -0.31426191329956055, "range": 0.6600216627120972, "iq_range": 0.12832453474402428, "density": 0.23731656744664223, "accuracy": -1.0, "distance": 0.9931802749633789}, "14": {"mean": -0.28976577520370483, "variance": 0.01603580079972744, "std_dev": 0.12663254141807556, "median": -0.3168516159057617, "range": 0.6179154515266418, "iq_range": 0.1266455203294754, "density": 0.23807848879909663, "accuracy": -1.0, "distance": 1.1246806383132935}}