{"0": {"mean": -0.2886928915977478, "variance": 0.016656406223773956, "std_dev": 0.12905970215797424, "median": -0.31395143270492554, "range": 0.6600216627120972, "iq_range": 0.13396292552351952, "density": 0.23657115521071512, "accuracy": 1.0, "distance": 1.234188199043274}, "1": {"mean": -0.2855089008808136, "variance": 0.018484672531485558, "std_dev": 0.13595834374427795, "median": -0.2983689308166504, "range": 0.6207359433174133, "iq_range": 0.16659918799996376, "density": 0.23600413054152838, "accuracy": -1.0, "distance": 0.9413882493972778}, "2": {"mean": -0.28606489300727844, "variance": 0.018166884779930115, "std_dev": 0.13478457927703857, "median": -0.3093804121017456, "range": 0.6288362145423889, "iq_range": 0.15121565386652946, "density": 0.23718405917827481, "accuracy": -1.0, "distance": 1.0780020952224731}, "3": {"mean": -0.28503653407096863, "variance": 0.018754178658127785, "std_dev": 0.136945903301239, "median": -0.2988101840019226, "range": 0.6288362145423889, "iq_range": 0.16202326491475105, "density": 0.23530996855326547, "accuracy": 1.0, "distance": 0.9315471053123474}, "4": {"mean": -0.29079827666282654, "variance": 0.01543636154383421, "std_dev": 0.12424315512180328, "median": -0.32101011276245117, "range": 0.6079211831092834, "iq_range": 0.13535074889659882, "density": 0.24119944949773714, "accuracy": 1.0, "distance": 0.749920129776001}, "5": {"mean": -0.28903913497924805, "variance": 0.01645638234913349, "std_dev": 0.12828242778778076, "median": -0.31593990325927734, "range": 0.6146379113197327, "iq_range": 0.13519591093063354, "density": 0.2374360407499391, "accuracy": 1.0, "distance": 0.965372622013092}, "6": {"mean": -0.2885592579841614, "variance": 0.016733551397919655, "std_dev": 0.1293582320213318, "median": -0.31003135442733765, "range": 0.6179154515266418, "iq_range": 0.15539287775754929, "density": 0.2360858732804483, "accuracy": 1.0, "distance": 0.859524130821228}, "7": {"mean": -0.28827306628227234, "variance": 0.01689864695072174, "std_dev": 0.12999479472637177, "median": -0.3097103238105774, "range": 0.6288362145423889, "iq_range": 0.14856098219752312, "density": 0.23874947309240835, "accuracy": -1.0, "distance": 1.1492071151733398}, "8": {"mean": -0.28780150413513184, "variance": 0.017170283943414688, "std_dev": 0.1310354322195053, "median": -0.3050943613052368, "range": 0.6600216627120972, "iq_range": 0.149570994079113, "density": 0.23304288272895304, "accuracy": -1.0, "distance": 1.349990725517273}, "9": {"mean": -0.29153168201446533, "variance": 0.015009275637567043, "std_dev": 0.1225123479962349, "median": -0.3199958801269531, "range": 0.6007345914840698, "iq_range": 0.11224330216646194, "density": 0.23547928562980042, "accuracy": 1.0, "distance": 0.3462335467338562}, "10": {"mean": -0.28535497188568115, "variance": 0.018572520464658737, "std_dev": 0.13628102838993073, "median": -0.3015407919883728, "range": 0.6600216627120972, "iq_range": 0.17394373565912247, "density": 0.23950752681574175, "accuracy": -1.0, "distance": 0.9970853328704834}, "11": {"mean": -0.2845574915409088, "variance": 0.019027041271328926, "std_dev": 0.13793854415416718, "median": -0.29632261395454407, "range": 0.6600216627120972, "iq_range": 0.17130572348833084, "density": 0.2332634406096252, "accuracy": -1.0, "distance": 1.0696985721588135}, "12": {"mean": -0.28774431347846985, "variance": 0.017203206196427345, "std_dev": 0.13116098940372467, "median": -0.3078230023384094, "range": 0.6179154515266418, "iq_range": 0.16298148408532143, "density": 0.23765051371637144, "accuracy": 1.0, "distance": 0.5610663890838623}, "13": {"mean": -0.2865264415740967, "variance": 0.01790260523557663, "std_dev": 0.13380061089992523, "median": -0.298916757106781, "range": 0.6600216627120972, "iq_range": 0.16131403297185898, "density": 0.23555003728427276, "accuracy": -1.0, "distance": 0.8789657354354858}, "14": {"mean": -0.284883052110672, "variance": 0.018841657787561417, "std_dev": 0.1372649222612381, "median": -0.30540305376052856, "range": 0.6079211831092834, "iq_range": 0.17227301374077797, "density": 0.23405007329445068, "accuracy": 1.0, "distance": 1.1770906448364258}}