{"0": {"mean": -0.28902798891067505, "variance": 0.016462819650769234, "std_dev": 0.1283075213432312, "median": -0.30571144819259644, "range": 0.5990521907806396, "iq_range": 0.15104911476373672, "density": 0.23604710135612675, "accuracy": -1.0, "distance": 0.5947151184082031}, "1": {"mean": -0.28299644589424133, "variance": 0.01991300657391548, "std_dev": 0.14111346006393433, "median": -0.29397350549697876, "range": 0.6288361549377441, "iq_range": 0.16826124489307404, "density": 0.23346329431271803, "accuracy": -1.0, "distance": 0.9278568625450134}, "2": {"mean": -0.2909975051879883, "variance": 0.015320459380745888, "std_dev": 0.12377583980560303, "median": -0.3166656792163849, "range": 0.6079211831092834, "iq_range": 0.12092268466949463, "density": 0.24055298440004783, "accuracy": 1.0, "distance": 0.9290187358856201}, "3": {"mean": -0.2867695391178131, "variance": 0.017763223499059677, "std_dev": 0.1332787424325943, "median": -0.30655917525291443, "range": 0.6207359433174133, "iq_range": 0.1604204922914505, "density": 0.23518299063684164, "accuracy": -1.0, "distance": 0.5944506525993347}, "4": {"mean": -0.28833678364753723, "variance": 0.01686190254986286, "std_dev": 0.12985338270664215, "median": -0.30294865369796753, "range": 0.6600216627120972, "iq_range": 0.14638357236981392, "density": 0.23540432160619865, "accuracy": -1.0, "distance": 0.9736162424087524}, "5": {"mean": -0.2853166460990906, "variance": 0.018594402819871902, "std_dev": 0.13636130094528198, "median": -0.3058004081249237, "range": 0.6007345914840698, "iq_range": 0.17204510420560837, "density": 0.23399099344233965, "accuracy": -1.0, "distance": 1.024477481842041}, "6": {"mean": -0.2886834144592285, "variance": 0.016661902889609337, "std_dev": 0.12908099591732025, "median": -0.3073428273200989, "range": 0.6600216627120972, "iq_range": 0.14153986424207687, "density": 0.23628353806164393, "accuracy": -1.0, "distance": 0.6875250339508057}, "7": {"mean": -0.2863435745239258, "variance": 0.018007373437285423, "std_dev": 0.13419155776500702, "median": -0.30864110589027405, "range": 0.5967985987663269, "iq_range": 0.16891145706176758, "density": 0.23410610898625503, "accuracy": -1.0, "distance": 0.7849996089935303}, "8": {"mean": -0.28972986340522766, "variance": 0.01605660654604435, "std_dev": 0.12671466171741486, "median": -0.31499093770980835, "range": 0.6146379113197327, "iq_range": 0.1311556063592434, "density": 0.2364376139964186, "accuracy": 1.0, "distance": 1.1910415887832642}, "9": {"mean": -0.2907413840293884, "variance": 0.015469444915652275, "std_dev": 0.12437622249126434, "median": -0.3166888356208801, "range": 0.6191849112510681, "iq_range": 0.12504267320036888, "density": 0.24251338418272786, "accuracy": -1.0, "distance": 0.9486080408096313}, "10": {"mean": -0.28990164399147034, "variance": 0.01595703884959221, "std_dev": 0.12632116675376892, "median": -0.3152027726173401, "range": 0.6079211831092834, "iq_range": 0.12841976061463356, "density": 0.2386605490009846, "accuracy": 1.0, "distance": 0.5576767921447754}, "11": {"mean": -0.28577011823654175, "variance": 0.018335439264774323, "std_dev": 0.135408416390419, "median": -0.3053620755672455, "range": 0.6179154515266418, "iq_range": 0.17460618913173676, "density": 0.23604766428383686, "accuracy": 1.0, "distance": 0.41727620363235474}, "12": {"mean": -0.29259392619132996, "variance": 0.0143887959420681, "std_dev": 0.11995330452919006, "median": -0.3197036385536194, "range": 0.6079211831092834, "iq_range": 0.11876952648162842, "density": 0.24015582940508587, "accuracy": 1.0, "distance": 0.6453899145126343}, "13": {"mean": -0.2885836660861969, "variance": 0.016719447448849678, "std_dev": 0.1293037086725235, "median": -0.30410444736480713, "range": 0.6600216627120972, "iq_range": 0.13967716321349144, "density": 0.23490918613277822, "accuracy": -1.0, "distance": 1.1542946100234985}, "14": {"mean": -0.2847881615161896, "variance": 0.0188957080245018, "std_dev": 0.13746166229248047, "median": -0.3010113835334778, "range": 0.6191851496696472, "iq_range": 0.1755024902522564, "density": 0.23760645933925897, "accuracy": 1.0, "distance": 0.8225284814834595}}