{"0": {"mean": -0.2897792160511017, "variance": 0.016028013080358505, "std_dev": 0.12660178542137146, "median": -0.3108476996421814, "range": 0.6207359433174133, "iq_range": 0.13527119532227516, "density": 0.23562753088155677, "accuracy": -1.0, "distance": 0.7908702492713928}, "1": {"mean": -0.2869919240474701, "variance": 0.017635632306337357, "std_dev": 0.13279922306537628, "median": -0.302828848361969, "range": 0.6288362145423889, "iq_range": 0.1543254777789116, "density": 0.2351555401243809, "accuracy": 1.0, "distance": 0.7078818082809448}, "2": {"mean": -0.2879764437675476, "variance": 0.01706957072019577, "std_dev": 0.1306505650281906, "median": -0.30645644664764404, "range": 0.6600216627120972, "iq_range": 0.1414649747312069, "density": 0.23758078676196692, "accuracy": -1.0, "distance": 1.0121541023254395}, "3": {"mean": -0.2888548672199249, "variance": 0.016562866047024727, "std_dev": 0.12869679927825928, "median": -0.31350451707839966, "range": 0.6600216627120972, "iq_range": 0.1326216757297516, "density": 0.23817442394717508, "accuracy": 1.0, "distance": 1.025120735168457}, "4": {"mean": -0.2899496555328369, "variance": 0.01592920534312725, "std_dev": 0.12621095776557922, "median": -0.31404727697372437, "range": 0.6600216627120972, "iq_range": 0.12318703532218933, "density": 0.23477020182477656, "accuracy": -1.0, "distance": 0.8561146259307861}, "5": {"mean": -0.2883440852165222, "variance": 0.016857683658599854, "std_dev": 0.12983714044094086, "median": -0.3117465376853943, "range": 0.6288361549377441, "iq_range": 0.14109770208597183, "density": 0.23866948933780327, "accuracy": 1.0, "distance": 0.9722790122032166}, "6": {"mean": -0.286111444234848, "variance": 0.018140237778425217, "std_dev": 0.1346856951713562, "median": -0.30131715536117554, "range": 0.6600216627120972, "iq_range": 0.1633317805826664, "density": 0.23367305370240357, "accuracy": 1.0, "distance": 1.1427720785140991}, "7": {"mean": -0.2939891517162323, "variance": 0.013570375740528107, "std_dev": 0.11649195849895477, "median": -0.3238977789878845, "range": 0.5784083008766174, "iq_range": 0.10888341814279556, "density": 0.24630309357010266, "accuracy": -1.0, "distance": 0.7634643912315369}, "8": {"mean": -0.28963449597358704, "variance": 0.016111863777041435, "std_dev": 0.1269325166940689, "median": -0.3180575370788574, "range": 0.6207359433174133, "iq_range": 0.13366422802209854, "density": 0.2369950494898465, "accuracy": -1.0, "distance": 1.0082671642303467}, "9": {"mean": -0.2863452136516571, "variance": 0.01800641603767872, "std_dev": 0.1341879814863205, "median": -0.29586154222488403, "range": 0.6191851496696472, "iq_range": 0.1518026478588581, "density": 0.2359552736293429, "accuracy": -1.0, "distance": 0.7283908128738403}, "10": {"mean": -0.28874316811561584, "variance": 0.016627376899123192, "std_dev": 0.1289471834897995, "median": -0.30577048659324646, "range": 0.6600216627120972, "iq_range": 0.14558148011565208, "density": 0.23568375782833015, "accuracy": -1.0, "distance": 1.2743080854415894}, "11": {"mean": -0.2868991792201996, "variance": 0.017688877880573273, "std_dev": 0.13299953937530518, "median": -0.30280280113220215, "range": 0.6600216627120972, "iq_range": 0.15842966735363007, "density": 0.23219001864560174, "accuracy": -1.0, "distance": 1.2392066717147827}, "12": {"mean": -0.28579676151275635, "variance": 0.018320223316550255, "std_dev": 0.135352224111557, "median": -0.3028777837753296, "range": 0.6600216627120972, "iq_range": 0.1583932861685753, "density": 0.2330980707720174, "accuracy": 1.0, "distance": 1.294087290763855}, "13": {"mean": -0.29122021794319153, "variance": 0.01519077830016613, "std_dev": 0.12325087189674377, "median": -0.3190726637840271, "range": 0.6288362145423889, "iq_range": 0.12319845333695412, "density": 0.2417925991122514, "accuracy": 1.0, "distance": 0.8705666065216064}, "14": {"mean": -0.28947558999061584, "variance": 0.01620389148592949, "std_dev": 0.12729451060295105, "median": -0.30968111753463745, "range": 0.6600216627120972, "iq_range": 0.13186262547969818, "density": 0.23394687247609355, "accuracy": 1.0, "distance": 1.3189226388931274}}