{"0": {"mean": -0.2841649353504181, "variance": 0.019250283017754555, "std_dev": 0.13874538242816925, "median": -0.2932448983192444, "range": 0.6288362145423889, "iq_range": 0.16923576220870018, "density": 0.2368079611920099, "accuracy": 1.0, "distance": 0.9117447733879089}, "1": {"mean": -0.2859731912612915, "variance": 0.018219321966171265, "std_dev": 0.13497896492481232, "median": -0.30690011382102966, "range": 0.6600216627120972, "iq_range": 0.16083090007305145, "density": 0.23619589866278992, "accuracy": 1.0, "distance": 0.9397159814834595}, "2": {"mean": -0.28611502051353455, "variance": 0.01813819259405136, "std_dev": 0.13467811048030853, "median": -0.3016330897808075, "range": 0.6600216627120972, "iq_range": 0.16108223795890808, "density": 0.23596838426193437, "accuracy": -1.0, "distance": 0.9900416731834412}, "3": {"mean": -0.28787535429000854, "variance": 0.017127757892012596, "std_dev": 0.13087305426597595, "median": -0.3040958344936371, "range": 0.6600216627120972, "iq_range": 0.14042978733778, "density": 0.23755803026913877, "accuracy": 1.0, "distance": 1.1685093641281128}, "4": {"mean": -0.2936232388019562, "variance": 0.013785411603748798, "std_dev": 0.1174112930893898, "median": -0.3249848484992981, "range": 0.5503160953521729, "iq_range": 0.1135040894150734, "density": 0.24234781369752173, "accuracy": -1.0, "distance": 0.994127631187439}, "5": {"mean": -0.2849077582359314, "variance": 0.018827570602297783, "std_dev": 0.1372135877609253, "median": -0.30060622096061707, "range": 0.6600216627120972, "iq_range": 0.1701437160372734, "density": 0.23326006950432845, "accuracy": -1.0, "distance": 1.160340666770935}, "6": {"mean": -0.29041704535484314, "variance": 0.015657944604754448, "std_dev": 0.12513171136379242, "median": -0.3158515691757202, "range": 0.6288362145423889, "iq_range": 0.12556030601263046, "density": 0.24141468353102097, "accuracy": 1.0, "distance": 0.4142080843448639}, "7": {"mean": -0.28947681188583374, "variance": 0.01620318554341793, "std_dev": 0.127291738986969, "median": -0.31506460905075073, "range": 0.6191851496696472, "iq_range": 0.13366485014557838, "density": 0.23600747908940337, "accuracy": -1.0, "distance": 0.7177174687385559}, "8": {"mean": -0.2865425646305084, "variance": 0.017893357202410698, "std_dev": 0.1337660551071167, "median": -0.303729772567749, "range": 0.6600216627120972, "iq_range": 0.15868199616670609, "density": 0.23669257191672521, "accuracy": 1.0, "distance": 0.8620136380195618}, "9": {"mean": -0.2855054438114166, "variance": 0.01848665066063404, "std_dev": 0.13596563041210175, "median": -0.3072459399700165, "range": 0.6600216627120972, "iq_range": 0.16506555676460266, "density": 0.23836130672071845, "accuracy": -1.0, "distance": 1.1268401145935059}, "10": {"mean": -0.2861163020133972, "variance": 0.01813744753599167, "std_dev": 0.13467533886432648, "median": -0.30367767810821533, "range": 0.6288362145423889, "iq_range": 0.1641497164964676, "density": 0.2357180557566915, "accuracy": 1.0, "distance": 0.9906114935874939}, "11": {"mean": -0.288025826215744, "variance": 0.017041122540831566, "std_dev": 0.13054165244102478, "median": -0.3037681579589844, "range": 0.6600216627120972, "iq_range": 0.14398790895938873, "density": 0.23385969806239615, "accuracy": 1.0, "distance": 0.4628702402114868}, "12": {"mean": -0.2878091633319855, "variance": 0.017165880650281906, "std_dev": 0.13101862370967865, "median": -0.3065392076969147, "range": 0.6135308146476746, "iq_range": 0.1565118469297886, "density": 0.23336805035061142, "accuracy": 1.0, "distance": 0.8014894127845764}, "13": {"mean": -0.2902361750602722, "variance": 0.01576295867562294, "std_dev": 0.12555062770843506, "median": -0.31638625264167786, "range": 0.6600216627120972, "iq_range": 0.1328185424208641, "density": 0.23642231632308233, "accuracy": -1.0, "distance": 1.0267432928085327}, "14": {"mean": -0.28647342324256897, "variance": 0.01793297939002514, "std_dev": 0.1339140683412552, "median": -0.3057788610458374, "range": 0.6600216627120972, "iq_range": 0.15612594038248062, "density": 0.23586874046912706, "accuracy": 1.0, "distance": 0.817016065120697}}