{"0": {"mean": -0.28317657113075256, "variance": 0.019811024889349937, "std_dev": 0.1407516449689865, "median": -0.293654203414917, "range": 0.6288361549377441, "iq_range": 0.1687326394021511, "density": 0.2383295427089521, "accuracy": -1.0, "distance": 1.0161648988723755}, "1": {"mean": -0.28996458649635315, "variance": 0.01592053472995758, "std_dev": 0.1261765956878662, "median": -0.3102288544178009, "range": 0.6135308146476746, "iq_range": 0.14445193111896515, "density": 0.2339382121436893, "accuracy": -1.0, "distance": 0.9401461482048035}, "2": {"mean": -0.28746727108955383, "variance": 0.0173625648021698, "std_dev": 0.13176707923412323, "median": -0.3096480667591095, "range": 0.6207359433174133, "iq_range": 0.14328889921307564, "density": 0.23918659413423504, "accuracy": -1.0, "distance": 1.2622401714324951}, "3": {"mean": -0.28770577907562256, "variance": 0.017225394025444984, "std_dev": 0.13124555349349976, "median": -0.31032711267471313, "range": 0.6600216627120972, "iq_range": 0.1584506519138813, "density": 0.23458103705392364, "accuracy": 1.0, "distance": 0.5319942831993103}, "4": {"mean": -0.2886810898780823, "variance": 0.016663221642374992, "std_dev": 0.12908610701560974, "median": -0.30434614419937134, "range": 0.6288362145423889, "iq_range": 0.14841115102171898, "density": 0.23422161769219785, "accuracy": -1.0, "distance": 0.7442164421081543}, "5": {"mean": -0.28555890917778015, "variance": 0.018456120043992996, "std_dev": 0.13585330545902252, "median": -0.2978760302066803, "range": 0.6207359433174133, "iq_range": 0.16056514903903008, "density": 0.23375057765629348, "accuracy": -1.0, "distance": 0.9343607425689697}, "6": {"mean": -0.2848198115825653, "variance": 0.018877660855650902, "std_dev": 0.13739599287509918, "median": -0.3000528812408447, "range": 0.6191851496696472, "iq_range": 0.16825932264328003, "density": 0.23462731396713565, "accuracy": 1.0, "distance": 0.6344490051269531}, "7": {"mean": -0.29027360677719116, "variance": 0.01574123464524746, "std_dev": 0.1254640817642212, "median": -0.31709492206573486, "range": 0.6079211831092834, "iq_range": 0.12699050083756447, "density": 0.23878670024503898, "accuracy": 1.0, "distance": 0.992967426776886}, "8": {"mean": -0.2902582287788391, "variance": 0.015750156715512276, "std_dev": 0.12549962103366852, "median": -0.31470787525177, "range": 0.6207359433174133, "iq_range": 0.13032494857907295, "density": 0.23700917645451086, "accuracy": 1.0, "distance": 0.8900921940803528}, "9": {"mean": -0.289237916469574, "variance": 0.016341423615813255, "std_dev": 0.12783357501029968, "median": -0.31302469968795776, "range": 0.6600216627120972, "iq_range": 0.14051595330238342, "density": 0.23728646378884655, "accuracy": 1.0, "distance": 0.5799339413642883}, "10": {"mean": -0.2868480086326599, "variance": 0.017718199640512466, "std_dev": 0.13310973346233368, "median": -0.3097255229949951, "range": 0.6191851496696472, "iq_range": 0.1515924148261547, "density": 0.23531928420402878, "accuracy": 1.0, "distance": 1.3223859071731567}, "11": {"mean": -0.28611865639686584, "variance": 0.018136119470000267, "std_dev": 0.1346704065799713, "median": -0.30603188276290894, "range": 0.6600216627120972, "iq_range": 0.1581001877784729, "density": 0.23613438385558677, "accuracy": -1.0, "distance": 1.1259347200393677}, "12": {"mean": -0.292149156332016, "variance": 0.014648876152932644, "std_dev": 0.12103254348039627, "median": -0.31930965185165405, "range": 0.6079211831092834, "iq_range": 0.11401179432868958, "density": 0.24467842597828912, "accuracy": 1.0, "distance": 0.9928812980651855}, "13": {"mean": -0.28672710061073303, "variance": 0.017787577584385872, "std_dev": 0.1333700716495514, "median": -0.3014351725578308, "range": 0.6600216627120972, "iq_range": 0.14706239849328995, "density": 0.23366796703218912, "accuracy": 1.0, "distance": 0.6230744123458862}, "14": {"mean": -0.287262886762619, "variance": 0.017480051144957542, "std_dev": 0.13221214711666107, "median": -0.2994093894958496, "range": 0.6191851496696472, "iq_range": 0.14991586282849312, "density": 0.23368067997666472, "accuracy": -1.0, "distance": 0.8544765114784241}}