{"0": {"mean": -0.28925633430480957, "variance": 0.01633077673614025, "std_dev": 0.12779192626476288, "median": -0.3086659014225006, "range": 0.6600216627120972, "iq_range": 0.13312603160738945, "density": 0.235965291752329, "accuracy": 1.0, "distance": 0.6802302598953247}, "1": {"mean": -0.2886020541191101, "variance": 0.016708865761756897, "std_dev": 0.129262775182724, "median": -0.3092826008796692, "range": 0.6600216627120972, "iq_range": 0.1374838948249817, "density": 0.23423441154456534, "accuracy": -1.0, "distance": 0.3391902446746826}, "2": {"mean": -0.2848980724811554, "variance": 0.018833080306649208, "std_dev": 0.1372336745262146, "median": -0.29796430468559265, "range": 0.6179154515266418, "iq_range": 0.17272013053297997, "density": 0.23529773854594538, "accuracy": 1.0, "distance": 0.49829626083374023}, "3": {"mean": -0.2871767580509186, "variance": 0.017529508098959923, "std_dev": 0.1323990523815155, "median": -0.30592620372772217, "range": 0.6600216627120972, "iq_range": 0.14970963075757027, "density": 0.23488264996980907, "accuracy": -1.0, "distance": 0.6602791547775269}, "4": {"mean": -0.2914901673793793, "variance": 0.015033479779958725, "std_dev": 0.12261109054088593, "median": -0.31967684626579285, "range": 0.6079211831092834, "iq_range": 0.11599010974168777, "density": 0.24412535907152624, "accuracy": -1.0, "distance": 1.0022417306900024}, "5": {"mean": -0.28820937871932983, "variance": 0.016935361549258232, "std_dev": 0.1301359385251999, "median": -0.30980736017227173, "range": 0.6600216627120972, "iq_range": 0.14376913756132126, "density": 0.23574675833243364, "accuracy": -1.0, "distance": 0.7808014750480652}, "6": {"mean": -0.2893129885196686, "variance": 0.016297990456223488, "std_dev": 0.12766358256340027, "median": -0.3160059452056885, "range": 0.6191850900650024, "iq_range": 0.1339702308177948, "density": 0.23852844891671227, "accuracy": 1.0, "distance": 0.7264471650123596}, "7": {"mean": -0.2923119366168976, "variance": 0.014553739689290524, "std_dev": 0.1206388846039772, "median": -0.32034313678741455, "range": 0.6179154515266418, "iq_range": 0.11246541887521744, "density": 0.24289230046724936, "accuracy": -1.0, "distance": 1.062211513519287}, "8": {"mean": -0.28490880131721497, "variance": 0.018826976418495178, "std_dev": 0.13721142709255219, "median": -0.3014424443244934, "range": 0.6288361549377441, "iq_range": 0.1650049313902855, "density": 0.23443821779651242, "accuracy": -1.0, "distance": 1.430930733680725}, "9": {"mean": -0.28567999601364136, "variance": 0.018386943265795708, "std_dev": 0.13559846580028534, "median": -0.2983749806880951, "range": 0.6600216627120972, "iq_range": 0.15638313814997673, "density": 0.23357409797713344, "accuracy": 1.0, "distance": 1.1336077451705933}, "10": {"mean": -0.28997859358787537, "variance": 0.015912406146526337, "std_dev": 0.1261443793773651, "median": -0.3078867793083191, "range": 0.6207359433174133, "iq_range": 0.13361087068915367, "density": 0.23242769946168887, "accuracy": 1.0, "distance": 0.39583513140678406}, "11": {"mean": -0.2912640869617462, "variance": 0.015165218152105808, "std_dev": 0.1231471374630928, "median": -0.3202982544898987, "range": 0.6288362145423889, "iq_range": 0.12331469729542732, "density": 0.24438147214780892, "accuracy": 1.0, "distance": 0.999553382396698}, "12": {"mean": -0.2880373001098633, "variance": 0.017034506425261497, "std_dev": 0.13051630556583405, "median": -0.3102825880050659, "range": 0.6600216627120972, "iq_range": 0.1375703327357769, "density": 0.23954751698587692, "accuracy": -1.0, "distance": 1.0609314441680908}, "13": {"mean": -0.2829861342906952, "variance": 0.019918853417038918, "std_dev": 0.14113417267799377, "median": -0.29684820771217346, "range": 0.6288361549377441, "iq_range": 0.16981500014662743, "density": 0.23460111210501394, "accuracy": 1.0, "distance": 0.6255596280097961}, "14": {"mean": -0.28450289368629456, "variance": 0.019058093428611755, "std_dev": 0.13805104792118073, "median": -0.29818224906921387, "range": 0.6600216627120972, "iq_range": 0.17590764164924622, "density": 0.2360233792804464, "accuracy": 1.0, "distance": 0.8521816730499268}}