{"0": {"mean": -0.2897709310054779, "variance": 0.01603281870484352, "std_dev": 0.12662076950073242, "median": -0.30814623832702637, "range": 0.6600216627120972, "iq_range": 0.1332276202738285, "density": 0.23573759126112992, "accuracy": -1.0, "distance": 0.5222674608230591}, "1": {"mean": -0.2881089448928833, "variance": 0.01699323207139969, "std_dev": 0.13035808503627777, "median": -0.3064348101615906, "range": 0.6288362145423889, "iq_range": 0.15205316618084908, "density": 0.23510074880603105, "accuracy": 1.0, "distance": 0.9246935844421387}, "2": {"mean": -0.28728511929512024, "variance": 0.017467252910137177, "std_dev": 0.13216373324394226, "median": -0.3032901883125305, "range": 0.6600216627120972, "iq_range": 0.14557672291994095, "density": 0.2362319662717505, "accuracy": 1.0, "distance": 0.6521864533424377}, "3": {"mean": -0.2884037494659424, "variance": 0.016823286190629005, "std_dev": 0.12970460951328278, "median": -0.3068278133869171, "range": 0.6288362145423889, "iq_range": 0.1435977853834629, "density": 0.2366923826872332, "accuracy": -1.0, "distance": 1.1873557567596436}, "4": {"mean": -0.2909727990627289, "variance": 0.015334825962781906, "std_dev": 0.12383386492729187, "median": -0.3133222460746765, "range": 0.6600216627120972, "iq_range": 0.12853232398629189, "density": 0.2350351335095228, "accuracy": 1.0, "distance": 0.31415268778800964}, "5": {"mean": -0.2881225049495697, "variance": 0.01698542758822441, "std_dev": 0.13032814860343933, "median": -0.30582213401794434, "range": 0.6600216627120972, "iq_range": 0.14658710360527039, "density": 0.2366769224588352, "accuracy": -1.0, "distance": 1.339176058769226}, "6": {"mean": -0.2861403822898865, "variance": 0.018123684450984, "std_dev": 0.13462422788143158, "median": -0.3042669892311096, "range": 0.6179154515266418, "iq_range": 0.17558962851762772, "density": 0.23913810070206015, "accuracy": 1.0, "distance": 1.1010760068893433}, "7": {"mean": -0.285131573677063, "variance": 0.01870000548660755, "std_dev": 0.13674795627593994, "median": -0.29823076725006104, "range": 0.6600216627120972, "iq_range": 0.16743678972125053, "density": 0.23322134617612933, "accuracy": -1.0, "distance": 1.2030118703842163}, "8": {"mean": -0.2813856899738312, "variance": 0.020822085440158844, "std_dev": 0.14429859817028046, "median": -0.28712326288223267, "range": 0.6288360357284546, "iq_range": 0.18095951527357101, "density": 0.23439095709484947, "accuracy": 1.0, "distance": 1.242893099784851}, "9": {"mean": -0.2916826903820038, "variance": 0.014921227470040321, "std_dev": 0.12215247750282288, "median": -0.31906455755233765, "range": 0.6600216627120972, "iq_range": 0.12660130113363266, "density": 0.23826925494047846, "accuracy": -1.0, "distance": 0.8573030829429626}, "10": {"mean": -0.2867215573787689, "variance": 0.017790744081139565, "std_dev": 0.1333819478750229, "median": -0.2999524474143982, "range": 0.6288362145423889, "iq_range": 0.15725857019424438, "density": 0.23489235916022, "accuracy": -1.0, "distance": 1.0408543348312378}, "11": {"mean": -0.285592257976532, "variance": 0.018437065184116364, "std_dev": 0.1357831507921219, "median": -0.3010718822479248, "range": 0.6288362145423889, "iq_range": 0.16886331886053085, "density": 0.23674377955506898, "accuracy": -1.0, "distance": 1.2293215990066528}, "12": {"mean": -0.2898823916912079, "variance": 0.015968209132552147, "std_dev": 0.12636537849903107, "median": -0.31347209215164185, "range": 0.6600216627120972, "iq_range": 0.12127944454550743, "density": 0.2391037458064722, "accuracy": 1.0, "distance": 0.5081959366798401}, "13": {"mean": -0.2908092141151428, "variance": 0.015430000610649586, "std_dev": 0.12421755492687225, "median": -0.3155038356781006, "range": 0.6600216627120972, "iq_range": 0.12686202302575111, "density": 0.23563804203679317, "accuracy": -1.0, "distance": 0.6806020140647888}, "14": {"mean": -0.2885245382785797, "variance": 0.016753578558564186, "std_dev": 0.12943561375141144, "median": -0.3109462857246399, "range": 0.5918647646903992, "iq_range": 0.1413777694106102, "density": 0.23522325415577808, "accuracy": 1.0, "distance": 0.6104180812835693}}