{"0": {"mean": -0.2852443754673004, "variance": 0.018635643646121025, "std_dev": 0.13651242852210999, "median": -0.3026711344718933, "range": 0.6600216627120972, "iq_range": 0.17956023663282394, "density": 0.2372946914887955, "accuracy": 1.0, "distance": 1.1235077381134033}, "1": {"mean": -0.2838633954524994, "variance": 0.01942157745361328, "std_dev": 0.13936132192611694, "median": -0.29541176557540894, "range": 0.6600216627120972, "iq_range": 0.17345360293984413, "density": 0.23494371360026683, "accuracy": -1.0, "distance": 1.6637048721313477}, "2": {"mean": -0.28655537962913513, "variance": 0.017886005342006683, "std_dev": 0.13373857736587524, "median": -0.3009047508239746, "range": 0.6600216627120972, "iq_range": 0.16431592404842377, "density": 0.23460314867230417, "accuracy": -1.0, "distance": 1.0925912857055664}, "3": {"mean": -0.2865705192089081, "variance": 0.017877327278256416, "std_dev": 0.13370612263679504, "median": -0.3106541037559509, "range": 0.6600216627120972, "iq_range": 0.16179070994257927, "density": 0.23444983404440883, "accuracy": -1.0, "distance": 0.66656893491745}, "4": {"mean": -0.2828688621520996, "variance": 0.019985198974609375, "std_dev": 0.1413690149784088, "median": -0.29863184690475464, "range": 0.6600216031074524, "iq_range": 0.17308250069618225, "density": 0.23696586908154862, "accuracy": -1.0, "distance": 1.7527567148208618}, "5": {"mean": -0.2892599403858185, "variance": 0.016328681260347366, "std_dev": 0.12778373062610626, "median": -0.3165556788444519, "range": 0.6288362145423889, "iq_range": 0.13327881321310997, "density": 0.24036583914508944, "accuracy": 1.0, "distance": 1.2226169109344482}, "6": {"mean": -0.2856118977069855, "variance": 0.01842583529651165, "std_dev": 0.13574180006980896, "median": -0.3080484867095947, "range": 0.6600216627120972, "iq_range": 0.1650528609752655, "density": 0.23615149938257105, "accuracy": 1.0, "distance": 0.6317548155784607}, "7": {"mean": -0.29206860065460205, "variance": 0.014695926569402218, "std_dev": 0.12122675776481628, "median": -0.31749817728996277, "range": 0.6288362145423889, "iq_range": 0.11926603317260742, "density": 0.24301487364976215, "accuracy": 1.0, "distance": 0.45213472843170166}, "8": {"mean": -0.2839842438697815, "variance": 0.019352953881025314, "std_dev": 0.13911490142345428, "median": -0.2952272891998291, "range": 0.6600216627120972, "iq_range": 0.18347402662038803, "density": 0.23660267628956133, "accuracy": -1.0, "distance": 1.2405261993408203}, "9": {"mean": -0.28563934564590454, "variance": 0.01841016300022602, "std_dev": 0.1356840580701828, "median": -0.2966996133327484, "range": 0.6600216627120972, "iq_range": 0.16297248750925064, "density": 0.23221169638202022, "accuracy": -1.0, "distance": 0.8860524296760559}, "10": {"mean": -0.28520122170448303, "variance": 0.01866026222705841, "std_dev": 0.13660256564617157, "median": -0.2982153594493866, "range": 0.6288362145423889, "iq_range": 0.17142105475068092, "density": 0.2347618303249695, "accuracy": -1.0, "distance": 1.1893900632858276}, "11": {"mean": -0.28834354877471924, "variance": 0.01685800962150097, "std_dev": 0.12983839213848114, "median": -0.30655917525291443, "range": 0.6600216627120972, "iq_range": 0.1423470750451088, "density": 0.23550006873622192, "accuracy": -1.0, "distance": 0.8545366525650024}, "12": {"mean": -0.28363463282585144, "variance": 0.019551390781998634, "std_dev": 0.13982628285884857, "median": -0.2965121269226074, "range": 0.6191850900650024, "iq_range": 0.17002973333001137, "density": 0.2345019865599927, "accuracy": 1.0, "distance": 1.324248194694519}, "13": {"mean": -0.2836512625217438, "variance": 0.01954195834696293, "std_dev": 0.1397925615310669, "median": -0.29282110929489136, "range": 0.6288362145423889, "iq_range": 0.17205575481057167, "density": 0.23405860359603609, "accuracy": 1.0, "distance": 1.1398906707763672}, "14": {"mean": -0.2863593101501465, "variance": 0.017998328432440758, "std_dev": 0.13415785133838654, "median": -0.30980736017227173, "range": 0.6600216627120972, "iq_range": 0.1554776318371296, "density": 0.23592817721346424, "accuracy": -1.0, "distance": 0.5607433319091797}}