{"0": {"mean": -0.28877899050712585, "variance": 0.01660669408738613, "std_dev": 0.12886695563793182, "median": -0.31077736616134644, "range": 0.6207359433174133, "iq_range": 0.14980465918779373, "density": 0.2342829674179027, "accuracy": -1.0, "distance": 0.8971335887908936}, "1": {"mean": -0.2901352345943451, "variance": 0.0158215519040823, "std_dev": 0.1257837563753128, "median": -0.3070172071456909, "range": 0.6207359433174133, "iq_range": 0.14034461602568626, "density": 0.2364066883670747, "accuracy": -1.0, "distance": 0.7260778546333313}, "2": {"mean": -0.291925847530365, "variance": 0.014779307879507542, "std_dev": 0.1215701773762703, "median": -0.31993842124938965, "range": 0.6079211831092834, "iq_range": 0.1160910353064537, "density": 0.23798970703962943, "accuracy": 1.0, "distance": 0.5521983504295349}, "3": {"mean": -0.290714830160141, "variance": 0.015484871342778206, "std_dev": 0.12443822622299194, "median": -0.31278228759765625, "range": 0.6600216627120972, "iq_range": 0.12832731008529663, "density": 0.23843858615892294, "accuracy": -1.0, "distance": 0.6873453855514526}, "4": {"mean": -0.288398414850235, "variance": 0.01682637445628643, "std_dev": 0.12971651554107666, "median": -0.30953139066696167, "range": 0.6288362145423889, "iq_range": 0.14222727343440056, "density": 0.23900440178954627, "accuracy": -1.0, "distance": 0.7834149599075317}, "5": {"mean": -0.28813377022743225, "variance": 0.01697893813252449, "std_dev": 0.1303032487630844, "median": -0.3062497079372406, "range": 0.6288362145423889, "iq_range": 0.1511809602379799, "density": 0.2349164493119995, "accuracy": -1.0, "distance": 0.8546150326728821}, "6": {"mean": -0.2892460823059082, "variance": 0.01633669063448906, "std_dev": 0.12781506776809692, "median": -0.3131338357925415, "range": 0.6191851496696472, "iq_range": 0.13662340864539146, "density": 0.23680318739586792, "accuracy": -1.0, "distance": 0.7318581342697144}, "7": {"mean": -0.28498294949531555, "variance": 0.01878472976386547, "std_dev": 0.13705739378929138, "median": -0.2995280623435974, "range": 0.6288362145423889, "iq_range": 0.1721419133245945, "density": 0.23673139033449958, "accuracy": 1.0, "distance": 1.1735389232635498}, "8": {"mean": -0.2889885902404785, "variance": 0.016485610976815224, "std_dev": 0.12839630246162415, "median": -0.30582696199417114, "range": 0.6600216627120972, "iq_range": 0.1474350430071354, "density": 0.2358639368464695, "accuracy": -1.0, "distance": 1.036030888557434}, "9": {"mean": -0.29294490814208984, "variance": 0.014183282852172852, "std_dev": 0.11909358948469162, "median": -0.32061728835105896, "range": 0.6007345914840698, "iq_range": 0.1079089343547821, "density": 0.2395796294067248, "accuracy": -1.0, "distance": 0.3436802923679352}, "10": {"mean": -0.28686630725860596, "variance": 0.017707733437418938, "std_dev": 0.13307040929794312, "median": -0.3064737319946289, "range": 0.6179154515266418, "iq_range": 0.17045341804623604, "density": 0.23980938034359206, "accuracy": 1.0, "distance": 0.6895091533660889}, "11": {"mean": -0.2850866913795471, "variance": 0.018725570291280746, "std_dev": 0.13684140145778656, "median": -0.3008785843849182, "range": 0.5918647646903992, "iq_range": 0.168782539665699, "density": 0.23600921089093987, "accuracy": 1.0, "distance": 0.9690566062927246}, "12": {"mean": -0.2866242527961731, "variance": 0.01784653589129448, "std_dev": 0.1335909217596054, "median": -0.2987164258956909, "range": 0.6288362145423889, "iq_range": 0.166582603007555, "density": 0.23467142930008048, "accuracy": -1.0, "distance": 1.2845031023025513}, "13": {"mean": -0.29028913378715515, "variance": 0.01573221944272518, "std_dev": 0.12542814016342163, "median": -0.3168516159057617, "range": 0.6288361549377441, "iq_range": 0.12649520486593246, "density": 0.2463631593978305, "accuracy": 1.0, "distance": 0.607259213924408}, "14": {"mean": -0.28731605410575867, "variance": 0.01744949258863926, "std_dev": 0.132096529006958, "median": -0.3003060817718506, "range": 0.6135308146476746, "iq_range": 0.15512040629982948, "density": 0.23408180805718082, "accuracy": 1.0, "distance": 0.461371511220932}}