{"0": {"mean": -0.2905302941799164, "variance": 0.015592137351632118, "std_dev": 0.1248684823513031, "median": -0.3166888356208801, "range": 0.6600216627120972, "iq_range": 0.12508689984679222, "density": 0.2402877452290734, "accuracy": -1.0, "distance": 1.054880976676941}, "1": {"mean": -0.2883371412754059, "variance": 0.016861706972122192, "std_dev": 0.12985263764858246, "median": -0.3042185306549072, "range": 0.6600216627120972, "iq_range": 0.1466623917222023, "density": 0.2349698481560749, "accuracy": -1.0, "distance": 1.0733767747879028}, "2": {"mean": -0.2906719744205475, "variance": 0.015509816817939281, "std_dev": 0.12453841418027878, "median": -0.3154712915420532, "range": 0.6207359433174133, "iq_range": 0.12877235561609268, "density": 0.23726212638320132, "accuracy": -1.0, "distance": 0.6581628322601318}, "3": {"mean": -0.2880282700061798, "variance": 0.017039738595485687, "std_dev": 0.13053634762763977, "median": -0.308724045753479, "range": 0.6207359433174133, "iq_range": 0.14470919221639633, "density": 0.23464237650475991, "accuracy": 1.0, "distance": 1.2319358587265015}, "4": {"mean": -0.28753215074539185, "variance": 0.017325256019830704, "std_dev": 0.1316254436969757, "median": -0.302746444940567, "range": 0.6135308146476746, "iq_range": 0.15633780881762505, "density": 0.23381662903534653, "accuracy": 1.0, "distance": 0.540736734867096}, "5": {"mean": -0.28582072257995605, "variance": 0.018306531012058258, "std_dev": 0.1353016346693039, "median": -0.30042439699172974, "range": 0.6288362145423889, "iq_range": 0.16535301133990288, "density": 0.2338924713179841, "accuracy": -1.0, "distance": 0.8478325009346008}, "6": {"mean": -0.2872215509414673, "variance": 0.0175037682056427, "std_dev": 0.13230180740356445, "median": -0.30991238355636597, "range": 0.6191851496696472, "iq_range": 0.14453149959445, "density": 0.23750492217174687, "accuracy": 1.0, "distance": 1.0107532739639282}, "7": {"mean": -0.2915431559085846, "variance": 0.015002600848674774, "std_dev": 0.12248510122299194, "median": -0.32012444734573364, "range": 0.6079211831092834, "iq_range": 0.11826317757368088, "density": 0.23687661054314363, "accuracy": 1.0, "distance": 0.8869900107383728}, "8": {"mean": -0.292515367269516, "variance": 0.014434751123189926, "std_dev": 0.12014470994472504, "median": -0.32085633277893066, "range": 0.578887403011322, "iq_range": 0.1161004826426506, "density": 0.2396718762113099, "accuracy": 1.0, "distance": 0.9175360202789307}, "9": {"mean": -0.2915608584880829, "variance": 0.014992261305451393, "std_dev": 0.12244289368391037, "median": -0.3176042437553406, "range": 0.6207359433174133, "iq_range": 0.12564773857593536, "density": 0.2363404158043609, "accuracy": -1.0, "distance": 0.445782870054245}, "10": {"mean": -0.2868802547454834, "variance": 0.01769970916211605, "std_dev": 0.13304024934768677, "median": -0.30434614419937134, "range": 0.6600216627120972, "iq_range": 0.16008567437529564, "density": 0.23480355601273528, "accuracy": -1.0, "distance": 1.026758074760437}, "11": {"mean": -0.28705769777297974, "variance": 0.017597878351807594, "std_dev": 0.132656991481781, "median": -0.31025922298431396, "range": 0.6288362145423889, "iq_range": 0.1490498147904873, "density": 0.24158142899199408, "accuracy": 1.0, "distance": 1.529590368270874}, "12": {"mean": -0.2862437665462494, "variance": 0.018064500764012337, "std_dev": 0.1344042420387268, "median": -0.30211687088012695, "range": 0.6207358837127686, "iq_range": 0.15337668359279633, "density": 0.23695672208778423, "accuracy": -1.0, "distance": 0.9702595472335815}, "13": {"mean": -0.288761168718338, "variance": 0.016616979613900185, "std_dev": 0.12890686094760895, "median": -0.3070172071456909, "range": 0.6600216627120972, "iq_range": 0.13626354187726974, "density": 0.2381443441401333, "accuracy": -1.0, "distance": 1.2572517395019531}, "14": {"mean": -0.28443506360054016, "variance": 0.019096696749329567, "std_dev": 0.13819079101085663, "median": -0.3027411699295044, "range": 0.6600216627120972, "iq_range": 0.17661814019083977, "density": 0.23442421574017341, "accuracy": 1.0, "distance": 1.2794110774993896}}