{"0": {"mean": -0.283998042345047, "variance": 0.01934511959552765, "std_dev": 0.1390867382287979, "median": -0.2941014766693115, "range": 0.6179154515266418, "iq_range": 0.17072074487805367, "density": 0.23274306345857204, "accuracy": 1.0, "distance": 0.3403325080871582}, "1": {"mean": -0.2828346788883209, "variance": 0.02000453695654869, "std_dev": 0.14143739640712738, "median": -0.2930017113685608, "range": 0.6288362145423889, "iq_range": 0.18252543732523918, "density": 0.23581310713548, "accuracy": 1.0, "distance": 0.7367855906486511}, "2": {"mean": -0.29039013385772705, "variance": 0.015673575922846794, "std_dev": 0.12519414722919464, "median": -0.30925559997558594, "range": 0.6207359433174133, "iq_range": 0.1336209774017334, "density": 0.2358625009086568, "accuracy": -1.0, "distance": 0.8859060406684875}, "3": {"mean": -0.2866069972515106, "variance": 0.017856424674391747, "std_dev": 0.13362793624401093, "median": -0.2992706298828125, "range": 0.6288362145423889, "iq_range": 0.15957248210906982, "density": 0.23451437715434947, "accuracy": 1.0, "distance": 0.4399440586566925}, "4": {"mean": -0.2884605824947357, "variance": 0.016790512949228287, "std_dev": 0.12957821786403656, "median": -0.30571162700653076, "range": 0.6600216627120972, "iq_range": 0.13890082389116287, "density": 0.23666567851097045, "accuracy": -1.0, "distance": 0.8466894626617432}, "5": {"mean": -0.2852291166782379, "variance": 0.018644358962774277, "std_dev": 0.1365443468093872, "median": -0.3026418089866638, "range": 0.6600216627120972, "iq_range": 0.17615452781319618, "density": 0.23476799387108246, "accuracy": 1.0, "distance": 0.6298332810401917}, "6": {"mean": -0.2908543050289154, "variance": 0.01540376152843237, "std_dev": 0.12411189079284668, "median": -0.3161925971508026, "range": 0.596330463886261, "iq_range": 0.12583015859127045, "density": 0.23638469942515913, "accuracy": -1.0, "distance": 0.7235300540924072}, "7": {"mean": -0.284541517496109, "variance": 0.019036132842302322, "std_dev": 0.13797149062156677, "median": -0.2973839044570923, "range": 0.6288362145423889, "iq_range": 0.18066484108567238, "density": 0.23798218753849804, "accuracy": 1.0, "distance": 0.9136122465133667}, "8": {"mean": -0.28917816281318665, "variance": 0.016375990584492683, "std_dev": 0.1279687136411667, "median": -0.3126009702682495, "range": 0.6600216627120972, "iq_range": 0.12950289621949196, "density": 0.23585544059775115, "accuracy": 1.0, "distance": 1.1040878295898438}, "9": {"mean": -0.2894967794418335, "variance": 0.016191639006137848, "std_dev": 0.12724636495113373, "median": -0.30525052547454834, "range": 0.6207359433174133, "iq_range": 0.13524344563484192, "density": 0.23725680617032205, "accuracy": -1.0, "distance": 0.4827311336994171}, "10": {"mean": -0.28979000449180603, "variance": 0.01602175459265709, "std_dev": 0.12657706439495087, "median": -0.30941852927207947, "range": 0.6288362145423889, "iq_range": 0.1373991183936596, "density": 0.2367980555092869, "accuracy": -1.0, "distance": 1.0110085010528564}, "11": {"mean": -0.2841651141643524, "variance": 0.019250188022851944, "std_dev": 0.1387450397014618, "median": -0.29399022459983826, "range": 0.6288362145423889, "iq_range": 0.16784841939806938, "density": 0.23636645602187473, "accuracy": 1.0, "distance": 1.1877360343933105}, "12": {"mean": -0.28671538829803467, "variance": 0.017794286832213402, "std_dev": 0.1333952248096466, "median": -0.3021225333213806, "range": 0.6600216627120972, "iq_range": 0.16298015788197517, "density": 0.23602602801692948, "accuracy": -1.0, "distance": 0.9228397011756897}, "13": {"mean": -0.2866804301738739, "variance": 0.01781432330608368, "std_dev": 0.1334703117609024, "median": -0.30238038301467896, "range": 0.6207359433174133, "iq_range": 0.15489282459020615, "density": 0.23440710863095707, "accuracy": 1.0, "distance": 0.9131024479866028}, "14": {"mean": -0.2842487394809723, "variance": 0.019202640280127525, "std_dev": 0.13857358694076538, "median": -0.29506829380989075, "range": 0.6288362145423889, "iq_range": 0.17032672092318535, "density": 0.2354969927018384, "accuracy": 1.0, "distance": 0.6639343500137329}}