{"0": {"mean": -0.28339654207229614, "variance": 0.019686399027705193, "std_dev": 0.1403082311153412, "median": -0.29569271206855774, "range": 0.6600216627120972, "iq_range": 0.18645381554961205, "density": 0.23652795552057151, "accuracy": -1.0, "distance": 1.0098631381988525}, "1": {"mean": -0.28695905208587646, "variance": 0.01765449158847332, "std_dev": 0.13287021219730377, "median": -0.30582213401794434, "range": 0.6600216627120972, "iq_range": 0.1547243408858776, "density": 0.23662401981816997, "accuracy": 1.0, "distance": 0.5882008075714111}, "2": {"mean": -0.28642040491104126, "variance": 0.017963359132409096, "std_dev": 0.13402745127677917, "median": -0.29945582151412964, "range": 0.6207359433174133, "iq_range": 0.15970094501972198, "density": 0.23719571669322825, "accuracy": -1.0, "distance": 0.6473317742347717}, "3": {"mean": -0.287598580121994, "variance": 0.01728706806898117, "std_dev": 0.13148029148578644, "median": -0.30818095803260803, "range": 0.6191851496696472, "iq_range": 0.14272228255867958, "density": 0.23946085883254944, "accuracy": 1.0, "distance": 0.5645681023597717}, "4": {"mean": -0.28603726625442505, "variance": 0.018182681873440742, "std_dev": 0.13484317064285278, "median": -0.30528706312179565, "range": 0.6288361549377441, "iq_range": 0.15749992802739143, "density": 0.23556788693525257, "accuracy": 1.0, "distance": 0.9050365686416626}, "5": {"mean": -0.2824169397354126, "variance": 0.02024068497121334, "std_dev": 0.14226976037025452, "median": -0.2898644208908081, "range": 0.6288362145423889, "iq_range": 0.18447671085596085, "density": 0.2351930761782191, "accuracy": 1.0, "distance": 0.8562167882919312}, "6": {"mean": -0.2918672263622284, "variance": 0.014813527464866638, "std_dev": 0.12171083688735962, "median": -0.3167908489704132, "range": 0.6207359433174133, "iq_range": 0.12455541267991066, "density": 0.23653387415368363, "accuracy": -1.0, "distance": 0.6226422786712646}, "7": {"mean": -0.28635284304618835, "variance": 0.01800205186009407, "std_dev": 0.134171724319458, "median": -0.3056753873825073, "range": 0.6191851496696472, "iq_range": 0.1614452488720417, "density": 0.23428484439453384, "accuracy": 1.0, "distance": 0.5562090873718262}, "8": {"mean": -0.28746452927589417, "variance": 0.017364148050546646, "std_dev": 0.13177309930324554, "median": -0.30437207221984863, "range": 0.6135308146476746, "iq_range": 0.15876051038503647, "density": 0.23352485012046784, "accuracy": 1.0, "distance": 0.9393905997276306}, "9": {"mean": -0.29099634289741516, "variance": 0.015321140177547932, "std_dev": 0.12377859652042389, "median": -0.31788504123687744, "range": 0.6288360953330994, "iq_range": 0.12104212120175362, "density": 0.24164914121403663, "accuracy": 1.0, "distance": 1.0433712005615234}, "10": {"mean": -0.28897425532341003, "variance": 0.01649387553334236, "std_dev": 0.12842848896980286, "median": -0.30483531951904297, "range": 0.6600216627120972, "iq_range": 0.14587418362498283, "density": 0.23553289282983506, "accuracy": -1.0, "distance": 0.5748988389968872}, "11": {"mean": -0.28562232851982117, "variance": 0.01841988041996956, "std_dev": 0.13571986556053162, "median": -0.2967725396156311, "range": 0.6207359433174133, "iq_range": 0.1586151383817196, "density": 0.23556743541957795, "accuracy": -1.0, "distance": 1.094861626625061}, "12": {"mean": -0.2865484952926636, "variance": 0.017889946699142456, "std_dev": 0.13375329971313477, "median": -0.3059653639793396, "range": 0.6207359433174133, "iq_range": 0.16870057955384254, "density": 0.23786094407746028, "accuracy": 1.0, "distance": 0.9144170880317688}, "13": {"mean": -0.2862614691257477, "variance": 0.018054381012916565, "std_dev": 0.13436658680438995, "median": -0.3074309825897217, "range": 0.6207359433174133, "iq_range": 0.15563711896538734, "density": 0.2380720740789996, "accuracy": 1.0, "distance": 1.5143167972564697}, "14": {"mean": -0.2846892178058624, "variance": 0.01895204558968544, "std_dev": 0.13766643404960632, "median": -0.29534557461738586, "range": 0.6288362145423889, "iq_range": 0.16167321428656578, "density": 0.23357998717826114, "accuracy": 1.0, "distance": 0.49407634139060974}}