{"0": {"mean": -0.2906560003757477, "variance": 0.015519073233008385, "std_dev": 0.12457557022571564, "median": -0.30856576561927795, "range": 0.6191851496696472, "iq_range": 0.1262718327343464, "density": 0.23632075401598074, "accuracy": -1.0, "distance": 0.6325743794441223}, "1": {"mean": -0.2875555157661438, "variance": 0.017311831936240196, "std_dev": 0.13157443702220917, "median": -0.30876851081848145, "range": 0.6600216627120972, "iq_range": 0.15267055854201317, "density": 0.23341603956589133, "accuracy": -1.0, "distance": 1.0050098896026611}, "2": {"mean": -0.28700941801071167, "variance": 0.01762559451162815, "std_dev": 0.1327614188194275, "median": -0.30337071418762207, "range": 0.6288362145423889, "iq_range": 0.16112073883414268, "density": 0.23716153163958634, "accuracy": 1.0, "distance": 0.8656445741653442}, "3": {"mean": -0.2888026237487793, "variance": 0.016593055799603462, "std_dev": 0.12881404161453247, "median": -0.30594250559806824, "range": 0.6207359433174133, "iq_range": 0.14371877908706665, "density": 0.23682514056461254, "accuracy": 1.0, "distance": 0.47983014583587646}, "4": {"mean": -0.2881983518600464, "variance": 0.01694170944392681, "std_dev": 0.13016031682491302, "median": -0.31106555461883545, "range": 0.6600216627120972, "iq_range": 0.14436639472842216, "density": 0.23653079324102366, "accuracy": 1.0, "distance": 0.7887217998504639}, "5": {"mean": -0.29407626390457153, "variance": 0.013519150204956532, "std_dev": 0.11627188324928284, "median": -0.3240237236022949, "range": 0.5784083008766174, "iq_range": 0.11012477427721024, "density": 0.2419566965764913, "accuracy": -1.0, "distance": 0.5791918039321899}, "6": {"mean": -0.2874244451522827, "variance": 0.01738717034459114, "std_dev": 0.1318604201078415, "median": -0.30054324865341187, "range": 0.6207359433174133, "iq_range": 0.15377099066972733, "density": 0.23469510781065026, "accuracy": -1.0, "distance": 1.1256297826766968}, "7": {"mean": -0.28319379687309265, "variance": 0.019801286980509758, "std_dev": 0.1407170444726944, "median": -0.2906012535095215, "range": 0.6288362145423889, "iq_range": 0.16988462209701538, "density": 0.23426003334253515, "accuracy": 1.0, "distance": 1.177364468574524}, "8": {"mean": -0.2847043573856354, "variance": 0.018943436443805695, "std_dev": 0.13763515651226044, "median": -0.3007122874259949, "range": 0.6600216627120972, "iq_range": 0.1710968017578125, "density": 0.23395072121449142, "accuracy": -1.0, "distance": 1.0475362539291382}, "9": {"mean": -0.28807857632637024, "variance": 0.01701071858406067, "std_dev": 0.13042514026165009, "median": -0.31015121936798096, "range": 0.6600216627120972, "iq_range": 0.1372518315911293, "density": 0.23442455816673813, "accuracy": 1.0, "distance": 1.1926908493041992}, "10": {"mean": -0.28377822041511536, "variance": 0.019469914957880974, "std_dev": 0.13953463733196259, "median": -0.29517897963523865, "range": 0.6600216627120972, "iq_range": 0.17421909794211388, "density": 0.23413416655667862, "accuracy": -1.0, "distance": 0.9429799318313599}, "11": {"mean": -0.28698188066482544, "variance": 0.017641397193074226, "std_dev": 0.13282091915607452, "median": -0.3043305277824402, "range": 0.6600216627120972, "iq_range": 0.16268039867281914, "density": 0.235255406322936, "accuracy": -1.0, "distance": 0.40329045057296753}, "12": {"mean": -0.2868060767650604, "variance": 0.017742279917001724, "std_dev": 0.13320015370845795, "median": -0.30746179819107056, "range": 0.6600216627120972, "iq_range": 0.15449148789048195, "density": 0.23478352150845974, "accuracy": 1.0, "distance": 0.4971928596496582}, "13": {"mean": -0.2885753810405731, "variance": 0.016724247485399246, "std_dev": 0.12932226061820984, "median": -0.3101038932800293, "range": 0.6207359433174133, "iq_range": 0.13762899115681648, "density": 0.23913319445661735, "accuracy": 1.0, "distance": 0.7380325198173523}, "14": {"mean": -0.29215043783187866, "variance": 0.014648128300905228, "std_dev": 0.12102945148944855, "median": -0.31878459453582764, "range": 0.6179154515266418, "iq_range": 0.11356710642576218, "density": 0.24273400942735257, "accuracy": 1.0, "distance": 0.5927963256835938}}