{"0": {"mean": -0.28952181339263916, "variance": 0.016177112236618996, "std_dev": 0.1271892786026001, "median": -0.3132346272468567, "range": 0.6600216627120972, "iq_range": 0.12520712614059448, "density": 0.23658977339347073, "accuracy": -1.0, "distance": 0.6362593173980713}, "1": {"mean": -0.28757885098457336, "variance": 0.017298394814133644, "std_dev": 0.13152335584163666, "median": -0.3097935914993286, "range": 0.6146379113197327, "iq_range": 0.14576276391744614, "density": 0.23902093534535504, "accuracy": 1.0, "distance": 1.0385886430740356}, "2": {"mean": -0.28389355540275574, "variance": 0.019404441118240356, "std_dev": 0.13929982483386993, "median": -0.2929226756095886, "range": 0.6288362145423889, "iq_range": 0.1672707051038742, "density": 0.2359505351007784, "accuracy": -1.0, "distance": 1.031028389930725}, "3": {"mean": -0.29369592666625977, "variance": 0.01374270673841238, "std_dev": 0.11722929030656815, "median": -0.32433411478996277, "range": 0.596330463886261, "iq_range": 0.109956294298172, "density": 0.24302883181642504, "accuracy": -1.0, "distance": 1.0252524614334106}, "4": {"mean": -0.28776824474334717, "variance": 0.017189444974064827, "std_dev": 0.13110852241516113, "median": -0.3094850778579712, "range": 0.5961215496063232, "iq_range": 0.14479395747184753, "density": 0.23719812513364488, "accuracy": 1.0, "distance": 0.5341750979423523}, "5": {"mean": -0.28875359892845154, "variance": 0.01662135310471058, "std_dev": 0.12892383337020874, "median": -0.3077740967273712, "range": 0.6600216627120972, "iq_range": 0.13665951043367386, "density": 0.23657204731685302, "accuracy": -1.0, "distance": 0.7304637432098389}, "6": {"mean": -0.289341539144516, "variance": 0.016281452029943466, "std_dev": 0.12759879231452942, "median": -0.3101533055305481, "range": 0.6600216627120972, "iq_range": 0.13329247757792473, "density": 0.23717632564437913, "accuracy": -1.0, "distance": 0.98639315366745}, "7": {"mean": -0.2848772704601288, "variance": 0.018844954669475555, "std_dev": 0.13727693259716034, "median": -0.2986820340156555, "range": 0.6288362145423889, "iq_range": 0.16595439985394478, "density": 0.23532963458087458, "accuracy": 1.0, "distance": 0.7734755873680115}, "8": {"mean": -0.286212682723999, "variance": 0.018082305788993835, "std_dev": 0.13447046279907227, "median": -0.30311319231987, "range": 0.6600216627120972, "iq_range": 0.16524165123701096, "density": 0.23548924391635373, "accuracy": -1.0, "distance": 1.1684881448745728}, "9": {"mean": -0.2847638428211212, "variance": 0.018909551203250885, "std_dev": 0.1375119984149933, "median": -0.29347866773605347, "range": 0.6288362145423889, "iq_range": 0.16843802481889725, "density": 0.23552919221981236, "accuracy": -1.0, "distance": 0.6344667673110962}, "10": {"mean": -0.2858456075191498, "variance": 0.018292289227247238, "std_dev": 0.13524898886680603, "median": -0.3059116005897522, "range": 0.6600216627120972, "iq_range": 0.16333967819809914, "density": 0.23703744664232645, "accuracy": -1.0, "distance": 1.051465392112732}, "11": {"mean": -0.28494876623153687, "variance": 0.01880420371890068, "std_dev": 0.13712842762470245, "median": -0.30211687088012695, "range": 0.6179154515266418, "iq_range": 0.17545116320252419, "density": 0.23469841886870535, "accuracy": 1.0, "distance": 1.0108582973480225}, "12": {"mean": -0.2916193902492523, "variance": 0.01495813112705946, "std_dev": 0.12230344116687775, "median": -0.32289719581604004, "range": 0.6079211831092834, "iq_range": 0.11887110024690628, "density": 0.24078235947947807, "accuracy": -1.0, "distance": 0.8842869997024536}, "13": {"mean": -0.2893265187740326, "variance": 0.016290174797177315, "std_dev": 0.1276329755783081, "median": -0.310136616230011, "range": 0.6207359433174133, "iq_range": 0.14081433042883873, "density": 0.23355437808084656, "accuracy": 1.0, "distance": 0.5392768979072571}, "14": {"mean": -0.28750327229499817, "variance": 0.017341870814561844, "std_dev": 0.13168853521347046, "median": -0.31016767024993896, "range": 0.6207359433174133, "iq_range": 0.16244307905435562, "density": 0.23376137269829486, "accuracy": -1.0, "distance": 0.7731666564941406}}