{"0": {"mean": -0.2856415808200836, "variance": 0.01840890198945999, "std_dev": 0.13567940890789032, "median": -0.30152902007102966, "range": 0.6600216627120972, "iq_range": 0.16105079650878906, "density": 0.23417163055558812, "accuracy": -1.0, "distance": 1.7160102128982544}, "1": {"mean": -0.28719595074653625, "variance": 0.017518479377031326, "std_dev": 0.1323573887348175, "median": -0.31078624725341797, "range": 0.6207359433174133, "iq_range": 0.156585231423378, "density": 0.2380151910031834, "accuracy": -1.0, "distance": 0.9920539855957031}, "2": {"mean": -0.28921231627464294, "variance": 0.016356242820620537, "std_dev": 0.12789152562618256, "median": -0.30919140577316284, "range": 0.6207359433174133, "iq_range": 0.13924794644117355, "density": 0.23625562086825394, "accuracy": -1.0, "distance": 1.1737900972366333}, "3": {"mean": -0.28967785835266113, "variance": 0.016086731106042862, "std_dev": 0.1268334835767746, "median": -0.3091445565223694, "range": 0.6135308146476746, "iq_range": 0.14045119658112526, "density": 0.23231913819474354, "accuracy": 1.0, "distance": 0.7406465411186218}, "4": {"mean": -0.28782451152801514, "variance": 0.01715705916285515, "std_dev": 0.13098496198654175, "median": -0.30542540550231934, "range": 0.6079211831092834, "iq_range": 0.15443438291549683, "density": 0.23620827460784172, "accuracy": 1.0, "distance": 0.9523730874061584}, "5": {"mean": -0.2881278097629547, "variance": 0.016982367262244225, "std_dev": 0.13031640648841858, "median": -0.31165677309036255, "range": 0.6600216627120972, "iq_range": 0.1424734964966774, "density": 0.2388883184767212, "accuracy": -1.0, "distance": 1.3337196111679077}, "6": {"mean": -0.28533098101615906, "variance": 0.01858622021973133, "std_dev": 0.13633129000663757, "median": -0.3038880228996277, "range": 0.6191851496696472, "iq_range": 0.17303293198347092, "density": 0.23640872884561653, "accuracy": 1.0, "distance": 0.6770489811897278}, "7": {"mean": -0.2894722819328308, "variance": 0.016205795109272003, "std_dev": 0.12730199098587036, "median": -0.314922034740448, "range": 0.6207359433174133, "iq_range": 0.12972837686538696, "density": 0.2386762377619974, "accuracy": 1.0, "distance": 0.8418057560920715}, "8": {"mean": -0.28485578298568726, "variance": 0.018857192248106003, "std_dev": 0.13732148706912994, "median": -0.29825878143310547, "range": 0.6288362145423889, "iq_range": 0.17097722366452217, "density": 0.23543885648414187, "accuracy": -1.0, "distance": 0.9049622416496277}, "9": {"mean": -0.285394549369812, "variance": 0.01854994148015976, "std_dev": 0.13619816303253174, "median": -0.2994106113910675, "range": 0.6191851496696472, "iq_range": 0.16785987466573715, "density": 0.2385052041102969, "accuracy": 1.0, "distance": 0.6338075399398804}, "10": {"mean": -0.28781652450561523, "variance": 0.01716163568198681, "std_dev": 0.13100242614746094, "median": -0.30908241868019104, "range": 0.6600216627120972, "iq_range": 0.1512945331633091, "density": 0.23684014551712407, "accuracy": -1.0, "distance": 1.1069937944412231}, "11": {"mean": -0.2910936176776886, "variance": 0.015264506451785564, "std_dev": 0.12354961037635803, "median": -0.3197840452194214, "range": 0.6079211831092834, "iq_range": 0.1227738969027996, "density": 0.2380723002598422, "accuracy": 1.0, "distance": 1.179250955581665}, "12": {"mean": -0.28750911355018616, "variance": 0.017338505014777184, "std_dev": 0.13167575001716614, "median": -0.31192463636398315, "range": 0.6288362145423889, "iq_range": 0.1520845964550972, "density": 0.23759411449650983, "accuracy": 1.0, "distance": 1.468473196029663}, "13": {"mean": -0.28801342844963074, "variance": 0.01704827882349491, "std_dev": 0.13056905567646027, "median": -0.30838653445243835, "range": 0.6600216627120972, "iq_range": 0.14889435842633247, "density": 0.23742484488890658, "accuracy": -1.0, "distance": 1.080201268196106}, "14": {"mean": -0.29021891951560974, "variance": 0.015772979706525803, "std_dev": 0.125590518116951, "median": -0.3145843744277954, "range": 0.6207359433174133, "iq_range": 0.13265559077262878, "density": 0.23628147380726314, "accuracy": -1.0, "distance": 0.44179537892341614}}