{"0": {"mean": -0.28742703795433044, "variance": 0.017385711893439293, "std_dev": 0.13185489177703857, "median": -0.30513572692871094, "range": 0.6600216627120972, "iq_range": 0.14017940685153008, "density": 0.23504745866296425, "accuracy": -1.0, "distance": 0.9574840664863586}, "1": {"mean": -0.2887326180934906, "variance": 0.016633495688438416, "std_dev": 0.1289709061384201, "median": -0.30564337968826294, "range": 0.6600216627120972, "iq_range": 0.13841970264911652, "density": 0.2370630625094161, "accuracy": -1.0, "distance": 0.416561096906662}, "2": {"mean": -0.2908211946487427, "variance": 0.015423029661178589, "std_dev": 0.12418948858976364, "median": -0.3168812394142151, "range": 0.6600216627120972, "iq_range": 0.12250175699591637, "density": 0.24268402577833237, "accuracy": -1.0, "distance": 1.127299189567566}, "3": {"mean": -0.2934269607067108, "variance": 0.01390061341226101, "std_dev": 0.11790086328983307, "median": -0.3227044641971588, "range": 0.6079211831092834, "iq_range": 0.10975437611341476, "density": 0.24647695840796918, "accuracy": 1.0, "distance": 0.6079875826835632}, "4": {"mean": -0.28755176067352295, "variance": 0.01731397770345211, "std_dev": 0.1315825879573822, "median": -0.298978328704834, "range": 0.6207359433174133, "iq_range": 0.15195795893669128, "density": 0.23591419313929246, "accuracy": -1.0, "distance": 0.48083215951919556}, "5": {"mean": -0.2848391532897949, "variance": 0.01886666566133499, "std_dev": 0.1373559832572937, "median": -0.29532915353775024, "range": 0.6191851496696472, "iq_range": 0.16427767649292946, "density": 0.2342135758263787, "accuracy": -1.0, "distance": 0.6232858300209045}, "6": {"mean": -0.28696900606155396, "variance": 0.01764879934489727, "std_dev": 0.13284878432750702, "median": -0.30155712366104126, "range": 0.6288362145423889, "iq_range": 0.16017308458685875, "density": 0.232850864656139, "accuracy": -1.0, "distance": 0.6244716644287109}, "7": {"mean": -0.2853809893131256, "variance": 0.018557682633399963, "std_dev": 0.1362265795469284, "median": -0.3034213185310364, "range": 0.6600216627120972, "iq_range": 0.17473643645644188, "density": 0.2362433965671808, "accuracy": 1.0, "distance": 0.9185208678245544}, "8": {"mean": -0.2859991192817688, "variance": 0.018204502761363983, "std_dev": 0.13492406904697418, "median": -0.3039674758911133, "range": 0.6600216627120972, "iq_range": 0.15300344303250313, "density": 0.23626361839280136, "accuracy": 1.0, "distance": 1.0532296895980835}, "9": {"mean": -0.2870733141899109, "variance": 0.017588917165994644, "std_dev": 0.13262321054935455, "median": -0.3066680133342743, "range": 0.6600216627120972, "iq_range": 0.15430105850100517, "density": 0.23733578915461293, "accuracy": -1.0, "distance": 0.9081420302391052}, "10": {"mean": -0.28530266880989075, "variance": 0.01860237307846546, "std_dev": 0.13639052212238312, "median": -0.29948753118515015, "range": 0.5967985987663269, "iq_range": 0.1776440367102623, "density": 0.23457725734845225, "accuracy": 1.0, "distance": 1.0142072439193726}, "11": {"mean": -0.285678505897522, "variance": 0.018387794494628906, "std_dev": 0.13560159504413605, "median": -0.303159236907959, "range": 0.6600216627120972, "iq_range": 0.1733505316078663, "density": 0.2390124772133559, "accuracy": -1.0, "distance": 0.73979651927948}, "12": {"mean": -0.28794237971305847, "variance": 0.017089182510972023, "std_dev": 0.13072560727596283, "median": -0.31232455372810364, "range": 0.6013028025627136, "iq_range": 0.14808867871761322, "density": 0.23533166964477084, "accuracy": 1.0, "distance": 0.31540054082870483}, "13": {"mean": -0.28594690561294556, "variance": 0.018234366551041603, "std_dev": 0.1350346803665161, "median": -0.3037681579589844, "range": 0.6600216627120972, "iq_range": 0.15707853063941002, "density": 0.23398223897673867, "accuracy": -1.0, "distance": 0.7168642282485962}, "14": {"mean": -0.2849040925502777, "variance": 0.018829653039574623, "std_dev": 0.13722118735313416, "median": -0.2953200936317444, "range": 0.6288362145423889, "iq_range": 0.17894002422690392, "density": 0.2350462015051211, "accuracy": 1.0, "distance": 0.4955417513847351}}