{"0": {"mean": -0.2900603711605072, "variance": 0.015864986926317215, "std_dev": 0.12595629692077637, "median": -0.31184303760528564, "range": 0.6079211831092834, "iq_range": 0.12738466262817383, "density": 0.2357266695845517, "accuracy": -1.0, "distance": 1.2452011108398438}, "1": {"mean": -0.2886165678501129, "variance": 0.01670047454535961, "std_dev": 0.1292303204536438, "median": -0.3132231533527374, "range": 0.6079211831092834, "iq_range": 0.14267117157578468, "density": 0.23486934589540778, "accuracy": 1.0, "distance": 0.7824884057044983}, "2": {"mean": -0.2916624844074249, "variance": 0.014932998456060886, "std_dev": 0.12220064550638199, "median": -0.31949466466903687, "range": 0.5790396928787231, "iq_range": 0.12414340302348137, "density": 0.2354710482213773, "accuracy": -1.0, "distance": 0.36694806814193726}, "3": {"mean": -0.2900649309158325, "variance": 0.015862341970205307, "std_dev": 0.1259457916021347, "median": -0.3166266679763794, "range": 0.6288362145423889, "iq_range": 0.12790169566869736, "density": 0.2408480904332803, "accuracy": 1.0, "distance": 1.2073359489440918}, "4": {"mean": -0.2907661199569702, "variance": 0.015455059707164764, "std_dev": 0.12431838363409042, "median": -0.3172551393508911, "range": 0.6191850900650024, "iq_range": 0.12595204263925552, "density": 0.24192488608676807, "accuracy": -1.0, "distance": 0.9382984638214111}, "5": {"mean": -0.286415159702301, "variance": 0.01796634867787361, "std_dev": 0.13403861224651337, "median": -0.3035915493965149, "range": 0.6600216627120972, "iq_range": 0.15880972892045975, "density": 0.2321941142001212, "accuracy": -1.0, "distance": 0.8230720162391663}, "6": {"mean": -0.28860148787498474, "variance": 0.016709167510271072, "std_dev": 0.1292639523744583, "median": -0.30975595116615295, "range": 0.6600216627120972, "iq_range": 0.13639022409915924, "density": 0.23441611197996934, "accuracy": 1.0, "distance": 0.746951162815094}, "7": {"mean": -0.2863338589668274, "variance": 0.01801292411983013, "std_dev": 0.13421224057674408, "median": -0.304093599319458, "range": 0.6135308146476746, "iq_range": 0.1703280173242092, "density": 0.23386807112347074, "accuracy": 1.0, "distance": 0.508598804473877}, "8": {"mean": -0.282888799905777, "variance": 0.019973933696746826, "std_dev": 0.14132916927337646, "median": -0.29418596625328064, "range": 0.6288362145423889, "iq_range": 0.1743478886783123, "density": 0.2355918783765639, "accuracy": 1.0, "distance": 1.3181413412094116}, "9": {"mean": -0.2875320017337799, "variance": 0.017325332388281822, "std_dev": 0.1316257268190384, "median": -0.3054850399494171, "range": 0.6007345914840698, "iq_range": 0.14809977263212204, "density": 0.23397859177352748, "accuracy": 1.0, "distance": 0.3775836229324341}, "10": {"mean": -0.2878408133983612, "variance": 0.01714767888188362, "std_dev": 0.13094913959503174, "median": -0.3141512870788574, "range": 0.6600216627120972, "iq_range": 0.14305022358894348, "density": 0.23455683907134223, "accuracy": -1.0, "distance": 1.0861855745315552}, "11": {"mean": -0.28608080744743347, "variance": 0.018157776445150375, "std_dev": 0.13475079834461212, "median": -0.3031837046146393, "range": 0.6288362145423889, "iq_range": 0.16263695806264877, "density": 0.23492078802006952, "accuracy": -1.0, "distance": 0.9794819951057434}, "12": {"mean": -0.2835055887699127, "variance": 0.019624587148427963, "std_dev": 0.1400877833366394, "median": -0.29439252614974976, "range": 0.6207358837127686, "iq_range": 0.1653975285589695, "density": 0.23644719211438908, "accuracy": -1.0, "distance": 1.3740766048431396}, "13": {"mean": -0.2860393822193146, "variance": 0.018181484192609787, "std_dev": 0.13483873009681702, "median": -0.2980145215988159, "range": 0.6600216627120972, "iq_range": 0.15308143571019173, "density": 0.23845184363822858, "accuracy": -1.0, "distance": 0.9839611053466797}, "14": {"mean": -0.284584641456604, "variance": 0.019011572003364563, "std_dev": 0.13788245618343353, "median": -0.3022565543651581, "range": 0.6191851496696472, "iq_range": 0.17126479744911194, "density": 0.23796100348791333, "accuracy": 1.0, "distance": 1.2654550075531006}}