{"0": {"mean": -0.2879943549633026, "variance": 0.017059244215488434, "std_dev": 0.13061104714870453, "median": -0.30367743968963623, "range": 0.6600216627120972, "iq_range": 0.14811864495277405, "density": 0.23538536218234485, "accuracy": -1.0, "distance": 0.638441801071167}, "1": {"mean": -0.2843363881111145, "variance": 0.019152821972966194, "std_dev": 0.13839371502399445, "median": -0.29359567165374756, "range": 0.6288362145423889, "iq_range": 0.17130174860358238, "density": 0.2387856128845296, "accuracy": -1.0, "distance": 0.5676820874214172}, "2": {"mean": -0.28345152735710144, "variance": 0.019655227661132812, "std_dev": 0.14019709825515747, "median": -0.29405730962753296, "range": 0.6191851496696472, "iq_range": 0.17131135240197182, "density": 0.23423407717010888, "accuracy": -1.0, "distance": 0.6841827034950256}, "3": {"mean": -0.28732550144195557, "variance": 0.01744406670331955, "std_dev": 0.13207599520683289, "median": -0.30483531951904297, "range": 0.6207359433174133, "iq_range": 0.15920760110020638, "density": 0.2374288675344594, "accuracy": -1.0, "distance": 0.9800437688827515}, "4": {"mean": -0.2937587797641754, "variance": 0.013705757446587086, "std_dev": 0.11707159131765366, "median": -0.3244000971317291, "range": 0.5866883993148804, "iq_range": 0.11052578687667847, "density": 0.24194980133169325, "accuracy": 1.0, "distance": 0.8049561381340027}, "5": {"mean": -0.2861636281013489, "variance": 0.0181103628128767, "std_dev": 0.1345747411251068, "median": -0.3015553951263428, "range": 0.5961215496063232, "iq_range": 0.16948863118886948, "density": 0.23392846619710578, "accuracy": 1.0, "distance": 0.5459185242652893}, "6": {"mean": -0.2887430787086487, "variance": 0.016627442091703415, "std_dev": 0.1289474368095398, "median": -0.3124435842037201, "range": 0.6288362145423889, "iq_range": 0.13499310985207558, "density": 0.24435355823243307, "accuracy": 1.0, "distance": 1.0026249885559082}, "7": {"mean": -0.2868197560310364, "variance": 0.017734438180923462, "std_dev": 0.1331707090139389, "median": -0.2983497977256775, "range": 0.6179154515266418, "iq_range": 0.15241406857967377, "density": 0.2336462088336115, "accuracy": -1.0, "distance": 0.5777862668037415}, "8": {"mean": -0.28883489966392517, "variance": 0.01657438650727272, "std_dev": 0.1287415474653244, "median": -0.30564409494400024, "range": 0.6207359433174133, "iq_range": 0.14301450550556183, "density": 0.23717951206083984, "accuracy": -1.0, "distance": 1.3795192241668701}, "9": {"mean": -0.28667035698890686, "variance": 0.017820104956626892, "std_dev": 0.13349196314811707, "median": -0.3090333640575409, "range": 0.6007345914840698, "iq_range": 0.15580078214406967, "density": 0.2342232598143556, "accuracy": 1.0, "distance": 0.9233496785163879}, "10": {"mean": -0.2912304699420929, "variance": 0.015184812247753143, "std_dev": 0.12322667241096497, "median": -0.32030612230300903, "range": 0.6207359433174133, "iq_range": 0.1263112686574459, "density": 0.23841091842329645, "accuracy": 1.0, "distance": 1.0674185752868652}, "11": {"mean": -0.29132744669914246, "variance": 0.015128307975828648, "std_dev": 0.12299718707799911, "median": -0.3173844814300537, "range": 0.6179154515266418, "iq_range": 0.1238815039396286, "density": 0.24118647365566337, "accuracy": -1.0, "distance": 0.7240009307861328}, "12": {"mean": -0.28753697872161865, "variance": 0.017322489991784096, "std_dev": 0.13161492347717285, "median": -0.3083899915218353, "range": 0.6600216627120972, "iq_range": 0.14587809145450592, "density": 0.23569281532289893, "accuracy": -1.0, "distance": 0.8318189978599548}, "13": {"mean": -0.28929808735847473, "variance": 0.016306621953845024, "std_dev": 0.12769737839698792, "median": -0.307219922542572, "range": 0.6207359433174133, "iq_range": 0.14210384711623192, "density": 0.23702053386516458, "accuracy": -1.0, "distance": 0.8679004907608032}, "14": {"mean": -0.2880958020687103, "variance": 0.017000820487737656, "std_dev": 0.13038720190525055, "median": -0.3104829788208008, "range": 0.6207359433174133, "iq_range": 0.14349130913615227, "density": 0.23720118229686568, "accuracy": -1.0, "distance": 0.8792737722396851}}