{
    "0": [
        0.0,
        0
    ],
    "1": [
        2.1230098315169976,
        0
    ],
    "2": [
        0.0,
        0
    ],
    "3": [
        3.2571376883415017,
        0
    ],
    "4": [
        2.8349984974753366,
        0
    ],
    "5": [
        3.9658375542734077,
        0
    ],
    "6": [
        1.0671156574391034,
        0
    ],
    "7": [
        0.0,
        0
    ],
    "8": [
        1.9190701110586696,
        0
    ],
    "9": [
        0.28638043265559604,
        0
    ],
    "10": [
        0.9516691118217966,
        0
    ],
    "11": [
        0.6072118505585025,
        0
    ],
    "12": [
        2.138630594384279,
        0
    ],
    "13": [
        4.354117471793813,
        0
    ],
    "14": [
        1.8933693346931995,
        0
    ]
}