{
    "0": [
        2.039394777556617,
        0
    ],
    "1": [
        0.7706707994405951,
        0
    ],
    "2": [
        0.2294593695871365,
        0
    ],
    "3": [
        2.0898356425439544,
        0
    ],
    "4": [
        2.9932321777304933,
        0
    ],
    "5": [
        0.0,
        0
    ],
    "6": [
        5.4098698876792275,
        0
    ],
    "7": [
        3.5857921186456547,
        0
    ],
    "8": [
        1.3764446297492732,
        0
    ],
    "9": [
        0.0,
        0
    ],
    "10": [
        0.7917599198795462,
        0
    ],
    "11": [
        0.468812586474115,
        0
    ],
    "12": [
        0.0004915843507919684,
        0
    ],
    "13": [
        0.10425939778151212,
        0
    ],
    "14": [
        0.0,
        0
    ]
}