{
    "0": [
        1.3193098203647688,
        0
    ],
    "1": [
        2.8764704549536395,
        0
    ],
    "2": [
        0.0,
        0
    ],
    "3": [
        4.138061439241025,
        0
    ],
    "4": [
        0.9568838856161506,
        0
    ],
    "5": [
        0.7058378640596511,
        0
    ],
    "6": [
        0.39845509947199537,
        0
    ],
    "7": [
        0.0,
        0
    ],
    "8": [
        1.7718550124784058,
        0
    ],
    "9": [
        0.5922664591870016,
        0
    ],
    "10": [
        0.2689477878041935,
        0
    ],
    "11": [
        1.9838575648329002,
        0
    ],
    "12": [
        1.6799751466413892,
        0
    ],
    "13": [
        2.7744336609008555,
        0
    ],
    "14": [
        2.055231746012175,
        0
    ]
}