{
    "0": [
        2.1398145016181154,
        0
    ],
    "1": [
        0.0,
        0
    ],
    "2": [
        0.4335484433443,
        0
    ],
    "3": [
        1.3601660795806578,
        0
    ],
    "4": [
        0.6792575260360751,
        0
    ],
    "5": [
        2.6597081023376687,
        0
    ],
    "6": [
        0.0,
        0
    ],
    "7": [
        0.0893855775826233,
        0
    ],
    "8": [
        0.3860697705132736,
        0
    ],
    "9": [
        0.6962585409486156,
        0
    ],
    "10": [
        4.246521983083647,
        0
    ],
    "11": [
        1.3075064573401451,
        0
    ],
    "12": [
        1.3078525809377974,
        0
    ],
    "13": [
        2.606982021319301,
        0
    ],
    "14": [
        0.0,
        0
    ]
}