{
    "0": [
        0.20383903520063734,
        0
    ],
    "1": [
        1.457600115962251,
        0
    ],
    "2": [
        0.7346878979847355,
        0
    ],
    "3": [
        0.022748284516675165,
        0
    ],
    "4": [
        0.0,
        0
    ],
    "5": [
        0.7317046978910413,
        0
    ],
    "6": [
        0.6022235452441946,
        0
    ],
    "7": [
        1.9803214571761725,
        0
    ],
    "8": [
        4.229357365768172,
        0
    ],
    "9": [
        1.0261528352560276,
        0
    ],
    "10": [
        5.024514323134163,
        0
    ],
    "11": [
        1.5807806152230341,
        0
    ],
    "12": [
        1.0076466214258955,
        0
    ],
    "13": [
        0.1985724522250282,
        0
    ],
    "14": [
        2.571978447129948,
        0
    ]
}