{
    "0": [
        0.0,
        0
    ],
    "1": [
        0.6542184099949797,
        0
    ],
    "2": [
        0.0,
        0
    ],
    "3": [
        1.9723739416190478,
        0
    ],
    "4": [
        4.008061968660367,
        0
    ],
    "5": [
        1.173274630807385,
        0
    ],
    "6": [
        0.0,
        0
    ],
    "7": [
        3.325689892316302,
        0
    ],
    "8": [
        0.3159671544371512,
        0
    ],
    "9": [
        0.33063135928195464,
        0
    ],
    "10": [
        2.8102072357915886,
        0
    ],
    "11": [
        0.0,
        0
    ],
    "12": [
        3.353861744048805,
        0
    ],
    "13": [
        0.0,
        0
    ],
    "14": [
        3.6347833132232656,
        0
    ]
}