{
    "0": [
        0.0,
        0
    ],
    "1": [
        4.396026388584937,
        0
    ],
    "2": [
        1.4226849075728962,
        0
    ],
    "3": [
        1.4061629300616205,
        0
    ],
    "4": [
        2.976126004076419,
        0
    ],
    "5": [
        1.3199741149458233,
        0
    ],
    "6": [
        0.4723765736644643,
        0
    ],
    "7": [
        0.5049498973423051,
        0
    ],
    "8": [
        0.0,
        0
    ],
    "9": [
        0.0,
        0
    ],
    "10": [
        1.3033723924166594,
        0
    ],
    "11": [
        1.3701554075880396,
        0
    ],
    "12": [
        0.017090810326863923,
        0
    ],
    "13": [
        3.045842007358628,
        0
    ],
    "14": [
        3.1914347741876155,
        0
    ]
}