{
    "0": [
        0.14674932425665052,
        0
    ],
    "1": [
        1.684314639989108,
        0
    ],
    "2": [
        2.7198173187082797,
        0
    ],
    "3": [
        1.5790692549427885,
        0
    ],
    "4": [
        3.1893133163005802,
        0
    ],
    "5": [
        3.0961026313266022,
        0
    ],
    "6": [
        3.4205974706099322,
        0
    ],
    "7": [
        2.47846398131379,
        0
    ],
    "8": [
        0.9400488914317399,
        0
    ],
    "9": [
        1.3970436730061284,
        0
    ],
    "10": [
        0.0,
        0
    ],
    "11": [
        0.41390177179033266,
        0
    ],
    "12": [
        3.7708528774263095,
        0
    ],
    "13": [
        0.0,
        0
    ],
    "14": [
        2.3392533503881827,
        0
    ]
}