{
    "0": [
        0.835380427533643,
        0
    ],
    "1": [
        0.4066592864680836,
        0
    ],
    "2": [
        3.756179560691007,
        0
    ],
    "3": [
        0.27437560540497463,
        0
    ],
    "4": [
        0.0,
        0
    ],
    "5": [
        1.7814116364898493,
        0
    ],
    "6": [
        0.3363161227730629,
        0
    ],
    "7": [
        4.708700050362385,
        0
    ],
    "8": [
        2.042280928736242,
        0
    ],
    "9": [
        0.6434284943065032,
        0
    ],
    "10": [
        0.5195619076524106,
        0
    ],
    "11": [
        4.123671665932525,
        0
    ],
    "12": [
        1.2654062839888445,
        0
    ],
    "13": [
        1.5801290725384076,
        0
    ],
    "14": [
        0.2671752271399903,
        0
    ]
}