{
    "0": [
        0.7043897206638604,
        0
    ],
    "1": [
        2.396835358657066,
        0
    ],
    "2": [
        0.82270293942987,
        0
    ],
    "3": [
        0.26232390062293626,
        0
    ],
    "4": [
        1.592004527312497,
        0
    ],
    "5": [
        0.0,
        0
    ],
    "6": [
        0.02076396910570681,
        0
    ],
    "7": [
        3.3317847115924124,
        0
    ],
    "8": [
        0.0,
        0
    ],
    "9": [
        0.7958003554189954,
        0
    ],
    "10": [
        0.4093152657247469,
        0
    ],
    "11": [
        0.25151197420780436,
        0
    ],
    "12": [
        2.3175957537536034,
        0
    ],
    "13": [
        3.8285099064107273,
        0
    ],
    "14": [
        3.482414242577677,
        0
    ]
}