{
    "0": [
        1.1094350444233998,
        0
    ],
    "1": [
        2.600059278268976,
        0
    ],
    "2": [
        1.483314394143237,
        0
    ],
    "3": [
        0.0,
        0
    ],
    "4": [
        1.6470102466720797,
        0
    ],
    "5": [
        1.6301385794102894,
        0
    ],
    "6": [
        1.0765337903119288,
        0
    ],
    "7": [
        0.9018136847013101,
        0
    ],
    "8": [
        5.329717017126698,
        0
    ],
    "9": [
        0.1556710986441764,
        0
    ],
    "10": [
        0.0,
        0
    ],
    "11": [
        1.512611179428675,
        0
    ],
    "12": [
        1.0742103694452811,
        0
    ],
    "13": [
        1.37285665406325,
        0
    ],
    "14": [
        2.30454661958979,
        0
    ]
}