{
    "0": [
        1.4413335779453422,
        0
    ],
    "1": [
        4.1719880926632005,
        0
    ],
    "2": [
        1.0974339105362672,
        0
    ],
    "3": [
        0.0,
        0
    ],
    "4": [
        0.0,
        0
    ],
    "5": [
        0.0,
        0
    ],
    "6": [
        0.5664004215498614,
        0
    ],
    "7": [
        1.093305727708263,
        0
    ],
    "8": [
        2.8326299853005343,
        0
    ],
    "9": [
        0.890388414009491,
        0
    ],
    "10": [
        1.669786575704624,
        0
    ],
    "11": [
        4.12087164065577,
        0
    ],
    "12": [
        0.18343233929083547,
        0
    ],
    "13": [
        2.5972886390707464,
        0
    ],
    "14": [
        0.5400493847151696,
        0
    ]
}