{
    "0": [
        0.2381843149385226,
        0
    ],
    "1": [
        2.158835710882481,
        0
    ],
    "2": [
        2.7741547803970974,
        0
    ],
    "3": [
        1.1171201519825267,
        0
    ],
    "4": [
        0.4075311387735917,
        0
    ],
    "5": [
        2.5354597958714833,
        0
    ],
    "6": [
        3.3410094860938804,
        0
    ],
    "7": [
        0.0,
        0
    ],
    "8": [
        3.1040394365166755,
        0
    ],
    "9": [
        0.0,
        0
    ],
    "10": [
        0.4758791750588207,
        0
    ],
    "11": [
        5.408681145551856,
        0
    ],
    "12": [
        0.8426439575008836,
        0
    ],
    "13": [
        3.3809204970155675,
        0
    ],
    "14": [
        3.6435292842451537,
        0
    ]
}