{
    "0": [
        2.532572174399507,
        0
    ],
    "1": [
        4.106626985269724,
        0
    ],
    "2": [
        2.0481836158248594,
        0
    ],
    "3": [
        3.015937327702949,
        0
    ],
    "4": [
        1.1603407333777966,
        0
    ],
    "5": [
        0.0,
        0
    ],
    "6": [
        0.6243461079272267,
        0
    ],
    "7": [
        3.635110795721926,
        0
    ],
    "8": [
        0.7283824943329076,
        0
    ],
    "9": [
        0.8106970486031395,
        0
    ],
    "10": [
        1.146273398795665,
        0
    ],
    "11": [
        1.7941763527545682,
        0
    ],
    "12": [
        2.063447311878265,
        0
    ],
    "13": [
        0.48412527659619103,
        0
    ],
    "14": [
        2.6969762992921487,
        0
    ]
}