{
    "0": [
        0.701508843925758,
        0
    ],
    "1": [
        2.37447675230241,
        0
    ],
    "2": [
        0.0,
        0
    ],
    "3": [
        1.772071324046149,
        0
    ],
    "4": [
        4.568409967363784,
        0
    ],
    "5": [
        1.4463629013889563,
        0
    ],
    "6": [
        0.23075024087319995,
        0
    ],
    "7": [
        0.30738059472897217,
        0
    ],
    "8": [
        0.0,
        0
    ],
    "9": [
        2.0026967384279466,
        0
    ],
    "10": [
        0.419997033630084,
        0
    ],
    "11": [
        3.52347373264885,
        0
    ],
    "12": [
        0.0,
        0
    ],
    "13": [
        0.0,
        0
    ],
    "14": [
        0.0,
        0
    ]
}