{
    "0": [
        3.26749599349636,
        0
    ],
    "1": [
        0.0,
        0
    ],
    "2": [
        0.0,
        0
    ],
    "3": [
        1.7522640515406729,
        0
    ],
    "4": [
        1.45241913060557,
        0
    ],
    "5": [
        1.6602622105599776,
        0
    ],
    "6": [
        0.7366749745380891,
        0
    ],
    "7": [
        0.0,
        0
    ],
    "8": [
        1.9973503575508622,
        0
    ],
    "9": [
        0.039892325736418,
        0
    ],
    "10": [
        3.4565726106444066,
        0
    ],
    "11": [
        2.1332753081017497,
        0
    ],
    "12": [
        0.7673510457619143,
        0
    ],
    "13": [
        3.540393684234463,
        0
    ],
    "14": [
        0.4886687525048152,
        0
    ]
}