{
    "0": [
        1.751367782597968,
        0
    ],
    "1": [
        0.6555010957783762,
        0
    ],
    "2": [
        0.0,
        0
    ],
    "3": [
        1.3131112806088265,
        0
    ],
    "4": [
        0.0,
        0
    ],
    "5": [
        0.0,
        0
    ],
    "6": [
        2.4138000099009997,
        0
    ],
    "7": [
        2.948232086454509,
        0
    ],
    "8": [
        1.2132912796820525,
        0
    ],
    "9": [
        0.010647368349603593,
        0
    ],
    "10": [
        2.104562944569656,
        0
    ],
    "11": [
        0.09534514888724796,
        0
    ],
    "12": [
        0.19670281175184762,
        0
    ],
    "13": [
        3.951328166820075,
        0
    ],
    "14": [
        0.9323440993123882,
        0
    ]
}