{
    "0": [
        5.775005750177421,
        0
    ],
    "1": [
        1.3756612807148805,
        0
    ],
    "2": [
        2.557846010702861,
        0
    ],
    "3": [
        0.0,
        0
    ],
    "4": [
        2.257928072363368,
        0
    ],
    "5": [
        2.585482502326606,
        0
    ],
    "6": [
        0.0,
        0
    ],
    "7": [
        0.7080234066772818,
        0
    ],
    "8": [
        1.722687206663201,
        0
    ],
    "9": [
        1.9576697467361337,
        0
    ],
    "10": [
        0.3249847155274492,
        0
    ],
    "11": [
        1.8663032074987027,
        0
    ],
    "12": [
        2.0733081856529303,
        0
    ],
    "13": [
        0.7936038506414245,
        0
    ],
    "14": [
        3.716264327666381,
        0
    ]
}