{
    "0": [
        2.9596262053033726,
        0
    ],
    "1": [
        0.8972340625318692,
        0
    ],
    "2": [
        2.843441206783015,
        0
    ],
    "3": [
        1.9053806744287751,
        0
    ],
    "4": [
        1.0035740825058581,
        0
    ],
    "5": [
        0.0,
        0
    ],
    "6": [
        0.0,
        0
    ],
    "7": [
        0.0,
        0
    ],
    "8": [
        1.4758303231606003,
        0
    ],
    "9": [
        0.5920154725920387,
        0
    ],
    "10": [
        0.0,
        0
    ],
    "11": [
        1.0221318441828986,
        0
    ],
    "12": [
        3.760459904346643,
        0
    ],
    "13": [
        4.146774223210609,
        0
    ],
    "14": [
        0.3340589391143563,
        0
    ]
}