{
    "0": [
        0.4481687308219544,
        0
    ],
    "1": [
        2.6467276642323063,
        0
    ],
    "2": [
        0.0,
        0
    ],
    "3": [
        1.6102023902450249,
        0
    ],
    "4": [
        3.8818059279753334,
        0
    ],
    "5": [
        0.6060160522981132,
        0
    ],
    "6": [
        0.13586590452001443,
        0
    ],
    "7": [
        3.0297837086560993,
        0
    ],
    "8": [
        1.0591786120879616,
        0
    ],
    "9": [
        3.328371065760985,
        0
    ],
    "10": [
        1.0305494349668487,
        0
    ],
    "11": [
        4.220484401371707,
        0
    ],
    "12": [
        1.79763410542525,
        0
    ],
    "13": [
        0.6082420722957314,
        0
    ],
    "14": [
        0.0,
        0
    ]
}