{
    "0": [
        0.905408496913005,
        0
    ],
    "1": [
        0.4477115795205628,
        0
    ],
    "2": [
        2.041286724536374,
        0
    ],
    "3": [
        3.499774970394202,
        0
    ],
    "4": [
        0.6184155160403598,
        0
    ],
    "5": [
        1.9656398235089938,
        0
    ],
    "6": [
        0.278609103420363,
        0
    ],
    "7": [
        5.125519291825576,
        0
    ],
    "8": [
        0.28921156607030113,
        0
    ],
    "9": [
        0.2809783911917768,
        0
    ],
    "10": [
        0.0,
        0
    ],
    "11": [
        2.543491191645729,
        0
    ],
    "12": [
        2.671037476753309,
        0
    ],
    "13": [
        1.4326425711219264,
        0
    ],
    "14": [
        0.0,
        0
    ]
}