{
    "0": [
        0.0,
        0
    ],
    "1": [
        2.001517344939918,
        0
    ],
    "2": [
        0.0,
        0
    ],
    "3": [
        1.0508479950894145,
        0
    ],
    "4": [
        1.0142503745701485,
        0
    ],
    "5": [
        3.068372566083215,
        0
    ],
    "6": [
        2.205461589256784,
        0
    ],
    "7": [
        1.2119779089690217,
        0
    ],
    "8": [
        2.1100810283356988,
        0
    ],
    "9": [
        1.0841934772914013,
        0
    ],
    "10": [
        0.0,
        0
    ],
    "11": [
        0.48628759326374643,
        0
    ],
    "12": [
        1.820419587054929,
        0
    ],
    "13": [
        3.108551244473906,
        0
    ],
    "14": [
        2.218093039805907,
        0
    ]
}