{
    "0": [
        3.5373613689901937,
        0
    ],
    "1": [
        1.5146255051494233,
        0
    ],
    "2": [
        0.0,
        0
    ],
    "3": [
        2.4173450974899198,
        0
    ],
    "4": [
        2.6951829709863206,
        0
    ],
    "5": [
        3.7003471243287107,
        0
    ],
    "6": [
        2.9174483906434703,
        0
    ],
    "7": [
        0.0,
        0
    ],
    "8": [
        1.7482773404345202,
        0
    ],
    "9": [
        1.0323721686029297,
        0
    ],
    "10": [
        4.835541653801022,
        0
    ],
    "11": [
        0.0,
        0
    ],
    "12": [
        0.22554893540875634,
        0
    ],
    "13": [
        1.3802937429270767,
        0
    ],
    "14": [
        0.0,
        0
    ]
}