{
    "0": [
        3.3879427888642897,
        0
    ],
    "1": [
        1.7482978870584445,
        0
    ],
    "2": [
        0.06954933387957699,
        0
    ],
    "3": [
        1.6301804204572599,
        0
    ],
    "4": [
        0.0,
        0
    ],
    "5": [
        0.6440011980077385,
        0
    ],
    "6": [
        1.7498909351798768,
        0
    ],
    "7": [
        2.7856961465625205,
        0
    ],
    "8": [
        0.9713477708346545,
        0
    ],
    "9": [
        0.7640883127251982,
        0
    ],
    "10": [
        2.334068030742246,
        0
    ],
    "11": [
        1.6651318036165212,
        0
    ],
    "12": [
        3.813024835314077,
        0
    ],
    "13": [
        0.0,
        0
    ],
    "14": [
        1.659811355556202,
        0
    ]
}