{
    "0": [
        0.10256385632324944,
        0
    ],
    "1": [
        0.05462466496177699,
        0
    ],
    "2": [
        3.151848711424499,
        0
    ],
    "3": [
        4.982911937436236,
        0
    ],
    "4": [
        0.0,
        0
    ],
    "5": [
        0.0,
        0
    ],
    "6": [
        1.8520687400915425,
        0
    ],
    "7": [
        0.0,
        0
    ],
    "8": [
        0.555635701895805,
        0
    ],
    "9": [
        3.637897269826083,
        0
    ],
    "10": [
        0.0,
        0
    ],
    "11": [
        0.0,
        0
    ],
    "12": [
        1.9092250384275835,
        0
    ],
    "13": [
        1.4879403454400373,
        0
    ],
    "14": [
        1.0553263069184584,
        0
    ]
}