{
    "0": [
        0.0,
        0
    ],
    "1": [
        0.7126408998439626,
        0
    ],
    "2": [
        5.444989581033083,
        0
    ],
    "3": [
        3.982697466425399,
        0
    ],
    "4": [
        0.42415134555754985,
        0
    ],
    "5": [
        0.9638037933108918,
        0
    ],
    "6": [
        5.439661992116529,
        0
    ],
    "7": [
        1.1135249702533663,
        0
    ],
    "8": [
        0.0,
        0
    ],
    "9": [
        4.197900612556511,
        0
    ],
    "10": [
        0.0,
        0
    ],
    "11": [
        2.6534284964822334,
        0
    ],
    "12": [
        1.9124120163752658,
        0
    ],
    "13": [
        2.735144215142094,
        0
    ],
    "14": [
        3.90353443098588,
        0
    ]
}