{
    "0": [
        2.1918965481349546,
        0
    ],
    "1": [
        0.8140993472770086,
        0
    ],
    "2": [
        0.5191119964754259,
        0
    ],
    "3": [
        6.152500526007025,
        0
    ],
    "4": [
        2.4518154079837937,
        0
    ],
    "5": [
        0.13437431827762217,
        0
    ],
    "6": [
        2.0580526636535095,
        0
    ],
    "7": [
        2.1878055614686818,
        0
    ],
    "8": [
        0.3094690528327839,
        0
    ],
    "9": [
        2.7656505641427236,
        0
    ],
    "10": [
        0.0,
        0
    ],
    "11": [
        0.0,
        0
    ],
    "12": [
        0.0,
        0
    ],
    "13": [
        1.4560623348754127,
        0
    ],
    "14": [
        3.2878968360300536,
        0
    ]
}