{
    "0": [
        1.208458111779407,
        0
    ],
    "1": [
        2.073769304741549,
        0
    ],
    "2": [
        0.0,
        0
    ],
    "3": [
        0.0,
        0
    ],
    "4": [
        0.0,
        0
    ],
    "5": [
        0.2846441678089217,
        0
    ],
    "6": [
        0.0,
        0
    ],
    "7": [
        2.972199361447982,
        0
    ],
    "8": [
        3.4513478616569966,
        0
    ],
    "9": [
        2.197132296309414,
        0
    ],
    "10": [
        0.0,
        0
    ],
    "11": [
        1.5283300282559278,
        0
    ],
    "12": [
        4.6611349376049125,
        0
    ],
    "13": [
        4.8777681788418965,
        0
    ],
    "14": [
        1.4814322263206923,
        0
    ]
}