{
    "0": [
        0.6358693054491797,
        0
    ],
    "1": [
        1.1673221571741361,
        0
    ],
    "2": [
        0.0,
        0
    ],
    "3": [
        1.496360657092559,
        0
    ],
    "4": [
        0.4764797070300884,
        0
    ],
    "5": [
        0.980431282095493,
        0
    ],
    "6": [
        2.106134188597084,
        0
    ],
    "7": [
        0.92701169331031,
        0
    ],
    "8": [
        0.0,
        0
    ],
    "9": [
        1.5935625354736627,
        0
    ],
    "10": [
        4.789757257345293,
        0
    ],
    "11": [
        3.4177057846689225,
        0
    ],
    "12": [
        4.229423443058895,
        0
    ],
    "13": [
        3.7416673513726773,
        0
    ],
    "14": [
        5.595900023180967,
        0
    ]
}