{
    "0": [
        0.0,
        0
    ],
    "1": [
        3.5140280446797467,
        0
    ],
    "2": [
        0.30589489820525784,
        0
    ],
    "3": [
        3.360241361991793,
        0
    ],
    "4": [
        1.2163151565373123,
        0
    ],
    "5": [
        1.451110241113117,
        0
    ],
    "6": [
        4.136154659684182,
        0
    ],
    "7": [
        1.285751382250804,
        0
    ],
    "8": [
        0.0,
        0
    ],
    "9": [
        1.5640291522328704,
        0
    ],
    "10": [
        3.192047926188769,
        0
    ],
    "11": [
        0.0,
        0
    ],
    "12": [
        0.0,
        0
    ],
    "13": [
        0.0,
        0
    ],
    "14": [
        2.240976961581536,
        0
    ]
}