{
    "0": [
        1.7410750559885084,
        0
    ],
    "1": [
        1.0536020840173654,
        0
    ],
    "2": [
        1.9432596915800928,
        0
    ],
    "3": [
        2.90121228389547,
        0
    ],
    "4": [
        0.04595526212663109,
        0
    ],
    "5": [
        0.0,
        0
    ],
    "6": [
        0.0,
        0
    ],
    "7": [
        3.6543413151801585,
        0
    ],
    "8": [
        4.645241668388349,
        0
    ],
    "9": [
        1.582036663532742,
        0
    ],
    "10": [
        0.0,
        0
    ],
    "11": [
        1.2560769538176495,
        0
    ],
    "12": [
        0.0,
        0
    ],
    "13": [
        0.0,
        0
    ],
    "14": [
        1.412661216525972,
        0
    ]
}