{
    "0": [
        1.8548183869056227,
        0
    ],
    "1": [
        0.0,
        0
    ],
    "2": [
        4.803100161268745,
        0
    ],
    "3": [
        3.2917411736831466,
        0
    ],
    "4": [
        1.764158894541844,
        0
    ],
    "5": [
        1.4044441160906103,
        0
    ],
    "6": [
        3.281722281135011,
        0
    ],
    "7": [
        0.0,
        0
    ],
    "8": [
        3.09867774774342,
        0
    ],
    "9": [
        0.0,
        0
    ],
    "10": [
        0.0,
        0
    ],
    "11": [
        1.6852946484404434,
        0
    ],
    "12": [
        2.99339047842117,
        0
    ],
    "13": [
        0.0,
        0
    ],
    "14": [
        2.1340088517142455,
        0
    ]
}