{
    "0": [
        2.056263567165977,
        0
    ],
    "1": [
        1.6835437543204639,
        0
    ],
    "2": [
        2.1658609840682286,
        0
    ],
    "3": [
        0.5029708874241607,
        0
    ],
    "4": [
        2.505196816289628,
        0
    ],
    "5": [
        0.5754790948133254,
        0
    ],
    "6": [
        1.647091472340907,
        0
    ],
    "7": [
        1.6381716506183186,
        0
    ],
    "8": [
        1.543036448065931,
        0
    ],
    "9": [
        1.6098812730055112,
        0
    ],
    "10": [
        0.4971862005423541,
        0
    ],
    "11": [
        1.6643605029775723,
        0
    ],
    "12": [
        0.7428167380541659,
        0
    ],
    "13": [
        2.700121462095168,
        0
    ],
    "14": [
        2.2961461151198654,
        0
    ]
}