{
    "0": [
        1.3786914061209572,
        0
    ],
    "1": [
        0.0,
        0
    ],
    "2": [
        2.364287765520276,
        0
    ],
    "3": [
        0.7531781029848998,
        0
    ],
    "4": [
        0.3551750643250094,
        0
    ],
    "5": [
        4.393050954992147,
        0
    ],
    "6": [
        2.5052522641622064,
        0
    ],
    "7": [
        0.40250881791205967,
        0
    ],
    "8": [
        0.19475299444130886,
        0
    ],
    "9": [
        0.34730970719081034,
        0
    ],
    "10": [
        1.4770890665064913,
        0
    ],
    "11": [
        2.4829203104695354,
        0
    ],
    "12": [
        0.0727832989860746,
        0
    ],
    "13": [
        2.1123566908706817,
        0
    ],
    "14": [
        4.424299017528913,
        0
    ]
}