{
    "0": [
        2.7596210722915515,
        0
    ],
    "1": [
        2.117632233193904,
        0
    ],
    "2": [
        2.8988066044834566,
        0
    ],
    "3": [
        0.7277425986748743,
        0
    ],
    "4": [
        0.0,
        0
    ],
    "5": [
        0.0,
        0
    ],
    "6": [
        5.092097631662304,
        0
    ],
    "7": [
        0.11712151124349486,
        0
    ],
    "8": [
        3.78936737502819,
        0
    ],
    "9": [
        2.9173653822695083,
        0
    ],
    "10": [
        3.726705660942664,
        0
    ],
    "11": [
        2.1352163660418104,
        0
    ],
    "12": [
        0.0,
        0
    ],
    "13": [
        3.437969105885369,
        0
    ],
    "14": [
        1.1838928922984724,
        0
    ]
}