{
    "0": [
        0.0,
        0
    ],
    "1": [
        0.0,
        0
    ],
    "2": [
        0.6112430763457186,
        0
    ],
    "3": [
        2.915572866369972,
        0
    ],
    "4": [
        2.7922193468064513,
        0
    ],
    "5": [
        0.5630583355665864,
        0
    ],
    "6": [
        1.7595329974563518,
        0
    ],
    "7": [
        0.8051579757704563,
        0
    ],
    "8": [
        1.609109892409873,
        0
    ],
    "9": [
        2.0484402396379053,
        0
    ],
    "10": [
        0.9626628663393809,
        0
    ],
    "11": [
        0.0,
        0
    ],
    "12": [
        4.864420575028109,
        0
    ],
    "13": [
        0.4643024594567234,
        0
    ],
    "14": [
        4.9378331916796805,
        0
    ]
}