{
    "0": [
        0.0,
        0
    ],
    "1": [
        0.26087145802331324,
        0
    ],
    "2": [
        2.51989691518337,
        0
    ],
    "3": [
        0.0,
        0
    ],
    "4": [
        0.0,
        0
    ],
    "5": [
        0.12825986863532735,
        0
    ],
    "6": [
        4.571554147655909,
        0
    ],
    "7": [
        0.03726576448039898,
        0
    ],
    "8": [
        0.7226800594771134,
        0
    ],
    "9": [
        2.3566279706309863,
        0
    ],
    "10": [
        0.0,
        0
    ],
    "11": [
        0.9657107333009999,
        0
    ],
    "12": [
        4.276045153503904,
        0
    ],
    "13": [
        2.9101983835733627,
        0
    ],
    "14": [
        0.7152622910848234,
        0
    ]
}