{
    "0": [
        1.9178413301533386,
        0
    ],
    "1": [
        0.7223015202585201,
        0
    ],
    "2": [
        1.2783425973735842,
        0
    ],
    "3": [
        3.94100433283815,
        0
    ],
    "4": [
        3.591973278217893,
        0
    ],
    "5": [
        0.35160753258896094,
        0
    ],
    "6": [
        6.605287802339863,
        0
    ],
    "7": [
        0.972630293439349,
        0
    ],
    "8": [
        1.4274182474759527,
        0
    ],
    "9": [
        2.664448463664652,
        0
    ],
    "10": [
        0.0,
        0
    ],
    "11": [
        2.758889272596148,
        0
    ],
    "12": [
        0.0,
        0
    ],
    "13": [
        1.761871546819978,
        0
    ],
    "14": [
        0.04146312955997156,
        0
    ]
}