{
    "0": [
        0.7433276519279512,
        0
    ],
    "1": [
        2.165676087082656,
        0
    ],
    "2": [
        1.209500220362417,
        0
    ],
    "3": [
        1.1498635132288917,
        0
    ],
    "4": [
        0.0960428479626585,
        0
    ],
    "5": [
        2.2878521936723906,
        0
    ],
    "6": [
        0.4614613048300315,
        0
    ],
    "7": [
        0.0,
        0
    ],
    "8": [
        1.4325420735373533,
        0
    ],
    "9": [
        2.473338182532635,
        0
    ],
    "10": [
        3.9718754190496286,
        0
    ],
    "11": [
        1.9439631812671723,
        0
    ],
    "12": [
        3.492629143995329,
        0
    ],
    "13": [
        2.1789428403629056,
        0
    ],
    "14": [
        3.6588075873396235,
        0
    ]
}