{
    "0": [
        1.3939418220190292,
        0
    ],
    "1": [
        0.16894474608532664,
        0
    ],
    "2": [
        2.1533230211227643,
        0
    ],
    "3": [
        3.768304603142658,
        0
    ],
    "4": [
        0.7173239444555084,
        0
    ],
    "5": [
        1.2244137069432945,
        0
    ],
    "6": [
        0.650246052187668,
        0
    ],
    "7": [
        1.8488311769937125,
        0
    ],
    "8": [
        1.971754369797712,
        0
    ],
    "9": [
        2.7756852011934967,
        0
    ],
    "10": [
        2.7233514238807093,
        0
    ],
    "11": [
        0.09129028625929152,
        0
    ],
    "12": [
        2.1475884765169595,
        0
    ],
    "13": [
        1.7512056980205077,
        0
    ],
    "14": [
        3.016310808961854,
        0
    ]
}