{
    "0": [
        2.887191579665176,
        0
    ],
    "1": [
        0.3003455216118663,
        0
    ],
    "2": [
        0.09025248090898502,
        0
    ],
    "3": [
        2.879003239734071,
        0
    ],
    "4": [
        1.584587091063276,
        0
    ],
    "5": [
        0.5337569531821309,
        0
    ],
    "6": [
        4.407597568927854,
        0
    ],
    "7": [
        3.804616755890519,
        0
    ],
    "8": [
        0.0,
        0
    ],
    "9": [
        1.9199238203771103,
        0
    ],
    "10": [
        1.2360042140385379,
        0
    ],
    "11": [
        1.130213861165487,
        0
    ],
    "12": [
        4.764368599888986,
        0
    ],
    "13": [
        5.477393535415172,
        0
    ],
    "14": [
        3.142433641823222,
        0
    ]
}