{
    "0": [
        1.267053165956011,
        0
    ],
    "1": [
        1.2968209642550652,
        0
    ],
    "2": [
        0.0,
        0
    ],
    "3": [
        1.4173988775591937,
        0
    ],
    "4": [
        0.7962496205007668,
        0
    ],
    "5": [
        0.8270321257189165,
        0
    ],
    "6": [
        0.0,
        0
    ],
    "7": [
        5.017111916441845,
        0
    ],
    "8": [
        2.443393730364097,
        0
    ],
    "9": [
        1.351491216096821,
        0
    ],
    "10": [
        5.652209991640116,
        0
    ],
    "11": [
        0.19561699227549345,
        0
    ],
    "12": [
        2.3218680207060136,
        0
    ],
    "13": [
        0.0,
        0
    ],
    "14": [
        1.8114447947162418,
        0
    ]
}