{
    "0": [
        0.0,
        0
    ],
    "1": [
        0.24795078938651754,
        0
    ],
    "2": [
        1.6508373471894315,
        0
    ],
    "3": [
        0.0,
        0
    ],
    "4": [
        0.0,
        0
    ],
    "5": [
        2.060814370720046,
        0
    ],
    "6": [
        1.4463556213367026,
        0
    ],
    "7": [
        7.5157369829637455,
        0
    ],
    "8": [
        1.9026911186096458,
        0
    ],
    "9": [
        0.9339809014217116,
        0
    ],
    "10": [
        2.2812407355851496,
        0
    ],
    "11": [
        0.0,
        0
    ],
    "12": [
        2.529552301216073,
        0
    ],
    "13": [
        0.0,
        0
    ],
    "14": [
        0.6003403332542445,
        0
    ]
}