{
    "0": [
        3.160269276447775,
        0
    ],
    "1": [
        2.6076847315718705,
        0
    ],
    "2": [
        2.355831047674871,
        0
    ],
    "3": [
        0.0,
        0
    ],
    "4": [
        0.7241660951353467,
        0
    ],
    "5": [
        3.3103447124333383,
        0
    ],
    "6": [
        2.1488208632117938,
        0
    ],
    "7": [
        3.263323158023347,
        0
    ],
    "8": [
        0.0,
        0
    ],
    "9": [
        4.879253484359315,
        0
    ],
    "10": [
        0.10919143251797912,
        0
    ],
    "11": [
        2.1522266237911323,
        0
    ],
    "12": [
        0.0,
        0
    ],
    "13": [
        0.0,
        0
    ],
    "14": [
        0.5517698841268666,
        0
    ]
}