{
    "0": [
        0.0,
        0
    ],
    "1": [
        0.0,
        0
    ],
    "2": [
        0.2792421606910961,
        0
    ],
    "3": [
        3.0462414565900797,
        0
    ],
    "4": [
        0.3490057131598244,
        0
    ],
    "5": [
        0.7607243745067113,
        0
    ],
    "6": [
        0.9075411664221594,
        0
    ],
    "7": [
        3.2395360045630843,
        0
    ],
    "8": [
        0.0,
        0
    ],
    "9": [
        0.2700355488490857,
        0
    ],
    "10": [
        1.6384905128505785,
        0
    ],
    "11": [
        0.3219486366581379,
        0
    ],
    "12": [
        4.166082615776579,
        0
    ],
    "13": [
        0.7764019356926418,
        0
    ],
    "14": [
        3.176533846871377,
        0
    ]
}