{
    "0": [
        2.202552685644961,
        0
    ],
    "1": [
        0.0,
        0
    ],
    "2": [
        0.0,
        0
    ],
    "3": [
        1.2298427696235301,
        0
    ],
    "4": [
        2.3910847567081444,
        0
    ],
    "5": [
        0.0,
        0
    ],
    "6": [
        0.12442261933225136,
        0
    ],
    "7": [
        1.0043475065244798,
        0
    ],
    "8": [
        0.0,
        0
    ],
    "9": [
        3.152016930449645,
        0
    ],
    "10": [
        0.6470538243726496,
        0
    ],
    "11": [
        0.13463541290769865,
        0
    ],
    "12": [
        4.582533162059678,
        0
    ],
    "13": [
        0.06724597979186771,
        0
    ],
    "14": [
        0.0,
        0
    ]
}