{
    "0": [
        0.0,
        0
    ],
    "1": [
        0.0,
        0
    ],
    "2": [
        0.09363796285728843,
        0
    ],
    "3": [
        1.789984254586204,
        0
    ],
    "4": [
        0.0,
        0
    ],
    "5": [
        0.0,
        0
    ],
    "6": [
        0.0,
        0
    ],
    "7": [
        3.19811609999015,
        0
    ],
    "8": [
        1.487890169134211,
        0
    ],
    "9": [
        1.460058092611418,
        0
    ],
    "10": [
        0.9493832231783939,
        0
    ],
    "11": [
        4.217364310238159,
        0
    ],
    "12": [
        2.3866631074529927,
        0
    ],
    "13": [
        4.847771580862028,
        0
    ],
    "14": [
        0.0,
        0
    ]
}