{
    "0": [
        1.9855052980743197,
        0
    ],
    "1": [
        3.5715644376540436,
        0
    ],
    "2": [
        0.0,
        0
    ],
    "3": [
        0.0,
        0
    ],
    "4": [
        1.6922794786161173,
        0
    ],
    "5": [
        0.0,
        0
    ],
    "6": [
        1.7476894672187908,
        0
    ],
    "7": [
        1.409844834578502,
        0
    ],
    "8": [
        0.9612218902858463,
        0
    ],
    "9": [
        1.4809558523352735,
        0
    ],
    "10": [
        6.93488827568603,
        0
    ],
    "11": [
        2.0287470707191244,
        0
    ],
    "12": [
        0.8168679638913535,
        0
    ],
    "13": [
        2.186084965292671,
        0
    ],
    "14": [
        1.5951060192772535,
        0
    ]
}