{
    "0": [
        3.902438401798305,
        0
    ],
    "1": [
        0.08736312642057761,
        0
    ],
    "2": [
        1.3946206194589177,
        0
    ],
    "3": [
        1.302784888124364,
        0
    ],
    "4": [
        1.1899928646937883,
        0
    ],
    "5": [
        0.0,
        0
    ],
    "6": [
        0.43377657931575014,
        0
    ],
    "7": [
        0.0,
        0
    ],
    "8": [
        0.4765836136866641,
        0
    ],
    "9": [
        4.553953853281802,
        0
    ],
    "10": [
        2.3079137546881907,
        0
    ],
    "11": [
        0.5443767276328102,
        0
    ],
    "12": [
        0.9916522095419581,
        0
    ],
    "13": [
        0.017409396545038376,
        0
    ],
    "14": [
        0.11059767070006642,
        0
    ]
}