{
    "0": [
        0.6052020761502419,
        0
    ],
    "1": [
        2.606605777219738,
        0
    ],
    "2": [
        2.0411118650730073,
        0
    ],
    "3": [
        0.16385793664865841,
        0
    ],
    "4": [
        0.0,
        0
    ],
    "5": [
        0.3151941641714982,
        0
    ],
    "6": [
        0.9074302409614665,
        0
    ],
    "7": [
        2.3550224030593427,
        0
    ],
    "8": [
        0.24339930829573023,
        0
    ],
    "9": [
        1.1366672084347367,
        0
    ],
    "10": [
        2.184387201329805,
        0
    ],
    "11": [
        0.0,
        0
    ],
    "12": [
        2.3116630035797847,
        0
    ],
    "13": [
        3.8028655023792637,
        0
    ],
    "14": [
        3.5491409423819666,
        0
    ]
}