{
    "0": [
        0.0,
        0
    ],
    "1": [
        0.0,
        0
    ],
    "2": [
        1.358374907260343,
        0
    ],
    "3": [
        0.9564870830017145,
        0
    ],
    "4": [
        0.3999665966698342,
        0
    ],
    "5": [
        2.5666051767891775,
        0
    ],
    "6": [
        0.8030624637567113,
        0
    ],
    "7": [
        0.8469392606524659,
        0
    ],
    "8": [
        0.6511910806942336,
        0
    ],
    "9": [
        1.9583777210911044,
        0
    ],
    "10": [
        0.9851240797661533,
        0
    ],
    "11": [
        1.091563673459998,
        0
    ],
    "12": [
        8.332306641939384,
        0
    ],
    "13": [
        0.676490720248882,
        0
    ],
    "14": [
        0.01887233327673286,
        0
    ]
}