{
    "0": [
        0.8255041394527198,
        0
    ],
    "1": [
        2.98474036349559,
        0
    ],
    "2": [
        1.2842977550158639,
        0
    ],
    "3": [
        2.590843027432301,
        0
    ],
    "4": [
        0.42657274995745054,
        0
    ],
    "5": [
        0.06872501330713453,
        0
    ],
    "6": [
        1.2478001052421746,
        0
    ],
    "7": [
        0.0,
        0
    ],
    "8": [
        2.166704138932982,
        0
    ],
    "9": [
        0.2274169689264595,
        0
    ],
    "10": [
        0.0,
        0
    ],
    "11": [
        0.03770227960869093,
        0
    ],
    "12": [
        3.596286501625448,
        0
    ],
    "13": [
        1.722187071850357,
        0
    ],
    "14": [
        1.078041856776759,
        0
    ]
}