{
    "0": [
        0.4025902688934535,
        0
    ],
    "1": [
        0.27675794669759707,
        0
    ],
    "2": [
        1.2912882834117156,
        0
    ],
    "3": [
        3.2617336103985974,
        0
    ],
    "4": [
        0.0,
        0
    ],
    "5": [
        0.0,
        0
    ],
    "6": [
        2.746049393064903,
        0
    ],
    "7": [
        0.6435650681994967,
        0
    ],
    "8": [
        2.090226128456488,
        0
    ],
    "9": [
        2.152848647825095,
        0
    ],
    "10": [
        2.9112814340766238,
        0
    ],
    "11": [
        2.982905895319164,
        0
    ],
    "12": [
        1.1921457808672413,
        0
    ],
    "13": [
        2.036226796015063,
        0
    ],
    "14": [
        0.5295572689970514,
        0
    ]
}