{
    "0": [
        1.2034646150426604,
        0
    ],
    "1": [
        1.3823733283137323,
        0
    ],
    "2": [
        2.2477285527982027,
        0
    ],
    "3": [
        1.8455311545432427,
        0
    ],
    "4": [
        4.305387707422586,
        0
    ],
    "5": [
        1.5249787314284309,
        0
    ],
    "6": [
        0.10185119295249134,
        0
    ],
    "7": [
        1.3253366532530217,
        0
    ],
    "8": [
        0.0,
        0
    ],
    "9": [
        2.629396101559335,
        0
    ],
    "10": [
        1.9240263726204019,
        0
    ],
    "11": [
        1.5959734368455012,
        0
    ],
    "12": [
        1.2599083980530623,
        0
    ],
    "13": [
        1.742131234099937,
        0
    ],
    "14": [
        2.104317699364074,
        0
    ]
}