{
    "0": [
        0.0,
        0
    ],
    "1": [
        2.2817942761124472,
        0
    ],
    "2": [
        0.0,
        0
    ],
    "3": [
        0.0,
        0
    ],
    "4": [
        1.5936661550360463,
        0
    ],
    "5": [
        0.0,
        0
    ],
    "6": [
        0.0,
        0
    ],
    "7": [
        3.5607649600497053,
        0
    ],
    "8": [
        0.9168895775273352,
        0
    ],
    "9": [
        3.03357457916226,
        0
    ],
    "10": [
        2.4893210340898757,
        0
    ],
    "11": [
        0.0,
        0
    ],
    "12": [
        0.6490121003627451,
        0
    ],
    "13": [
        1.357012270903039,
        0
    ],
    "14": [
        1.9406833079004535,
        0
    ]
}