{
    "0": [
        1.3038305954833758,
        0
    ],
    "1": [
        0.3124573806681926,
        0
    ],
    "2": [
        2.003600047283966,
        0
    ],
    "3": [
        0.0,
        0
    ],
    "4": [
        6.213561049915704,
        0
    ],
    "5": [
        0.0,
        0
    ],
    "6": [
        5.4943100859332255,
        0
    ],
    "7": [
        1.0912051183401728,
        0
    ],
    "8": [
        0.0,
        0
    ],
    "9": [
        0.8561516209755483,
        0
    ],
    "10": [
        1.663125893717782,
        0
    ],
    "11": [
        0.4513102034013089,
        0
    ],
    "12": [
        0.42355131822707065,
        0
    ],
    "13": [
        1.8510955494572712,
        0
    ],
    "14": [
        0.9535112323825462,
        0
    ]
}