{
    "0": [
        0.3278070757351337,
        0
    ],
    "1": [
        0.6980174875703689,
        0
    ],
    "2": [
        0.03816849097779998,
        0
    ],
    "3": [
        0.0,
        0
    ],
    "4": [
        0.6556604459596146,
        0
    ],
    "5": [
        5.359167953641618,
        0
    ],
    "6": [
        1.5506991544354296,
        0
    ],
    "7": [
        4.72793492901101,
        0
    ],
    "8": [
        0.0,
        0
    ],
    "9": [
        0.0,
        0
    ],
    "10": [
        0.873158031724839,
        0
    ],
    "11": [
        5.083911118239464,
        0
    ],
    "12": [
        0.0,
        0
    ],
    "13": [
        1.4625143260135363,
        0
    ],
    "14": [
        0.21975321404075424,
        0
    ]
}