{
    "0": [
        4.694206851241389,
        0
    ],
    "1": [
        1.1937144902115766,
        0
    ],
    "2": [
        3.8810283377405415,
        0
    ],
    "3": [
        3.287553549145255,
        0
    ],
    "4": [
        0.6765406943611503,
        0
    ],
    "5": [
        1.3312480438826513,
        0
    ],
    "6": [
        0.6375770820471302,
        0
    ],
    "7": [
        0.0,
        0
    ],
    "8": [
        0.6339491369654251,
        0
    ],
    "9": [
        5.64147385405909,
        0
    ],
    "10": [
        1.665744021323515,
        0
    ],
    "11": [
        0.3724261387215623,
        0
    ],
    "12": [
        0.0,
        0
    ],
    "13": [
        0.0,
        0
    ],
    "14": [
        2.9517354620739638,
        0
    ]
}