{
    "0": [
        0.12504666490222163,
        0
    ],
    "1": [
        0.40474417370805416,
        0
    ],
    "2": [
        1.8739653404379237,
        0
    ],
    "3": [
        0.5403785811077367,
        0
    ],
    "4": [
        0.35801184704825867,
        0
    ],
    "5": [
        3.3602638154245956,
        0
    ],
    "6": [
        0.0,
        0
    ],
    "7": [
        8.007971370183217,
        0
    ],
    "8": [
        1.7004954821194727,
        0
    ],
    "9": [
        1.998918257836484,
        0
    ],
    "10": [
        0.5914810463469433,
        0
    ],
    "11": [
        0.2528709992597483,
        0
    ],
    "12": [
        0.29692239697075296,
        0
    ],
    "13": [
        0.16153197821822454,
        0
    ],
    "14": [
        0.0,
        0
    ]
}