{
    "0": [
        0.4608414480660817,
        0
    ],
    "1": [
        1.2677848725876752,
        0
    ],
    "2": [
        1.8262260884507988,
        0
    ],
    "3": [
        0.0,
        0
    ],
    "4": [
        3.3255824964509646,
        0
    ],
    "5": [
        3.8583152455978924,
        0
    ],
    "6": [
        2.1635509854943304,
        0
    ],
    "7": [
        0.0,
        0
    ],
    "8": [
        1.3016700189677222,
        0
    ],
    "9": [
        2.7465500049104317,
        0
    ],
    "10": [
        0.8500032040842677,
        0
    ],
    "11": [
        0.0,
        0
    ],
    "12": [
        0.8695336020235707,
        0
    ],
    "13": [
        1.466651587951111,
        0
    ],
    "14": [
        0.6873886971403573,
        0
    ]
}