{
    "0": [
        0.6716316142312502,
        0
    ],
    "1": [
        0.0,
        0
    ],
    "2": [
        2.0862291929580903,
        0
    ],
    "3": [
        1.2074375462333544,
        0
    ],
    "4": [
        4.452264537559155,
        0
    ],
    "5": [
        3.0810498192558735,
        0
    ],
    "6": [
        1.4037487453318782,
        0
    ],
    "7": [
        5.593057786558622,
        0
    ],
    "8": [
        4.5702701152628835,
        0
    ],
    "9": [
        2.1047085097601257,
        0
    ],
    "10": [
        0.22896089475696937,
        0
    ],
    "11": [
        0.966055613504237,
        0
    ],
    "12": [
        3.1910304511999836,
        0
    ],
    "13": [
        0.29934247764505967,
        0
    ],
    "14": [
        0.17711253341792685,
        0
    ]
}