{
    "0": [
        3.524131843855361,
        0
    ],
    "1": [
        0.3504497445511007,
        0
    ],
    "2": [
        0.8683068032078856,
        0
    ],
    "3": [
        0.0,
        0
    ],
    "4": [
        0.0,
        0
    ],
    "5": [
        3.061643948976955,
        0
    ],
    "6": [
        0.0,
        0
    ],
    "7": [
        0.0,
        0
    ],
    "8": [
        3.161263434954767,
        0
    ],
    "9": [
        0.0,
        0
    ],
    "10": [
        3.327532170407095,
        0
    ],
    "11": [
        0.38484608808083187,
        0
    ],
    "12": [
        0.9982102995773124,
        0
    ],
    "13": [
        2.3221515465644926,
        0
    ],
    "14": [
        0.0,
        0
    ]
}