{
    "0": [
        0.7714372329210067,
        0
    ],
    "1": [
        1.586838710627841,
        0
    ],
    "2": [
        4.605233654064876,
        0
    ],
    "3": [
        2.6610604790447185,
        0
    ],
    "4": [
        0.6176171815929351,
        0
    ],
    "5": [
        1.5911567446282933,
        0
    ],
    "6": [
        0.0,
        0
    ],
    "7": [
        1.2824436247799615,
        0
    ],
    "8": [
        0.0,
        0
    ],
    "9": [
        3.459027852900597,
        0
    ],
    "10": [
        0.32652118023061966,
        0
    ],
    "11": [
        4.017471536369283,
        0
    ],
    "12": [
        1.3813483120974632,
        0
    ],
    "13": [
        2.712813274953631,
        0
    ],
    "14": [
        2.507627944991573,
        0
    ]
}