{
    "0": [
        0.9487914832383056,
        0
    ],
    "1": [
        0.0,
        0
    ],
    "2": [
        0.0,
        0
    ],
    "3": [
        0.0,
        0
    ],
    "4": [
        2.2027797939024585,
        0
    ],
    "5": [
        4.8746811851521805,
        0
    ],
    "6": [
        3.214881966626956,
        0
    ],
    "7": [
        0.0,
        0
    ],
    "8": [
        3.669776193159774,
        0
    ],
    "9": [
        1.8583755918726388,
        0
    ],
    "10": [
        0.32624423397797236,
        0
    ],
    "11": [
        0.0,
        0
    ],
    "12": [
        0.0,
        0
    ],
    "13": [
        1.0337899784153117,
        0
    ],
    "14": [
        0.4189739924810675,
        0
    ]
}