{
    "0": [
        0.04156669963560954,
        0
    ],
    "1": [
        1.999303540396276,
        0
    ],
    "2": [
        1.5790860844527699,
        0
    ],
    "3": [
        1.3853852975644825,
        0
    ],
    "4": [
        0.33188475065387163,
        0
    ],
    "5": [
        1.2075167792508397,
        0
    ],
    "6": [
        1.3287952044119808,
        0
    ],
    "7": [
        1.2707612433440696,
        0
    ],
    "8": [
        8.092152230448102,
        0
    ],
    "9": [
        2.079172589176449,
        0
    ],
    "10": [
        2.0867420090622315,
        0
    ],
    "11": [
        0.0,
        0
    ],
    "12": [
        0.816148799544957,
        0
    ],
    "13": [
        0.0,
        0
    ],
    "14": [
        2.6078503428076143,
        0
    ]
}