{
    "0": [
        0.23726452640739323,
        0
    ],
    "1": [
        4.560765664892052,
        0
    ],
    "2": [
        2.153193995286611,
        0
    ],
    "3": [
        0.27343899014443673,
        0
    ],
    "4": [
        0.6078130427701444,
        0
    ],
    "5": [
        1.3404476214891146,
        0
    ],
    "6": [
        0.0,
        0
    ],
    "7": [
        0.59300617179611,
        0
    ],
    "8": [
        1.2092784437622563,
        0
    ],
    "9": [
        0.33932410621895565,
        0
    ],
    "10": [
        0.6743876014426711,
        0
    ],
    "11": [
        2.699870717107685,
        0
    ],
    "12": [
        0.0,
        0
    ],
    "13": [
        2.62480949294967,
        0
    ],
    "14": [
        3.419813694010819,
        0
    ]
}