{
    "0": [
        1.7770639317005743,
        0
    ],
    "1": [
        0.0,
        0
    ],
    "2": [
        0.01925965924602565,
        0
    ],
    "3": [
        2.6428571749015255,
        0
    ],
    "4": [
        0.7935536013479544,
        0
    ],
    "5": [
        2.3798248528916717,
        0
    ],
    "6": [
        0.17769290712553246,
        0
    ],
    "7": [
        2.3853371509830734,
        0
    ],
    "8": [
        1.88951067208595,
        0
    ],
    "9": [
        3.9144026998997443,
        0
    ],
    "10": [
        1.678350724517343,
        0
    ],
    "11": [
        1.448745272892873,
        0
    ],
    "12": [
        5.9018001356506895,
        0
    ],
    "13": [
        1.5706167947649983,
        0
    ],
    "14": [
        0.0,
        0
    ]
}