{
    "0": [
        0.0,
        0
    ],
    "1": [
        2.4279138014137365,
        0
    ],
    "2": [
        0.0,
        0
    ],
    "3": [
        2.1491629695591805,
        0
    ],
    "4": [
        0.0,
        0
    ],
    "5": [
        0.7850720138289217,
        0
    ],
    "6": [
        0.7390164361586173,
        0
    ],
    "7": [
        2.819255544034187,
        0
    ],
    "8": [
        1.4416970065668775,
        0
    ],
    "9": [
        0.0,
        0
    ],
    "10": [
        0.0,
        0
    ],
    "11": [
        1.950821103342778,
        0
    ],
    "12": [
        4.499858577625822,
        0
    ],
    "13": [
        1.9895157351173476,
        0
    ],
    "14": [
        1.7409612210304506,
        0
    ]
}