{
    "0": [
        4.481253349289727,
        0
    ],
    "1": [
        1.505067118688494,
        0
    ],
    "2": [
        0.27298547708980714,
        0
    ],
    "3": [
        1.3171873207735612,
        0
    ],
    "4": [
        2.329324896191988,
        0
    ],
    "5": [
        2.7776002992886184,
        0
    ],
    "6": [
        2.322857031059246,
        0
    ],
    "7": [
        0.342719737676391,
        0
    ],
    "8": [
        1.2196650810827827,
        0
    ],
    "9": [
        1.3828600332980943,
        0
    ],
    "10": [
        0.019486807649908715,
        0
    ],
    "11": [
        0.16937972813773175,
        0
    ],
    "12": [
        3.6513891825098885,
        0
    ],
    "13": [
        1.4001539439947042,
        0
    ],
    "14": [
        1.6727693111470645,
        0
    ]
}