{
    "0": [
        0.23821316311913415,
        0
    ],
    "1": [
        7.428126155394668,
        0
    ],
    "2": [
        0.3943079161514219,
        0
    ],
    "3": [
        0.9057692859085847,
        0
    ],
    "4": [
        1.5095429214925982,
        0
    ],
    "5": [
        0.5011639640080242,
        0
    ],
    "6": [
        0.0,
        0
    ],
    "7": [
        0.015105362980851831,
        0
    ],
    "8": [
        2.640998825102675,
        0
    ],
    "9": [
        0.514790865417199,
        0
    ],
    "10": [
        2.939491694915923,
        0
    ],
    "11": [
        0.0,
        0
    ],
    "12": [
        1.3804309063119469,
        0
    ],
    "13": [
        1.2437620420526139,
        0
    ],
    "14": [
        0.9378941277068554,
        0
    ]
}