{
    "0": [
        1.7641148119136538,
        0
    ],
    "1": [
        1.4865084639253276,
        0
    ],
    "2": [
        2.3729962253296892,
        0
    ],
    "3": [
        0.0,
        0
    ],
    "4": [
        3.8783551206423574,
        0
    ],
    "5": [
        3.296606079999115,
        0
    ],
    "6": [
        0.5273709854248859,
        0
    ],
    "7": [
        1.01066361630188,
        0
    ],
    "8": [
        2.384114790116611,
        0
    ],
    "9": [
        3.956588203888916,
        0
    ],
    "10": [
        0.28494800472406917,
        0
    ],
    "11": [
        2.513222202317946,
        0
    ],
    "12": [
        1.0932923182521488,
        0
    ],
    "13": [
        0.3522844105506295,
        0
    ],
    "14": [
        0.6701819311474767,
        0
    ]
}