{
    "0": [
        0.4818706437009087,
        0
    ],
    "1": [
        2.3954239988275785,
        0
    ],
    "2": [
        0.7669493782178918,
        0
    ],
    "3": [
        1.0005021638247364,
        0
    ],
    "4": [
        2.1069722378086246,
        0
    ],
    "5": [
        0.5584849628947061,
        0
    ],
    "6": [
        0.6189604951484328,
        0
    ],
    "7": [
        3.807212821575808,
        0
    ],
    "8": [
        0.988044924680911,
        0
    ],
    "9": [
        0.0,
        0
    ],
    "10": [
        3.602522361426077,
        0
    ],
    "11": [
        0.0,
        0
    ],
    "12": [
        3.407306149964125,
        0
    ],
    "13": [
        0.0,
        0
    ],
    "14": [
        1.3190351967249283,
        0
    ]
}