{
    "0": [
        1.1167219672496291,
        0
    ],
    "1": [
        0.48191250408794856,
        0
    ],
    "2": [
        2.6909438806316865,
        0
    ],
    "3": [
        0.49934794775091096,
        0
    ],
    "4": [
        0.0,
        0
    ],
    "5": [
        1.2906745285797194,
        0
    ],
    "6": [
        3.993965905577346,
        0
    ],
    "7": [
        0.10486157057744332,
        0
    ],
    "8": [
        0.7622777654791303,
        0
    ],
    "9": [
        0.39484716391467245,
        0
    ],
    "10": [
        3.9212220170811505,
        0
    ],
    "11": [
        0.6591458158669264,
        0
    ],
    "12": [
        0.0,
        0
    ],
    "13": [
        0.0,
        0
    ],
    "14": [
        2.727832584077754,
        0
    ]
}