{
    "0": [
        0.4131775516855682,
        0
    ],
    "1": [
        3.6995314766946943,
        0
    ],
    "2": [
        4.989683757840419,
        0
    ],
    "3": [
        0.669442537094111,
        0
    ],
    "4": [
        0.540613462087719,
        0
    ],
    "5": [
        2.4622565861133054,
        0
    ],
    "6": [
        1.0433580918669503,
        0
    ],
    "7": [
        2.2746611622291812,
        0
    ],
    "8": [
        0.0,
        0
    ],
    "9": [
        1.355937590401497,
        0
    ],
    "10": [
        1.5480832865687133,
        0
    ],
    "11": [
        2.4505278366867294,
        0
    ],
    "12": [
        3.720453052350158,
        0
    ],
    "13": [
        0.0,
        0
    ],
    "14": [
        0.0,
        0
    ]
}