{
    "0": [
        0.0,
        0
    ],
    "1": [
        0.013975178883711003,
        0
    ],
    "2": [
        2.5657360868371826,
        0
    ],
    "3": [
        3.184220159237351,
        0
    ],
    "4": [
        2.892892999649994,
        0
    ],
    "5": [
        1.0343703208324768,
        0
    ],
    "6": [
        0.9597821738583517,
        0
    ],
    "7": [
        2.6446119171397355,
        0
    ],
    "8": [
        0.0,
        0
    ],
    "9": [
        0.0,
        0
    ],
    "10": [
        0.01985503931645858,
        0
    ],
    "11": [
        0.1660270452791885,
        0
    ],
    "12": [
        0.0,
        0
    ],
    "13": [
        0.907146367828178,
        0
    ],
    "14": [
        3.970782505192782,
        0
    ]
}