{
    "0": [
        2.39709488567495,
        0
    ],
    "1": [
        0.591532486703014,
        0
    ],
    "2": [
        4.081682563323322,
        0
    ],
    "3": [
        0.0,
        0
    ],
    "4": [
        1.1460658026852948,
        0
    ],
    "5": [
        1.9277875992145541,
        0
    ],
    "6": [
        0.0,
        0
    ],
    "7": [
        3.633303084010671,
        0
    ],
    "8": [
        0.756695127395262,
        0
    ],
    "9": [
        0.0,
        0
    ],
    "10": [
        1.055509953878374,
        0
    ],
    "11": [
        1.481243801315658,
        0
    ],
    "12": [
        0.0,
        0
    ],
    "13": [
        3.6231026206553927,
        0
    ],
    "14": [
        0.30749625637940875,
        0
    ]
}