{
    "0": [
        1.1329784713469861,
        0
    ],
    "1": [
        2.98767251252864,
        0
    ],
    "2": [
        0.03157266189820574,
        0
    ],
    "3": [
        2.1395542433735955,
        0
    ],
    "4": [
        0.0,
        0
    ],
    "5": [
        0.0,
        0
    ],
    "6": [
        1.8236138675711362,
        0
    ],
    "7": [
        0.0,
        0
    ],
    "8": [
        0.0,
        0
    ],
    "9": [
        0.6427045108011268,
        0
    ],
    "10": [
        0.0,
        0
    ],
    "11": [
        0.2704310726488042,
        0
    ],
    "12": [
        2.6939124837300943,
        0
    ],
    "13": [
        5.630982032276474,
        0
    ],
    "14": [
        3.9255063940913772,
        0
    ]
}