{
    "0": [
        0.2956000004489514,
        0
    ],
    "1": [
        0.0,
        0
    ],
    "2": [
        0.9637975278124151,
        0
    ],
    "3": [
        3.5111302971800744,
        0
    ],
    "4": [
        1.2825649594988682,
        0
    ],
    "5": [
        0.9580882425445032,
        0
    ],
    "6": [
        2.5008448345196927,
        0
    ],
    "7": [
        0.34225861250835815,
        0
    ],
    "8": [
        2.286010327866388,
        0
    ],
    "9": [
        2.839597151539635,
        0
    ],
    "10": [
        1.7870876747156534,
        0
    ],
    "11": [
        0.0,
        0
    ],
    "12": [
        3.3008481345042604,
        0
    ],
    "13": [
        2.1354376318966635,
        0
    ],
    "14": [
        3.394524911485472,
        0
    ]
}