{
    "0": [
        2.469252191088487,
        0
    ],
    "1": [
        1.1223521557114837,
        0
    ],
    "2": [
        0.5053519784992101,
        0
    ],
    "3": [
        1.4865589268623158,
        0
    ],
    "4": [
        0.0,
        0
    ],
    "5": [
        3.0935971729253864,
        0
    ],
    "6": [
        0.8317748256831308,
        0
    ],
    "7": [
        0.288373041641343,
        0
    ],
    "8": [
        2.3992249036825615,
        0
    ],
    "9": [
        3.107418259805242,
        0
    ],
    "10": [
        2.8909598823565474,
        0
    ],
    "11": [
        2.119503677604043,
        0
    ],
    "12": [
        1.2884782018723846,
        0
    ],
    "13": [
        1.6963884288238618,
        0
    ],
    "14": [
        0.13888226096148829,
        0
    ]
}