{
    "0": [
        0.24345095272965434,
        0
    ],
    "1": [
        0.6046734623384863,
        0
    ],
    "2": [
        1.0923495993052497,
        0
    ],
    "3": [
        0.0,
        0
    ],
    "4": [
        2.0846764023222035,
        0
    ],
    "5": [
        0.5888300513081226,
        0
    ],
    "6": [
        1.0560054395060392,
        0
    ],
    "7": [
        0.10975417031369163,
        0
    ],
    "8": [
        0.0,
        0
    ],
    "9": [
        3.9402679801500256,
        0
    ],
    "10": [
        4.010322726344516,
        0
    ],
    "11": [
        2.1497407893698393,
        0
    ],
    "12": [
        4.301786069855678,
        0
    ],
    "13": [
        0.13324214574403265,
        0
    ],
    "14": [
        4.077569446594,
        0
    ]
}