{
    "0": [
        0.09577487386443373,
        0
    ],
    "1": [
        0.0,
        0
    ],
    "2": [
        6.357209233000433,
        0
    ],
    "3": [
        2.1897228896336527,
        0
    ],
    "4": [
        1.4843508232025242,
        0
    ],
    "5": [
        1.741986352287258,
        0
    ],
    "6": [
        3.15184463655658,
        0
    ],
    "7": [
        2.1715466165114514,
        0
    ],
    "8": [
        0.0,
        0
    ],
    "9": [
        0.11643600629497973,
        0
    ],
    "10": [
        0.7484140458334345,
        0
    ],
    "11": [
        0.0,
        0
    ],
    "12": [
        0.11562454262213653,
        0
    ],
    "13": [
        3.8785513398831135,
        0
    ],
    "14": [
        2.6613389010408377,
        0
    ]
}