{
    "0": [
        0.9185853360681729,
        0
    ],
    "1": [
        0.0,
        0
    ],
    "2": [
        3.3536445431512605,
        0
    ],
    "3": [
        1.059064784129509,
        0
    ],
    "4": [
        0.8798869392685921,
        0
    ],
    "5": [
        2.8853831305495254,
        0
    ],
    "6": [
        0.5096613323763444,
        0
    ],
    "7": [
        4.186729735052878,
        0
    ],
    "8": [
        3.2176308437289434,
        0
    ],
    "9": [
        4.471956242281288,
        0
    ],
    "10": [
        0.0,
        0
    ],
    "11": [
        0.12718956663119582,
        0
    ],
    "12": [
        1.1941659065544994,
        0
    ],
    "13": [
        0.9496402993967434,
        0
    ],
    "14": [
        0.7041910678512345,
        0
    ]
}