{
    "0": [
        1.8466255661299804,
        0
    ],
    "1": [
        1.3001092022463803,
        0
    ],
    "2": [
        0.8585309054950647,
        0
    ],
    "3": [
        1.5097907749381203,
        0
    ],
    "4": [
        0.0,
        0
    ],
    "5": [
        4.6954535073514165,
        0
    ],
    "6": [
        0.0,
        0
    ],
    "7": [
        1.283248887465942,
        0
    ],
    "8": [
        2.0543335372215155,
        0
    ],
    "9": [
        0.776492474943167,
        0
    ],
    "10": [
        0.0,
        0
    ],
    "11": [
        3.2328677177067178,
        0
    ],
    "12": [
        4.910045776067381,
        0
    ],
    "13": [
        2.8036540582802867,
        0
    ],
    "14": [
        0.6985314597422042,
        0
    ]
}