{
    "0": [
        0.0,
        0
    ],
    "1": [
        0.0,
        0
    ],
    "2": [
        0.18323244827290244,
        0
    ],
    "3": [
        2.9765551168852573,
        0
    ],
    "4": [
        2.8724224195349617,
        0
    ],
    "5": [
        1.7734240213531776,
        0
    ],
    "6": [
        0.0,
        0
    ],
    "7": [
        2.609740076471037,
        0
    ],
    "8": [
        2.299685583634386,
        0
    ],
    "9": [
        2.1048978365858666,
        0
    ],
    "10": [
        2.8590253141364865,
        0
    ],
    "11": [
        0.0,
        0
    ],
    "12": [
        3.387971799714379,
        0
    ],
    "13": [
        0.9879625252724659,
        0
    ],
    "14": [
        0.8264657561180753,
        0
    ]
}