{
    "0": [
        2.100384367044465,
        0
    ],
    "1": [
        4.085360594370586,
        0
    ],
    "2": [
        0.4438105083468272,
        0
    ],
    "3": [
        2.171157269184669,
        0
    ],
    "4": [
        0.3250911865358859,
        0
    ],
    "5": [
        1.2137688300340406,
        0
    ],
    "6": [
        1.1678728201677668,
        0
    ],
    "7": [
        0.43141213890742225,
        0
    ],
    "8": [
        0.0,
        0
    ],
    "9": [
        1.5879490634172617,
        0
    ],
    "10": [
        3.476854365074593,
        0
    ],
    "11": [
        0.539422328500655,
        0
    ],
    "12": [
        1.7054345134307327,
        0
    ],
    "13": [
        1.5146230804435035,
        0
    ],
    "14": [
        2.078019936701293,
        0
    ]
}