{
    "0": [
        2.747813282004921,
        0
    ],
    "1": [
        0.9329285830647279,
        0
    ],
    "2": [
        0.0,
        0
    ],
    "3": [
        0.9321782150085857,
        0
    ],
    "4": [
        0.0,
        0
    ],
    "5": [
        0.7775396154956634,
        0
    ],
    "6": [
        0.0,
        0
    ],
    "7": [
        2.087100231334508,
        0
    ],
    "8": [
        1.6139964540078622,
        0
    ],
    "9": [
        1.4939261243574677,
        0
    ],
    "10": [
        4.560702007175698,
        0
    ],
    "11": [
        1.1409049369827955,
        0
    ],
    "12": [
        0.9310539560495281,
        0
    ],
    "13": [
        4.842279045597754,
        0
    ],
    "14": [
        0.0,
        0
    ]
}