{
    "0": [
        1.805891894237414,
        0
    ],
    "1": [
        3.481125699150357,
        0
    ],
    "2": [
        1.8706126376397394,
        0
    ],
    "3": [
        1.2542595912528576,
        0
    ],
    "4": [
        0.7158826032711141,
        0
    ],
    "5": [
        0.0,
        0
    ],
    "6": [
        1.5112154401486622,
        0
    ],
    "7": [
        1.06832185852082,
        0
    ],
    "8": [
        0.8002290569315317,
        0
    ],
    "9": [
        3.081235225477143,
        0
    ],
    "10": [
        0.0,
        0
    ],
    "11": [
        0.8898661587458302,
        0
    ],
    "12": [
        0.08341923901507999,
        0
    ],
    "13": [
        2.3277760236157428,
        0
    ],
    "14": [
        1.7705648836835648,
        0
    ]
}