{
    "0": [
        0.925720483343746,
        0
    ],
    "1": [
        2.437948190170276,
        0
    ],
    "2": [
        1.7326800655861578,
        0
    ],
    "3": [
        2.7652622174727703,
        0
    ],
    "4": [
        2.18593382619852,
        0
    ],
    "5": [
        3.391518410253083,
        0
    ],
    "6": [
        1.2058836351615196,
        0
    ],
    "7": [
        1.0110172972197102,
        0
    ],
    "8": [
        2.6745901422968044,
        0
    ],
    "9": [
        0.47113960036725383,
        0
    ],
    "10": [
        3.3072687941968457,
        0
    ],
    "11": [
        0.0,
        0
    ],
    "12": [
        0.9954260286502152,
        0
    ],
    "13": [
        2.894677521445526,
        0
    ],
    "14": [
        6.5779657946115035,
        0
    ]
}