{
    "0": [
        2.9550135770984673,
        0
    ],
    "1": [
        1.6758495831383697,
        0
    ],
    "2": [
        0.38806159932729034,
        0
    ],
    "3": [
        1.662295753744985,
        0
    ],
    "4": [
        3.565908210109909,
        0
    ],
    "5": [
        0.35868769053429633,
        0
    ],
    "6": [
        0.3376624789153682,
        0
    ],
    "7": [
        3.136644935487572,
        0
    ],
    "8": [
        0.0,
        0
    ],
    "9": [
        3.134841523001048,
        0
    ],
    "10": [
        0.7352353038061004,
        0
    ],
    "11": [
        0.15785385280775902,
        0
    ],
    "12": [
        0.0,
        0
    ],
    "13": [
        2.8330322961891232,
        0
    ],
    "14": [
        0.0,
        0
    ]
}