{
    "0": [
        0.8603184086788976,
        0
    ],
    "1": [
        0.0,
        0
    ],
    "2": [
        0.0,
        0
    ],
    "3": [
        1.891810799801683,
        0
    ],
    "4": [
        3.107924670628264,
        0
    ],
    "5": [
        3.8271733018055705,
        0
    ],
    "6": [
        0.5214789668851523,
        0
    ],
    "7": [
        2.182409920519122,
        0
    ],
    "8": [
        2.7694685777040258,
        0
    ],
    "9": [
        1.6243916102735565,
        0
    ],
    "10": [
        3.5184902224455517,
        0
    ],
    "11": [
        2.7527113813891404,
        0
    ],
    "12": [
        0.39194533676847293,
        0
    ],
    "13": [
        0.0,
        0
    ],
    "14": [
        2.612337453349745,
        0
    ]
}