{
    "0": [
        3.8312852548235687,
        0
    ],
    "1": [
        2.2524577819773612,
        0
    ],
    "2": [
        1.4148996001556782,
        0
    ],
    "3": [
        0.0,
        0
    ],
    "4": [
        1.2169218525410115,
        0
    ],
    "5": [
        0.3587405260375909,
        0
    ],
    "6": [
        0.38903033614455634,
        0
    ],
    "7": [
        3.516794872980285,
        0
    ],
    "8": [
        3.227180452552258,
        0
    ],
    "9": [
        1.575151164084626,
        0
    ],
    "10": [
        1.787819642927082,
        0
    ],
    "11": [
        1.3580698765450276,
        0
    ],
    "12": [
        3.620146214335627,
        0
    ],
    "13": [
        0.7401708821910584,
        0
    ],
    "14": [
        2.537803943835525,
        0
    ]
}