{
    "0": [
        1.7049957725530567,
        0
    ],
    "1": [
        0.9429044614878923,
        0
    ],
    "2": [
        1.9549011676286085,
        0
    ],
    "3": [
        0.0,
        0
    ],
    "4": [
        0.0,
        0
    ],
    "5": [
        1.9525834002390408,
        0
    ],
    "6": [
        3.1734962514608633,
        0
    ],
    "7": [
        2.884052428149955,
        0
    ],
    "8": [
        2.6897689797732,
        0
    ],
    "9": [
        1.9791738261637815,
        0
    ],
    "10": [
        0.3267223852538589,
        0
    ],
    "11": [
        1.1434686948507744,
        0
    ],
    "12": [
        3.949459828987239,
        0
    ],
    "13": [
        0.2863176177821929,
        0
    ],
    "14": [
        0.18052258297653603,
        0
    ]
}