{
    "0": [
        1.4520518064699053,
        0
    ],
    "1": [
        0.9835706776389189,
        0
    ],
    "2": [
        0.0,
        0
    ],
    "3": [
        1.2040385203436572,
        0
    ],
    "4": [
        0.0,
        0
    ],
    "5": [
        3.636576493733498,
        0
    ],
    "6": [
        1.0840679925953713,
        0
    ],
    "7": [
        2.1484267535752544,
        0
    ],
    "8": [
        0.824001563543232,
        0
    ],
    "9": [
        0.5025075577227981,
        0
    ],
    "10": [
        4.078327054149973,
        0
    ],
    "11": [
        1.7597677039867667,
        0
    ],
    "12": [
        0.0,
        0
    ],
    "13": [
        3.2548061653152254,
        0
    ],
    "14": [
        0.8431258365487245,
        0
    ]
}