{
    "0": [
        0.010946507880692994,
        0
    ],
    "1": [
        1.0248481952661799,
        0
    ],
    "2": [
        0.0,
        0
    ],
    "3": [
        2.4302673314593095,
        0
    ],
    "4": [
        0.6106965201666495,
        0
    ],
    "5": [
        2.8591289932793122,
        0
    ],
    "6": [
        0.18467439260481686,
        0
    ],
    "7": [
        2.9711719219170827,
        0
    ],
    "8": [
        0.0,
        0
    ],
    "9": [
        2.332173494318634,
        0
    ],
    "10": [
        0.1084481626200789,
        0
    ],
    "11": [
        0.0,
        0
    ],
    "12": [
        3.0529089694384517,
        0
    ],
    "13": [
        0.2792203658208997,
        0
    ],
    "14": [
        4.606069249237179,
        0
    ]
}