{
    "0": [
        0.6235097712276733,
        0
    ],
    "1": [
        0.0,
        0
    ],
    "2": [
        0.9613447833367051,
        0
    ],
    "3": [
        0.7785203741729746,
        0
    ],
    "4": [
        0.2621933774034716,
        0
    ],
    "5": [
        2.676687274040258,
        0
    ],
    "6": [
        5.794821476840922,
        0
    ],
    "7": [
        0.7331657540115333,
        0
    ],
    "8": [
        4.667643543846698,
        0
    ],
    "9": [
        2.887626527426355,
        0
    ],
    "10": [
        0.408012015360651,
        0
    ],
    "11": [
        0.9113718856050093,
        0
    ],
    "12": [
        0.33892288614528704,
        0
    ],
    "13": [
        6.950866670111306,
        0
    ],
    "14": [
        0.3357423119941213,
        0
    ]
}