{
    "0": [
        0.507354457356646,
        0
    ],
    "1": [
        2.9832350127454217,
        0
    ],
    "2": [
        0.0,
        0
    ],
    "3": [
        4.963915326685404,
        0
    ],
    "4": [
        2.3927534491881106,
        0
    ],
    "5": [
        0.0,
        0
    ],
    "6": [
        0.0,
        0
    ],
    "7": [
        2.756423217037726,
        0
    ],
    "8": [
        0.8631699548255191,
        0
    ],
    "9": [
        1.138302520218354,
        0
    ],
    "10": [
        0.17186940564204795,
        0
    ],
    "11": [
        0.03563175904789256,
        0
    ],
    "12": [
        0.0,
        0
    ],
    "13": [
        2.716372927942852,
        0
    ],
    "14": [
        0.08156498799112272,
        0
    ]
}