{
    "0": [
        1.382471290312154,
        0
    ],
    "1": [
        1.363697851780177,
        0
    ],
    "2": [
        0.28973182047009555,
        0
    ],
    "3": [
        0.0,
        0
    ],
    "4": [
        3.9405276407298206,
        0
    ],
    "5": [
        1.183450061684896,
        0
    ],
    "6": [
        0.19405594406392082,
        0
    ],
    "7": [
        2.8745998477794,
        0
    ],
    "8": [
        4.2068049457672245,
        0
    ],
    "9": [
        0.3585200264600803,
        0
    ],
    "10": [
        0.0,
        0
    ],
    "11": [
        1.9140308774315749,
        0
    ],
    "12": [
        0.0,
        0
    ],
    "13": [
        2.3390587227394333,
        0
    ],
    "14": [
        3.228162993686043,
        0
    ]
}