{
    "0": [
        3.516799048124389,
        0
    ],
    "1": [
        1.202488184837959,
        0
    ],
    "2": [
        0.0,
        0
    ],
    "3": [
        2.361504668787373,
        0
    ],
    "4": [
        0.0,
        0
    ],
    "5": [
        3.3081350705309354,
        0
    ],
    "6": [
        0.0,
        0
    ],
    "7": [
        0.0,
        0
    ],
    "8": [
        4.423639345452887,
        0
    ],
    "9": [
        7.073510331147655,
        0
    ],
    "10": [
        0.30064930193027384,
        0
    ],
    "11": [
        2.002929576152762,
        0
    ],
    "12": [
        1.5539546655331007,
        0
    ],
    "13": [
        0.0,
        0
    ],
    "14": [
        1.4979130438925008,
        0
    ]
}