{
    "0": [
        0.0,
        0
    ],
    "1": [
        0.1437547690756283,
        0
    ],
    "2": [
        0.580837711788288,
        0
    ],
    "3": [
        1.9835726695080895,
        0
    ],
    "4": [
        2.643455811651396,
        0
    ],
    "5": [
        0.0,
        0
    ],
    "6": [
        1.0246480379465805,
        0
    ],
    "7": [
        3.915723571993503,
        0
    ],
    "8": [
        2.802240502256069,
        0
    ],
    "9": [
        0.43937066014331466,
        0
    ],
    "10": [
        0.0,
        0
    ],
    "11": [
        3.2213698414154193,
        0
    ],
    "12": [
        3.7569033146595006,
        0
    ],
    "13": [
        0.0005763558003382858,
        0
    ],
    "14": [
        2.9692322640629816,
        0
    ]
}