{
    "0": [
        2.2072955182747904,
        0
    ],
    "1": [
        3.4147133498848183,
        0
    ],
    "2": [
        0.0,
        0
    ],
    "3": [
        3.09566228074191,
        0
    ],
    "4": [
        3.3636653651392807,
        0
    ],
    "5": [
        1.6385759752974898,
        0
    ],
    "6": [
        0.5009518180210253,
        0
    ],
    "7": [
        0.25566876448760845,
        0
    ],
    "8": [
        2.314184692111936,
        0
    ],
    "9": [
        0.0,
        0
    ],
    "10": [
        0.0,
        0
    ],
    "11": [
        1.8765139155779407,
        0
    ],
    "12": [
        0.7570442027598782,
        0
    ],
    "13": [
        3.261396599796523,
        0
    ],
    "14": [
        0.7777708700390067,
        0
    ]
}