{
    "0": [
        3.9506891807367324,
        0
    ],
    "1": [
        1.3724313172164204,
        0
    ],
    "2": [
        2.7431066442621166,
        0
    ],
    "3": [
        1.597654313408282,
        0
    ],
    "4": [
        3.1994898578851005,
        0
    ],
    "5": [
        0.7920576467456053,
        0
    ],
    "6": [
        0.9656013894412737,
        0
    ],
    "7": [
        0.0,
        0
    ],
    "8": [
        0.8599716368426749,
        0
    ],
    "9": [
        2.4923993213399056,
        0
    ],
    "10": [
        2.632004708052937,
        0
    ],
    "11": [
        0.0,
        0
    ],
    "12": [
        0.20904557371159785,
        0
    ],
    "13": [
        2.4102895452279927,
        0
    ],
    "14": [
        0.8471267090927727,
        0
    ]
}