{
    "0": [
        1.7559417099109291,
        0
    ],
    "1": [
        0.0552901703910542,
        0
    ],
    "2": [
        0.14215749696180205,
        0
    ],
    "3": [
        0.23829539165238908,
        0
    ],
    "4": [
        3.2022231316021177,
        0
    ],
    "5": [
        0.9692138332674112,
        0
    ],
    "6": [
        1.5624062600252506,
        0
    ],
    "7": [
        2.4439342641221944,
        0
    ],
    "8": [
        0.09442730631755356,
        0
    ],
    "9": [
        4.537008672501115,
        0
    ],
    "10": [
        0.5577174515658988,
        0
    ],
    "11": [
        0.0,
        0
    ],
    "12": [
        3.8474644521505095,
        0
    ],
    "13": [
        2.6075925171417964,
        0
    ],
    "14": [
        0.6463970536638483,
        0
    ]
}