{
    "0": [
        1.1148345536601392,
        0
    ],
    "1": [
        2.2907798507237795,
        0
    ],
    "2": [
        4.4058028020961,
        0
    ],
    "3": [
        0.0,
        0
    ],
    "4": [
        3.4153856715401316,
        0
    ],
    "5": [
        1.6631874170561078,
        0
    ],
    "6": [
        0.0,
        0
    ],
    "7": [
        0.0,
        0
    ],
    "8": [
        1.2230005765440382,
        0
    ],
    "9": [
        2.4594148127645092,
        0
    ],
    "10": [
        0.0,
        0
    ],
    "11": [
        2.085487219613741,
        0
    ],
    "12": [
        3.0198613021163507,
        0
    ],
    "13": [
        1.019151731332071,
        0
    ],
    "14": [
        1.6685197850273294,
        0
    ]
}