{
    "0": [
        0.0,
        0
    ],
    "1": [
        2.3456898773145856,
        0
    ],
    "2": [
        1.8331527995346435,
        0
    ],
    "3": [
        0.0,
        0
    ],
    "4": [
        0.38786941722231466,
        0
    ],
    "5": [
        3.4162645850945514,
        0
    ],
    "6": [
        0.24629236550236355,
        0
    ],
    "7": [
        1.793943129179119,
        0
    ],
    "8": [
        0.0,
        0
    ],
    "9": [
        0.0,
        0
    ],
    "10": [
        1.0185686703250212,
        0
    ],
    "11": [
        0.0,
        0
    ],
    "12": [
        3.4383620719651793,
        0
    ],
    "13": [
        5.141365645676072,
        0
    ],
    "14": [
        0.38873637930152244,
        0
    ]
}