{
    "0": [
        0.01192206346750535,
        0
    ],
    "1": [
        2.309239270133807,
        0
    ],
    "2": [
        1.3260823044885637,
        0
    ],
    "3": [
        0.23076332917670686,
        0
    ],
    "4": [
        1.6915818816103758,
        0
    ],
    "5": [
        0.4558329557648226,
        0
    ],
    "6": [
        1.8472243385733558,
        0
    ],
    "7": [
        0.8050034609961438,
        0
    ],
    "8": [
        0.0,
        0
    ],
    "9": [
        5.0886227501163654,
        0
    ],
    "10": [
        0.0,
        0
    ],
    "11": [
        3.4770173969928555,
        0
    ],
    "12": [
        5.575566531973917,
        0
    ],
    "13": [
        0.0,
        0
    ],
    "14": [
        3.686729803782583,
        0
    ]
}