{
    "0": [
        0.0,
        0
    ],
    "1": [
        3.5581956419797733,
        0
    ],
    "2": [
        0.0,
        0
    ],
    "3": [
        1.4985006889284906,
        0
    ],
    "4": [
        1.572125645699417,
        0
    ],
    "5": [
        0.0,
        0
    ],
    "6": [
        1.009987768511088,
        0
    ],
    "7": [
        1.1596764118310003,
        0
    ],
    "8": [
        2.0914090444750766,
        0
    ],
    "9": [
        1.3464433222307486,
        0
    ],
    "10": [
        1.0273753819813873,
        0
    ],
    "11": [
        4.733749576310544,
        0
    ],
    "12": [
        1.7372847711841852,
        0
    ],
    "13": [
        4.7968528140677495,
        0
    ],
    "14": [
        1.081992698652865,
        0
    ]
}