{
    "0": [
        1.5782074959648922,
        0
    ],
    "1": [
        0.0,
        0
    ],
    "2": [
        2.9307581554344675,
        0
    ],
    "3": [
        1.0240172922805604,
        0
    ],
    "4": [
        1.622900780992486,
        0
    ],
    "5": [
        3.4053672914195023,
        0
    ],
    "6": [
        1.2444822320238487,
        0
    ],
    "7": [
        0.0,
        0
    ],
    "8": [
        0.43115540911889344,
        0
    ],
    "9": [
        1.2864982291908515,
        0
    ],
    "10": [
        3.291302317654731,
        0
    ],
    "11": [
        2.97749316713014,
        0
    ],
    "12": [
        3.793110720994358,
        0
    ],
    "13": [
        0.2719528795371475,
        0
    ],
    "14": [
        2.5900450901444887,
        0
    ]
}