{
    "0": [
        0.0,
        0
    ],
    "1": [
        2.6376692169012377,
        0
    ],
    "2": [
        0.38005678071016813,
        0
    ],
    "3": [
        0.5498830930517402,
        0
    ],
    "4": [
        0.0,
        0
    ],
    "5": [
        2.0503438120525894,
        0
    ],
    "6": [
        2.449785007524972,
        0
    ],
    "7": [
        0.0,
        0
    ],
    "8": [
        3.238519264970516,
        0
    ],
    "9": [
        1.2863367909395877,
        0
    ],
    "10": [
        2.6045033629345595,
        0
    ],
    "11": [
        4.609401981329797,
        0
    ],
    "12": [
        3.183195849167597,
        0
    ],
    "13": [
        1.3076638895989456,
        0
    ],
    "14": [
        2.0709708910545546,
        0
    ]
}