{
    "0": [
        0.39072180097939485,
        0
    ],
    "1": [
        0.0,
        0
    ],
    "2": [
        2.1164245768957834,
        0
    ],
    "3": [
        2.3653286122046486,
        0
    ],
    "4": [
        1.6574526545765467,
        0
    ],
    "5": [
        0.0,
        0
    ],
    "6": [
        2.2332287203681744,
        0
    ],
    "7": [
        0.168767282801651,
        0
    ],
    "8": [
        0.5245070585786734,
        0
    ],
    "9": [
        0.18900438356018864,
        0
    ],
    "10": [
        3.563702555896658,
        0
    ],
    "11": [
        0.5685287387695027,
        0
    ],
    "12": [
        0.8262777155811458,
        0
    ],
    "13": [
        2.7517073825253835,
        0
    ],
    "14": [
        2.4744115728042835,
        0
    ]
}