{
    "0": [
        2.11656957527736,
        0
    ],
    "1": [
        0.0,
        0
    ],
    "2": [
        5.02144716611823,
        0
    ],
    "3": [
        0.3342153303790063,
        0
    ],
    "4": [
        2.7899655837705906,
        0
    ],
    "5": [
        0.0,
        0
    ],
    "6": [
        1.4436069703457743,
        0
    ],
    "7": [
        1.4396283301153685,
        0
    ],
    "8": [
        1.2987763050206964,
        0
    ],
    "9": [
        1.1286514111353045,
        0
    ],
    "10": [
        3.627573809576307,
        0
    ],
    "11": [
        0.0,
        0
    ],
    "12": [
        0.0,
        0
    ],
    "13": [
        0.033714519515906004,
        0
    ],
    "14": [
        2.183186555586539,
        0
    ]
}