{
    "0": [
        1.5821029254503878,
        0
    ],
    "1": [
        0.0,
        0
    ],
    "2": [
        0.16475445906825012,
        0
    ],
    "3": [
        3.880388803693661,
        0
    ],
    "4": [
        0.7246163419242647,
        0
    ],
    "5": [
        0.4438947819319572,
        0
    ],
    "6": [
        3.0758132866519974,
        0
    ],
    "7": [
        0.28706487604677017,
        0
    ],
    "8": [
        0.0,
        0
    ],
    "9": [
        0.0,
        0
    ],
    "10": [
        0.0,
        0
    ],
    "11": [
        0.0,
        0
    ],
    "12": [
        3.0956906856446365,
        0
    ],
    "13": [
        0.0,
        0
    ],
    "14": [
        5.046686357901179,
        0
    ]
}