{
    "0": [
        2.542329802892127,
        0
    ],
    "1": [
        0.33848431001841356,
        0
    ],
    "2": [
        0.0,
        0
    ],
    "3": [
        2.4278283535257956,
        0
    ],
    "4": [
        0.029784102395865923,
        0
    ],
    "5": [
        1.857339436055457,
        0
    ],
    "6": [
        1.21360298607303,
        0
    ],
    "7": [
        2.0275752132058,
        0
    ],
    "8": [
        0.3969307603778245,
        0
    ],
    "9": [
        2.604580472050863,
        0
    ],
    "10": [
        5.063012391512307,
        0
    ],
    "11": [
        0.5529681151254819,
        0
    ],
    "12": [
        0.410643581600121,
        0
    ],
    "13": [
        1.223487829554544,
        0
    ],
    "14": [
        3.375784399338784,
        0
    ]
}