{
    "0": [
        1.9735990821260934,
        0
    ],
    "1": [
        1.8651994817671147,
        0
    ],
    "2": [
        2.334267468769481,
        0
    ],
    "3": [
        3.0052166543124437,
        0
    ],
    "4": [
        0.0,
        0
    ],
    "5": [
        1.2703636001769278,
        0
    ],
    "6": [
        2.247228848289747,
        0
    ],
    "7": [
        1.2119404228277937,
        0
    ],
    "8": [
        1.8767917644353096,
        0
    ],
    "9": [
        4.646692801605906,
        0
    ],
    "10": [
        0.0,
        0
    ],
    "11": [
        0.21492858395919232,
        0
    ],
    "12": [
        2.339212887756382,
        0
    ],
    "13": [
        0.9619871617951526,
        0
    ],
    "14": [
        1.6162411347241108,
        0
    ]
}