{
    "0": [
        2.2722528777206583,
        0
    ],
    "1": [
        0.2719335096627877,
        0
    ],
    "2": [
        4.757210915801913,
        0
    ],
    "3": [
        2.3389038934171578,
        0
    ],
    "4": [
        0.0,
        0
    ],
    "5": [
        2.301890468598262,
        0
    ],
    "6": [
        2.1235138244167913,
        0
    ],
    "7": [
        0.0,
        0
    ],
    "8": [
        3.051392514691499,
        0
    ],
    "9": [
        0.0,
        0
    ],
    "10": [
        0.3673944660770582,
        0
    ],
    "11": [
        1.163496446320939,
        0
    ],
    "12": [
        2.3064314669389354,
        0
    ],
    "13": [
        1.1239800346322417,
        0
    ],
    "14": [
        1.3573658421410115,
        0
    ]
}