{
    "0": [
        2.34238785876542,
        0
    ],
    "1": [
        0.7910222429739369,
        0
    ],
    "2": [
        0.0,
        0
    ],
    "3": [
        0.41243142321874016,
        0
    ],
    "4": [
        2.0000470923316307,
        0
    ],
    "5": [
        5.494890925620584,
        0
    ],
    "6": [
        2.733988409171347,
        0
    ],
    "7": [
        3.5311666966838295,
        0
    ],
    "8": [
        0.0,
        0
    ],
    "9": [
        1.659640380538731,
        0
    ],
    "10": [
        1.2346446734194427,
        0
    ],
    "11": [
        0.1986842453856577,
        0
    ],
    "12": [
        0.0,
        0
    ],
    "13": [
        2.850235241146589,
        0
    ],
    "14": [
        0.49713395613055356,
        0
    ]
}