{
    "0": [
        0.9749315628307815,
        0
    ],
    "1": [
        0.0,
        0
    ],
    "2": [
        3.413068795275034,
        0
    ],
    "3": [
        0.14017758797413998,
        0
    ],
    "4": [
        2.2464666470266215,
        0
    ],
    "5": [
        4.618951111905302,
        0
    ],
    "6": [
        2.8712665874935945,
        0
    ],
    "7": [
        1.802332498154672,
        0
    ],
    "8": [
        1.20984968805686,
        0
    ],
    "9": [
        0.0,
        0
    ],
    "10": [
        0.0,
        0
    ],
    "11": [
        2.408601234605531,
        0
    ],
    "12": [
        0.2772443916972521,
        0
    ],
    "13": [
        2.9348989148219085,
        0
    ],
    "14": [
        0.819296512219923,
        0
    ]
}