{
    "0": [
        0.0,
        0
    ],
    "1": [
        0.12723527978876772,
        0
    ],
    "2": [
        1.3802382699733091,
        0
    ],
    "3": [
        0.4615791761644424,
        0
    ],
    "4": [
        1.0213010687943473,
        0
    ],
    "5": [
        4.484910746626547,
        0
    ],
    "6": [
        0.9713641095368489,
        0
    ],
    "7": [
        1.9464670825370247,
        0
    ],
    "8": [
        1.8158948038799243,
        0
    ],
    "9": [
        3.5492339210053987,
        0
    ],
    "10": [
        2.084578115470731,
        0
    ],
    "11": [
        2.92231680637385,
        0
    ],
    "12": [
        0.942299019521904,
        0
    ],
    "13": [
        0.767528677863884,
        0
    ],
    "14": [
        2.3140257101628534,
        0
    ]
}