{
    "0": [
        0.0,
        0
    ],
    "1": [
        1.2141127205657642,
        0
    ],
    "2": [
        2.6230196726169006,
        0
    ],
    "3": [
        0.0,
        0
    ],
    "4": [
        1.355490202481279,
        0
    ],
    "5": [
        2.884446921648541,
        0
    ],
    "6": [
        0.0,
        0
    ],
    "7": [
        2.1075593501104115,
        0
    ],
    "8": [
        5.501558598584316,
        0
    ],
    "9": [
        0.09867017865273219,
        0
    ],
    "10": [
        0.3822240614341165,
        0
    ],
    "11": [
        3.094323786394797,
        0
    ],
    "12": [
        1.7473402082273701,
        0
    ],
    "13": [
        0.0,
        0
    ],
    "14": [
        2.026659358729351,
        0
    ]
}