{
    "0": [
        1.7839937719674286,
        0
    ],
    "1": [
        3.177537104800463,
        0
    ],
    "2": [
        1.6363946187771703,
        0
    ],
    "3": [
        2.8162134048840484,
        0
    ],
    "4": [
        0.05687657175518757,
        0
    ],
    "5": [
        2.9912137660462377,
        0
    ],
    "6": [
        0.11928322913967682,
        0
    ],
    "7": [
        0.0,
        0
    ],
    "8": [
        0.735223995118448,
        0
    ],
    "9": [
        0.0,
        0
    ],
    "10": [
        0.0,
        0
    ],
    "11": [
        0.13443913838653085,
        0
    ],
    "12": [
        0.6618947523605025,
        0
    ],
    "13": [
        4.452238906800536,
        0
    ],
    "14": [
        1.3941600127749256,
        0
    ]
}