{
    "0": [
        0.0946963701353923,
        0
    ],
    "1": [
        2.137013160617961,
        0
    ],
    "2": [
        1.7501956134162793,
        0
    ],
    "3": [
        0.0,
        0
    ],
    "4": [
        0.19244012924425136,
        0
    ],
    "5": [
        1.9971584392983832,
        0
    ],
    "6": [
        0.7164903040320132,
        0
    ],
    "7": [
        2.00859054956901,
        0
    ],
    "8": [
        0.4800564507321252,
        0
    ],
    "9": [
        3.4230648141761053,
        0
    ],
    "10": [
        0.08130692792206849,
        0
    ],
    "11": [
        0.41754754137963723,
        0
    ],
    "12": [
        0.0,
        0
    ],
    "13": [
        4.623243240917632,
        0
    ],
    "14": [
        0.0,
        0
    ]
}