{
    "0": [
        2.4910273785613257,
        0
    ],
    "1": [
        0.8085885232887114,
        0
    ],
    "2": [
        5.563101347990718,
        0
    ],
    "3": [
        2.194168119406594,
        0
    ],
    "4": [
        2.2610834330835696,
        0
    ],
    "5": [
        0.7054434744218244,
        0
    ],
    "6": [
        2.7536418719234472,
        0
    ],
    "7": [
        3.930428298764967,
        0
    ],
    "8": [
        0.6598888184067107,
        0
    ],
    "9": [
        0.0,
        0
    ],
    "10": [
        1.7499016901042213,
        0
    ],
    "11": [
        1.5663775558470414,
        0
    ],
    "12": [
        2.544614901825215,
        0
    ],
    "13": [
        0.0,
        0
    ],
    "14": [
        2.3456136815247155,
        0
    ]
}