{
    "0": [
        0.0,
        0
    ],
    "1": [
        2.723936016128329,
        0
    ],
    "2": [
        0.3925292237146791,
        0
    ],
    "3": [
        0.0,
        0
    ],
    "4": [
        0.0,
        0
    ],
    "5": [
        0.6978775934908048,
        0
    ],
    "6": [
        2.593373178589128,
        0
    ],
    "7": [
        0.0,
        0
    ],
    "8": [
        0.47016108717010024,
        0
    ],
    "9": [
        1.2190232319164485,
        0
    ],
    "10": [
        0.4705274017241136,
        0
    ],
    "11": [
        6.127055410476566,
        0
    ],
    "12": [
        0.0,
        0
    ],
    "13": [
        3.1449657348027866,
        0
    ],
    "14": [
        2.812233065313739,
        0
    ]
}