{
    "0": [
        3.0478559849794147,
        0
    ],
    "1": [
        0.0,
        0
    ],
    "2": [
        0.7388161026239636,
        0
    ],
    "3": [
        0.0,
        0
    ],
    "4": [
        3.5723720711285183,
        0
    ],
    "5": [
        3.708855636254762,
        0
    ],
    "6": [
        0.12607112674131132,
        0
    ],
    "7": [
        0.046366241262936564,
        0
    ],
    "8": [
        1.1461960486165785,
        0
    ],
    "9": [
        0.5727306630724381,
        0
    ],
    "10": [
        0.0,
        0
    ],
    "11": [
        4.309939003692529,
        0
    ],
    "12": [
        2.7512834771200323,
        0
    ],
    "13": [
        0.09678513321094442,
        0
    ],
    "14": [
        0.0,
        0
    ]
}