{
    "0": [
        1.534155641092742,
        0
    ],
    "1": [
        0.03816182487412571,
        0
    ],
    "2": [
        0.33848393315716685,
        0
    ],
    "3": [
        0.0,
        0
    ],
    "4": [
        6.258613849848956,
        0
    ],
    "5": [
        0.0,
        0
    ],
    "6": [
        4.110641487929392,
        0
    ],
    "7": [
        0.0,
        0
    ],
    "8": [
        2.1956636449846103,
        0
    ],
    "9": [
        1.455810438284971,
        0
    ],
    "10": [
        3.5677644183478114,
        0
    ],
    "11": [
        0.4830893701989165,
        0
    ],
    "12": [
        0.8358858842814418,
        0
    ],
    "13": [
        2.6880472629260614,
        0
    ],
    "14": [
        0.0,
        0
    ]
}