{
    "0": [
        1.6431611741101044,
        0
    ],
    "1": [
        4.811369925324578,
        0
    ],
    "2": [
        2.4436604150770753,
        0
    ],
    "3": [
        0.35884345150571406,
        0
    ],
    "4": [
        4.093767979054573,
        0
    ],
    "5": [
        1.5207070390673774,
        0
    ],
    "6": [
        1.7284968822185827,
        0
    ],
    "7": [
        0.0,
        0
    ],
    "8": [
        0.5579163329627026,
        0
    ],
    "9": [
        1.0346202470704438,
        0
    ],
    "10": [
        2.885280967825583,
        0
    ],
    "11": [
        1.003891637484898,
        0
    ],
    "12": [
        0.9180432815941932,
        0
    ],
    "13": [
        0.9623836203780363,
        0
    ],
    "14": [
        1.0660432072373478,
        0
    ]
}