{
    "0": [
        0.34141733579128963,
        0
    ],
    "1": [
        2.106859461377392,
        0
    ],
    "2": [
        3.4330053319162928,
        0
    ],
    "3": [
        2.9373812306956975,
        0
    ],
    "4": [
        3.095918025542917,
        0
    ],
    "5": [
        0.0003070725199597197,
        0
    ],
    "6": [
        0.0,
        0
    ],
    "7": [
        0.28100464859874114,
        0
    ],
    "8": [
        5.54446543078427,
        0
    ],
    "9": [
        1.1442629366029522,
        0
    ],
    "10": [
        1.093353826223447,
        0
    ],
    "11": [
        2.9958694839408975,
        0
    ],
    "12": [
        0.0,
        0
    ],
    "13": [
        2.349939981988272,
        0
    ],
    "14": [
        0.8154125812413219,
        0
    ]
}