{
    "0": [
        0.037339371885111404,
        69
    ],
    "1": [
        0.07743850720515108,
        95
    ],
    "2": [
        0.0725586954768201,
        132
    ],
    "3": [
        0.10015535482572073,
        150
    ],
    "4": [
        0.09917374890708429,
        76
    ],
    "5": [
        0.05625080998822318,
        99
    ],
    "6": [
        0.08211885552321181,
        123
    ],
    "7": [
        0.07277675128473424,
        132
    ],
    "8": [
        0.06516093172452717,
        140
    ],
    "9": [
        0.09582265062166592,
        118
    ],
    "10": [
        0.061963408869185,
        115
    ],
    "11": [
        0.04164918739060476,
        92
    ],
    "12": [
        0.013748382870536204,
        68
    ],
    "13": [
        0.09775507574778203,
        100
    ],
    "14": [
        0.02608826767964193,
        102
    ]
}