{
    "0": [
        0.05824802829702779,
        155
    ],
    "1": [
        0.07239687749687711,
        128
    ],
    "2": [
        0.09716661216244575,
        118
    ],
    "3": [
        0.0811299883052485,
        132
    ],
    "4": [
        0.024144499237249498,
        102
    ],
    "5": [
        0.04928938236133286,
        124
    ],
    "6": [
        0.03058483973707728,
        126
    ],
    "7": [
        0.022947898982221496,
        80
    ],
    "8": [
        0.02960464757926434,
        102
    ],
    "9": [
        0.04941521558128334,
        131
    ],
    "10": [
        0.04370439900113338,
        115
    ],
    "11": [
        0.11022509087506037,
        140
    ],
    "12": [
        0.14425997051914213,
        143
    ],
    "13": [
        0.03144102743864567,
        110
    ],
    "14": [
        0.15544152242599057,
        141
    ]
}