{
    "0": [
        0.043987017326542505,
        85
    ],
    "1": [
        0.16105812689939675,
        208
    ],
    "2": [
        0.09312700286727629,
        152
    ],
    "3": [
        0.06583016287530552,
        129
    ],
    "4": [
        0.048460882903390325,
        151
    ],
    "5": [
        0.09529288859826557,
        151
    ],
    "6": [
        0.049022074364447485,
        98
    ],
    "7": [
        0.023974993073618937,
        120
    ],
    "8": [
        0.06457135875035333,
        105
    ],
    "9": [
        0.03167302524804671,
        76
    ],
    "10": [
        0.06701241652408664,
        122
    ],
    "11": [
        0.07355266799103315,
        115
    ],
    "12": [
        0.08659146809453769,
        137
    ],
    "13": [
        0.05474196880632263,
        123
    ],
    "14": [
        0.04110394567737647,
        136
    ]
}