{
    "0": [
        0.027734828807950702,
        102
    ],
    "1": [
        0.041991181086794956,
        92
    ],
    "2": [
        0.05054542788818071,
        108
    ],
    "3": [
        0.08479656891238141,
        122
    ],
    "4": [
        0.06508273980154183,
        105
    ],
    "5": [
        0.1160697692991023,
        149
    ],
    "6": [
        0.05126942892947528,
        103
    ],
    "7": [
        0.04122979132695696,
        99
    ],
    "8": [
        0.08726527260987961,
        106
    ],
    "9": [
        0.048306738581660714,
        99
    ],
    "10": [
        0.08830895613981408,
        130
    ],
    "11": [
        0.09243495132265903,
        109
    ],
    "12": [
        0.02426389253919629,
        112
    ],
    "13": [
        0.15442031891042407,
        196
    ],
    "14": [
        0.026280133843982142,
        88
    ]
}