{
    "0": [
        0.06663807775009961,
        158
    ],
    "1": [
        0.02552267721555937,
        108
    ],
    "2": [
        0.018030838687782526,
        93
    ],
    "3": [
        0.059359675250860736,
        120
    ],
    "4": [
        0.03773312284722731,
        128
    ],
    "5": [
        0.0796009470382122,
        162
    ],
    "6": [
        0.08889586208019244,
        132
    ],
    "7": [
        0.11703682432808218,
        131
    ],
    "8": [
        0.06423263952690032,
        128
    ],
    "9": [
        0.038661119586173624,
        117
    ],
    "10": [
        0.13641534966939822,
        132
    ],
    "11": [
        0.0901421896594503,
        128
    ],
    "12": [
        0.0225932831127802,
        108
    ],
    "13": [
        0.10621546671499299,
        138
    ],
    "14": [
        0.04892192653228799,
        112
    ]
}