{
    "0": [
        0.04111922858050067,
        115
    ],
    "1": [
        0.09078441934343846,
        122
    ],
    "2": [
        0.04989001156990799,
        139
    ],
    "3": [
        0.0595262757591295,
        92
    ],
    "4": [
        0.03303667396797638,
        91
    ],
    "5": [
        0.17603266975848963,
        200
    ],
    "6": [
        0.10027597325877376,
        118
    ],
    "7": [
        0.0652289473555789,
        105
    ],
    "8": [
        0.08657644730350608,
        128
    ],
    "9": [
        0.03512245714770896,
        137
    ],
    "10": [
        0.08312611559249436,
        140
    ],
    "11": [
        0.05367746984580034,
        121
    ],
    "12": [
        0.030014716959769316,
        117
    ],
    "13": [
        0.033987385970921116,
        102
    ],
    "14": [
        0.06160120758600465,
        105
    ]
}