{
    "0": [
        0.026948339888823537,
        130
    ],
    "1": [
        0.07272183420360492,
        127
    ],
    "2": [
        0.05999498394421769,
        149
    ],
    "3": [
        0.026903297410739126,
        117
    ],
    "4": [
        0.055958251761138667,
        131
    ],
    "5": [
        0.017711278966752123,
        92
    ],
    "6": [
        0.1688936560938085,
        146
    ],
    "7": [
        0.04887249114015784,
        112
    ],
    "8": [
        0.0945855688229466,
        174
    ],
    "9": [
        0.04251487600384463,
        117
    ],
    "10": [
        0.09416998984700665,
        136
    ],
    "11": [
        0.08770829473518843,
        112
    ],
    "12": [
        0.10735451995850438,
        162
    ],
    "13": [
        0.026416631726137015,
        102
    ],
    "14": [
        0.06924598549712986,
        107
    ]
}