{
    "0": [
        0.01878488871642076,
        100
    ],
    "1": [
        0.0874710633830773,
        171
    ],
    "2": [
        0.08261823673188229,
        100
    ],
    "3": [
        0.04894277703346522,
        109
    ],
    "4": [
        0.03356825048095532,
        110
    ],
    "5": [
        0.09114451361840153,
        141
    ],
    "6": [
        0.0465380747363841,
        123
    ],
    "7": [
        0.04378435746469944,
        134
    ],
    "8": [
        0.07433773425446412,
        140
    ],
    "9": [
        0.09248402347785595,
        122
    ],
    "10": [
        0.12934374324131642,
        130
    ],
    "11": [
        0.057714704353122634,
        153
    ],
    "12": [
        0.08443962078099673,
        143
    ],
    "13": [
        0.026678636602490636,
        124
    ],
    "14": [
        0.08214937512446764,
        96
    ]
}