{
    "0": [
        0.06084920712036887,
        162
    ],
    "1": [
        0.030214439977714985,
        114
    ],
    "2": [
        0.0614464509504533,
        172
    ],
    "3": [
        0.07406931753864797,
        172
    ],
    "4": [
        0.1213103523856881,
        136
    ],
    "5": [
        0.05443663174136154,
        171
    ],
    "6": [
        0.07308234282346376,
        176
    ],
    "7": [
        0.06651611781233582,
        117
    ],
    "8": [
        0.06060866196393224,
        177
    ],
    "9": [
        0.05132176563167064,
        135
    ],
    "10": [
        0.07135997863901597,
        108
    ],
    "11": [
        0.0804272378697667,
        140
    ],
    "12": [
        0.1333025304731623,
        143
    ],
    "13": [
        0.02719315629620831,
        133
    ],
    "14": [
        0.033861808776209375,
        137
    ]
}