{
    "0": [
        0.09439303822777312,
        175
    ],
    "1": [
        0.14496272545327185,
        114
    ],
    "2": [
        0.08390033553021202,
        150
    ],
    "3": [
        0.04014487907870921,
        131
    ],
    "4": [
        0.055999161635206116,
        89
    ],
    "5": [
        0.05362816473342739,
        128
    ],
    "6": [
        0.041733097203171726,
        134
    ],
    "7": [
        0.11090728502331401,
        142
    ],
    "8": [
        0.04201679467469463,
        115
    ],
    "9": [
        0.07186222964658784,
        159
    ],
    "10": [
        0.02821756197689786,
        104
    ],
    "11": [
        0.07062761586494708,
        158
    ],
    "12": [
        0.03739128668119914,
        108
    ],
    "13": [
        0.0939404923900679,
        177
    ],
    "14": [
        0.030275331880519885,
        82
    ]
}