{
    "0": [
        0.096971671153878,
        157
    ],
    "1": [
        0.04967591392866833,
        125
    ],
    "2": [
        0.04878508094386148,
        112
    ],
    "3": [
        0.032238160736583345,
        100
    ],
    "4": [
        0.03296936110170353,
        104
    ],
    "5": [
        0.09899809372702537,
        126
    ],
    "6": [
        0.10335009850851425,
        135
    ],
    "7": [
        0.07727543643409969,
        98
    ],
    "8": [
        0.06958753700821084,
        107
    ],
    "9": [
        0.026606405769717907,
        125
    ],
    "10": [
        0.05287116205919642,
        119
    ],
    "11": [
        0.03840869100969422,
        121
    ],
    "12": [
        0.07987099720489298,
        162
    ],
    "13": [
        0.06306511435812218,
        141
    ],
    "14": [
        0.12932627605583147,
        107
    ]
}