{
    "0": [
        0.028995554892541735,
        104
    ],
    "1": [
        0.07200277815772264,
        143
    ],
    "2": [
        0.02249297929698069,
        114
    ],
    "3": [
        0.08566564540817836,
        101
    ],
    "4": [
        0.10363754920019184,
        138
    ],
    "5": [
        0.05618849405793422,
        101
    ],
    "6": [
        0.06711475847529522,
        118
    ],
    "7": [
        0.07508193349873325,
        179
    ],
    "8": [
        0.12189120611972802,
        186
    ],
    "9": [
        0.13490554688623246,
        160
    ],
    "10": [
        0.06823157432586266,
        125
    ],
    "11": [
        0.08975239197873089,
        205
    ],
    "12": [
        0.013581759133248791,
        91
    ],
    "13": [
        0.02405525050310926,
        130
    ],
    "14": [
        0.03640257806550998,
        132
    ]
}