{
    "0": [
        0.06131802798700817,
        135
    ],
    "1": [
        0.025232145812429056,
        75
    ],
    "2": [
        0.04326403480267971,
        108
    ],
    "3": [
        0.0730868326527495,
        102
    ],
    "4": [
        0.05262196777253853,
        116
    ],
    "5": [
        0.06516556470221797,
        107
    ],
    "6": [
        0.04781737054137555,
        86
    ],
    "7": [
        0.09092919408061742,
        154
    ],
    "8": [
        0.018162047862945185,
        75
    ],
    "9": [
        0.09336712312899562,
        106
    ],
    "10": [
        0.1088283483168825,
        135
    ],
    "11": [
        0.06500494771922789,
        89
    ],
    "12": [
        0.09240757754668309,
        129
    ],
    "13": [
        0.0361176261106978,
        132
    ],
    "14": [
        0.1266771909629521,
        111
    ]
}