{
    "0": [
        0.013380946988452517,
        66
    ],
    "1": [
        0.07928898172647893,
        124
    ],
    "2": [
        0.0928631370171102,
        71
    ],
    "3": [
        0.08683225364073982,
        100
    ],
    "4": [
        0.06122122426746035,
        88
    ],
    "5": [
        0.10244962093809086,
        111
    ],
    "6": [
        0.06730875930785757,
        105
    ],
    "7": [
        0.06140946685586199,
        104
    ],
    "8": [
        0.06219977363995083,
        129
    ],
    "9": [
        0.060098573002928556,
        115
    ],
    "10": [
        0.04926154944093018,
        103
    ],
    "11": [
        0.04569352433440569,
        123
    ],
    "12": [
        0.06251710422248968,
        101
    ],
    "13": [
        0.019824262746550955,
        98
    ],
    "14": [
        0.1356508218706919,
        151
    ]
}