{
    "0": [
        0.10227730479196671,
        115
    ],
    "1": [
        0.08480612169839402,
        122
    ],
    "2": [
        0.09049811464896139,
        127
    ],
    "3": [
        0.049037236519152635,
        103
    ],
    "4": [
        0.12849673392475688,
        124
    ],
    "5": [
        0.11593302735889244,
        89
    ],
    "6": [
        0.14336710636127034,
        150
    ],
    "7": [
        0.06336272641005554,
        113
    ],
    "8": [
        0.027160587689657217,
        87
    ],
    "9": [
        0.028172376922798177,
        89
    ],
    "10": [
        0.05665978898975484,
        87
    ],
    "11": [
        0.02936134676650896,
        104
    ],
    "12": [
        0.042897393266469366,
        89
    ],
    "13": [
        0.02099005494273616,
        89
    ],
    "14": [
        0.016980079708625227,
        74
    ]
}