{
    "0": [
        0.051223704941259954,
        104
    ],
    "1": [
        0.11931007302404727,
        87
    ],
    "2": [
        0.05911812019909427,
        107
    ],
    "3": [
        0.10623336380516261,
        154
    ],
    "4": [
        0.08430731446553581,
        99
    ],
    "5": [
        0.04074681602491716,
        73
    ],
    "6": [
        0.08214920019557581,
        153
    ],
    "7": [
        0.03765416773671472,
        134
    ],
    "8": [
        0.04657046925253424,
        111
    ],
    "9": [
        0.05141911768212989,
        116
    ],
    "10": [
        0.11462844184128905,
        145
    ],
    "11": [
        0.059559738541442406,
        129
    ],
    "12": [
        0.02190594053541969,
        93
    ],
    "13": [
        0.08005898321315962,
        150
    ],
    "14": [
        0.04511454854171749,
        119
    ]
}