{
    "0": [
        0.04062670810339412,
        144
    ],
    "1": [
        0.03937878781479,
        122
    ],
    "2": [
        0.0818361057563739,
        175
    ],
    "3": [
        0.05325489982268342,
        138
    ],
    "4": [
        0.018364137760441216,
        85
    ],
    "5": [
        0.11747361399458378,
        145
    ],
    "6": [
        0.09070341663875775,
        165
    ],
    "7": [
        0.02677331164706719,
        133
    ],
    "8": [
        0.11391766485350036,
        168
    ],
    "9": [
        0.0691038355213411,
        96
    ],
    "10": [
        0.12082715240861587,
        181
    ],
    "11": [
        0.021756378827042414,
        101
    ],
    "12": [
        0.027557917269018538,
        98
    ],
    "13": [
        0.1496892167081821,
        103
    ],
    "14": [
        0.028736852874208157,
        106
    ]
}