{
    "0": [
        0.09810141674975892,
        158
    ],
    "1": [
        0.11128658178532409,
        157
    ],
    "2": [
        0.029878120790431534,
        118
    ],
    "3": [
        0.11620623027667004,
        122
    ],
    "4": [
        0.01854918524603968,
        110
    ],
    "5": [
        0.08058729451869245,
        148
    ],
    "6": [
        0.03488545874551039,
        109
    ],
    "7": [
        0.03757146773778441,
        103
    ],
    "8": [
        0.13406354356267663,
        143
    ],
    "9": [
        0.10661210040417357,
        146
    ],
    "10": [
        0.033094668054068195,
        107
    ],
    "11": [
        0.031884721921588234,
        112
    ],
    "12": [
        0.07624882998441902,
        130
    ],
    "13": [
        0.06924883266527011,
        119
    ],
    "14": [
        0.021781547557592592,
        95
    ]
}