{
    "0": [
        0.0886729965413787,
        139
    ],
    "1": [
        0.0342489232836679,
        89
    ],
    "2": [
        0.08272462335636566,
        110
    ],
    "3": [
        0.06524857996733999,
        110
    ],
    "4": [
        0.013423960477211621,
        58
    ],
    "5": [
        0.07367304707628292,
        106
    ],
    "6": [
        0.03195494531254743,
        86
    ],
    "7": [
        0.07319495583585377,
        111
    ],
    "8": [
        0.029412233752007164,
        89
    ],
    "9": [
        0.038798765355548034,
        130
    ],
    "10": [
        0.18712589347760247,
        89
    ],
    "11": [
        0.17350976177030597,
        136
    ],
    "12": [
        0.02706712287033183,
        74
    ],
    "13": [
        0.04706469125692279,
        115
    ],
    "14": [
        0.03387949966663377,
        78
    ]
}