{
    "0": [
        0.0577944359184716,
        170
    ],
    "1": [
        0.04568861825658142,
        114
    ],
    "2": [
        0.04979409460676071,
        93
    ],
    "3": [
        0.07582256728539938,
        118
    ],
    "4": [
        0.07221210128182626,
        126
    ],
    "5": [
        0.05033010873558677,
        99
    ],
    "6": [
        0.09162048223986714,
        102
    ],
    "7": [
        0.035489658526904014,
        111
    ],
    "8": [
        0.05704801549415979,
        113
    ],
    "9": [
        0.031956451083320014,
        109
    ],
    "10": [
        0.0614822397011089,
        131
    ],
    "11": [
        0.09417514553808473,
        161
    ],
    "12": [
        0.09932015402672463,
        143
    ],
    "13": [
        0.13944974402890165,
        116
    ],
    "14": [
        0.03781618327630286,
        109
    ]
}