{
    "0": [
        0.08502860253967628,
        120
    ],
    "1": [
        0.05930098636287233,
        123
    ],
    "2": [
        0.03237385986397128,
        116
    ],
    "3": [
        0.04567372174707106,
        118
    ],
    "4": [
        0.06888867486625853,
        96
    ],
    "5": [
        0.05216223801842995,
        117
    ],
    "6": [
        0.09358483612055582,
        131
    ],
    "7": [
        0.12110739989941041,
        117
    ],
    "8": [
        0.09804008387035798,
        144
    ],
    "9": [
        0.04678515356265358,
        107
    ],
    "10": [
        0.047052792968046674,
        146
    ],
    "11": [
        0.05419669629021749,
        133
    ],
    "12": [
        0.0805322353970711,
        143
    ],
    "13": [
        0.10107277474538925,
        133
    ],
    "14": [
        0.014199943748018163,
        88
    ]
}