{
    "0": [
        0.09385006916413413,
        165
    ],
    "1": [
        0.08126477990682746,
        141
    ],
    "2": [
        0.08128070306348524,
        154
    ],
    "3": [
        0.06690418831376407,
        89
    ],
    "4": [
        0.028255116249081752,
        111
    ],
    "5": [
        0.018841134679350904,
        97
    ],
    "6": [
        0.06889844288607812,
        155
    ],
    "7": [
        0.03722803501416758,
        135
    ],
    "8": [
        0.037859038630292295,
        139
    ],
    "9": [
        0.0739833886132395,
        146
    ],
    "10": [
        0.104815551332049,
        127
    ],
    "11": [
        0.02319004777695055,
        89
    ],
    "12": [
        0.1541388671872586,
        121
    ],
    "13": [
        0.1117547167165918,
        163
    ],
    "14": [
        0.017735920466728994,
        85
    ]
}