{
    "0": [
        0.08451225920345652,
        171
    ],
    "1": [
        0.12091671597496928,
        162
    ],
    "2": [
        0.039427352871107775,
        118
    ],
    "3": [
        0.0848557696702907,
        129
    ],
    "4": [
        0.08429780599936626,
        147
    ],
    "5": [
        0.053674031485052606,
        155
    ],
    "6": [
        0.019235678177494903,
        98
    ],
    "7": [
        0.04160154321696511,
        95
    ],
    "8": [
        0.04704342162899025,
        126
    ],
    "9": [
        0.0507010766436901,
        189
    ],
    "10": [
        0.0600777100155877,
        123
    ],
    "11": [
        0.04819098982237558,
        140
    ],
    "12": [
        0.034159271995068075,
        112
    ],
    "13": [
        0.07518619658046262,
        153
    ],
    "14": [
        0.15612017671512246,
        203
    ]
}