{
    "0": [
        0.03551030396480643,
        110
    ],
    "1": [
        0.1856486464596281,
        132
    ],
    "2": [
        0.07725396165366225,
        101
    ],
    "3": [
        0.036470822763150425,
        72
    ],
    "4": [
        0.06882160570804832,
        114
    ],
    "5": [
        0.07855184609322297,
        96
    ],
    "6": [
        0.07556220171312177,
        137
    ],
    "7": [
        0.05349751282709454,
        121
    ],
    "8": [
        0.013106039238958598,
        67
    ],
    "9": [
        0.07703903708304956,
        97
    ],
    "10": [
        0.05347174134017529,
        117
    ],
    "11": [
        0.056737618518441155,
        92
    ],
    "12": [
        0.06733193969261615,
        115
    ],
    "13": [
        0.07738943249992762,
        122
    ],
    "14": [
        0.04360729044409693,
        98
    ]
}