{
    "0": [
        0.04636416402406113,
        101
    ],
    "1": [
        0.039379985168049046,
        117
    ],
    "2": [
        0.032594680084123695,
        126
    ],
    "3": [
        0.04422449716928982,
        117
    ],
    "4": [
        0.15191502497268414,
        111
    ],
    "5": [
        0.06797642044828114,
        155
    ],
    "6": [
        0.10195958838281337,
        120
    ],
    "7": [
        0.031197048972479668,
        96
    ],
    "8": [
        0.06229269362692626,
        138
    ],
    "9": [
        0.07037715118603306,
        98
    ],
    "10": [
        0.09599194633429634,
        132
    ],
    "11": [
        0.06054298865069256,
        121
    ],
    "12": [
        0.07516868168911757,
        130
    ],
    "13": [
        0.03407927591967011,
        109
    ],
    "14": [
        0.08593585337148182,
        135
    ]
}