{
    "0": [
        0.02274718051908223,
        104
    ],
    "1": [
        0.0992145389883398,
        124
    ],
    "2": [
        0.04971343311173781,
        130
    ],
    "3": [
        0.09676106281414158,
        142
    ],
    "4": [
        0.028408007902498082,
        124
    ],
    "5": [
        0.09612762285336358,
        125
    ],
    "6": [
        0.07326398834535988,
        141
    ],
    "7": [
        0.038303169372803585,
        98
    ],
    "8": [
        0.06069752216891628,
        109
    ],
    "9": [
        0.17555322417093247,
        103
    ],
    "10": [
        0.03851237351708276,
        122
    ],
    "11": [
        0.09106842004027542,
        121
    ],
    "12": [
        0.07282039976954743,
        156
    ],
    "13": [
        0.02884215303186794,
        138
    ],
    "14": [
        0.027966903394051147,
        102
    ]
}