{
    "0": [
        0.12516492440834406,
        108
    ],
    "1": [
        0.02658655599361534,
        83
    ],
    "2": [
        0.1512608942160896,
        137
    ],
    "3": [
        0.025838884704651364,
        91
    ],
    "4": [
        0.12936685057448624,
        148
    ],
    "5": [
        0.034628553823368415,
        75
    ],
    "6": [
        0.08200658674918784,
        103
    ],
    "7": [
        0.11958533376430601,
        133
    ],
    "8": [
        0.04648858775992624,
        90
    ],
    "9": [
        0.06268554309680055,
        114
    ],
    "10": [
        0.018214299826569743,
        88
    ],
    "11": [
        0.026858899658854917,
        73
    ],
    "12": [
        0.08214828685545204,
        94
    ],
    "13": [
        0.02093623544514634,
        81
    ],
    "14": [
        0.0482295631232013,
        124
    ]
}