{
    "0": [
        0.041846976794953895,
        125
    ],
    "1": [
        0.0446697549088644,
        112
    ],
    "2": [
        0.13872965552754477,
        117
    ],
    "3": [
        0.09017392735997926,
        125
    ],
    "4": [
        0.10872601727855001,
        166
    ],
    "5": [
        0.03241691617138841,
        129
    ],
    "6": [
        0.11374582295787304,
        133
    ],
    "7": [
        0.028874904281454415,
        117
    ],
    "8": [
        0.020121954562412815,
        113
    ],
    "9": [
        0.044542689399680646,
        106
    ],
    "10": [
        0.03538783756075765,
        120
    ],
    "11": [
        0.0612362975166574,
        133
    ],
    "12": [
        0.06128218695225765,
        150
    ],
    "13": [
        0.08571605867566792,
        85
    ],
    "14": [
        0.0925290000519578,
        139
    ]
}