{
    "0": [
        0.04052412933381278,
        96
    ],
    "1": [
        0.05787944578363974,
        120
    ],
    "2": [
        0.08368787674288788,
        146
    ],
    "3": [
        0.07072163259034966,
        133
    ],
    "4": [
        0.018682013195885427,
        90
    ],
    "5": [
        0.15609982300692601,
        148
    ],
    "6": [
        0.013676332945205923,
        69
    ],
    "7": [
        0.09662561460060388,
        123
    ],
    "8": [
        0.10636860458523598,
        145
    ],
    "9": [
        0.07275586904076947,
        148
    ],
    "10": [
        0.05794780796832073,
        103
    ],
    "11": [
        0.03783320759176376,
        107
    ],
    "12": [
        0.03370356304281098,
        116
    ],
    "13": [
        0.09369082677070233,
        134
    ],
    "14": [
        0.05980325280108532,
        126
    ]
}