{
    "0": [
        0.0802810726748676,
        117
    ],
    "1": [
        0.08969205559530745,
        146
    ],
    "2": [
        0.13292959116422856,
        140
    ],
    "3": [
        0.07776747481993565,
        156
    ],
    "4": [
        0.06531374708597693,
        87
    ],
    "5": [
        0.02953237927196509,
        107
    ],
    "6": [
        0.13182116696407722,
        164
    ],
    "7": [
        0.04705254452938257,
        102
    ],
    "8": [
        0.020936624989923307,
        96
    ],
    "9": [
        0.05450202934857778,
        60
    ],
    "10": [
        0.042617713043199355,
        139
    ],
    "11": [
        0.061574271654453616,
        103
    ],
    "12": [
        0.08339755579947357,
        143
    ],
    "13": [
        0.0394878035424142,
        121
    ],
    "14": [
        0.043093969516216975,
        128
    ]
}