{
    "0": [
        0.02032659259671942,
        101
    ],
    "1": [
        0.13951618096089863,
        183
    ],
    "2": [
        0.10145397079507755,
        148
    ],
    "3": [
        0.05244361797880319,
        140
    ],
    "4": [
        0.07543433238496251,
        158
    ],
    "5": [
        0.097849545306607,
        109
    ],
    "6": [
        0.06860851789826919,
        129
    ],
    "7": [
        0.010513981845724833,
        73
    ],
    "8": [
        0.07141830804630907,
        94
    ],
    "9": [
        0.11139366661775081,
        130
    ],
    "10": [
        0.04264775134945487,
        111
    ],
    "11": [
        0.06036728909477556,
        90
    ],
    "12": [
        0.0792548127840011,
        118
    ],
    "13": [
        0.014512291652274687,
        71
    ],
    "14": [
        0.054259140688371545,
        149
    ]
}