{
    "0": [
        0.06887118095040447,
        128
    ],
    "1": [
        0.03234844961422925,
        100
    ],
    "2": [
        0.1076491919892878,
        105
    ],
    "3": [
        0.07301607925644867,
        80
    ],
    "4": [
        0.029755658590995483,
        103
    ],
    "5": [
        0.0729925066209079,
        122
    ],
    "6": [
        0.09843820141572138,
        135
    ],
    "7": [
        0.022439909436037915,
        107
    ],
    "8": [
        0.05846073364084218,
        98
    ],
    "9": [
        0.032574951874736545,
        89
    ],
    "10": [
        0.07945127204435677,
        103
    ],
    "11": [
        0.06975647986411428,
        107
    ],
    "12": [
        0.09150346886838626,
        161
    ],
    "13": [
        0.10582981502873233,
        106
    ],
    "14": [
        0.056912100804798714,
        113
    ]
}