{
    "0": [
        0.08148647286728167,
        121
    ],
    "1": [
        0.0653388183169121,
        159
    ],
    "2": [
        0.023904212649152986,
        92
    ],
    "3": [
        0.02038681666811387,
        100
    ],
    "4": [
        0.06554870122530536,
        124
    ],
    "5": [
        0.03570135191760591,
        131
    ],
    "6": [
        0.0467043708789805,
        137
    ],
    "7": [
        0.05102707210187284,
        128
    ],
    "8": [
        0.05691633124247301,
        133
    ],
    "9": [
        0.0375481443979331,
        131
    ],
    "10": [
        0.12869368679832682,
        143
    ],
    "11": [
        0.06252237088341389,
        126
    ],
    "12": [
        0.15106483505775722,
        208
    ],
    "13": [
        0.07843536685192036,
        170
    ],
    "14": [
        0.09472144814295036,
        132
    ]
}