{
    "0": [
        0.03433642871139585,
        111
    ],
    "1": [
        0.03889753100390862,
        107
    ],
    "2": [
        0.052982325728374774,
        122
    ],
    "3": [
        0.10932437999348078,
        147
    ],
    "4": [
        0.09908187798663994,
        186
    ],
    "5": [
        0.042568009315415496,
        82
    ],
    "6": [
        0.14199012855312093,
        115
    ],
    "7": [
        0.024793194115685032,
        99
    ],
    "8": [
        0.09535131817809306,
        135
    ],
    "9": [
        0.019778014964096726,
        82
    ],
    "10": [
        0.03512529527620838,
        127
    ],
    "11": [
        0.08331314379993897,
        154
    ],
    "12": [
        0.024529208676634724,
        86
    ],
    "13": [
        0.0918366980919685,
        129
    ],
    "14": [
        0.1060924456050382,
        176
    ]
}