{
    "0": [
        0.06036226912378758,
        143
    ],
    "1": [
        0.06529485034550236,
        117
    ],
    "2": [
        0.03682578290042412,
        131
    ],
    "3": [
        0.09539919373985056,
        110
    ],
    "4": [
        0.017707349274726693,
        105
    ],
    "5": [
        0.0664952985712752,
        116
    ],
    "6": [
        0.11679271918376795,
        110
    ],
    "7": [
        0.15320785805602957,
        148
    ],
    "8": [
        0.07410387342222781,
        132
    ],
    "9": [
        0.02838332113396771,
        98
    ],
    "10": [
        0.04292184919769769,
        137
    ],
    "11": [
        0.041495924625327904,
        130
    ],
    "12": [
        0.09455537720538906,
        150
    ],
    "13": [
        0.05080981400242356,
        105
    ],
    "14": [
        0.05564451921760235,
        122
    ]
}