{
    "0": [
        0.047663450180107564,
        108
    ],
    "1": [
        0.021419194758049598,
        78
    ],
    "2": [
        0.10430241547637889,
        150
    ],
    "3": [
        0.04195900712027155,
        121
    ],
    "4": [
        0.0912409634632228,
        135
    ],
    "5": [
        0.10378463565050772,
        141
    ],
    "6": [
        0.044871849240310374,
        154
    ],
    "7": [
        0.17074714481133713,
        98
    ],
    "8": [
        0.030447187593230743,
        101
    ],
    "9": [
        0.05483394187411414,
        105
    ],
    "10": [
        0.061611786117340035,
        136
    ],
    "11": [
        0.03554531844486447,
        110
    ],
    "12": [
        0.12921038615915598,
        146
    ],
    "13": [
        0.03128949180212524,
        108
    ],
    "14": [
        0.031073227308983754,
        115
    ]
}