{
    "0": [
        0.055449773084177374,
        124
    ],
    "1": [
        0.0804992579195394,
        123
    ],
    "2": [
        0.11185966358598091,
        132
    ],
    "3": [
        0.025189635473202562,
        109
    ],
    "4": [
        0.015369943030085827,
        61
    ],
    "5": [
        0.02193741326739731,
        78
    ],
    "6": [
        0.12352337002092946,
        154
    ],
    "7": [
        0.07883602156643041,
        109
    ],
    "8": [
        0.049877473385434364,
        81
    ],
    "9": [
        0.08753386890184595,
        154
    ],
    "10": [
        0.050803415203323744,
        97
    ],
    "11": [
        0.10240845389648914,
        103
    ],
    "12": [
        0.05216011790580025,
        102
    ],
    "13": [
        0.0775372349048876,
        100
    ],
    "14": [
        0.06701435785447557,
        90
    ]
}