{
    "0": [
        0.03473603869628958,
        112
    ],
    "1": [
        0.07455813074571638,
        112
    ],
    "2": [
        0.03734507274983239,
        107
    ],
    "3": [
        0.07847759015959517,
        88
    ],
    "4": [
        0.03298696552289402,
        89
    ],
    "5": [
        0.04849267355126391,
        91
    ],
    "6": [
        0.11394736453980761,
        178
    ],
    "7": [
        0.04656286856865817,
        105
    ],
    "8": [
        0.09367699563852909,
        162
    ],
    "9": [
        0.08615545653678403,
        118
    ],
    "10": [
        0.06340697965069994,
        157
    ],
    "11": [
        0.07821678525562822,
        134
    ],
    "12": [
        0.0878556158318048,
        172
    ],
    "13": [
        0.07316827406899597,
        122
    ],
    "14": [
        0.05041318848350079,
        141
    ]
}