{
    "0": [
        0.026989907390537693,
        92
    ],
    "1": [
        0.12409999428356264,
        114
    ],
    "2": [
        0.05421971007326577,
        104
    ],
    "3": [
        0.08820201509034441,
        136
    ],
    "4": [
        0.06104091687716928,
        144
    ],
    "5": [
        0.08441713935762238,
        155
    ],
    "6": [
        0.05373577212548676,
        114
    ],
    "7": [
        0.02543326130019924,
        108
    ],
    "8": [
        0.02829165709997946,
        100
    ],
    "9": [
        0.016598269912019247,
        97
    ],
    "10": [
        0.09248158757566052,
        150
    ],
    "11": [
        0.06280167656741617,
        143
    ],
    "12": [
        0.0740907354131384,
        138
    ],
    "13": [
        0.14750335434039363,
        170
    ],
    "14": [
        0.06009400259320439,
        120
    ]
}