{
    "0": [
        0.0705925414089465,
        107
    ],
    "1": [
        0.09611905363069982,
        136
    ],
    "2": [
        0.06421403626301274,
        112
    ],
    "3": [
        0.10085316641210317,
        134
    ],
    "4": [
        0.1172279846890821,
        155
    ],
    "5": [
        0.053504363622526405,
        129
    ],
    "6": [
        0.043397891465057944,
        134
    ],
    "7": [
        0.018692167984436885,
        98
    ],
    "8": [
        0.07236602861429567,
        135
    ],
    "9": [
        0.059077818214750416,
        146
    ],
    "10": [
        0.04228880088828768,
        77
    ],
    "11": [
        0.024378268102090133,
        93
    ],
    "12": [
        0.13695583572109257,
        143
    ],
    "13": [
        0.06498119730488942,
        100
    ],
    "14": [
        0.035350845678728336,
        108
    ]
}