{
    "0": [
        0.012781564397569698,
        75
    ],
    "1": [
        0.05263715169378337,
        127
    ],
    "2": [
        0.10934147340659335,
        137
    ],
    "3": [
        0.06625247592434401,
        175
    ],
    "4": [
        0.0909810670896663,
        138
    ],
    "5": [
        0.020443934277076786,
        98
    ],
    "6": [
        0.08780465175142392,
        117
    ],
    "7": [
        0.0789470311589045,
        149
    ],
    "8": [
        0.08898649485033983,
        137
    ],
    "9": [
        0.05963627607043329,
        145
    ],
    "10": [
        0.0772127155573551,
        130
    ],
    "11": [
        0.07307369633431607,
        108
    ],
    "12": [
        0.06785478019509526,
        156
    ],
    "13": [
        0.0675416619735248,
        164
    ],
    "14": [
        0.04650502531957379,
        111
    ]
}