{
    "0": [
        0.04671113542220978,
        140
    ],
    "1": [
        0.027587623451984598,
        98
    ],
    "2": [
        0.0544876343359501,
        109
    ],
    "3": [
        0.03601512987251606,
        132
    ],
    "4": [
        0.06370078019472289,
        152
    ],
    "5": [
        0.12323387757060963,
        154
    ],
    "6": [
        0.04575507228726072,
        113
    ],
    "7": [
        0.02931482116055049,
        105
    ],
    "8": [
        0.02344611028072783,
        93
    ],
    "9": [
        0.07148934789289442,
        79
    ],
    "10": [
        0.13373306243937708,
        131
    ],
    "11": [
        0.12928846222904877,
        190
    ],
    "12": [
        0.04121224881722089,
        96
    ],
    "13": [
        0.08487839954671067,
        177
    ],
    "14": [
        0.08914629449821604,
        135
    ]
}