{
    "0": [
        0.07764264749233417,
        97
    ],
    "1": [
        0.06251118878745444,
        130
    ],
    "2": [
        0.08111434962707695,
        110
    ],
    "3": [
        0.08292145293068014,
        83
    ],
    "4": [
        0.014230512864155508,
        59
    ],
    "5": [
        0.08502912854646134,
        69
    ],
    "6": [
        0.08582904541635787,
        61
    ],
    "7": [
        0.021895971710174884,
        80
    ],
    "8": [
        0.026925976889237608,
        92
    ],
    "9": [
        0.046523643159591024,
        73
    ],
    "10": [
        0.1269286813225303,
        97
    ],
    "11": [
        0.054081875293529355,
        117
    ],
    "12": [
        0.08543080793170969,
        72
    ],
    "13": [
        0.04395571197854789,
        89
    ],
    "14": [
        0.10497900605015885,
        124
    ]
}