{
    "0": [
        0.03475850016676608,
        71
    ],
    "1": [
        0.11430808326874921,
        142
    ],
    "2": [
        0.022650032514775487,
        97
    ],
    "3": [
        0.04620836596431415,
        108
    ],
    "4": [
        0.07791666373004216,
        128
    ],
    "5": [
        0.060462458630390584,
        158
    ],
    "6": [
        0.059205239609264826,
        117
    ],
    "7": [
        0.10120904292452387,
        149
    ],
    "8": [
        0.030005058298177515,
        110
    ],
    "9": [
        0.04947685106696266,
        114
    ],
    "10": [
        0.019912337121958182,
        89
    ],
    "11": [
        0.06308277439594832,
        142
    ],
    "12": [
        0.11577789942077395,
        94
    ],
    "13": [
        0.07933223110557676,
        170
    ],
    "14": [
        0.12569446178177623,
        164
    ]
}