{
    "0": [
        0.03319032966253353,
        107
    ],
    "1": [
        0.038309734579030565,
        117
    ],
    "2": [
        0.09025247909892305,
        183
    ],
    "3": [
        0.01668428479442677,
        96
    ],
    "4": [
        0.057567657957344684,
        137
    ],
    "5": [
        0.10157796602974116,
        136
    ],
    "6": [
        0.09690462629944248,
        153
    ],
    "7": [
        0.06452633225031636,
        101
    ],
    "8": [
        0.01589847184668007,
        67
    ],
    "9": [
        0.10731361349682132,
        143
    ],
    "10": [
        0.07385500982053858,
        130
    ],
    "11": [
        0.0885674070991406,
        161
    ],
    "12": [
        0.07578000739144039,
        159
    ],
    "13": [
        0.08607176514372883,
        130
    ],
    "14": [
        0.05350031452989159,
        145
    ]
}