{
    "0": [
        0.09970450941645591,
        158
    ],
    "1": [
        0.054522324936568646,
        117
    ],
    "2": [
        0.06700177471335102,
        122
    ],
    "3": [
        0.04280298268189431,
        123
    ],
    "4": [
        0.11919998999127802,
        152
    ],
    "5": [
        0.05946471225981393,
        87
    ],
    "6": [
        0.029104799379205154,
        82
    ],
    "7": [
        0.03482765053269391,
        90
    ],
    "8": [
        0.02218698981171172,
        92
    ],
    "9": [
        0.06311761066818246,
        122
    ],
    "10": [
        0.09445920111753536,
        93
    ],
    "11": [
        0.11913603570623277,
        115
    ],
    "12": [
        0.0689231237473985,
        129
    ],
    "13": [
        0.034433636507770954,
        101
    ],
    "14": [
        0.09111465852990733,
        118
    ]
}