{
    "0": [
        0.05045802072395685,
        127
    ],
    "1": [
        0.06709924997984254,
        105
    ],
    "2": [
        0.08999514508643898,
        154
    ],
    "3": [
        0.07203148648966143,
        169
    ],
    "4": [
        0.09720896157723913,
        154
    ],
    "5": [
        0.04040612890329359,
        123
    ],
    "6": [
        0.04101725796669716,
        121
    ],
    "7": [
        0.04960968397468271,
        132
    ],
    "8": [
        0.0723680125462879,
        94
    ],
    "9": [
        0.1327735707259061,
        117
    ],
    "10": [
        0.030846823023387246,
        100
    ],
    "11": [
        0.11835572069010035,
        140
    ],
    "12": [
        0.08425356358728296,
        141
    ],
    "13": [
        0.02293261111554259,
        103
    ],
    "14": [
        0.030643763609680418,
        120
    ]
}