{
    "0": [
        0.025753453968067552,
        86
    ],
    "1": [
        0.04451077981708434,
        121
    ],
    "2": [
        0.019534596226135872,
        90
    ],
    "3": [
        0.13062204919697473,
        118
    ],
    "4": [
        0.03145456633317543,
        109
    ],
    "5": [
        0.11573672109146109,
        144
    ],
    "6": [
        0.04703785239579512,
        106
    ],
    "7": [
        0.04329712649544135,
        110
    ],
    "8": [
        0.1306670817809518,
        144
    ],
    "9": [
        0.08541196364974853,
        124
    ],
    "10": [
        0.09967045245960848,
        158
    ],
    "11": [
        0.03796134951303517,
        107
    ],
    "12": [
        0.062444055824677644,
        158
    ],
    "13": [
        0.03766467353501835,
        136
    ],
    "14": [
        0.08823327771282453,
        148
    ]
}