{
    "0": [
        0.08695376830133608,
        126
    ],
    "1": [
        0.056691857930129694,
        119
    ],
    "2": [
        0.03145564012231165,
        132
    ],
    "3": [
        0.05181158512961261,
        142
    ],
    "4": [
        0.0682551456899539,
        135
    ],
    "5": [
        0.023416564957790032,
        106
    ],
    "6": [
        0.08063194071579735,
        91
    ],
    "7": [
        0.044023105536632065,
        121
    ],
    "8": [
        0.1526832977591629,
        176
    ],
    "9": [
        0.03250507328539924,
        103
    ],
    "10": [
        0.037381600782532054,
        83
    ],
    "11": [
        0.08650157350462279,
        116
    ],
    "12": [
        0.16178717836285295,
        127
    ],
    "13": [
        0.022863805058754214,
        84
    ],
    "14": [
        0.06303786286311265,
        98
    ]
}