{
    "0": [
        0.019007787637346233,
        84
    ],
    "1": [
        0.11393585551718222,
        158
    ],
    "2": [
        0.09061201879492864,
        132
    ],
    "3": [
        0.07249192842931233,
        129
    ],
    "4": [
        0.06418048794370772,
        147
    ],
    "5": [
        0.09007899622635691,
        137
    ],
    "6": [
        0.09964820968804676,
        140
    ],
    "7": [
        0.0828745598402594,
        147
    ],
    "8": [
        0.04093675880433407,
        154
    ],
    "9": [
        0.06404430331898386,
        93
    ],
    "10": [
        0.10831507251456204,
        148
    ],
    "11": [
        0.02806427971911336,
        103
    ],
    "12": [
        0.01834793090749686,
        100
    ],
    "13": [
        0.08193081049235174,
        86
    ],
    "14": [
        0.025531000166017687,
        106
    ]
}