{
    "0": [
        0.06573109446655638,
        155
    ],
    "1": [
        0.057324108745703456,
        169
    ],
    "2": [
        0.11783362368851251,
        151
    ],
    "3": [
        0.07493937364578711,
        136
    ],
    "4": [
        0.0392561227154472,
        144
    ],
    "5": [
        0.021130222838086403,
        114
    ],
    "6": [
        0.049758014623079584,
        113
    ],
    "7": [
        0.11334476741381055,
        164
    ],
    "8": [
        0.08520647087412828,
        158
    ],
    "9": [
        0.06356025967242324,
        171
    ],
    "10": [
        0.025580406393818974,
        127
    ],
    "11": [
        0.12695693008486258,
        139
    ],
    "12": [
        0.036120205324892636,
        156
    ],
    "13": [
        0.06700438226522372,
        154
    ],
    "14": [
        0.05625401724766736,
        123
    ]
}