{
    "0": [
        0.0945084354775851,
        171
    ],
    "1": [
        0.06469669811644865,
        118
    ],
    "2": [
        0.03018330882707237,
        126
    ],
    "3": [
        0.07918556756341168,
        152
    ],
    "4": [
        0.020626859343068536,
        116
    ],
    "5": [
        0.03023686905178568,
        111
    ],
    "6": [
        0.04982864969085835,
        144
    ],
    "7": [
        0.11896204340370299,
        149
    ],
    "8": [
        0.04995365712507853,
        143
    ],
    "9": [
        0.06371101998061,
        117
    ],
    "10": [
        0.13043509433850284,
        115
    ],
    "11": [
        0.12505195458857568,
        164
    ],
    "12": [
        0.03363432974842086,
        112
    ],
    "13": [
        0.04597952381090558,
        156
    ],
    "14": [
        0.063005988933973,
        145
    ]
}