{
    "0": [
        0.11022936400371121,
        146
    ],
    "1": [
        0.060290660510675755,
        92
    ],
    "2": [
        0.014621085228909246,
        81
    ],
    "3": [
        0.046143324188730635,
        117
    ],
    "4": [
        0.02336860803893936,
        87
    ],
    "5": [
        0.02519075552900389,
        82
    ],
    "6": [
        0.05934177004715431,
        127
    ],
    "7": [
        0.029262232880995883,
        95
    ],
    "8": [
        0.07344601910158038,
        120
    ],
    "9": [
        0.04586013388225118,
        107
    ],
    "10": [
        0.03593343513672816,
        82
    ],
    "11": [
        0.11882656300754445,
        186
    ],
    "12": [
        0.10997947201184491,
        159
    ],
    "13": [
        0.18518791340473906,
        140
    ],
    "14": [
        0.06231866302719152,
        105
    ]
}