{
    "0": [
        0.043905184443202246,
        126
    ],
    "1": [
        0.07559203469735541,
        132
    ],
    "2": [
        0.03165776229034215,
        124
    ],
    "3": [
        0.12565075534517722,
        165
    ],
    "4": [
        0.09923402647052813,
        134
    ],
    "5": [
        0.06169231611523896,
        127
    ],
    "6": [
        0.03847710010084436,
        115
    ],
    "7": [
        0.023334664634638673,
        104
    ],
    "8": [
        0.09687717469701121,
        147
    ],
    "9": [
        0.05375404546154419,
        149
    ],
    "10": [
        0.04261019305338022,
        142
    ],
    "11": [
        0.03796626159459396,
        132
    ],
    "12": [
        0.08054800288023989,
        151
    ],
    "13": [
        0.059372147525522556,
        143
    ],
    "14": [
        0.12932833069038097,
        128
    ]
}