{
    "0": [
        0.07421172992248677,
        150
    ],
    "1": [
        0.11901754457740397,
        156
    ],
    "2": [
        0.11402713069764094,
        130
    ],
    "3": [
        0.0595306228208624,
        88
    ],
    "4": [
        0.033859502736364344,
        124
    ],
    "5": [
        0.0613310128941184,
        138
    ],
    "6": [
        0.08534636552531544,
        92
    ],
    "7": [
        0.06863204715567701,
        149
    ],
    "8": [
        0.08349115820024068,
        118
    ],
    "9": [
        0.04343662476099712,
        132
    ],
    "10": [
        0.09448653268038508,
        181
    ],
    "11": [
        0.02726327518601179,
        112
    ],
    "12": [
        0.02601210488478312,
        126
    ],
    "13": [
        0.04176939146860084,
        112
    ],
    "14": [
        0.06758495648911217,
        134
    ]
}