{
    "0": [
        0.06062589195261067,
        127
    ],
    "1": [
        0.0875334972179965,
        109
    ],
    "2": [
        0.09008782929444584,
        141
    ],
    "3": [
        0.1511298987752282,
        192
    ],
    "4": [
        0.06981432936562695,
        156
    ],
    "5": [
        0.04549959215614715,
        121
    ],
    "6": [
        0.06253632476674052,
        112
    ],
    "7": [
        0.054925190612026935,
        119
    ],
    "8": [
        0.02770682983899729,
        120
    ],
    "9": [
        0.07493884189071197,
        182
    ],
    "10": [
        0.03483942067761223,
        93
    ],
    "11": [
        0.05031285113370362,
        126
    ],
    "12": [
        0.09422979937130399,
        141
    ],
    "13": [
        0.017905021656874513,
        98
    ],
    "14": [
        0.07791468128997346,
        93
    ]
}