{
    "0": [
        0.063389217688559,
        86
    ],
    "1": [
        0.07600784280396013,
        102
    ],
    "2": [
        0.08889119552297856,
        121
    ],
    "3": [
        0.0406004661115362,
        94
    ],
    "4": [
        0.05647762923053628,
        142
    ],
    "5": [
        0.041639608758746234,
        91
    ],
    "6": [
        0.04529784999337882,
        123
    ],
    "7": [
        0.057713613798395375,
        105
    ],
    "8": [
        0.11438770267068178,
        129
    ],
    "9": [
        0.041947113864607664,
        82
    ],
    "10": [
        0.11732424337415771,
        116
    ],
    "11": [
        0.10430310636184646,
        69
    ],
    "12": [
        0.06329474109786928,
        126
    ],
    "13": [
        0.015585963816794902,
        77
    ],
    "14": [
        0.07313970490595155,
        108
    ]
}