{
    "0": [
        0.03499564927337089,
        134
    ],
    "1": [
        0.08828108247289153,
        137
    ],
    "2": [
        0.10517214935384085,
        164
    ],
    "3": [
        0.0894013339116534,
        136
    ],
    "4": [
        0.0647055602582353,
        176
    ],
    "5": [
        0.04873918606050444,
        116
    ],
    "6": [
        0.044495057868273076,
        124
    ],
    "7": [
        0.05960926776309503,
        129
    ],
    "8": [
        0.10047301226601159,
        182
    ],
    "9": [
        0.10979839205665845,
        100
    ],
    "10": [
        0.043465408184053145,
        129
    ],
    "11": [
        0.04407681594666957,
        116
    ],
    "12": [
        0.04893093021430887,
        123
    ],
    "13": [
        0.05414131570277364,
        154
    ],
    "14": [
        0.06371483866766006,
        173
    ]
}