{
    "0": [
        0.09394497066297537,
        159
    ],
    "1": [
        0.12166942820791128,
        160
    ],
    "2": [
        0.07593677911490943,
        139
    ],
    "3": [
        0.023736690241872468,
        98
    ],
    "4": [
        0.07603038947354336,
        174
    ],
    "5": [
        0.06741698399257902,
        152
    ],
    "6": [
        0.04794254005093995,
        136
    ],
    "7": [
        0.03182707049367091,
        115
    ],
    "8": [
        0.04345669429689942,
        177
    ],
    "9": [
        0.023993228008377356,
        85
    ],
    "10": [
        0.0866724973554879,
        161
    ],
    "11": [
        0.05786088303987571,
        150
    ],
    "12": [
        0.0408856698988017,
        122
    ],
    "13": [
        0.14811923681638978,
        147
    ],
    "14": [
        0.06050693834576632,
        137
    ]
}