{
    "0": [
        0.011195971668734718,
        70
    ],
    "1": [
        0.02772526300117363,
        121
    ],
    "2": [
        0.03445016143916259,
        104
    ],
    "3": [
        0.14116824147087043,
        170
    ],
    "4": [
        0.0830694523007849,
        139
    ],
    "5": [
        0.08672008333248404,
        154
    ],
    "6": [
        0.07454585206784274,
        126
    ],
    "7": [
        0.05802052577802223,
        164
    ],
    "8": [
        0.08003534773515388,
        138
    ],
    "9": [
        0.09179251139566673,
        107
    ],
    "10": [
        0.08067316272948846,
        109
    ],
    "11": [
        0.05873325748839516,
        142
    ],
    "12": [
        0.08684324684152127,
        117
    ],
    "13": [
        0.05972463252998796,
        126
    ],
    "14": [
        0.02530229022071127,
        113
    ]
}