{
    "0": [
        0.10558510931099631,
        121
    ],
    "1": [
        0.12497041856040991,
        87
    ],
    "2": [
        0.06284543380447807,
        141
    ],
    "3": [
        0.05584000974904806,
        104
    ],
    "4": [
        0.0809408405014511,
        136
    ],
    "5": [
        0.10710679636705933,
        159
    ],
    "6": [
        0.09279632440677713,
        121
    ],
    "7": [
        0.014886314234586936,
        83
    ],
    "8": [
        0.025472075227908026,
        103
    ],
    "9": [
        0.039424485226844816,
        144
    ],
    "10": [
        0.033679815971982725,
        109
    ],
    "11": [
        0.1054833832636325,
        121
    ],
    "12": [
        0.032503744210875894,
        104
    ],
    "13": [
        0.027838774159038626,
        97
    ],
    "14": [
        0.09062647500491064,
        135
    ]
}