{
    "0": [
        0.03703329530561746,
        123
    ],
    "1": [
        0.012919819131811248,
        82
    ],
    "2": [
        0.08629400685770049,
        148
    ],
    "3": [
        0.16778856947596177,
        185
    ],
    "4": [
        0.038608736948365675,
        108
    ],
    "5": [
        0.02581553794492049,
        102
    ],
    "6": [
        0.02501738874545485,
        104
    ],
    "7": [
        0.06898079418072463,
        153
    ],
    "8": [
        0.08590338643411781,
        135
    ],
    "9": [
        0.058260506624744635,
        88
    ],
    "10": [
        0.08134680773326541,
        178
    ],
    "11": [
        0.06929198745118571,
        159
    ],
    "12": [
        0.029673028019338698,
        131
    ],
    "13": [
        0.09889042222475335,
        157
    ],
    "14": [
        0.11417571292203788,
        138
    ]
}