{
    "0": [
        0.1031762733710304,
        137
    ],
    "1": [
        0.07895202373435188,
        125
    ],
    "2": [
        0.08311691703820519,
        171
    ],
    "3": [
        0.023496931264250676,
        131
    ],
    "4": [
        0.12374050238579481,
        120
    ],
    "5": [
        0.050118600070640465,
        155
    ],
    "6": [
        0.07729729655437165,
        184
    ],
    "7": [
        0.0445929147553401,
        130
    ],
    "8": [
        0.03195143656844652,
        144
    ],
    "9": [
        0.0910548685632373,
        163
    ],
    "10": [
        0.035494045257936375,
        126
    ],
    "11": [
        0.024929064244128867,
        86
    ],
    "12": [
        0.05011712095556092,
        125
    ],
    "13": [
        0.12712288847038897,
        184
    ],
    "14": [
        0.05483911676631591,
        166
    ]
}