{
    "0": [
        0.0846729444396839,
        149
    ],
    "1": [
        0.09785245397646929,
        109
    ],
    "2": [
        0.10524435560959704,
        147
    ],
    "3": [
        0.020299475749667523,
        96
    ],
    "4": [
        0.07985564442094353,
        133
    ],
    "5": [
        0.026019305122300506,
        115
    ],
    "6": [
        0.062309052474149286,
        122
    ],
    "7": [
        0.06085046106580955,
        134
    ],
    "8": [
        0.028175778982664126,
        103
    ],
    "9": [
        0.0392035052437201,
        140
    ],
    "10": [
        0.06971663421121074,
        146
    ],
    "11": [
        0.03604374932346226,
        106
    ],
    "12": [
        0.06031198818075619,
        142
    ],
    "13": [
        0.14641207912257345,
        131
    ],
    "14": [
        0.08303257207699254,
        139
    ]
}