{
    "0": [
        0.032354590833065494,
        89
    ],
    "1": [
        0.059433358783219835,
        91
    ],
    "2": [
        0.042545478935701056,
        112
    ],
    "3": [
        0.026789468016956457,
        125
    ],
    "4": [
        0.11224796191982303,
        165
    ],
    "5": [
        0.10017671502615932,
        121
    ],
    "6": [
        0.10439064923427578,
        94
    ],
    "7": [
        0.03460395445734873,
        95
    ],
    "8": [
        0.05254124330583676,
        127
    ],
    "9": [
        0.07635423070699622,
        95
    ],
    "10": [
        0.055522838190465655,
        163
    ],
    "11": [
        0.0861659440422404,
        149
    ],
    "12": [
        0.06444606253358617,
        126
    ],
    "13": [
        0.10421910152062888,
        141
    ],
    "14": [
        0.04820840249369603,
        131
    ]
}