{
    "0": [
        0.03884664992577988,
        138
    ],
    "1": [
        0.0255799219963446,
        133
    ],
    "2": [
        0.02447885622886069,
        100
    ],
    "3": [
        0.13170326072532051,
        157
    ],
    "4": [
        0.04774853075869294,
        144
    ],
    "5": [
        0.08709411101388087,
        134
    ],
    "6": [
        0.11744745946398491,
        136
    ],
    "7": [
        0.03786425120984697,
        84
    ],
    "8": [
        0.06073733570173341,
        143
    ],
    "9": [
        0.02105921691582147,
        114
    ],
    "10": [
        0.10194424470413713,
        161
    ],
    "11": [
        0.1143721337696017,
        129
    ],
    "12": [
        0.09048211499354598,
        171
    ],
    "13": [
        0.06937827957799422,
        132
    ],
    "14": [
        0.03126363301445463,
        114
    ]
}