{
    "0": [
        0.06525375424676912,
        145
    ],
    "1": [
        0.06871044340431448,
        174
    ],
    "2": [
        0.07840271689487942,
        174
    ],
    "3": [
        0.05316813760255802,
        163
    ],
    "4": [
        0.03337365098499519,
        109
    ],
    "5": [
        0.061918055324252916,
        156
    ],
    "6": [
        0.017675986050691424,
        79
    ],
    "7": [
        0.06470750771165411,
        137
    ],
    "8": [
        0.07472281310848015,
        96
    ],
    "9": [
        0.10401449911363413,
        184
    ],
    "10": [
        0.09149820499726298,
        127
    ],
    "11": [
        0.01652245890926501,
        109
    ],
    "12": [
        0.15825723126841504,
        187
    ],
    "13": [
        0.03792768308284257,
        95
    ],
    "14": [
        0.07384685729998527,
        148
    ]
}