{
    "0": [
        0.11800941442394362,
        174
    ],
    "1": [
        0.05245585568838798,
        143
    ],
    "2": [
        0.03258504090166075,
        122
    ],
    "3": [
        0.016054409993839943,
        100
    ],
    "4": [
        0.0833938272957765,
        118
    ],
    "5": [
        0.04076491658063434,
        104
    ],
    "6": [
        0.11834521045306401,
        176
    ],
    "7": [
        0.10488542748384974,
        173
    ],
    "8": [
        0.09208331660000266,
        142
    ],
    "9": [
        0.09754370528142756,
        170
    ],
    "10": [
        0.021140331592329146,
        101
    ],
    "11": [
        0.07317173473469199,
        109
    ],
    "12": [
        0.048859902770719284,
        141
    ],
    "13": [
        0.07615370830266228,
        130
    ],
    "14": [
        0.024553197897009955,
        105
    ]
}