{
    "0": [
        0.04893960239406565,
        133
    ],
    "1": [
        0.02862127056052403,
        91
    ],
    "2": [
        0.10239940372299143,
        117
    ],
    "3": [
        0.16362701331265028,
        149
    ],
    "4": [
        0.04768636355470531,
        134
    ],
    "5": [
        0.0560804509030182,
        81
    ],
    "6": [
        0.027138605836390824,
        127
    ],
    "7": [
        0.07825762261912955,
        117
    ],
    "8": [
        0.021960854923220426,
        90
    ],
    "9": [
        0.03707610125705041,
        108
    ],
    "10": [
        0.0657949576854405,
        139
    ],
    "11": [
        0.1086392695235877,
        122
    ],
    "12": [
        0.08440501698507219,
        128
    ],
    "13": [
        0.04417162458657919,
        104
    ],
    "14": [
        0.08520184213557419,
        142
    ]
}