{
    "0": [
        0.018073964892773145,
        90
    ],
    "1": [
        0.10304191069691683,
        106
    ],
    "2": [
        0.10890243684682618,
        117
    ],
    "3": [
        0.024436664882641713,
        91
    ],
    "4": [
        0.0958697071212385,
        123
    ],
    "5": [
        0.12593691235855484,
        134
    ],
    "6": [
        0.08962997849636532,
        139
    ],
    "7": [
        0.05728320401400904,
        102
    ],
    "8": [
        0.11088661505448624,
        197
    ],
    "9": [
        0.10220701529814212,
        146
    ],
    "10": [
        0.0345040112616858,
        98
    ],
    "11": [
        0.04767561570497897,
        107
    ],
    "12": [
        0.03229722879411012,
        54
    ],
    "13": [
        0.03226902889993867,
        104
    ],
    "14": [
        0.016985705677332565,
        58
    ]
}