{
    "0": [
        0.0797220352730186,
        152
    ],
    "1": [
        0.02928657211140364,
        125
    ],
    "2": [
        0.09882674113382091,
        175
    ],
    "3": [
        0.08169098891031391,
        146
    ],
    "4": [
        0.07755372751377454,
        162
    ],
    "5": [
        0.02525924598769296,
        92
    ],
    "6": [
        0.05854028217099698,
        160
    ],
    "7": [
        0.05552407925737954,
        161
    ],
    "8": [
        0.11010148385450036,
        154
    ],
    "9": [
        0.11065618396893744,
        148
    ],
    "10": [
        0.049569536458663875,
        136
    ],
    "11": [
        0.060520625727729545,
        169
    ],
    "12": [
        0.035451237483937775,
        124
    ],
    "13": [
        0.06969635019450815,
        152
    ],
    "14": [
        0.057600909953321726,
        114
    ]
}