{
    "0": [
        0.0899289098379849,
        159
    ],
    "1": [
        0.05476482436639998,
        164
    ],
    "2": [
        0.03266602003715863,
        95
    ],
    "3": [
        0.08203985703834496,
        125
    ],
    "4": [
        0.06357389767851858,
        162
    ],
    "5": [
        0.06964683937866696,
        139
    ],
    "6": [
        0.05011493526369795,
        112
    ],
    "7": [
        0.03773688628954706,
        151
    ],
    "8": [
        0.05773565523508839,
        149
    ],
    "9": [
        0.14146732321191094,
        142
    ],
    "10": [
        0.053098839340457345,
        128
    ],
    "11": [
        0.05394600557999958,
        135
    ],
    "12": [
        0.084550085449638,
        126
    ],
    "13": [
        0.06879037706684177,
        122
    ],
    "14": [
        0.05993954422574503,
        149
    ]
}