{
    "0": [
        0.15383018131846873,
        126
    ],
    "1": [
        0.044599493103955945,
        112
    ],
    "2": [
        0.03261446342971537,
        102
    ],
    "3": [
        0.05127223033665986,
        115
    ],
    "4": [
        0.08327553491448533,
        113
    ],
    "5": [
        0.06814052667145405,
        93
    ],
    "6": [
        0.0229097090259963,
        90
    ],
    "7": [
        0.1608640427185982,
        132
    ],
    "8": [
        0.04594803476251311,
        101
    ],
    "9": [
        0.07865890107798137,
        144
    ],
    "10": [
        0.028532257647966394,
        100
    ],
    "11": [
        0.042902589902263644,
        122
    ],
    "12": [
        0.07518468518411449,
        145
    ],
    "13": [
        0.06834207152649034,
        97
    ],
    "14": [
        0.042925278379336684,
        104
    ]
}