{
    "0": [
        0.06417296255552339,
        102
    ],
    "1": [
        0.011162146762550371,
        71
    ],
    "2": [
        0.031925482645071376,
        122
    ],
    "3": [
        0.018547271977048,
        110
    ],
    "4": [
        0.1809051403641188,
        138
    ],
    "5": [
        0.12677274920755582,
        143
    ],
    "6": [
        0.026346251567328286,
        127
    ],
    "7": [
        0.1371255741952829,
        144
    ],
    "8": [
        0.08691964328578222,
        116
    ],
    "9": [
        0.02535062269520464,
        98
    ],
    "10": [
        0.05045583532285113,
        125
    ],
    "11": [
        0.08341731460106873,
        148
    ],
    "12": [
        0.09201205397071817,
        117
    ],
    "13": [
        0.03511916678345602,
        114
    ],
    "14": [
        0.02976778406644009,
        90
    ]
}