{
    "0": [
        0.06300443040843791,
        122
    ],
    "1": [
        0.06619749975797824,
        94
    ],
    "2": [
        0.07169204339557693,
        154
    ],
    "3": [
        0.057632806664592466,
        145
    ],
    "4": [
        0.15907106665325613,
        181
    ],
    "5": [
        0.030799331296208675,
        128
    ],
    "6": [
        0.12525067125526274,
        125
    ],
    "7": [
        0.028764846372915126,
        97
    ],
    "8": [
        0.13458980004553278,
        195
    ],
    "9": [
        0.03537249602455174,
        112
    ],
    "10": [
        0.020851162907964044,
        81
    ],
    "11": [
        0.0697180027377652,
        177
    ],
    "12": [
        0.07632845502370211,
        160
    ],
    "13": [
        0.023117015391675665,
        110
    ],
    "14": [
        0.037610372064580185,
        102
    ]
}