{
    "0": [
        0.06267344725490381,
        169
    ],
    "1": [
        0.10681259023034297,
        172
    ],
    "2": [
        0.049186044137635866,
        106
    ],
    "3": [
        0.07630174671438626,
        177
    ],
    "4": [
        0.07013312234598158,
        138
    ],
    "5": [
        0.10458161748664847,
        162
    ],
    "6": [
        0.023733997690519027,
        100
    ],
    "7": [
        0.03689907294123426,
        107
    ],
    "8": [
        0.03524156128151926,
        118
    ],
    "9": [
        0.03155929100966513,
        113
    ],
    "10": [
        0.014244766751448958,
        81
    ],
    "11": [
        0.13206680798345447,
        136
    ],
    "12": [
        0.09828937422032015,
        139
    ],
    "13": [
        0.0817552751699346,
        121
    ],
    "14": [
        0.07652128478200515,
        141
    ]
}