{
    "0": [
        0.03154019666827911,
        135
    ],
    "1": [
        0.039530148636026934,
        112
    ],
    "2": [
        0.026416734049365585,
        119
    ],
    "3": [
        0.08019542926981849,
        116
    ],
    "4": [
        0.10068783700959553,
        152
    ],
    "5": [
        0.10409538123773539,
        156
    ],
    "6": [
        0.011220133123061143,
        70
    ],
    "7": [
        0.052823828686364184,
        161
    ],
    "8": [
        0.08358043452048483,
        156
    ],
    "9": [
        0.037251111055078334,
        110
    ],
    "10": [
        0.11255186133504357,
        159
    ],
    "11": [
        0.032448450569213486,
        133
    ],
    "12": [
        0.15816053452500142,
        159
    ],
    "13": [
        0.0786227109172268,
        161
    ],
    "14": [
        0.05087520839770513,
        155
    ]
}