{
    "0": [
        0.06318572990318634,
        144
    ],
    "1": [
        0.18631473107674504,
        132
    ],
    "2": [
        0.02429867302209845,
        91
    ],
    "3": [
        0.059015589567523584,
        123
    ],
    "4": [
        0.061154536796982746,
        145
    ],
    "5": [
        0.020112129142611294,
        74
    ],
    "6": [
        0.06524723880129057,
        107
    ],
    "7": [
        0.04132813491396253,
        100
    ],
    "8": [
        0.07456305304199198,
        130
    ],
    "9": [
        0.02102430619149997,
        82
    ],
    "10": [
        0.06140043940512081,
        119
    ],
    "11": [
        0.020183362196095612,
        83
    ],
    "12": [
        0.039753818051907544,
        89
    ],
    "13": [
        0.16955019932986834,
        146
    ],
    "14": [
        0.0928680585591151,
        141
    ]
}