{
    "0": [
        0.04346662064632169,
        145
    ],
    "1": [
        0.05022894343172342,
        113
    ],
    "2": [
        0.018701780111075508,
        100
    ],
    "3": [
        0.07061917897245028,
        118
    ],
    "4": [
        0.03129890406926242,
        127
    ],
    "5": [
        0.09215509202350408,
        135
    ],
    "6": [
        0.03998699781397985,
        111
    ],
    "7": [
        0.10060418757807382,
        172
    ],
    "8": [
        0.12945595702288007,
        178
    ],
    "9": [
        0.11230449343131348,
        166
    ],
    "10": [
        0.09442417259882618,
        131
    ],
    "11": [
        0.04610542332653844,
        143
    ],
    "12": [
        0.08438359847245032,
        154
    ],
    "13": [
        0.024700997902256862,
        134
    ],
    "14": [
        0.06156365259934345,
        135
    ]
}