{
    "0": [
        0.07655827112334211,
        134
    ],
    "1": [
        0.05892669045525172,
        136
    ],
    "2": [
        0.14063588895950857,
        149
    ],
    "3": [
        0.028064275647136924,
        85
    ],
    "4": [
        0.03157348284292186,
        123
    ],
    "5": [
        0.1196111002414489,
        167
    ],
    "6": [
        0.08773657366497414,
        121
    ],
    "7": [
        0.11947133729373115,
        156
    ],
    "8": [
        0.03316809002234448,
        98
    ],
    "9": [
        0.019375506044759502,
        80
    ],
    "10": [
        0.07623195600049575,
        115
    ],
    "11": [
        0.039803679740269916,
        117
    ],
    "12": [
        0.07290052305347301,
        69
    ],
    "13": [
        0.01725418107108309,
        85
    ],
    "14": [
        0.078688443839259,
        140
    ]
}