{
    "0": [
        0.05742906821948557,
        168
    ],
    "1": [
        0.16331475871735307,
        137
    ],
    "2": [
        0.039496488070701614,
        118
    ],
    "3": [
        0.0376534851222198,
        101
    ],
    "4": [
        0.04518439241195628,
        108
    ],
    "5": [
        0.02165135265837862,
        76
    ],
    "6": [
        0.06296525864075528,
        115
    ],
    "7": [
        0.08057430680896706,
        133
    ],
    "8": [
        0.036989885379688656,
        107
    ],
    "9": [
        0.0493049037872178,
        108
    ],
    "10": [
        0.06121072663657262,
        83
    ],
    "11": [
        0.020641363488515318,
        95
    ],
    "12": [
        0.09073760074575284,
        145
    ],
    "13": [
        0.09272046436878886,
        142
    ],
    "14": [
        0.14012594494364655,
        131
    ]
}