{
    "0": [
        0.04652791193653694,
        127
    ],
    "1": [
        0.07770092751049221,
        86
    ],
    "2": [
        0.0728972968897356,
        137
    ],
    "3": [
        0.047761156511960216,
        133
    ],
    "4": [
        0.08225829724367949,
        177
    ],
    "5": [
        0.031020497641337862,
        85
    ],
    "6": [
        0.08957345600094771,
        109
    ],
    "7": [
        0.08225820993319004,
        162
    ],
    "8": [
        0.09400635555650758,
        96
    ],
    "9": [
        0.10570831153838883,
        159
    ],
    "10": [
        0.10159336965773111,
        154
    ],
    "11": [
        0.027440762056733122,
        118
    ],
    "12": [
        0.053479601442409826,
        114
    ],
    "13": [
        0.06033223609699053,
        98
    ],
    "14": [
        0.02744160998335892,
        124
    ]
}