{
    "0": [
        0.05807124957311639,
        90
    ],
    "1": [
        0.05612256613484367,
        119
    ],
    "2": [
        0.07305870800684261,
        152
    ],
    "3": [
        0.12351820457487955,
        123
    ],
    "4": [
        0.039108250305306284,
        104
    ],
    "5": [
        0.0839612176844017,
        147
    ],
    "6": [
        0.034870920689980996,
        112
    ],
    "7": [
        0.020257091402913013,
        99
    ],
    "8": [
        0.0826324253404254,
        133
    ],
    "9": [
        0.06827273183740307,
        163
    ],
    "10": [
        0.07610897744321485,
        133
    ],
    "11": [
        0.07927718688851626,
        97
    ],
    "12": [
        0.05460553090468874,
        132
    ],
    "13": [
        0.052589227108023155,
        127
    ],
    "14": [
        0.09754571210544435,
        170
    ]
}