{
    "0": [
        0.029384619549562722,
        113
    ],
    "1": [
        0.06246206043763473,
        137
    ],
    "2": [
        0.1323752138614005,
        171
    ],
    "3": [
        0.018304754702115015,
        92
    ],
    "4": [
        0.07980096099959393,
        135
    ],
    "5": [
        0.04740509529309291,
        136
    ],
    "6": [
        0.050818909634147716,
        136
    ],
    "7": [
        0.1209164470286479,
        190
    ],
    "8": [
        0.08857598354205329,
        118
    ],
    "9": [
        0.03286788653562316,
        117
    ],
    "10": [
        0.1875380832022628,
        115
    ],
    "11": [
        0.036476686527280325,
        90
    ],
    "12": [
        0.048720704199078174,
        121
    ],
    "13": [
        0.03958720945131771,
        93
    ],
    "14": [
        0.024765385036189067,
        112
    ]
}