{
    "0": [
        0.10019338667214196,
        121
    ],
    "1": [
        0.0654670387860356,
        130
    ],
    "2": [
        0.039156125071252136,
        99
    ],
    "3": [
        0.09686531978742538,
        150
    ],
    "4": [
        0.09419373355730723,
        141
    ],
    "5": [
        0.045902666217297196,
        101
    ],
    "6": [
        0.05064482308338333,
        138
    ],
    "7": [
        0.042950695503002644,
        130
    ],
    "8": [
        0.036506697405834634,
        120
    ],
    "9": [
        0.05108047031175401,
        89
    ],
    "10": [
        0.06686562530023811,
        137
    ],
    "11": [
        0.09240050255962463,
        147
    ],
    "12": [
        0.13532094289516824,
        183
    ],
    "13": [
        0.04708656336892182,
        110
    ],
    "14": [
        0.03536540948061296,
        138
    ]
}