{
    "0": [
        0.04407896105725211,
        123
    ],
    "1": [
        0.01999947705132321,
        70
    ],
    "2": [
        0.13672178104635707,
        116
    ],
    "3": [
        0.05895982228923557,
        106
    ],
    "4": [
        0.05232236189099558,
        138
    ],
    "5": [
        0.01657545585066275,
        84
    ],
    "6": [
        0.07459368071850435,
        129
    ],
    "7": [
        0.178644028744229,
        128
    ],
    "8": [
        0.07110639055496915,
        106
    ],
    "9": [
        0.05978101065398806,
        128
    ],
    "10": [
        0.046551403727880095,
        125
    ],
    "11": [
        0.057008428711200126,
        104
    ],
    "12": [
        0.04806713419898228,
        129
    ],
    "13": [
        0.07016267406503658,
        119
    ],
    "14": [
        0.06542738943938395,
        112
    ]
}