{
    "0": [
        0.025419522746813663,
        122
    ],
    "1": [
        0.11910194937206145,
        144
    ],
    "2": [
        0.03360451275643354,
        138
    ],
    "3": [
        0.02283807852967748,
        109
    ],
    "4": [
        0.034755104219752815,
        142
    ],
    "5": [
        0.08873260157510116,
        173
    ],
    "6": [
        0.03149072288066835,
        140
    ],
    "7": [
        0.10443272981530842,
        111
    ],
    "8": [
        0.10871516192046624,
        173
    ],
    "9": [
        0.0654357442200336,
        172
    ],
    "10": [
        0.11401167979833031,
        163
    ],
    "11": [
        0.09254100590470554,
        139
    ],
    "12": [
        0.02714317324125946,
        122
    ],
    "13": [
        0.044861664455104845,
        151
    ],
    "14": [
        0.08691634856428306,
        196
    ]
}