{
    "0": [
        0.053922595474200474,
        86
    ],
    "1": [
        0.07260243132255104,
        139
    ],
    "2": [
        0.09177800269255408,
        128
    ],
    "3": [
        0.10363328654942824,
        162
    ],
    "4": [
        0.0656573852861002,
        116
    ],
    "5": [
        0.06929651115298065,
        126
    ],
    "6": [
        0.056785705829498934,
        107
    ],
    "7": [
        0.06385642962355935,
        115
    ],
    "8": [
        0.021837904692172318,
        113
    ],
    "9": [
        0.029696582203408765,
        102
    ],
    "10": [
        0.036555392304449534,
        88
    ],
    "11": [
        0.0318030264398555,
        116
    ],
    "12": [
        0.057258792915685086,
        115
    ],
    "13": [
        0.17126112729947857,
        122
    ],
    "14": [
        0.07405482621407719,
        118
    ]
}