{
    "0": [
        0.10368936309269051,
        194
    ],
    "1": [
        0.10599330286228444,
        190
    ],
    "2": [
        0.1016754449326451,
        187
    ],
    "3": [
        0.05491606178377118,
        89
    ],
    "4": [
        0.07074388834360186,
        109
    ],
    "5": [
        0.1330284526166713,
        144
    ],
    "6": [
        0.051405242976719105,
        110
    ],
    "7": [
        0.03671998913277894,
        139
    ],
    "8": [
        0.02665439778864065,
        100
    ],
    "9": [
        0.03163024873963919,
        139
    ],
    "10": [
        0.09842674024022129,
        154
    ],
    "11": [
        0.023718068478335935,
        102
    ],
    "12": [
        0.05510913868013257,
        175
    ],
    "13": [
        0.05814731873795975,
        145
    ],
    "14": [
        0.048142341593908324,
        121
    ]
}