{
    "0": [
        0.13190786895140227,
        108
    ],
    "1": [
        0.11277115285090208,
        129
    ],
    "2": [
        0.01581836818858484,
        77
    ],
    "3": [
        0.046723663556186304,
        131
    ],
    "4": [
        0.022371770214014913,
        96
    ],
    "5": [
        0.06120784379341425,
        128
    ],
    "6": [
        0.014767312825655294,
        85
    ],
    "7": [
        0.07516887105067946,
        89
    ],
    "8": [
        0.09389318467244966,
        136
    ],
    "9": [
        0.07767651801758418,
        108
    ],
    "10": [
        0.056123486114585557,
        105
    ],
    "11": [
        0.07927261259297437,
        132
    ],
    "12": [
        0.0790146275872402,
        116
    ],
    "13": [
        0.05090165318278075,
        117
    ],
    "14": [
        0.08238106640154583,
        116
    ]
}