{
    "0": [
        0.06452556203859441,
        145
    ],
    "1": [
        0.06926359274397847,
        165
    ],
    "2": [
        0.09579525510684035,
        153
    ],
    "3": [
        0.10720347407843181,
        124
    ],
    "4": [
        0.05740755378879555,
        101
    ],
    "5": [
        0.025669316994605926,
        89
    ],
    "6": [
        0.08544686001692285,
        123
    ],
    "7": [
        0.05844310828911323,
        146
    ],
    "8": [
        0.07895956145344474,
        140
    ],
    "9": [
        0.05693715533480716,
        133
    ],
    "10": [
        0.06628697890787096,
        98
    ],
    "11": [
        0.05263114859458849,
        116
    ],
    "12": [
        0.04484498987838471,
        129
    ],
    "13": [
        0.029419638415101215,
        104
    ],
    "14": [
        0.10716580435852005,
        139
    ]
}