{
    "0": [
        0.023999410012287403,
        111
    ],
    "1": [
        0.025759275768165377,
        90
    ],
    "2": [
        0.05308653402957563,
        120
    ],
    "3": [
        0.04891572250537616,
        107
    ],
    "4": [
        0.029513606650551034,
        104
    ],
    "5": [
        0.1191190931769623,
        147
    ],
    "6": [
        0.08796590021442471,
        121
    ],
    "7": [
        0.07300641930163512,
        141
    ],
    "8": [
        0.09501305782981948,
        163
    ],
    "9": [
        0.11393470706287091,
        145
    ],
    "10": [
        0.0550656441621995,
        130
    ],
    "11": [
        0.021641928413394903,
        85
    ],
    "12": [
        0.11024765545651696,
        121
    ],
    "13": [
        0.051661820256723556,
        136
    ],
    "14": [
        0.09106922515949693,
        163
    ]
}