{
    "0": [
        0.021712806399578632,
        116
    ],
    "1": [
        0.0671782548496315,
        159
    ],
    "2": [
        0.04030856795813918,
        123
    ],
    "3": [
        0.10861603502468484,
        159
    ],
    "4": [
        0.13197767894739298,
        140
    ],
    "5": [
        0.11269810017151226,
        153
    ],
    "6": [
        0.10370729427582183,
        89
    ],
    "7": [
        0.04031517376888248,
        95
    ],
    "8": [
        0.0906266328754327,
        109
    ],
    "9": [
        0.03835984522427481,
        113
    ],
    "10": [
        0.016973420366785126,
        86
    ],
    "11": [
        0.07018106821238478,
        112
    ],
    "12": [
        0.07411464912176981,
        114
    ],
    "13": [
        0.05770627657272401,
        138
    ],
    "14": [
        0.025524196230985056,
        75
    ]
}