{
    "0": [
        0.08326994481145857,
        135
    ],
    "1": [
        0.017426024750179406,
        75
    ],
    "2": [
        0.02002821377777409,
        84
    ],
    "3": [
        0.030606184668225747,
        107
    ],
    "4": [
        0.04800733396259908,
        124
    ],
    "5": [
        0.056507461717594305,
        126
    ],
    "6": [
        0.0694801471913913,
        146
    ],
    "7": [
        0.0900155826889805,
        112
    ],
    "8": [
        0.09362601327588743,
        142
    ],
    "9": [
        0.1012713722238371,
        126
    ],
    "10": [
        0.05353142597285389,
        102
    ],
    "11": [
        0.06762766824011716,
        119
    ],
    "12": [
        0.10795360173958679,
        127
    ],
    "13": [
        0.07602297494127586,
        125
    ],
    "14": [
        0.08462605003823874,
        120
    ]
}