{
    "0": [
        0.05548515910916388,
        91
    ],
    "1": [
        0.06801141612232406,
        127
    ],
    "2": [
        0.1191003816306767,
        102
    ],
    "3": [
        0.03337213738639974,
        104
    ],
    "4": [
        0.046940854292303824,
        114
    ],
    "5": [
        0.08073071458069249,
        86
    ],
    "6": [
        0.03477015113480861,
        80
    ],
    "7": [
        0.08594198439362404,
        131
    ],
    "8": [
        0.1836255600273342,
        127
    ],
    "9": [
        0.0628237005080521,
        107
    ],
    "10": [
        0.10113550033546236,
        71
    ],
    "11": [
        0.026101971136654942,
        84
    ],
    "12": [
        0.01669012310362902,
        63
    ],
    "13": [
        0.06027706509320761,
        113
    ],
    "14": [
        0.024993281145666277,
        84
    ]
}