{
    "0": [
        0.06865715345184871,
        113
    ],
    "1": [
        0.07606210247462415,
        112
    ],
    "2": [
        0.02070937818704116,
        91
    ],
    "3": [
        0.06787701427388379,
        93
    ],
    "4": [
        0.01651457290952114,
        82
    ],
    "5": [
        0.03301894365063146,
        93
    ],
    "6": [
        0.10458737427895269,
        114
    ],
    "7": [
        0.03754326242100996,
        105
    ],
    "8": [
        0.06727620297632099,
        105
    ],
    "9": [
        0.07417489093131853,
        112
    ],
    "10": [
        0.1120246150238836,
        149
    ],
    "11": [
        0.06975385664568128,
        112
    ],
    "12": [
        0.08842274478216113,
        145
    ],
    "13": [
        0.05394360885260135,
        113
    ],
    "14": [
        0.10943427914051997,
        128
    ]
}