{
    "0": [
        0.08112223415832437,
        160
    ],
    "1": [
        0.06320299643966514,
        78
    ],
    "2": [
        0.01812734399682981,
        86
    ],
    "3": [
        0.0702416064999369,
        131
    ],
    "4": [
        0.021946231066099612,
        99
    ],
    "5": [
        0.03040619510528408,
        93
    ],
    "6": [
        0.03538090617692188,
        132
    ],
    "7": [
        0.10259839724446132,
        153
    ],
    "8": [
        0.11366734002629775,
        144
    ],
    "9": [
        0.026254061316334208,
        88
    ],
    "10": [
        0.09706094883733346,
        115
    ],
    "11": [
        0.030249966120167407,
        118
    ],
    "12": [
        0.11761013065707696,
        158
    ],
    "13": [
        0.09651599548475734,
        100
    ],
    "14": [
        0.09561564687050995,
        146
    ]
}