{
    "0": [
        0.0653311554568393,
        153
    ],
    "1": [
        0.053869935837832776,
        117
    ],
    "2": [
        0.14443083279145946,
        186
    ],
    "3": [
        0.067795348371085,
        149
    ],
    "4": [
        0.10567080024279234,
        166
    ],
    "5": [
        0.05316478767195824,
        97
    ],
    "6": [
        0.03610888308248718,
        169
    ],
    "7": [
        0.04700623710726625,
        125
    ],
    "8": [
        0.06987045208780938,
        144
    ],
    "9": [
        0.06082783900774504,
        165
    ],
    "10": [
        0.06080896503780308,
        163
    ],
    "11": [
        0.09736172202421359,
        161
    ],
    "12": [
        0.04184153055395162,
        126
    ],
    "13": [
        0.04951353981893577,
        123
    ],
    "14": [
        0.04639797090782086,
        116
    ]
}