{
    "0": [
        0.06464197097153204,
        142
    ],
    "1": [
        0.11168072196020468,
        135
    ],
    "2": [
        0.09074758726472672,
        131
    ],
    "3": [
        0.03251047258420042,
        89
    ],
    "4": [
        0.06994732453785021,
        132
    ],
    "5": [
        0.027761784185853,
        103
    ],
    "6": [
        0.056713613899763524,
        118
    ],
    "7": [
        0.07098454691452022,
        160
    ],
    "8": [
        0.030237740514770215,
        96
    ],
    "9": [
        0.10145805973284237,
        155
    ],
    "10": [
        0.0233532030301397,
        105
    ],
    "11": [
        0.039382782050533194,
        107
    ],
    "12": [
        0.1122954030899043,
        151
    ],
    "13": [
        0.10360957030816569,
        147
    ],
    "14": [
        0.06467521895499377,
        148
    ]
}