{
    "0": [
        0.08592668494932156,
        165
    ],
    "1": [
        0.048369823356218054,
        135
    ],
    "2": [
        0.07152962476786952,
        133
    ],
    "3": [
        0.08512509548178057,
        101
    ],
    "4": [
        0.04674095753462145,
        147
    ],
    "5": [
        0.12098891043003467,
        89
    ],
    "6": [
        0.07416448624379289,
        162
    ],
    "7": [
        0.06494258841072413,
        126
    ],
    "8": [
        0.037922920005816985,
        147
    ],
    "9": [
        0.10801609545262732,
        148
    ],
    "10": [
        0.07172406837497763,
        171
    ],
    "11": [
        0.0218441178545096,
        91
    ],
    "12": [
        0.09531034504973923,
        162
    ],
    "13": [
        0.03276493922268469,
        119
    ],
    "14": [
        0.03462934286528151,
        99
    ]
}