{
    "0": [
        0.05504888241185148,
        108
    ],
    "1": [
        0.15027580070769328,
        120
    ],
    "2": [
        0.04551414053867392,
        126
    ],
    "3": [
        0.049626636699985294,
        92
    ],
    "4": [
        0.09390832536822086,
        142
    ],
    "5": [
        0.026139422109332473,
        104
    ],
    "6": [
        0.029052499649543186,
        104
    ],
    "7": [
        0.08899256683333509,
        124
    ],
    "8": [
        0.10607829837947334,
        135
    ],
    "9": [
        0.07532505435172657,
        127
    ],
    "10": [
        0.02571207977512098,
        100
    ],
    "11": [
        0.020078610297857236,
        96
    ],
    "12": [
        0.09494585557242767,
        147
    ],
    "13": [
        0.055841280743237784,
        146
    ],
    "14": [
        0.08346054656152069,
        137
    ]
}