{
    "0": [
        0.06019271856386499,
        103
    ],
    "1": [
        0.03786423940098327,
        82
    ],
    "2": [
        0.08445317690286441,
        111
    ],
    "3": [
        0.12836863637814258,
        137
    ],
    "4": [
        0.054060838733234154,
        132
    ],
    "5": [
        0.03712643049414054,
        105
    ],
    "6": [
        0.03610241660090978,
        85
    ],
    "7": [
        0.06287949468457445,
        104
    ],
    "8": [
        0.055342356294600284,
        95
    ],
    "9": [
        0.1699057187955741,
        157
    ],
    "10": [
        0.07016640771335955,
        107
    ],
    "11": [
        0.029964574912000268,
        97
    ],
    "12": [
        0.02347505200082301,
        83
    ],
    "13": [
        0.08318436393445149,
        108
    ],
    "14": [
        0.0669135745904772,
        142
    ]
}