{
    "0": [
        0.12424039704765252,
        109
    ],
    "1": [
        0.04750234183530332,
        119
    ],
    "2": [
        0.019855813120800023,
        80
    ],
    "3": [
        0.08806780940929003,
        116
    ],
    "4": [
        0.13477232460729796,
        107
    ],
    "5": [
        0.02961311001374418,
        77
    ],
    "6": [
        0.053580531372568095,
        91
    ],
    "7": [
        0.10126930694979483,
        94
    ],
    "8": [
        0.03809114242688548,
        105
    ],
    "9": [
        0.046215629928580054,
        117
    ],
    "10": [
        0.13360138095095547,
        154
    ],
    "11": [
        0.04261283847218823,
        79
    ],
    "12": [
        0.08047318043157695,
        102
    ],
    "13": [
        0.04131798922673688,
        118
    ],
    "14": [
        0.01878620420662593,
        61
    ]
}