{
    "0": [
        0.01677699761127896,
        90
    ],
    "1": [
        0.07570149977657384,
        117
    ],
    "2": [
        0.05947134794941933,
        102
    ],
    "3": [
        0.12077433435532993,
        149
    ],
    "4": [
        0.02700263329289035,
        122
    ],
    "5": [
        0.0477779095014699,
        142
    ],
    "6": [
        0.10564809355888617,
        160
    ],
    "7": [
        0.07652184794273205,
        108
    ],
    "8": [
        0.06411903806132152,
        127
    ],
    "9": [
        0.08439865738499515,
        125
    ],
    "10": [
        0.10295977186572487,
        177
    ],
    "11": [
        0.0592323207194537,
        119
    ],
    "12": [
        0.04276582656052917,
        131
    ],
    "13": [
        0.07297206687982834,
        136
    ],
    "14": [
        0.04387765453956678,
        141
    ]
}