{
    "0": [
        0.07453680330172115,
        161
    ],
    "1": [
        0.03213252970496877,
        104
    ],
    "2": [
        0.05153941884733011,
        122
    ],
    "3": [
        0.040447938381309834,
        120
    ],
    "4": [
        0.045723761568411896,
        125
    ],
    "5": [
        0.09257649262742654,
        75
    ],
    "6": [
        0.08460031876480173,
        123
    ],
    "7": [
        0.07031499162462385,
        120
    ],
    "8": [
        0.0925482174617584,
        95
    ],
    "9": [
        0.0693218211858674,
        139
    ],
    "10": [
        0.15678065338740652,
        180
    ],
    "11": [
        0.02621203024871694,
        91
    ],
    "12": [
        0.05928964283286378,
        128
    ],
    "13": [
        0.03432734728025969,
        85
    ],
    "14": [
        0.06964803278253356,
        136
    ]
}