{
    "0": [
        0.05326066178675188,
        127
    ],
    "1": [
        0.07684525546323953,
        108
    ],
    "2": [
        0.16696953925644437,
        162
    ],
    "3": [
        0.03991619444683004,
        141
    ],
    "4": [
        0.022751668376660168,
        90
    ],
    "5": [
        0.06906052714871405,
        177
    ],
    "6": [
        0.147141809772713,
        155
    ],
    "7": [
        0.05225541198180033,
        112
    ],
    "8": [
        0.010974446780755587,
        60
    ],
    "9": [
        0.03923497923972859,
        95
    ],
    "10": [
        0.11184791544225396,
        158
    ],
    "11": [
        0.030033522777865328,
        122
    ],
    "12": [
        0.09976095989031665,
        159
    ],
    "13": [
        0.028331634016629026,
        96
    ],
    "14": [
        0.051615473619297574,
        134
    ]
}