{
    "0": [
        0.04692707106290776,
        129
    ],
    "1": [
        0.08990150129695566,
        117
    ],
    "2": [
        0.0637918552780435,
        110
    ],
    "3": [
        0.029073517264759156,
        123
    ],
    "4": [
        0.07041714358915778,
        144
    ],
    "5": [
        0.021033933780969936,
        100
    ],
    "6": [
        0.09434257633966484,
        149
    ],
    "7": [
        0.0632960090861049,
        110
    ],
    "8": [
        0.04081427204180079,
        120
    ],
    "9": [
        0.12838191315461658,
        186
    ],
    "10": [
        0.033903713809747334,
        99
    ],
    "11": [
        0.06531450435934394,
        147
    ],
    "12": [
        0.04280794328134433,
        113
    ],
    "13": [
        0.12190823472453986,
        95
    ],
    "14": [
        0.08808581093004346,
        159
    ]
}