{
    "0": [
        0.07685567580532941,
        118
    ],
    "1": [
        0.023854795509279877,
        109
    ],
    "2": [
        0.04172718980569717,
        116
    ],
    "3": [
        0.04281642298797732,
        101
    ],
    "4": [
        0.02960365007229932,
        110
    ],
    "5": [
        0.05360599772524736,
        132
    ],
    "6": [
        0.07304845606924701,
        115
    ],
    "7": [
        0.07550116668737272,
        131
    ],
    "8": [
        0.043721446496153143,
        108
    ],
    "9": [
        0.10264652836867323,
        183
    ],
    "10": [
        0.04434382907529815,
        128
    ],
    "11": [
        0.11490815558093964,
        93
    ],
    "12": [
        0.09768362530330214,
        137
    ],
    "13": [
        0.07668465474348757,
        112
    ],
    "14": [
        0.10299840576969613,
        130
    ]
}