{
    "0": [
        0.061870780286747806,
        133
    ],
    "1": [
        0.061394342949985546,
        162
    ],
    "2": [
        0.10406630888393664,
        156
    ],
    "3": [
        0.14099410666948095,
        125
    ],
    "4": [
        0.049408221591891115,
        107
    ],
    "5": [
        0.03904330948514749,
        140
    ],
    "6": [
        0.030480418673430907,
        115
    ],
    "7": [
        0.06839147230657605,
        150
    ],
    "8": [
        0.04032390423724323,
        128
    ],
    "9": [
        0.05976193914715618,
        141
    ],
    "10": [
        0.0961455860935362,
        147
    ],
    "11": [
        0.020468947312607268,
        105
    ],
    "12": [
        0.162211612279803,
        158
    ],
    "13": [
        0.02936840493753794,
        92
    ],
    "14": [
        0.03607064514491953,
        135
    ]
}