{
    "0": [
        0.05110830107609084,
        114
    ],
    "1": [
        0.036736849733729385,
        126
    ],
    "2": [
        0.11329420879148568,
        129
    ],
    "3": [
        0.08694396512687183,
        171
    ],
    "4": [
        0.12177059124450164,
        150
    ],
    "5": [
        0.11673661006350497,
        154
    ],
    "6": [
        0.019694935330093803,
        81
    ],
    "7": [
        0.11006966890678051,
        148
    ],
    "8": [
        0.02178825328076284,
        109
    ],
    "9": [
        0.06559712188665445,
        139
    ],
    "10": [
        0.02777098697887412,
        87
    ],
    "11": [
        0.09688716381795434,
        139
    ],
    "12": [
        0.06734990594413025,
        126
    ],
    "13": [
        0.03486902818141754,
        136
    ],
    "14": [
        0.02938240963714783,
        91
    ]
}