{
    "0": [
        0.08387428234627398,
        127
    ],
    "1": [
        0.10070736225461363,
        184
    ],
    "2": [
        0.08963113193598643,
        157
    ],
    "3": [
        0.04285794558610281,
        127
    ],
    "4": [
        0.038769058687566985,
        124
    ],
    "5": [
        0.08809888556306494,
        167
    ],
    "6": [
        0.07352972770896406,
        176
    ],
    "7": [
        0.06934098136554546,
        102
    ],
    "8": [
        0.1341107536271166,
        114
    ],
    "9": [
        0.032574539714712,
        108
    ],
    "10": [
        0.05455392695665003,
        146
    ],
    "11": [
        0.0375295057841202,
        130
    ],
    "12": [
        0.03751000609991753,
        109
    ],
    "13": [
        0.038881516309879384,
        93
    ],
    "14": [
        0.07803037605948573,
        128
    ]
}