{
    "0": [
        32.620220745773146,
        0
    ],
    "1": [
        31.23386228415723,
        0
    ],
    "2": [
        50.448742476294925,
        0
    ],
    "3": [
        29.638188916054062,
        0
    ],
    "4": [
        35.53891126065834,
        0
    ],
    "5": [
        45.560250071708786,
        0
    ],
    "6": [
        52.44501932741734,
        0
    ],
    "7": [
        55.875832327640815,
        0
    ],
    "8": [
        50.40444647785238,
        0
    ],
    "9": [
        30.39913665097851,
        0
    ],
    "10": [
        27.909391633555014,
        0
    ],
    "11": [
        60.114046784893304,
        0
    ],
    "12": [
        31.20861947206633,
        0
    ],
    "13": [
        41.299619117893215,
        0
    ],
    "14": [
        60.76415222506219,
        0
    ]
}