{
    "0": [
        46.16617804121765,
        0
    ],
    "1": [
        42.90613831928786,
        0
    ],
    "2": [
        43.70277370590153,
        0
    ],
    "3": [
        29.87295214153695,
        0
    ],
    "4": [
        38.29305704843506,
        0
    ],
    "5": [
        47.04113405594905,
        0
    ],
    "6": [
        46.576162228559234,
        0
    ],
    "7": [
        36.408360279991626,
        0
    ],
    "8": [
        60.42210592634864,
        0
    ],
    "9": [
        45.19862997359751,
        0
    ],
    "10": [
        65.84258893178422,
        0
    ],
    "11": [
        65.99451558925728,
        0
    ],
    "12": [
        40.50345827224642,
        0
    ],
    "13": [
        36.62389247503136,
        0
    ],
    "14": [
        74.19447035070287,
        0
    ]
}