{
    "0": [
        33.17803171136542,
        0
    ],
    "1": [
        38.4080341617908,
        0
    ],
    "2": [
        61.49939354378446,
        0
    ],
    "3": [
        37.7329181911357,
        0
    ],
    "4": [
        55.34088026994233,
        0
    ],
    "5": [
        56.63236494707526,
        0
    ],
    "6": [
        36.601549264626954,
        0
    ],
    "7": [
        43.83477377372763,
        0
    ],
    "8": [
        37.31865448496491,
        0
    ],
    "9": [
        42.43004691741149,
        0
    ],
    "10": [
        52.99698007833473,
        0
    ],
    "11": [
        73.52021075065113,
        0
    ],
    "12": [
        44.91914786981879,
        0
    ],
    "13": [
        40.32669312244043,
        0
    ],
    "14": [
        50.26556832514102,
        0
    ]
}