{
    "0": [
        45.39553277049161,
        0
    ],
    "1": [
        56.86795631771328,
        0
    ],
    "2": [
        53.67850652884753,
        0
    ],
    "3": [
        34.68438292722429,
        0
    ],
    "4": [
        30.979723402486,
        0
    ],
    "5": [
        44.60829273327748,
        0
    ],
    "6": [
        37.63173928685053,
        0
    ],
    "7": [
        57.44137055163506,
        0
    ],
    "8": [
        68.13701725054679,
        0
    ],
    "9": [
        43.06431921494968,
        0
    ],
    "10": [
        53.484448590811056,
        0
    ],
    "11": [
        27.47887703914251,
        0
    ],
    "12": [
        52.09748169379717,
        0
    ],
    "13": [
        58.33723457948035,
        0
    ],
    "14": [
        65.03533109917474,
        0
    ]
}