{
    "0": [
        29.075184680976967,
        0
    ],
    "1": [
        39.031518974989915,
        0
    ],
    "2": [
        66.42988940832797,
        0
    ],
    "3": [
        44.10009745457954,
        0
    ],
    "4": [
        58.767818699370444,
        0
    ],
    "5": [
        35.14334229484218,
        0
    ],
    "6": [
        60.40769301442487,
        0
    ],
    "7": [
        27.511618702628713,
        0
    ],
    "8": [
        55.87130037258185,
        0
    ],
    "9": [
        70.12939074342529,
        0
    ],
    "10": [
        39.99241820421495,
        0
    ],
    "11": [
        57.07916625699083,
        0
    ],
    "12": [
        40.50760864411475,
        0
    ],
    "13": [
        20.052034955390805,
        0
    ],
    "14": [
        53.64708364443472,
        0
    ]
}