{
    "0": [
        71.83890612392283,
        0
    ],
    "1": [
        49.92255162342527,
        0
    ],
    "2": [
        37.3456374724987,
        0
    ],
    "3": [
        35.2384604427975,
        0
    ],
    "4": [
        47.12817624483314,
        0
    ],
    "5": [
        46.44305968911356,
        0
    ],
    "6": [
        56.49774746970777,
        0
    ],
    "7": [
        50.715784264974644,
        0
    ],
    "8": [
        17.396456746525324,
        0
    ],
    "9": [
        62.063792123892746,
        0
    ],
    "10": [
        56.11807246317213,
        0
    ],
    "11": [
        31.169540808403873,
        0
    ],
    "12": [
        41.41812746719763,
        0
    ],
    "13": [
        60.403862449977595,
        0
    ],
    "14": [
        38.625146837445214,
        0
    ]
}