{
    "0": [
        38.000798437027775,
        0
    ],
    "1": [
        54.611809870774934,
        0
    ],
    "2": [
        31.55596048445456,
        0
    ],
    "3": [
        41.62555426210845,
        0
    ],
    "4": [
        44.000470006804115,
        0
    ],
    "5": [
        40.51692338531317,
        0
    ],
    "6": [
        27.491416400703912,
        0
    ],
    "7": [
        35.613419285091446,
        0
    ],
    "8": [
        48.83389664527801,
        0
    ],
    "9": [
        40.442967872869275,
        0
    ],
    "10": [
        42.884783073723156,
        0
    ],
    "11": [
        48.95931699993743,
        0
    ],
    "12": [
        41.01906743576577,
        0
    ],
    "13": [
        52.28038430321198,
        0
    ],
    "14": [
        59.15618815612688,
        0
    ]
}