{
    "0": [
        58.37085114568019,
        0
    ],
    "1": [
        44.6320044378665,
        0
    ],
    "2": [
        69.44677472492482,
        0
    ],
    "3": [
        37.29980007083654,
        0
    ],
    "4": [
        26.85858184001768,
        0
    ],
    "5": [
        42.62735357182002,
        0
    ],
    "6": [
        41.98318804713334,
        0
    ],
    "7": [
        48.80451957338045,
        0
    ],
    "8": [
        49.09318827964019,
        0
    ],
    "9": [
        50.77186803400667,
        0
    ],
    "10": [
        42.13292812190098,
        0
    ],
    "11": [
        32.1202820737685,
        0
    ],
    "12": [
        59.638212649859156,
        0
    ],
    "13": [
        27.58434766160368,
        0
    ],
    "14": [
        48.1283792453965,
        0
    ]
}