{
    "0": [
        65.82752932201512,
        0
    ],
    "1": [
        34.3503121360012,
        0
    ],
    "2": [
        26.473368008529633,
        0
    ],
    "3": [
        66.58264968593072,
        0
    ],
    "4": [
        33.38495752753516,
        0
    ],
    "5": [
        38.16300324411841,
        0
    ],
    "6": [
        25.801294643537894,
        0
    ],
    "7": [
        66.88184794623778,
        0
    ],
    "8": [
        39.50422609047011,
        0
    ],
    "9": [
        42.39188254111196,
        0
    ],
    "10": [
        47.265035011910136,
        0
    ],
    "11": [
        37.53591703734794,
        0
    ],
    "12": [
        37.943530853245214,
        0
    ],
    "13": [
        53.822253008274295,
        0
    ],
    "14": [
        35.21105358723402,
        0
    ]
}