{
    "0": [
        32.846107114239516,
        0
    ],
    "1": [
        36.0189053425242,
        0
    ],
    "2": [
        57.42739017427774,
        0
    ],
    "3": [
        41.85664660828645,
        0
    ],
    "4": [
        65.1325130107704,
        0
    ],
    "5": [
        42.97338947574266,
        0
    ],
    "6": [
        50.061190399276754,
        0
    ],
    "7": [
        48.135769620640446,
        0
    ],
    "8": [
        36.582967785733445,
        0
    ],
    "9": [
        57.6083319590046,
        0
    ],
    "10": [
        53.67679926571961,
        0
    ],
    "11": [
        46.64988882189198,
        0
    ],
    "12": [
        43.884592648197945,
        0
    ],
    "13": [
        51.62894453163487,
        0
    ],
    "14": [
        41.600673967266125,
        0
    ]
}