{
    "0": [
        49.2169626437664,
        0
    ],
    "1": [
        38.10657264391039,
        0
    ],
    "2": [
        45.29323973872417,
        0
    ],
    "3": [
        49.802502357711646,
        0
    ],
    "4": [
        45.040481781081354,
        0
    ],
    "5": [
        39.721503263849726,
        0
    ],
    "6": [
        66.93008532945677,
        0
    ],
    "7": [
        37.87225293014365,
        0
    ],
    "8": [
        54.156582669950076,
        0
    ],
    "9": [
        29.290750443780144,
        0
    ],
    "10": [
        52.718844933935486,
        0
    ],
    "11": [
        44.119316260297275,
        0
    ],
    "12": [
        47.00705062216694,
        0
    ],
    "13": [
        53.63604164989002,
        0
    ],
    "14": [
        33.43626708419482,
        0
    ]
}