{
    "0": [
        36.798826365634284,
        0
    ],
    "1": [
        52.0927116785144,
        0
    ],
    "2": [
        40.534072275221604,
        0
    ],
    "3": [
        32.87797761428465,
        0
    ],
    "4": [
        55.726632743947256,
        0
    ],
    "5": [
        36.33358862660198,
        0
    ],
    "6": [
        51.089337698634154,
        0
    ],
    "7": [
        62.79386673582505,
        0
    ],
    "8": [
        26.55019403629223,
        0
    ],
    "9": [
        59.70261922888766,
        0
    ],
    "10": [
        55.764205811108376,
        0
    ],
    "11": [
        46.449795207974056,
        0
    ],
    "12": [
        31.14495673003101,
        0
    ],
    "13": [
        39.93695959640261,
        0
    ],
    "14": [
        68.99611603584592,
        0
    ]
}