{
    "0": [
        29.33057402404634,
        0
    ],
    "1": [
        36.736051050146884,
        0
    ],
    "2": [
        27.397388544960656,
        0
    ],
    "3": [
        49.985581547552485,
        0
    ],
    "4": [
        43.59928216045755,
        0
    ],
    "5": [
        45.32052500174525,
        0
    ],
    "6": [
        36.803944533697255,
        0
    ],
    "7": [
        68.18739063498886,
        0
    ],
    "8": [
        36.25110969721715,
        0
    ],
    "9": [
        43.694778958859075,
        0
    ],
    "10": [
        66.39553160114521,
        0
    ],
    "11": [
        61.877954177637186,
        0
    ],
    "12": [
        26.173122266392912,
        0
    ],
    "13": [
        60.00156318800202,
        0
    ],
    "14": [
        47.825493251823005,
        0
    ]
}