{
    "0": [
        47.359403278123274,
        0
    ],
    "1": [
        42.866601512624435,
        0
    ],
    "2": [
        45.42416019462156,
        0
    ],
    "3": [
        33.64010814924055,
        0
    ],
    "4": [
        47.20852821058281,
        0
    ],
    "5": [
        38.49766947438078,
        0
    ],
    "6": [
        46.38438256133461,
        0
    ],
    "7": [
        53.08130836326057,
        0
    ],
    "8": [
        56.36712219181818,
        0
    ],
    "9": [
        40.90247476853163,
        0
    ],
    "10": [
        52.15317366108902,
        0
    ],
    "11": [
        51.38377473008056,
        0
    ],
    "12": [
        36.881447319922685,
        0
    ],
    "13": [
        27.76584464007026,
        0
    ],
    "14": [
        58.79473297442151,
        0
    ]
}