{
    "0": [
        39.39923536264915,
        0
    ],
    "1": [
        49.70311644268455,
        0
    ],
    "2": [
        50.534692284063446,
        0
    ],
    "3": [
        51.29489361052532,
        0
    ],
    "4": [
        33.694699776683365,
        0
    ],
    "5": [
        46.65995965642348,
        0
    ],
    "6": [
        57.450414994364586,
        0
    ],
    "7": [
        32.683611449845294,
        0
    ],
    "8": [
        32.36732503820373,
        0
    ],
    "9": [
        57.74517930475863,
        0
    ],
    "10": [
        59.442766924151634,
        0
    ],
    "11": [
        35.94350845455765,
        0
    ],
    "12": [
        61.231922220703204,
        0
    ],
    "13": [
        40.06760931541662,
        0
    ],
    "14": [
        58.30762258166977,
        0
    ]
}