{
    "0": [
        40.88454620739139,
        0
    ],
    "1": [
        28.75450218621497,
        0
    ],
    "2": [
        45.254537435079634,
        0
    ],
    "3": [
        65.42395284702118,
        0
    ],
    "4": [
        62.49410378394706,
        0
    ],
    "5": [
        48.0823534346807,
        0
    ],
    "6": [
        70.82336559326686,
        0
    ],
    "7": [
        29.50577162942251,
        0
    ],
    "8": [
        34.22982975458843,
        0
    ],
    "9": [
        56.00853239029331,
        0
    ],
    "10": [
        62.30755310761051,
        0
    ],
    "11": [
        53.037406795745895,
        0
    ],
    "12": [
        47.03986322974233,
        0
    ],
    "13": [
        21.287757741944862,
        0
    ],
    "14": [
        43.79394477011752,
        0
    ]
}