{
    "0": [
        60.88296643495447,
        0
    ],
    "1": [
        36.76986950727964,
        0
    ],
    "2": [
        32.43443693380236,
        0
    ],
    "3": [
        38.10582665153955,
        0
    ],
    "4": [
        30.762616868238755,
        0
    ],
    "5": [
        47.57979101063412,
        0
    ],
    "6": [
        51.58288063716439,
        0
    ],
    "7": [
        32.89242711480914,
        0
    ],
    "8": [
        35.27065735103954,
        0
    ],
    "9": [
        44.06294787575431,
        0
    ],
    "10": [
        56.92785627950131,
        0
    ],
    "11": [
        72.59919887838507,
        0
    ],
    "12": [
        81.34416284711757,
        0
    ],
    "13": [
        29.176645622531677,
        0
    ],
    "14": [
        25.963658750027204,
        0
    ]
}