{
    "0": [
        42.255163318790885,
        0
    ],
    "1": [
        36.77353221032432,
        0
    ],
    "2": [
        51.71462377818739,
        0
    ],
    "3": [
        41.02399742965084,
        0
    ],
    "4": [
        50.54506000627062,
        0
    ],
    "5": [
        41.004406946337234,
        0
    ],
    "6": [
        49.75231535739255,
        0
    ],
    "7": [
        42.580622378410204,
        0
    ],
    "8": [
        52.63268835255351,
        0
    ],
    "9": [
        51.420677127274246,
        0
    ],
    "10": [
        45.64654345229758,
        0
    ],
    "11": [
        39.54146172020249,
        0
    ],
    "12": [
        59.076893506225744,
        0
    ],
    "13": [
        32.949970883408284,
        0
    ],
    "14": [
        41.85582632060361,
        0
    ]
}