{
    "0": [
        59.2912824506966,
        0
    ],
    "1": [
        34.50476317088705,
        0
    ],
    "2": [
        43.67054690527844,
        0
    ],
    "3": [
        57.85217805528961,
        0
    ],
    "4": [
        40.74136628464898,
        0
    ],
    "5": [
        41.83855704057093,
        0
    ],
    "6": [
        37.03376971484146,
        0
    ],
    "7": [
        42.53777095677243,
        0
    ],
    "8": [
        48.335521187864025,
        0
    ],
    "9": [
        55.315290196093535,
        0
    ],
    "10": [
        52.25566338154574,
        0
    ],
    "11": [
        37.413573081336196,
        0
    ],
    "12": [
        45.57016582722324,
        0
    ],
    "13": [
        40.80396809583654,
        0
    ],
    "14": [
        39.58386658960356,
        0
    ]
}