{
    "0": [
        35.07320087440128,
        0
    ],
    "1": [
        54.400976787626355,
        0
    ],
    "2": [
        31.20103482660466,
        0
    ],
    "3": [
        46.92630117994478,
        0
    ],
    "4": [
        45.25502409138098,
        0
    ],
    "5": [
        67.17922499767364,
        0
    ],
    "6": [
        51.775955053891,
        0
    ],
    "7": [
        58.505952736496496,
        0
    ],
    "8": [
        44.82607085046228,
        0
    ],
    "9": [
        58.03758311632043,
        0
    ],
    "10": [
        43.669029126148764,
        0
    ],
    "11": [
        48.087109886088236,
        0
    ],
    "12": [
        50.09678560561686,
        0
    ],
    "13": [
        49.06519394734641,
        0
    ],
    "14": [
        29.964546714286634,
        0
    ]
}