{
    "0": [
        29.57476908640626,
        0
    ],
    "1": [
        41.12217583359625,
        0
    ],
    "2": [
        52.219138473793336,
        0
    ],
    "3": [
        46.38180958157248,
        0
    ],
    "4": [
        41.78292454830091,
        0
    ],
    "5": [
        35.07758637900433,
        0
    ],
    "6": [
        52.26906604357383,
        0
    ],
    "7": [
        38.411513358996835,
        0
    ],
    "8": [
        62.9477479796043,
        0
    ],
    "9": [
        40.05402960982859,
        0
    ],
    "10": [
        40.85770042396753,
        0
    ],
    "11": [
        55.63727977755538,
        0
    ],
    "12": [
        34.27535729352437,
        0
    ],
    "13": [
        45.59523806990864,
        0
    ],
    "14": [
        51.610976041041134,
        0
    ]
}