{
    "0": [
        26.26966667670672,
        0
    ],
    "1": [
        82.1417550158039,
        0
    ],
    "2": [
        36.64771351980816,
        0
    ],
    "3": [
        43.693181671339715,
        0
    ],
    "4": [
        67.07674786188865,
        0
    ],
    "5": [
        42.038473263576314,
        0
    ],
    "6": [
        42.82990824491846,
        0
    ],
    "7": [
        22.04887881632312,
        0
    ],
    "8": [
        73.39859462082889,
        0
    ],
    "9": [
        40.93267435921128,
        0
    ],
    "10": [
        35.79162603192873,
        0
    ],
    "11": [
        56.93884641987885,
        0
    ],
    "12": [
        44.33127304192531,
        0
    ],
    "13": [
        24.930050068728086,
        0
    ],
    "14": [
        39.465578832516385,
        0
    ]
}