{
    "0": [
        47.97813747161002,
        0
    ],
    "1": [
        43.920303927935315,
        0
    ],
    "2": [
        85.23746734650351,
        0
    ],
    "3": [
        51.05100665667971,
        0
    ],
    "4": [
        46.2092903799037,
        0
    ],
    "5": [
        36.59958666656384,
        0
    ],
    "6": [
        33.54783485126277,
        0
    ],
    "7": [
        55.04872440426895,
        0
    ],
    "8": [
        55.87060975223115,
        0
    ],
    "9": [
        44.94297426937437,
        0
    ],
    "10": [
        42.99093353134558,
        0
    ],
    "11": [
        35.32310292366244,
        0
    ],
    "12": [
        55.555143522757504,
        0
    ],
    "13": [
        40.66123898505211,
        0
    ],
    "14": [
        22.877045926058692,
        0
    ]
}