{
    "0": [
        31.02472756268929,
        0
    ],
    "1": [
        48.35937613935322,
        0
    ],
    "2": [
        41.64295216958962,
        0
    ],
    "3": [
        43.296832189698804,
        0
    ],
    "4": [
        30.89518650738324,
        0
    ],
    "5": [
        37.503838856027905,
        0
    ],
    "6": [
        58.41979727503617,
        0
    ],
    "7": [
        52.57553729460729,
        0
    ],
    "8": [
        31.191005138433766,
        0
    ],
    "9": [
        40.462171353693215,
        0
    ],
    "10": [
        50.784708022013426,
        0
    ],
    "11": [
        42.33163926832991,
        0
    ],
    "12": [
        49.71463224415994,
        0
    ],
    "13": [
        45.39913121150932,
        0
    ],
    "14": [
        48.154052518826454,
        0
    ]
}