{
    "0": [
        32.52062717417336,
        0
    ],
    "1": [
        40.441929691797654,
        0
    ],
    "2": [
        28.716037762464893,
        0
    ],
    "3": [
        45.11829959331918,
        0
    ],
    "4": [
        48.1231906099452,
        0
    ],
    "5": [
        71.91446424016654,
        0
    ],
    "6": [
        39.783988414101444,
        0
    ],
    "7": [
        55.306449009752335,
        0
    ],
    "8": [
        37.258786068813656,
        0
    ],
    "9": [
        70.31773835828177,
        0
    ],
    "10": [
        36.05987360431499,
        0
    ],
    "11": [
        42.371630084388485,
        0
    ],
    "12": [
        50.18831183936478,
        0
    ],
    "13": [
        37.732572623964515,
        0
    ],
    "14": [
        47.26720701987829,
        0
    ]
}