{
    "0": [
        55.741843323365096,
        0
    ],
    "1": [
        37.38332389787654,
        0
    ],
    "2": [
        29.909236826417626,
        0
    ],
    "3": [
        34.56580215502138,
        0
    ],
    "4": [
        60.78203252684992,
        0
    ],
    "5": [
        43.03384555803336,
        0
    ],
    "6": [
        52.2517353710206,
        0
    ],
    "7": [
        37.059727231800885,
        0
    ],
    "8": [
        41.22155574730647,
        0
    ],
    "9": [
        29.444073846433174,
        0
    ],
    "10": [
        31.13204992208448,
        0
    ],
    "11": [
        65.58787230392144,
        0
    ],
    "12": [
        54.262110938969464,
        0
    ],
    "13": [
        58.0886037542689,
        0
    ],
    "14": [
        39.943686893896334,
        0
    ]
}