{
    "0": [
        37.069041580674444,
        0
    ],
    "1": [
        35.37091595223713,
        0
    ],
    "2": [
        59.507526207794776,
        0
    ],
    "3": [
        56.38629657759561,
        0
    ],
    "4": [
        69.70741376776213,
        0
    ],
    "5": [
        49.70880222471656,
        0
    ],
    "6": [
        36.56119425543971,
        0
    ],
    "7": [
        26.892944998451217,
        0
    ],
    "8": [
        36.49059906797514,
        0
    ],
    "9": [
        17.434201374805617,
        0
    ],
    "10": [
        46.42007772699493,
        0
    ],
    "11": [
        76.80340427188247,
        0
    ],
    "12": [
        27.007805629869143,
        0
    ],
    "13": [
        71.16604054155893,
        0
    ],
    "14": [
        22.5874700081653,
        0
    ]
}