{
    "0": [
        41.70298399291529,
        0
    ],
    "1": [
        43.96490135592871,
        0
    ],
    "2": [
        36.61222854350521,
        0
    ],
    "3": [
        53.34067269215086,
        0
    ],
    "4": [
        48.102513025935515,
        0
    ],
    "5": [
        37.038066962387,
        0
    ],
    "6": [
        31.635952703519447,
        0
    ],
    "7": [
        45.910513834285624,
        0
    ],
    "8": [
        27.608573004540702,
        0
    ],
    "9": [
        41.21450877811021,
        0
    ],
    "10": [
        66.05499516875992,
        0
    ],
    "11": [
        44.54906744308358,
        0
    ],
    "12": [
        67.86176852512763,
        0
    ],
    "13": [
        51.150074566032025,
        0
    ],
    "14": [
        47.90798898732205,
        0
    ]
}