{
    "0": [
        50.297889134039266,
        0
    ],
    "1": [
        45.293987110357236,
        0
    ],
    "2": [
        41.461129151016515,
        0
    ],
    "3": [
        40.89844892249301,
        0
    ],
    "4": [
        51.93610927875341,
        0
    ],
    "5": [
        59.91882731879137,
        0
    ],
    "6": [
        38.64067309631815,
        0
    ],
    "7": [
        54.572050418293934,
        0
    ],
    "8": [
        43.77565883266915,
        0
    ],
    "9": [
        42.11230601463293,
        0
    ],
    "10": [
        31.50285436622902,
        0
    ],
    "11": [
        33.48249540015495,
        0
    ],
    "12": [
        64.23195993304142,
        0
    ],
    "13": [
        42.546326466904794,
        0
    ],
    "14": [
        36.36825707284909,
        0
    ]
}