{
    "0": [
        57.57325698298081,
        0
    ],
    "1": [
        26.507378560754866,
        0
    ],
    "2": [
        24.65104145318147,
        0
    ],
    "3": [
        52.278612307072166,
        0
    ],
    "4": [
        50.27800902989193,
        0
    ],
    "5": [
        44.369900393881366,
        0
    ],
    "6": [
        51.0170697863045,
        0
    ],
    "7": [
        47.404591497076595,
        0
    ],
    "8": [
        30.99708183278505,
        0
    ],
    "9": [
        57.64196803846787,
        0
    ],
    "10": [
        53.550165560916625,
        0
    ],
    "11": [
        68.34308066905442,
        0
    ],
    "12": [
        40.326790535915286,
        0
    ],
    "13": [
        28.257483995552626,
        0
    ],
    "14": [
        33.83583714055707,
        0
    ]
}