{
    "0": [
        39.08964056481568,
        0
    ],
    "1": [
        44.260550302453154,
        0
    ],
    "2": [
        55.27024094912806,
        0
    ],
    "3": [
        41.38366945372168,
        0
    ],
    "4": [
        38.49473786569465,
        0
    ],
    "5": [
        65.14937097103183,
        0
    ],
    "6": [
        37.015119846543946,
        0
    ],
    "7": [
        55.553946797980515,
        0
    ],
    "8": [
        25.360222500707334,
        0
    ],
    "9": [
        37.434007038414165,
        0
    ],
    "10": [
        51.308354797182425,
        0
    ],
    "11": [
        42.700291250453574,
        0
    ],
    "12": [
        46.791276916003646,
        0
    ],
    "13": [
        37.062103679603865,
        0
    ],
    "14": [
        47.48921749655964,
        0
    ]
}