{
    "0": [
        33.82988830058514,
        0
    ],
    "1": [
        27.69934111044026,
        0
    ],
    "2": [
        66.30794956653409,
        0
    ],
    "3": [
        24.734086677023697,
        0
    ],
    "4": [
        63.68725136050875,
        0
    ],
    "5": [
        54.660288017239864,
        0
    ],
    "6": [
        42.49537319019919,
        0
    ],
    "7": [
        42.08486891140992,
        0
    ],
    "8": [
        55.03250506344413,
        0
    ],
    "9": [
        30.053745723071348,
        0
    ],
    "10": [
        32.53937920083054,
        0
    ],
    "11": [
        62.38930288721282,
        0
    ],
    "12": [
        29.166912472164327,
        0
    ],
    "13": [
        46.481785279027335,
        0
    ],
    "14": [
        44.7187684221966,
        0
    ]
}