{
    "0": [
        57.419426876050146,
        0
    ],
    "1": [
        25.532777437528853,
        0
    ],
    "2": [
        57.57978337681672,
        0
    ],
    "3": [
        49.27423483625841,
        0
    ],
    "4": [
        40.763447697925756,
        0
    ],
    "5": [
        26.37137723293409,
        0
    ],
    "6": [
        41.55445405922781,
        0
    ],
    "7": [
        37.52886924533029,
        0
    ],
    "8": [
        33.96363935589008,
        0
    ],
    "9": [
        59.44694578068829,
        0
    ],
    "10": [
        51.306209564046156,
        0
    ],
    "11": [
        30.759672866132274,
        0
    ],
    "12": [
        23.223284647644153,
        0
    ],
    "13": [
        28.727748334804577,
        0
    ],
    "14": [
        56.930953422433994,
        0
    ]
}