{
    "0": [
        49.1056992781593,
        0
    ],
    "1": [
        45.886457488229425,
        0
    ],
    "2": [
        62.58834015077358,
        0
    ],
    "3": [
        60.11412127535478,
        0
    ],
    "4": [
        64.03815907655706,
        0
    ],
    "5": [
        70.6835317004147,
        0
    ],
    "6": [
        54.593653869654105,
        0
    ],
    "7": [
        49.19081961478174,
        0
    ],
    "8": [
        43.171546007586834,
        0
    ],
    "9": [
        27.047976520950893,
        0
    ],
    "10": [
        35.50718100340779,
        0
    ],
    "11": [
        48.65371568830825,
        0
    ],
    "12": [
        20.821041529468772,
        0
    ],
    "13": [
        79.3639052828969,
        0
    ],
    "14": [
        40.434356732461396,
        0
    ]
}