{
    "0": [
        49.41414082361345,
        0
    ],
    "1": [
        39.778369118390394,
        0
    ],
    "2": [
        45.29549016626464,
        0
    ],
    "3": [
        50.312109654020546,
        0
    ],
    "4": [
        45.52186843177614,
        0
    ],
    "5": [
        46.444168218647896,
        0
    ],
    "6": [
        29.247316345483327,
        0
    ],
    "7": [
        45.738820010561525,
        0
    ],
    "8": [
        32.61682590679172,
        0
    ],
    "9": [
        60.25766922133028,
        0
    ],
    "10": [
        47.09449314207628,
        0
    ],
    "11": [
        29.162562569902885,
        0
    ],
    "12": [
        42.62420210087846,
        0
    ],
    "13": [
        52.97185223061142,
        0
    ],
    "14": [
        39.44314848229134,
        0
    ]
}