{
    "0": [
        27.128587522452648,
        0
    ],
    "1": [
        36.943798946254184,
        0
    ],
    "2": [
        40.715409386361515,
        0
    ],
    "3": [
        33.65477859771521,
        0
    ],
    "4": [
        57.00478193548916,
        0
    ],
    "5": [
        39.973365317161935,
        0
    ],
    "6": [
        60.17910631768552,
        0
    ],
    "7": [
        46.81758848162724,
        0
    ],
    "8": [
        34.492798611593045,
        0
    ],
    "9": [
        50.03378242057571,
        0
    ],
    "10": [
        40.25434076780387,
        0
    ],
    "11": [
        59.75805300258088,
        0
    ],
    "12": [
        39.66312915537272,
        0
    ],
    "13": [
        31.086276340761387,
        0
    ],
    "14": [
        28.42415187226487,
        0
    ]
}