{
    "0": [
        31.889372400909057,
        0
    ],
    "1": [
        61.907030524612196,
        0
    ],
    "2": [
        49.0132592746254,
        0
    ],
    "3": [
        35.318478132969375,
        0
    ],
    "4": [
        42.749722758678324,
        0
    ],
    "5": [
        46.95725813001841,
        0
    ],
    "6": [
        27.600834507755543,
        0
    ],
    "7": [
        44.302461521030104,
        0
    ],
    "8": [
        51.52177917329992,
        0
    ],
    "9": [
        60.28106173886183,
        0
    ],
    "10": [
        40.55420514583502,
        0
    ],
    "11": [
        45.84754970653038,
        0
    ],
    "12": [
        51.16716300841978,
        0
    ],
    "13": [
        39.744323503254414,
        0
    ],
    "14": [
        57.815108598543425,
        0
    ]
}