{
    "0": [
        45.34202053920928,
        0
    ],
    "1": [
        45.19729521602731,
        0
    ],
    "2": [
        53.51460922798328,
        0
    ],
    "3": [
        40.437122479253766,
        0
    ],
    "4": [
        45.168732949505625,
        0
    ],
    "5": [
        53.04101342288144,
        0
    ],
    "6": [
        43.279169045100076,
        0
    ],
    "7": [
        59.10043009738767,
        0
    ],
    "8": [
        47.790420782392474,
        0
    ],
    "9": [
        63.64988601814969,
        0
    ],
    "10": [
        44.84244384375456,
        0
    ],
    "11": [
        37.48753133757671,
        0
    ],
    "12": [
        42.15920692768147,
        0
    ],
    "13": [
        51.743952162167716,
        0
    ],
    "14": [
        33.93842091750558,
        0
    ]
}