{
    "0": [
        44.7353909171818,
        0
    ],
    "1": [
        37.28929144695788,
        0
    ],
    "2": [
        57.95657821423422,
        0
    ],
    "3": [
        38.452544712686105,
        0
    ],
    "4": [
        42.668262061964334,
        0
    ],
    "5": [
        43.528597168596846,
        0
    ],
    "6": [
        31.392078599094177,
        0
    ],
    "7": [
        58.261661813796465,
        0
    ],
    "8": [
        57.9761475361255,
        0
    ],
    "9": [
        40.506535875140706,
        0
    ],
    "10": [
        33.73545219674749,
        0
    ],
    "11": [
        56.649293896858154,
        0
    ],
    "12": [
        31.992221807503814,
        0
    ],
    "13": [
        56.884896273795285,
        0
    ],
    "14": [
        35.945247220972334,
        0
    ]
}