{
    "0": [
        74.77064204022766,
        0
    ],
    "1": [
        43.04147178866343,
        0
    ],
    "2": [
        44.552390649617145,
        0
    ],
    "3": [
        41.31178245471867,
        0
    ],
    "4": [
        52.640205096298054,
        0
    ],
    "5": [
        42.118739302823776,
        0
    ],
    "6": [
        40.005524582652264,
        0
    ],
    "7": [
        50.16418329840048,
        0
    ],
    "8": [
        39.94149402105836,
        0
    ],
    "9": [
        37.165228826900105,
        0
    ],
    "10": [
        26.469309383642365,
        0
    ],
    "11": [
        57.69823573775383,
        0
    ],
    "12": [
        64.55651042876761,
        0
    ],
    "13": [
        46.47099633386793,
        0
    ],
    "14": [
        32.96778695000351,
        0
    ]
}