{
    "0": [
        52.94487241457554,
        0
    ],
    "1": [
        32.243375621039455,
        0
    ],
    "2": [
        44.09435928229769,
        0
    ],
    "3": [
        34.30256530899743,
        0
    ],
    "4": [
        29.61173097391468,
        0
    ],
    "5": [
        59.017481740622486,
        0
    ],
    "6": [
        55.248951233908336,
        0
    ],
    "7": [
        44.44429422183862,
        0
    ],
    "8": [
        44.47911707132056,
        0
    ],
    "9": [
        75.16841489706218,
        0
    ],
    "10": [
        45.14350358558137,
        0
    ],
    "11": [
        57.30734662885287,
        0
    ],
    "12": [
        36.14062497021894,
        0
    ],
    "13": [
        47.13176501536771,
        0
    ],
    "14": [
        49.44010402293211,
        0
    ]
}