{
    "0": [
        60.43941809867192,
        0
    ],
    "1": [
        44.58470697302775,
        0
    ],
    "2": [
        39.926571705664685,
        0
    ],
    "3": [
        28.377527032578246,
        0
    ],
    "4": [
        53.30707587143591,
        0
    ],
    "5": [
        37.66922963016223,
        0
    ],
    "6": [
        33.03317019425474,
        0
    ],
    "7": [
        43.21615035406158,
        0
    ],
    "8": [
        55.69487978610384,
        0
    ],
    "9": [
        54.91073858829487,
        0
    ],
    "10": [
        46.5686777333888,
        0
    ],
    "11": [
        55.67625323310507,
        0
    ],
    "12": [
        46.11756700997715,
        0
    ],
    "13": [
        37.9302061459664,
        0
    ],
    "14": [
        55.41135512641316,
        0
    ]
}