{
    "0": [
        46.34866287867255,
        0
    ],
    "1": [
        39.67801975619036,
        0
    ],
    "2": [
        44.75771306632194,
        0
    ],
    "3": [
        46.91487647960353,
        0
    ],
    "4": [
        34.4756681854415,
        0
    ],
    "5": [
        25.790147499148002,
        0
    ],
    "6": [
        51.45438194963154,
        0
    ],
    "7": [
        35.11344439467523,
        0
    ],
    "8": [
        33.958252250469926,
        0
    ],
    "9": [
        32.08116275805254,
        0
    ],
    "10": [
        46.72932016086274,
        0
    ],
    "11": [
        56.161018440316894,
        0
    ],
    "12": [
        46.816128973233084,
        0
    ],
    "13": [
        30.08245040651333,
        0
    ],
    "14": [
        56.28865287724051,
        0
    ]
}