{
    "0": [
        29.312709311636045,
        0
    ],
    "1": [
        60.55412133392841,
        0
    ],
    "2": [
        37.44683074419499,
        0
    ],
    "3": [
        49.65209423655914,
        0
    ],
    "4": [
        54.16274251212043,
        0
    ],
    "5": [
        33.98115010152754,
        0
    ],
    "6": [
        62.815790510656285,
        0
    ],
    "7": [
        25.44341862045725,
        0
    ],
    "8": [
        36.29701916708731,
        0
    ],
    "9": [
        34.706330319816246,
        0
    ],
    "10": [
        49.55955077474595,
        0
    ],
    "11": [
        53.681457350058054,
        0
    ],
    "12": [
        28.878699613756076,
        0
    ],
    "13": [
        35.88636899466292,
        0
    ],
    "14": [
        30.38793786786623,
        0
    ]
}