{
    "0": [
        60.62005615940841,
        0
    ],
    "1": [
        26.788123521123712,
        0
    ],
    "2": [
        51.19831138108947,
        0
    ],
    "3": [
        45.00334347728738,
        0
    ],
    "4": [
        33.76696651396097,
        0
    ],
    "5": [
        55.180368987038094,
        0
    ],
    "6": [
        62.604604266409694,
        0
    ],
    "7": [
        36.283270832996,
        0
    ],
    "8": [
        55.532609664068005,
        0
    ],
    "9": [
        37.41328801307798,
        0
    ],
    "10": [
        42.53876490553536,
        0
    ],
    "11": [
        41.77867959715542,
        0
    ],
    "12": [
        67.43325808665675,
        0
    ],
    "13": [
        56.29648347645832,
        0
    ],
    "14": [
        51.81118555378235,
        0
    ]
}