{
    "0": [
        39.814019219287964,
        0
    ],
    "1": [
        54.7417478413777,
        0
    ],
    "2": [
        31.627835745623386,
        0
    ],
    "3": [
        56.96281413882729,
        0
    ],
    "4": [
        24.164763788278343,
        0
    ],
    "5": [
        51.671338708755385,
        0
    ],
    "6": [
        79.95876579909692,
        0
    ],
    "7": [
        53.031860145453756,
        0
    ],
    "8": [
        34.752553263902,
        0
    ],
    "9": [
        26.298314285490804,
        0
    ],
    "10": [
        32.56628410764145,
        0
    ],
    "11": [
        30.936746683132927,
        0
    ],
    "12": [
        44.9706130733214,
        0
    ],
    "13": [
        29.190037785372088,
        0
    ],
    "14": [
        60.72901613188004,
        0
    ]
}