{
    "0": [
        35.276223906562514,
        0
    ],
    "1": [
        51.14035471359326,
        0
    ],
    "2": [
        53.619148136448004,
        0
    ],
    "3": [
        51.19183742900133,
        0
    ],
    "4": [
        40.256337233318746,
        0
    ],
    "5": [
        39.47250729387517,
        0
    ],
    "6": [
        36.92065521179011,
        0
    ],
    "7": [
        37.66945812046289,
        0
    ],
    "8": [
        61.53178683990802,
        0
    ],
    "9": [
        29.117599009884245,
        0
    ],
    "10": [
        54.8298068566213,
        0
    ],
    "11": [
        46.710900424533236,
        0
    ],
    "12": [
        59.85285404208204,
        0
    ],
    "13": [
        34.23270342767655,
        0
    ],
    "14": [
        39.152252008359426,
        0
    ]
}