{
    "0": [
        24.7838097061902,
        0
    ],
    "1": [
        65.64634193369521,
        0
    ],
    "2": [
        53.0830301334155,
        0
    ],
    "3": [
        43.90792688688144,
        0
    ],
    "4": [
        49.60328850352995,
        0
    ],
    "5": [
        47.872948131110064,
        0
    ],
    "6": [
        48.073628888458124,
        0
    ],
    "7": [
        48.229495695896226,
        0
    ],
    "8": [
        36.03311611433092,
        0
    ],
    "9": [
        37.45560109509022,
        0
    ],
    "10": [
        50.8412303752129,
        0
    ],
    "11": [
        44.94136831106805,
        0
    ],
    "12": [
        60.044914922120746,
        0
    ],
    "13": [
        52.39869601733291,
        0
    ],
    "14": [
        23.68418842740802,
        0
    ]
}