{
    "0": [
        58.593948234447986,
        0
    ],
    "1": [
        55.151649979960304,
        0
    ],
    "2": [
        38.87145173680865,
        0
    ],
    "3": [
        41.11260162984563,
        0
    ],
    "4": [
        35.58024490748268,
        0
    ],
    "5": [
        43.16805865884903,
        0
    ],
    "6": [
        59.03523738137727,
        0
    ],
    "7": [
        48.97896153883656,
        0
    ],
    "8": [
        25.439615629087292,
        0
    ],
    "9": [
        34.705316660136795,
        0
    ],
    "10": [
        35.14209213430292,
        0
    ],
    "11": [
        50.67804320746317,
        0
    ],
    "12": [
        35.0466155132418,
        0
    ],
    "13": [
        51.203783641583975,
        0
    ],
    "14": [
        46.81920329967255,
        0
    ]
}