{
    "0": [
        41.744719896411574,
        0
    ],
    "1": [
        36.89651378656642,
        0
    ],
    "2": [
        43.654332630607186,
        0
    ],
    "3": [
        49.036225548902074,
        0
    ],
    "4": [
        48.689562435535315,
        0
    ],
    "5": [
        49.54333040795044,
        0
    ],
    "6": [
        32.17160393651297,
        0
    ],
    "7": [
        48.312652423720365,
        0
    ],
    "8": [
        43.166381696960144,
        0
    ],
    "9": [
        64.15097655032599,
        0
    ],
    "10": [
        44.48524922812989,
        0
    ],
    "11": [
        35.64191370179776,
        0
    ],
    "12": [
        45.07970126819718,
        0
    ],
    "13": [
        38.88291290102799,
        0
    ],
    "14": [
        46.36424278152721,
        0
    ]
}