{
    "0": [
        54.40789217564199,
        0
    ],
    "1": [
        37.056732232169196,
        0
    ],
    "2": [
        51.31505339061029,
        0
    ],
    "3": [
        51.67046600808827,
        0
    ],
    "4": [
        36.00053371043704,
        0
    ],
    "5": [
        41.721995074564056,
        0
    ],
    "6": [
        58.63503689287005,
        0
    ],
    "7": [
        45.58627147393224,
        0
    ],
    "8": [
        38.330602749770435,
        0
    ],
    "9": [
        30.878879530861163,
        0
    ],
    "10": [
        33.710391566509,
        0
    ],
    "11": [
        51.524175315178475,
        0
    ],
    "12": [
        49.22981672075775,
        0
    ],
    "13": [
        41.1306587229387,
        0
    ],
    "14": [
        52.19119940919792,
        0
    ]
}