{
    "0": [
        58.94004482809222,
        0
    ],
    "1": [
        25.620957050608972,
        0
    ],
    "2": [
        49.68636227930746,
        0
    ],
    "3": [
        31.25928350924589,
        0
    ],
    "4": [
        41.604859697178775,
        0
    ],
    "5": [
        31.528179910829614,
        0
    ],
    "6": [
        26.538045039125087,
        0
    ],
    "7": [
        21.246001894045662,
        0
    ],
    "8": [
        61.19616874301955,
        0
    ],
    "9": [
        46.904985741016894,
        0
    ],
    "10": [
        54.602263540828105,
        0
    ],
    "11": [
        51.37974466587309,
        0
    ],
    "12": [
        46.617375184151626,
        0
    ],
    "13": [
        41.895814307991394,
        0
    ],
    "14": [
        55.452885719423854,
        0
    ]
}