{
    "0": [
        41.154344135762784,
        0
    ],
    "1": [
        50.22604428103566,
        0
    ],
    "2": [
        29.538557671221696,
        0
    ],
    "3": [
        56.18025695483113,
        0
    ],
    "4": [
        49.46500838394593,
        0
    ],
    "5": [
        56.17739404564928,
        0
    ],
    "6": [
        57.634615776293806,
        0
    ],
    "7": [
        45.48347256517912,
        0
    ],
    "8": [
        44.77920910834324,
        0
    ],
    "9": [
        44.76988001981489,
        0
    ],
    "10": [
        29.88419286660557,
        0
    ],
    "11": [
        42.434707855598894,
        0
    ],
    "12": [
        31.916922743061626,
        0
    ],
    "13": [
        44.23493221834835,
        0
    ],
    "14": [
        32.39456030101938,
        0
    ]
}