{
    "0": [
        26.505246087978303,
        0
    ],
    "1": [
        35.649323865297056,
        0
    ],
    "2": [
        71.95000331594986,
        0
    ],
    "3": [
        59.99149519565846,
        0
    ],
    "4": [
        32.42274938863804,
        0
    ],
    "5": [
        44.97454982884282,
        0
    ],
    "6": [
        58.52309390097692,
        0
    ],
    "7": [
        69.41176316036463,
        0
    ],
    "8": [
        42.51106121420812,
        0
    ],
    "9": [
        53.506541538827676,
        0
    ],
    "10": [
        54.27778874309358,
        0
    ],
    "11": [
        40.61445969771785,
        0
    ],
    "12": [
        38.61371692245433,
        0
    ],
    "13": [
        52.02143707174801,
        0
    ],
    "14": [
        45.65683488686824,
        0
    ]
}