{
    "0": [
        37.75758921981125,
        0
    ],
    "1": [
        50.00331882348254,
        0
    ],
    "2": [
        42.154422189411854,
        0
    ],
    "3": [
        68.43397701258041,
        0
    ],
    "4": [
        59.84445943833692,
        0
    ],
    "5": [
        39.635530594870666,
        0
    ],
    "6": [
        51.22950854927784,
        0
    ],
    "7": [
        43.887994727886785,
        0
    ],
    "8": [
        39.22135662904363,
        0
    ],
    "9": [
        40.564221983099216,
        0
    ],
    "10": [
        49.75726246808828,
        0
    ],
    "11": [
        34.59796009997934,
        0
    ],
    "12": [
        47.29695657444692,
        0
    ],
    "13": [
        40.814828680363135,
        0
    ],
    "14": [
        56.94878350494483,
        0
    ]
}