{
    "0": [
        32.82271458447906,
        0
    ],
    "1": [
        45.82848933642083,
        0
    ],
    "2": [
        45.07833659272627,
        0
    ],
    "3": [
        42.083286688337026,
        0
    ],
    "4": [
        32.98561577061687,
        0
    ],
    "5": [
        52.388807710549784,
        0
    ],
    "6": [
        62.906900207843016,
        0
    ],
    "7": [
        31.765530556268327,
        0
    ],
    "8": [
        58.94877654584628,
        0
    ],
    "9": [
        34.930832464918396,
        0
    ],
    "10": [
        46.03122857534724,
        0
    ],
    "11": [
        49.862666179646475,
        0
    ],
    "12": [
        33.20287422100503,
        0
    ],
    "13": [
        44.91331364877902,
        0
    ],
    "14": [
        60.73173335715178,
        0
    ]
}