{
    "0": [
        63.52757750737777,
        0
    ],
    "1": [
        49.43359278778868,
        0
    ],
    "2": [
        30.12297826496861,
        0
    ],
    "3": [
        37.537820267116814,
        0
    ],
    "4": [
        37.73159623583308,
        0
    ],
    "5": [
        37.97003763804679,
        0
    ],
    "6": [
        31.470093560103116,
        0
    ],
    "7": [
        56.01671273974891,
        0
    ],
    "8": [
        47.72268885579406,
        0
    ],
    "9": [
        55.445782182692305,
        0
    ],
    "10": [
        28.08199561151469,
        0
    ],
    "11": [
        31.32677398420075,
        0
    ],
    "12": [
        51.19461170493071,
        0
    ],
    "13": [
        34.61003720983858,
        0
    ],
    "14": [
        79.8462170580143,
        0
    ]
}