{
    "0": [
        43.7480640382398,
        0
    ],
    "1": [
        32.67763308074397,
        0
    ],
    "2": [
        36.415125534004716,
        0
    ],
    "3": [
        52.72620201450163,
        0
    ],
    "4": [
        34.57166384414038,
        0
    ],
    "5": [
        50.50213333148667,
        0
    ],
    "6": [
        30.04768928503214,
        0
    ],
    "7": [
        39.486741158420706,
        0
    ],
    "8": [
        39.37084033737189,
        0
    ],
    "9": [
        42.43502925242855,
        0
    ],
    "10": [
        53.71273648422876,
        0
    ],
    "11": [
        34.915615866447126,
        0
    ],
    "12": [
        55.754035219846386,
        0
    ],
    "13": [
        41.39558564053335,
        0
    ],
    "14": [
        39.70875553576968,
        0
    ]
}