{
    "0": [
        32.867442376198305,
        0
    ],
    "1": [
        58.31186179632777,
        0
    ],
    "2": [
        49.45824978471455,
        0
    ],
    "3": [
        40.94579861456101,
        0
    ],
    "4": [
        43.47762658917883,
        0
    ],
    "5": [
        29.506361949106292,
        0
    ],
    "6": [
        34.18096012269389,
        0
    ],
    "7": [
        39.192039621854185,
        0
    ],
    "8": [
        32.54268972952026,
        0
    ],
    "9": [
        42.074365426091795,
        0
    ],
    "10": [
        51.265465305350205,
        0
    ],
    "11": [
        44.44846348074435,
        0
    ],
    "12": [
        59.11701653219884,
        0
    ],
    "13": [
        57.8551687764982,
        0
    ],
    "14": [
        59.73728436848588,
        0
    ]
}