{
    "0": [
        45.22011713985811,
        0
    ],
    "1": [
        35.69056105826777,
        0
    ],
    "2": [
        47.12230645316967,
        0
    ],
    "3": [
        40.70797778932866,
        0
    ],
    "4": [
        65.47302287680647,
        0
    ],
    "5": [
        39.15850070571055,
        0
    ],
    "6": [
        35.72303341656468,
        0
    ],
    "7": [
        43.65063869340051,
        0
    ],
    "8": [
        46.82145017176299,
        0
    ],
    "9": [
        51.23585517539628,
        0
    ],
    "10": [
        52.24932100645507,
        0
    ],
    "11": [
        43.71549620039881,
        0
    ],
    "12": [
        59.10469645105543,
        0
    ],
    "13": [
        28.312159462813202,
        0
    ],
    "14": [
        46.50195729016573,
        0
    ]
}