{
    "0": [
        41.52550041654319,
        0
    ],
    "1": [
        41.82473331185362,
        0
    ],
    "2": [
        32.02616480934612,
        0
    ],
    "3": [
        41.907147530934786,
        0
    ],
    "4": [
        37.304912853468934,
        0
    ],
    "5": [
        53.2318144057318,
        0
    ],
    "6": [
        39.14567313222058,
        0
    ],
    "7": [
        42.24279214823146,
        0
    ],
    "8": [
        39.20705815825953,
        0
    ],
    "9": [
        50.07424635376939,
        0
    ],
    "10": [
        39.18776323798147,
        0
    ],
    "11": [
        44.36919940444966,
        0
    ],
    "12": [
        47.53145371597124,
        0
    ],
    "13": [
        60.721600251120904,
        0
    ],
    "14": [
        58.52389970326761,
        0
    ]
}