{
    "0": [
        24.334302217513983,
        0
    ],
    "1": [
        32.871818463672604,
        0
    ],
    "2": [
        43.54340764756331,
        0
    ],
    "3": [
        47.92813780662039,
        0
    ],
    "4": [
        35.68893259259356,
        0
    ],
    "5": [
        34.25877903929839,
        0
    ],
    "6": [
        43.581931535740125,
        0
    ],
    "7": [
        60.58582423239034,
        0
    ],
    "8": [
        61.115057358119024,
        0
    ],
    "9": [
        48.049716935406714,
        0
    ],
    "10": [
        37.98474595679629,
        0
    ],
    "11": [
        55.65602919757767,
        0
    ],
    "12": [
        44.906636004836855,
        0
    ],
    "13": [
        36.04582703003465,
        0
    ],
    "14": [
        70.95733240557495,
        0
    ]
}