{
    "0": [
        44.7743403009585,
        0
    ],
    "1": [
        49.366443851745046,
        0
    ],
    "2": [
        35.052550196728966,
        0
    ],
    "3": [
        43.08202212413277,
        0
    ],
    "4": [
        58.22129435262887,
        0
    ],
    "5": [
        39.9673843636817,
        0
    ],
    "6": [
        32.60206404694496,
        0
    ],
    "7": [
        46.48386021343964,
        0
    ],
    "8": [
        33.83791172227494,
        0
    ],
    "9": [
        45.43502430522547,
        0
    ],
    "10": [
        40.967290580953545,
        0
    ],
    "11": [
        35.651392982313084,
        0
    ],
    "12": [
        37.54773385844221,
        0
    ],
    "13": [
        37.012158972152925,
        0
    ],
    "14": [
        74.41441196813372,
        0
    ]
}