{
    "0": [
        47.3317712437643,
        0
    ],
    "1": [
        55.68952759774607,
        0
    ],
    "2": [
        60.91154977008739,
        0
    ],
    "3": [
        46.65298562247314,
        0
    ],
    "4": [
        34.20700954031335,
        0
    ],
    "5": [
        27.16148854543138,
        0
    ],
    "6": [
        34.382300364412885,
        0
    ],
    "7": [
        37.791795149759885,
        0
    ],
    "8": [
        48.00619890449501,
        0
    ],
    "9": [
        56.733507269363685,
        0
    ],
    "10": [
        40.014566621078146,
        0
    ],
    "11": [
        78.49948328662298,
        0
    ],
    "12": [
        48.93083239708745,
        0
    ],
    "13": [
        35.53576817448015,
        0
    ],
    "14": [
        53.65652684840398,
        0
    ]
}