{
    "0": [
        47.27244710986584,
        0
    ],
    "1": [
        41.14292396234332,
        0
    ],
    "2": [
        54.94630950351749,
        0
    ],
    "3": [
        28.55126847716223,
        0
    ],
    "4": [
        33.93712277058137,
        0
    ],
    "5": [
        55.69828722211793,
        0
    ],
    "6": [
        49.00558411506828,
        0
    ],
    "7": [
        65.02879367334168,
        0
    ],
    "8": [
        43.965480314518906,
        0
    ],
    "9": [
        28.000745786862417,
        0
    ],
    "10": [
        37.68233997073789,
        0
    ],
    "11": [
        49.37937860209092,
        0
    ],
    "12": [
        21.151395035108116,
        0
    ],
    "13": [
        30.497285193753473,
        0
    ],
    "14": [
        55.21796070575651,
        0
    ]
}