{
    "0": [
        49.80497822778828,
        0
    ],
    "1": [
        54.42597930451495,
        0
    ],
    "2": [
        56.552274984150166,
        0
    ],
    "3": [
        33.691878776871924,
        0
    ],
    "4": [
        34.46117821587087,
        0
    ],
    "5": [
        25.43081283034988,
        0
    ],
    "6": [
        46.19575524477144,
        0
    ],
    "7": [
        46.34402545507149,
        0
    ],
    "8": [
        66.6518912535615,
        0
    ],
    "9": [
        66.83411131152285,
        0
    ],
    "10": [
        55.19417447497333,
        0
    ],
    "11": [
        46.683061869995335,
        0
    ],
    "12": [
        42.10440717721611,
        0
    ],
    "13": [
        40.610408478432205,
        0
    ],
    "14": [
        38.369954483069634,
        0
    ]
}