{
    "0": [
        28.554701265901258,
        0
    ],
    "1": [
        36.565613032568805,
        0
    ],
    "2": [
        50.24913201398611,
        0
    ],
    "3": [
        42.97380524521165,
        0
    ],
    "4": [
        32.61507689375317,
        0
    ],
    "5": [
        37.80379573102348,
        0
    ],
    "6": [
        43.79990345658206,
        0
    ],
    "7": [
        26.917025202606826,
        0
    ],
    "8": [
        34.25844231874537,
        0
    ],
    "9": [
        41.53313854409752,
        0
    ],
    "10": [
        39.03614882711717,
        0
    ],
    "11": [
        55.37928906714533,
        0
    ],
    "12": [
        30.112606523767447,
        0
    ],
    "13": [
        42.6549638729622,
        0
    ],
    "14": [
        46.450995544899214,
        0
    ]
}