{
    "0": [
        40.44469610590698,
        0
    ],
    "1": [
        40.48659880825579,
        0
    ],
    "2": [
        35.36567777510117,
        0
    ],
    "3": [
        63.759926950493735,
        0
    ],
    "4": [
        42.273815242745734,
        0
    ],
    "5": [
        38.15448357158084,
        0
    ],
    "6": [
        46.485105898282384,
        0
    ],
    "7": [
        47.511352777259376,
        0
    ],
    "8": [
        38.00735953248365,
        0
    ],
    "9": [
        42.46620902993038,
        0
    ],
    "10": [
        50.12431643126815,
        0
    ],
    "11": [
        58.04703274715315,
        0
    ],
    "12": [
        46.94289439707606,
        0
    ],
    "13": [
        43.768039762048986,
        0
    ],
    "14": [
        51.66701069323057,
        0
    ]
}