{
    "0": [
        42.56055138049156,
        0
    ],
    "1": [
        69.42521949329851,
        0
    ],
    "2": [
        30.701783590458938,
        0
    ],
    "3": [
        52.193868089190254,
        0
    ],
    "4": [
        32.42765031011785,
        0
    ],
    "5": [
        22.5672297985463,
        0
    ],
    "6": [
        50.3720825950064,
        0
    ],
    "7": [
        42.72356429939812,
        0
    ],
    "8": [
        60.83749385914562,
        0
    ],
    "9": [
        46.985943453361095,
        0
    ],
    "10": [
        49.310607460578275,
        0
    ],
    "11": [
        38.08334840733511,
        0
    ],
    "12": [
        65.74213872287677,
        0
    ],
    "13": [
        45.64854626344433,
        0
    ],
    "14": [
        27.983875539206387,
        0
    ]
}