{
    "0": [
        41.70484183492674,
        0
    ],
    "1": [
        31.496847630337307,
        0
    ],
    "2": [
        41.137993303751,
        0
    ],
    "3": [
        42.10077785822809,
        0
    ],
    "4": [
        39.498213432205176,
        0
    ],
    "5": [
        46.1936337145815,
        0
    ],
    "6": [
        56.81881730038012,
        0
    ],
    "7": [
        39.06618570456217,
        0
    ],
    "8": [
        37.13576491580276,
        0
    ],
    "9": [
        39.98695344522521,
        0
    ],
    "10": [
        41.28512141492687,
        0
    ],
    "11": [
        25.13366410270746,
        0
    ],
    "12": [
        52.469614127987704,
        0
    ],
    "13": [
        75.75007505213577,
        0
    ],
    "14": [
        48.00535841709172,
        0
    ]
}