{
    "0": [
        44.65343137310564,
        0
    ],
    "1": [
        48.07338218140047,
        0
    ],
    "2": [
        35.692460586428304,
        0
    ],
    "3": [
        40.85442399135638,
        0
    ],
    "4": [
        52.98522467923057,
        0
    ],
    "5": [
        39.1304936608705,
        0
    ],
    "6": [
        49.85007778327628,
        0
    ],
    "7": [
        56.11424346132169,
        0
    ],
    "8": [
        26.120027627230158,
        0
    ],
    "9": [
        31.19153352965251,
        0
    ],
    "10": [
        42.567447739071525,
        0
    ],
    "11": [
        40.168383805932535,
        0
    ],
    "12": [
        40.81676839205369,
        0
    ],
    "13": [
        35.930790306694725,
        0
    ],
    "14": [
        27.915267322447,
        0
    ]
}