{
    "0": [
        40.79213318115306,
        0
    ],
    "1": [
        44.975218969924605,
        0
    ],
    "2": [
        56.95348657363365,
        0
    ],
    "3": [
        43.25908925932153,
        0
    ],
    "4": [
        34.973154926655376,
        0
    ],
    "5": [
        58.52598616107913,
        0
    ],
    "6": [
        41.21648482166696,
        0
    ],
    "7": [
        50.04912660958242,
        0
    ],
    "8": [
        46.89217268821831,
        0
    ],
    "9": [
        54.65353581301042,
        0
    ],
    "10": [
        36.315312178967005,
        0
    ],
    "11": [
        45.91129802132894,
        0
    ],
    "12": [
        41.54101181659977,
        0
    ],
    "13": [
        55.33492861261357,
        0
    ],
    "14": [
        57.270913709681004,
        0
    ]
}