{
    "0": [
        59.647386450048515,
        0
    ],
    "1": [
        31.866230783034297,
        0
    ],
    "2": [
        68.70300640696625,
        0
    ],
    "3": [
        52.12229355913066,
        0
    ],
    "4": [
        40.63873202834434,
        0
    ],
    "5": [
        63.634056504441226,
        0
    ],
    "6": [
        39.82304305582044,
        0
    ],
    "7": [
        49.192620359672446,
        0
    ],
    "8": [
        29.865558002921254,
        0
    ],
    "9": [
        46.45789814864703,
        0
    ],
    "10": [
        36.364788494323555,
        0
    ],
    "11": [
        54.83091011128571,
        0
    ],
    "12": [
        56.89362223654965,
        0
    ],
    "13": [
        41.52004752264073,
        0
    ],
    "14": [
        38.78913083861255,
        0
    ]
}