{
    "0": [
        43.783891550671285,
        0
    ],
    "1": [
        45.30431911617301,
        0
    ],
    "2": [
        45.21591035416093,
        0
    ],
    "3": [
        46.304488937196844,
        0
    ],
    "4": [
        62.25938156847332,
        0
    ],
    "5": [
        25.21273642534554,
        0
    ],
    "6": [
        50.420826909812334,
        0
    ],
    "7": [
        41.02176261230685,
        0
    ],
    "8": [
        73.65764153193079,
        0
    ],
    "9": [
        40.35148391590827,
        0
    ],
    "10": [
        63.87059952291811,
        0
    ],
    "11": [
        37.176167064117344,
        0
    ],
    "12": [
        33.41607073983901,
        0
    ],
    "13": [
        47.4189610835076,
        0
    ],
    "14": [
        35.78117818350056,
        0
    ]
}