{
    "0": [
        51.34175749046573,
        0
    ],
    "1": [
        70.70652478363353,
        0
    ],
    "2": [
        28.708234004433137,
        0
    ],
    "3": [
        41.404954125580524,
        0
    ],
    "4": [
        28.680912675196822,
        0
    ],
    "5": [
        33.880107614356604,
        0
    ],
    "6": [
        53.16745803494106,
        0
    ],
    "7": [
        34.44626781658632,
        0
    ],
    "8": [
        26.25857473914557,
        0
    ],
    "9": [
        26.341484463072444,
        0
    ],
    "10": [
        41.58016974636144,
        0
    ],
    "11": [
        58.274069949713386,
        0
    ],
    "12": [
        48.51043680409564,
        0
    ],
    "13": [
        53.32054415708467,
        0
    ],
    "14": [
        29.17775095796556,
        0
    ]
}