{
    "0": [
        51.165815093049545,
        0
    ],
    "1": [
        49.31898807478403,
        0
    ],
    "2": [
        57.200685600449255,
        0
    ],
    "3": [
        59.003546706325494,
        0
    ],
    "4": [
        42.6553416490739,
        0
    ],
    "5": [
        38.22666293378757,
        0
    ],
    "6": [
        64.23395773017523,
        0
    ],
    "7": [
        20.93320272605203,
        0
    ],
    "8": [
        47.16135019811779,
        0
    ],
    "9": [
        63.340050806140795,
        0
    ],
    "10": [
        62.575439936592865,
        0
    ],
    "11": [
        45.60863955923485,
        0
    ],
    "12": [
        19.925956506261517,
        0
    ],
    "13": [
        47.151110595494494,
        0
    ],
    "14": [
        45.509901737805556,
        0
    ]
}