{
    "0": [
        37.74152445095611,
        0
    ],
    "1": [
        58.610922226182396,
        0
    ],
    "2": [
        57.16228522256174,
        0
    ],
    "3": [
        64.4029406942687,
        0
    ],
    "4": [
        36.362850919492764,
        0
    ],
    "5": [
        23.46622667136841,
        0
    ],
    "6": [
        32.097416041593995,
        0
    ],
    "7": [
        44.44956972095904,
        0
    ],
    "8": [
        57.83952401708217,
        0
    ],
    "9": [
        33.845868306290676,
        0
    ],
    "10": [
        47.994112464252666,
        0
    ],
    "11": [
        40.39097837063779,
        0
    ],
    "12": [
        46.70869061565743,
        0
    ],
    "13": [
        61.717731678180535,
        0
    ],
    "14": [
        50.13905774166828,
        0
    ]
}