{
    "0": [
        34.60153131917834,
        0
    ],
    "1": [
        33.38321013980072,
        0
    ],
    "2": [
        45.24208944036558,
        0
    ],
    "3": [
        38.90624282678906,
        0
    ],
    "4": [
        48.76980711874317,
        0
    ],
    "5": [
        74.61624954635978,
        0
    ],
    "6": [
        54.64912068429983,
        0
    ],
    "7": [
        37.28528310561,
        0
    ],
    "8": [
        43.238691286916016,
        0
    ],
    "9": [
        25.248148771291998,
        0
    ],
    "10": [
        69.52610042479242,
        0
    ],
    "11": [
        46.56844165361091,
        0
    ],
    "12": [
        46.152201551416034,
        0
    ],
    "13": [
        31.289428523024043,
        0
    ],
    "14": [
        28.889142029003846,
        0
    ]
}