{
    "0": [
        29.814841586617124,
        0
    ],
    "1": [
        36.641822000186906,
        0
    ],
    "2": [
        38.45736072839106,
        0
    ],
    "3": [
        39.32490519350497,
        0
    ],
    "4": [
        31.762947095683955,
        0
    ],
    "5": [
        64.49538691297097,
        0
    ],
    "6": [
        65.15511140390603,
        0
    ],
    "7": [
        52.74549442832162,
        0
    ],
    "8": [
        54.478579780063704,
        0
    ],
    "9": [
        42.43313261098091,
        0
    ],
    "10": [
        28.364693888007828,
        0
    ],
    "11": [
        55.041169376925865,
        0
    ],
    "12": [
        31.736225143950065,
        0
    ],
    "13": [
        44.014983255750025,
        0
    ],
    "14": [
        36.08039149343802,
        0
    ]
}