{
    "0": [
        55.262192926699306,
        0
    ],
    "1": [
        50.446500672362504,
        0
    ],
    "2": [
        32.18515732712356,
        0
    ],
    "3": [
        39.172810198167745,
        0
    ],
    "4": [
        56.83441022207263,
        0
    ],
    "5": [
        41.75259791556814,
        0
    ],
    "6": [
        54.83429504935582,
        0
    ],
    "7": [
        47.11436725808013,
        0
    ],
    "8": [
        49.51655626323105,
        0
    ],
    "9": [
        38.028628869332586,
        0
    ],
    "10": [
        56.46440508764633,
        0
    ],
    "11": [
        32.84157045692377,
        0
    ],
    "12": [
        46.01914873801327,
        0
    ],
    "13": [
        48.023528532315865,
        0
    ],
    "14": [
        52.27930004482708,
        0
    ]
}