{
    "0": [
        54.23043141771372,
        0
    ],
    "1": [
        44.14241063766462,
        0
    ],
    "2": [
        34.057661365302685,
        0
    ],
    "3": [
        46.24314013772793,
        0
    ],
    "4": [
        51.69052711011312,
        0
    ],
    "5": [
        43.26182378610121,
        0
    ],
    "6": [
        49.228554543654816,
        0
    ],
    "7": [
        57.32317301726029,
        0
    ],
    "8": [
        41.485217433085886,
        0
    ],
    "9": [
        48.67640398970572,
        0
    ],
    "10": [
        58.47150112427149,
        0
    ],
    "11": [
        29.263439239765614,
        0
    ],
    "12": [
        48.54676346770186,
        0
    ],
    "13": [
        64.69915126498,
        0
    ],
    "14": [
        41.548848494462995,
        0
    ]
}