{
    "0": [
        22.124906320961653,
        0
    ],
    "1": [
        49.80487593782415,
        0
    ],
    "2": [
        41.50853590779509,
        0
    ],
    "3": [
        29.079202879776055,
        0
    ],
    "4": [
        60.58021438759082,
        0
    ],
    "5": [
        25.97805327712714,
        0
    ],
    "6": [
        54.00698952423767,
        0
    ],
    "7": [
        50.53419683202186,
        0
    ],
    "8": [
        42.67694157931174,
        0
    ],
    "9": [
        52.743245867366596,
        0
    ],
    "10": [
        36.62961941156942,
        0
    ],
    "11": [
        31.463703609659532,
        0
    ],
    "12": [
        46.84403425289581,
        0
    ],
    "13": [
        60.84133721569106,
        0
    ],
    "14": [
        61.312610794534464,
        0
    ]
}