{
    "0": [
        44.431818873269215,
        0
    ],
    "1": [
        63.69864718009423,
        0
    ],
    "2": [
        70.04607038991473,
        0
    ],
    "3": [
        38.672853803378715,
        0
    ],
    "4": [
        43.513465852329304,
        0
    ],
    "5": [
        40.15467515122772,
        0
    ],
    "6": [
        37.52098677900958,
        0
    ],
    "7": [
        34.175746539595245,
        0
    ],
    "8": [
        26.760521407212508,
        0
    ],
    "9": [
        53.65838368892098,
        0
    ],
    "10": [
        42.35971131275363,
        0
    ],
    "11": [
        50.12584086455981,
        0
    ],
    "12": [
        47.65467804650707,
        0
    ],
    "13": [
        28.32418513754866,
        0
    ],
    "14": [
        29.467408528086427,
        0
    ]
}