{
    "0": [
        42.61494340689491,
        0
    ],
    "1": [
        49.88347366566804,
        0
    ],
    "2": [
        57.03647726033065,
        0
    ],
    "3": [
        49.78207460486321,
        0
    ],
    "4": [
        33.97407741755901,
        0
    ],
    "5": [
        42.53835928918157,
        0
    ],
    "6": [
        32.53864562277748,
        0
    ],
    "7": [
        51.21107012657865,
        0
    ],
    "8": [
        61.5164700184053,
        0
    ],
    "9": [
        51.420830023125276,
        0
    ],
    "10": [
        38.960097519168286,
        0
    ],
    "11": [
        41.02411459311424,
        0
    ],
    "12": [
        40.40786019671831,
        0
    ],
    "13": [
        60.45640012989813,
        0
    ],
    "14": [
        38.802571478448385,
        0
    ]
}