{
    "0": [
        38.88830886830056,
        0
    ],
    "1": [
        49.39067023797996,
        0
    ],
    "2": [
        39.35405400009697,
        0
    ],
    "3": [
        43.01744977171731,
        0
    ],
    "4": [
        47.982574545696174,
        0
    ],
    "5": [
        48.526278815105556,
        0
    ],
    "6": [
        40.42576726149727,
        0
    ],
    "7": [
        51.64477109552815,
        0
    ],
    "8": [
        40.61807504977677,
        0
    ],
    "9": [
        44.23883448326985,
        0
    ],
    "10": [
        42.235181219475486,
        0
    ],
    "11": [
        58.78008157525646,
        0
    ],
    "12": [
        36.57147362896301,
        0
    ],
    "13": [
        36.386695536827155,
        0
    ],
    "14": [
        35.644105419947735,
        0
    ]
}