{
    "0": [
        39.35088667109803,
        0
    ],
    "1": [
        35.454092267823114,
        0
    ],
    "2": [
        61.987292409303876,
        0
    ],
    "3": [
        47.72660814535687,
        0
    ],
    "4": [
        49.859351241865305,
        0
    ],
    "5": [
        31.53387022010109,
        0
    ],
    "6": [
        47.145514305217176,
        0
    ],
    "7": [
        46.19442405351804,
        0
    ],
    "8": [
        41.84509061225535,
        0
    ],
    "9": [
        40.61660136868333,
        0
    ],
    "10": [
        48.90134496573751,
        0
    ],
    "11": [
        52.715484787759536,
        0
    ],
    "12": [
        41.1469153415622,
        0
    ],
    "13": [
        59.1397968853841,
        0
    ],
    "14": [
        59.62511612233498,
        0
    ]
}