{
    "0": [
        36.41747105057843,
        0
    ],
    "1": [
        37.261222493160425,
        0
    ],
    "2": [
        47.27969845348806,
        0
    ],
    "3": [
        46.368826331237614,
        0
    ],
    "4": [
        41.21399699981936,
        0
    ],
    "5": [
        31.93393774060349,
        0
    ],
    "6": [
        76.95581028034223,
        0
    ],
    "7": [
        30.529469634065503,
        0
    ],
    "8": [
        38.096532890392744,
        0
    ],
    "9": [
        44.47986023171698,
        0
    ],
    "10": [
        74.30331972008139,
        0
    ],
    "11": [
        54.96112094249253,
        0
    ],
    "12": [
        40.29974812462479,
        0
    ],
    "13": [
        61.66462562350265,
        0
    ],
    "14": [
        52.68625271574178,
        0
    ]
}