{
    "0": [
        38.41861921865705,
        0
    ],
    "1": [
        51.592101873151975,
        0
    ],
    "2": [
        44.14669693300551,
        0
    ],
    "3": [
        25.08045457254237,
        0
    ],
    "4": [
        48.81799800352521,
        0
    ],
    "5": [
        44.23427745824121,
        0
    ],
    "6": [
        42.60172523561033,
        0
    ],
    "7": [
        60.351369549945396,
        0
    ],
    "8": [
        52.99053889396835,
        0
    ],
    "9": [
        50.594880184078555,
        0
    ],
    "10": [
        31.560001624235852,
        0
    ],
    "11": [
        32.8031533664643,
        0
    ],
    "12": [
        39.24523760585214,
        0
    ],
    "13": [
        65.25992667476214,
        0
    ],
    "14": [
        38.508043962642645,
        0
    ]
}