{
    "0": [
        35.117821186580294,
        0
    ],
    "1": [
        71.16601866325604,
        0
    ],
    "2": [
        56.41779103318982,
        0
    ],
    "3": [
        27.02091641844737,
        0
    ],
    "4": [
        49.243669269644826,
        0
    ],
    "5": [
        39.72316763087687,
        0
    ],
    "6": [
        38.8100647691628,
        0
    ],
    "7": [
        46.675978429929145,
        0
    ],
    "8": [
        55.24925590983474,
        0
    ],
    "9": [
        39.478549922613624,
        0
    ],
    "10": [
        48.78021124712359,
        0
    ],
    "11": [
        39.25987894957251,
        0
    ],
    "12": [
        43.35166511386251,
        0
    ],
    "13": [
        35.64759662180818,
        0
    ],
    "14": [
        50.13961821546447,
        0
    ]
}