{
    "0": [
        38.58644210235926,
        0
    ],
    "1": [
        42.604212696903126,
        0
    ],
    "2": [
        59.771260988677604,
        0
    ],
    "3": [
        45.541453821090286,
        0
    ],
    "4": [
        35.63687120072303,
        0
    ],
    "5": [
        52.25159381785471,
        0
    ],
    "6": [
        39.679621602522346,
        0
    ],
    "7": [
        49.72711568155864,
        0
    ],
    "8": [
        54.70199565257745,
        0
    ],
    "9": [
        46.46321842883968,
        0
    ],
    "10": [
        44.324695211731594,
        0
    ],
    "11": [
        44.668231422810955,
        0
    ],
    "12": [
        42.74788965532606,
        0
    ],
    "13": [
        38.35051525473381,
        0
    ],
    "14": [
        72.83809427247057,
        0
    ]
}