{
    "0": [
        57.46004918003339,
        0
    ],
    "1": [
        48.20278574697391,
        0
    ],
    "2": [
        71.84136522046973,
        0
    ],
    "3": [
        49.733607833144696,
        0
    ],
    "4": [
        63.38272893998729,
        0
    ],
    "5": [
        54.86951390183409,
        0
    ],
    "6": [
        53.744459162851925,
        0
    ],
    "7": [
        40.960707832927355,
        0
    ],
    "8": [
        52.87742850736864,
        0
    ],
    "9": [
        50.56110579710437,
        0
    ],
    "10": [
        45.134961986617704,
        0
    ],
    "11": [
        26.06638098287371,
        0
    ],
    "12": [
        61.40984409796433,
        0
    ],
    "13": [
        31.59623881172475,
        0
    ],
    "14": [
        39.989030031703166,
        0
    ]
}