{
    "0": [
        51.4498114152643,
        0
    ],
    "1": [
        38.53114318057343,
        0
    ],
    "2": [
        56.55216923038598,
        0
    ],
    "3": [
        44.72937250218446,
        0
    ],
    "4": [
        35.992057520747366,
        0
    ],
    "5": [
        37.26821529806489,
        0
    ],
    "6": [
        34.818842259361624,
        0
    ],
    "7": [
        31.023282376821726,
        0
    ],
    "8": [
        40.92338491341642,
        0
    ],
    "9": [
        64.14374256350459,
        0
    ],
    "10": [
        55.67017463748705,
        0
    ],
    "11": [
        70.01590877372946,
        0
    ],
    "12": [
        45.1165342609488,
        0
    ],
    "13": [
        35.80127564849753,
        0
    ],
    "14": [
        52.04747019592966,
        0
    ]
}