{
    "0": [
        32.0208541031176,
        0
    ],
    "1": [
        35.38048088197535,
        0
    ],
    "2": [
        46.97818817636254,
        0
    ],
    "3": [
        27.070236895406854,
        0
    ],
    "4": [
        64.21791101677216,
        0
    ],
    "5": [
        19.814995160526767,
        0
    ],
    "6": [
        25.990169310593853,
        0
    ],
    "7": [
        37.59364648137335,
        0
    ],
    "8": [
        35.44895265747497,
        0
    ],
    "9": [
        49.521374151931056,
        0
    ],
    "10": [
        66.8552001030191,
        0
    ],
    "11": [
        51.098728500768615,
        0
    ],
    "12": [
        37.52286149259202,
        0
    ],
    "13": [
        56.070335253426606,
        0
    ],
    "14": [
        47.20991239968417,
        0
    ]
}