{
    "0": [
        38.258434763162455,
        0
    ],
    "1": [
        47.0051715245409,
        0
    ],
    "2": [
        39.20658137352561,
        0
    ],
    "3": [
        48.66533272010766,
        0
    ],
    "4": [
        36.03085421940999,
        0
    ],
    "5": [
        28.74783664367331,
        0
    ],
    "6": [
        39.16658130359894,
        0
    ],
    "7": [
        30.3585252222865,
        0
    ],
    "8": [
        38.818137437307186,
        0
    ],
    "9": [
        41.39695731517888,
        0
    ],
    "10": [
        54.04889271622782,
        0
    ],
    "11": [
        54.056570803866734,
        0
    ],
    "12": [
        41.27123891363908,
        0
    ],
    "13": [
        36.11137336455694,
        0
    ],
    "14": [
        54.342460198336546,
        0
    ]
}