{
    "0": [
        52.94092543970792,
        0
    ],
    "1": [
        46.79897897049397,
        0
    ],
    "2": [
        33.21960739001068,
        0
    ],
    "3": [
        58.02646644572425,
        0
    ],
    "4": [
        39.238203588381026,
        0
    ],
    "5": [
        59.63904138525741,
        0
    ],
    "6": [
        32.32762225296196,
        0
    ],
    "7": [
        37.59505586456869,
        0
    ],
    "8": [
        50.98599539966399,
        0
    ],
    "9": [
        52.39572247602765,
        0
    ],
    "10": [
        45.0100174530382,
        0
    ],
    "11": [
        35.036768916715474,
        0
    ],
    "12": [
        33.49290759927387,
        0
    ],
    "13": [
        38.44203426097977,
        0
    ],
    "14": [
        52.92035738743581,
        0
    ]
}