{
    "0": [
        47.048866109705436,
        0
    ],
    "1": [
        56.67799088006967,
        0
    ],
    "2": [
        40.2027174301548,
        0
    ],
    "3": [
        40.017634763142944,
        0
    ],
    "4": [
        42.063521926383025,
        0
    ],
    "5": [
        46.852049961781894,
        0
    ],
    "6": [
        38.9408357833911,
        0
    ],
    "7": [
        46.57765339710927,
        0
    ],
    "8": [
        65.68464051125395,
        0
    ],
    "9": [
        50.00064515046097,
        0
    ],
    "10": [
        41.377320916170575,
        0
    ],
    "11": [
        37.64352480339146,
        0
    ],
    "12": [
        58.21369137268782,
        0
    ],
    "13": [
        55.44010465961712,
        0
    ],
    "14": [
        73.13720821689492,
        0
    ]
}