{
    "0": [
        32.9771981166367,
        0
    ],
    "1": [
        31.501329174033195,
        0
    ],
    "2": [
        53.48873630443594,
        0
    ],
    "3": [
        27.2926032741459,
        0
    ],
    "4": [
        33.77724730871686,
        0
    ],
    "5": [
        34.33242527882399,
        0
    ],
    "6": [
        46.03949321245787,
        0
    ],
    "7": [
        70.47087204815257,
        0
    ],
    "8": [
        40.152370158460855,
        0
    ],
    "9": [
        30.677197369259954,
        0
    ],
    "10": [
        52.83554584059257,
        0
    ],
    "11": [
        52.789083954457396,
        0
    ],
    "12": [
        44.46199875599153,
        0
    ],
    "13": [
        55.66249703040715,
        0
    ],
    "14": [
        49.268142053445935,
        0
    ]
}