{
    "0": [
        36.22250604467016,
        0
    ],
    "1": [
        43.00726256040833,
        0
    ],
    "2": [
        49.50531277667766,
        0
    ],
    "3": [
        61.55700379619657,
        0
    ],
    "4": [
        47.459404589530685,
        0
    ],
    "5": [
        40.697356890959256,
        0
    ],
    "6": [
        49.72513312894951,
        0
    ],
    "7": [
        31.232717463987974,
        0
    ],
    "8": [
        51.22361166480999,
        0
    ],
    "9": [
        37.79001838074245,
        0
    ],
    "10": [
        46.96429682568064,
        0
    ],
    "11": [
        61.47262941213452,
        0
    ],
    "12": [
        31.651421328304338,
        0
    ],
    "13": [
        64.37334910012424,
        0
    ],
    "14": [
        29.798843722039532,
        0
    ]
}