{
    "0": [
        37.887605728640054,
        0
    ],
    "1": [
        24.651416457945057,
        0
    ],
    "2": [
        60.43936511328491,
        0
    ],
    "3": [
        47.880650499540565,
        0
    ],
    "4": [
        56.45615805460326,
        0
    ],
    "5": [
        35.26043473160419,
        0
    ],
    "6": [
        60.03834670565961,
        0
    ],
    "7": [
        38.31147039834174,
        0
    ],
    "8": [
        42.48911244120171,
        0
    ],
    "9": [
        67.33715999461108,
        0
    ],
    "10": [
        44.9829977584871,
        0
    ],
    "11": [
        51.79452376035815,
        0
    ],
    "12": [
        48.4115993911782,
        0
    ],
    "13": [
        39.4647847642355,
        0
    ],
    "14": [
        49.61143346562579,
        0
    ]
}