{
    "0": [
        42.13943325844115,
        0
    ],
    "1": [
        35.51330446439689,
        0
    ],
    "2": [
        49.77747436568903,
        0
    ],
    "3": [
        36.2023764519378,
        0
    ],
    "4": [
        36.72065157381811,
        0
    ],
    "5": [
        41.11753990010193,
        0
    ],
    "6": [
        40.24752544195069,
        0
    ],
    "7": [
        45.33516203328635,
        0
    ],
    "8": [
        42.57569232239859,
        0
    ],
    "9": [
        37.47134895702328,
        0
    ],
    "10": [
        43.193195071556126,
        0
    ],
    "11": [
        53.15351104996256,
        0
    ],
    "12": [
        44.62685835318781,
        0
    ],
    "13": [
        69.90176831622053,
        0
    ],
    "14": [
        37.204291140070524,
        0
    ]
}