{
    "0": [
        51.223415814508876,
        0
    ],
    "1": [
        47.82207624098093,
        0
    ],
    "2": [
        31.9247601967087,
        0
    ],
    "3": [
        47.21022024562537,
        0
    ],
    "4": [
        43.83841490536849,
        0
    ],
    "5": [
        49.20355391044656,
        0
    ],
    "6": [
        44.1633554806173,
        0
    ],
    "7": [
        24.414754411701374,
        0
    ],
    "8": [
        54.63725637535356,
        0
    ],
    "9": [
        46.201856142015174,
        0
    ],
    "10": [
        56.49165637445304,
        0
    ],
    "11": [
        45.55865354617018,
        0
    ],
    "12": [
        52.34149087976616,
        0
    ],
    "13": [
        41.07688576269307,
        0
    ],
    "14": [
        51.947965127859355,
        0
    ]
}