{
    "0": [
        34.483116342497155,
        0
    ],
    "1": [
        37.71554280710161,
        0
    ],
    "2": [
        55.42340620865459,
        0
    ],
    "3": [
        43.05476838798249,
        0
    ],
    "4": [
        55.036098946049826,
        0
    ],
    "5": [
        38.63413744015958,
        0
    ],
    "6": [
        43.488493692805754,
        0
    ],
    "7": [
        50.78018022286126,
        0
    ],
    "8": [
        68.90790518254664,
        0
    ],
    "9": [
        25.279956739610256,
        0
    ],
    "10": [
        41.134321981844145,
        0
    ],
    "11": [
        44.355715538601665,
        0
    ],
    "12": [
        56.914769692860155,
        0
    ],
    "13": [
        59.64578907519191,
        0
    ],
    "14": [
        53.28223775581526,
        0
    ]
}