{
    "0": [
        63.36102428183113,
        0
    ],
    "1": [
        38.42833150556371,
        0
    ],
    "2": [
        65.759440302484,
        0
    ],
    "3": [
        49.45771143580467,
        0
    ],
    "4": [
        36.352900974143196,
        0
    ],
    "5": [
        40.03585611804497,
        0
    ],
    "6": [
        61.94755673599314,
        0
    ],
    "7": [
        50.68815870519234,
        0
    ],
    "8": [
        64.83011392629952,
        0
    ],
    "9": [
        53.42660865285789,
        0
    ],
    "10": [
        52.950530845583664,
        0
    ],
    "11": [
        60.39187654099031,
        0
    ],
    "12": [
        34.69714066066142,
        0
    ],
    "13": [
        41.50711563551049,
        0
    ],
    "14": [
        34.13331174043053,
        0
    ]
}