{
    "0": [
        38.107021055893576,
        0
    ],
    "1": [
        57.24496163673985,
        0
    ],
    "2": [
        51.31172868483974,
        0
    ],
    "3": [
        54.673036039680674,
        0
    ],
    "4": [
        40.27110817682302,
        0
    ],
    "5": [
        53.65034658282242,
        0
    ],
    "6": [
        37.01411156806816,
        0
    ],
    "7": [
        65.69764367892475,
        0
    ],
    "8": [
        63.73066048942552,
        0
    ],
    "9": [
        47.884078768677554,
        0
    ],
    "10": [
        34.85584478356434,
        0
    ],
    "11": [
        34.82493799827413,
        0
    ],
    "12": [
        46.24911156362903,
        0
    ],
    "13": [
        29.722584875416363,
        0
    ],
    "14": [
        41.74864621354192,
        0
    ]
}