{
    "0": [
        43.08599729142525,
        0
    ],
    "1": [
        39.50527504537351,
        0
    ],
    "2": [
        51.28309852584645,
        0
    ],
    "3": [
        32.80466381764043,
        0
    ],
    "4": [
        51.157625177713044,
        0
    ],
    "5": [
        68.48252422502239,
        0
    ],
    "6": [
        57.55048207288107,
        0
    ],
    "7": [
        32.22443972812591,
        0
    ],
    "8": [
        47.242499153187325,
        0
    ],
    "9": [
        45.202891911359565,
        0
    ],
    "10": [
        53.540497148741814,
        0
    ],
    "11": [
        36.33230222851804,
        0
    ],
    "12": [
        30.759718030672442,
        0
    ],
    "13": [
        58.40840930169885,
        0
    ],
    "14": [
        38.067183976744104,
        0
    ]
}