{
    "0": [
        32.49226680557864,
        0
    ],
    "1": [
        61.15688027598711,
        0
    ],
    "2": [
        49.44562587601214,
        0
    ],
    "3": [
        52.05051874419688,
        0
    ],
    "4": [
        67.45461882446226,
        0
    ],
    "5": [
        25.030263493341835,
        0
    ],
    "6": [
        41.65873011750878,
        0
    ],
    "7": [
        34.599637501673655,
        0
    ],
    "8": [
        61.05676126754746,
        0
    ],
    "9": [
        31.339360871583402,
        0
    ],
    "10": [
        40.67223766105806,
        0
    ],
    "11": [
        41.03200050312155,
        0
    ],
    "12": [
        56.81440133018558,
        0
    ],
    "13": [
        33.62619271453209,
        0
    ],
    "14": [
        34.67267337573681,
        0
    ]
}