{
    "0": [
        40.63296027581421,
        0
    ],
    "1": [
        40.671253408066526,
        0
    ],
    "2": [
        35.67536769912073,
        0
    ],
    "3": [
        56.07229306130732,
        0
    ],
    "4": [
        55.38659652757484,
        0
    ],
    "5": [
        46.280803276674106,
        0
    ],
    "6": [
        43.7452310148606,
        0
    ],
    "7": [
        36.70061333818604,
        0
    ],
    "8": [
        40.77911421861838,
        0
    ],
    "9": [
        54.95079219772348,
        0
    ],
    "10": [
        59.63396073525642,
        0
    ],
    "11": [
        32.198871335167766,
        0
    ],
    "12": [
        52.542163159507844,
        0
    ],
    "13": [
        38.68906662747815,
        0
    ],
    "14": [
        23.145406770567778,
        0
    ]
}