{
    "0": [
        47.48551903231583,
        0
    ],
    "1": [
        48.636319029373205,
        0
    ],
    "2": [
        54.529103499393706,
        0
    ],
    "3": [
        28.89278323612129,
        0
    ],
    "4": [
        42.29847246639026,
        0
    ],
    "5": [
        45.032221687401794,
        0
    ],
    "6": [
        30.121174515640643,
        0
    ],
    "7": [
        27.872224860168597,
        0
    ],
    "8": [
        55.56122245785355,
        0
    ],
    "9": [
        66.07173352577777,
        0
    ],
    "10": [
        68.09420482774337,
        0
    ],
    "11": [
        70.36762994314682,
        0
    ],
    "12": [
        25.606260618732193,
        0
    ],
    "13": [
        28.768064849482812,
        0
    ],
    "14": [
        44.5824166319034,
        0
    ]
}