{
    "0": [
        47.17891346935809,
        0
    ],
    "1": [
        55.981409472051055,
        0
    ],
    "2": [
        40.88472442489862,
        0
    ],
    "3": [
        25.035808087268016,
        0
    ],
    "4": [
        40.948383924538405,
        0
    ],
    "5": [
        32.73594547054612,
        0
    ],
    "6": [
        30.030617266600295,
        0
    ],
    "7": [
        61.60952171982987,
        0
    ],
    "8": [
        47.739115567903035,
        0
    ],
    "9": [
        41.043036839769385,
        0
    ],
    "10": [
        58.92006232054775,
        0
    ],
    "11": [
        61.952196406422644,
        0
    ],
    "12": [
        47.56636456373943,
        0
    ],
    "13": [
        35.04189028125451,
        0
    ],
    "14": [
        44.143651323798316,
        0
    ]
}