{
    "0": [
        47.419195320857995,
        0
    ],
    "1": [
        44.14445093865053,
        0
    ],
    "2": [
        50.585680511410125,
        0
    ],
    "3": [
        47.53479045298813,
        0
    ],
    "4": [
        62.333564923285536,
        0
    ],
    "5": [
        29.97536562793517,
        0
    ],
    "6": [
        34.1672166862303,
        0
    ],
    "7": [
        51.520643706796875,
        0
    ],
    "8": [
        45.56131411087498,
        0
    ],
    "9": [
        45.51588306951594,
        0
    ],
    "10": [
        29.492147225309193,
        0
    ],
    "11": [
        45.71264609715634,
        0
    ],
    "12": [
        74.17667477691448,
        0
    ],
    "13": [
        40.22678553655173,
        0
    ],
    "14": [
        23.149685888566054,
        0
    ]
}