{
    "0": [
        47.423802075070704,
        0
    ],
    "1": [
        35.030566989133106,
        0
    ],
    "2": [
        35.611185172695954,
        0
    ],
    "3": [
        62.3865852870822,
        0
    ],
    "4": [
        49.74796131195539,
        0
    ],
    "5": [
        31.660622393226042,
        0
    ],
    "6": [
        46.71963033842943,
        0
    ],
    "7": [
        36.85324714423932,
        0
    ],
    "8": [
        51.43799567223095,
        0
    ],
    "9": [
        40.51147670375941,
        0
    ],
    "10": [
        63.418572101853734,
        0
    ],
    "11": [
        49.378288436412234,
        0
    ],
    "12": [
        45.04942898490145,
        0
    ],
    "13": [
        41.98545594834827,
        0
    ],
    "14": [
        38.176688364228745,
        0
    ]
}