{
    "0": [
        50.13131117307265,
        0
    ],
    "1": [
        36.72013350830386,
        0
    ],
    "2": [
        38.169968643423154,
        0
    ],
    "3": [
        54.3067906959123,
        0
    ],
    "4": [
        64.55012509393111,
        0
    ],
    "5": [
        49.45952472831452,
        0
    ],
    "6": [
        51.62822557801662,
        0
    ],
    "7": [
        47.4033639670418,
        0
    ],
    "8": [
        30.221075107051426,
        0
    ],
    "9": [
        49.47751768974595,
        0
    ],
    "10": [
        46.78920938747343,
        0
    ],
    "11": [
        48.035416802396796,
        0
    ],
    "12": [
        40.28007861537097,
        0
    ],
    "13": [
        25.770845411866052,
        0
    ],
    "14": [
        46.152993006131815,
        0
    ]
}