{
    "0": [
        47.64364905117694,
        0
    ],
    "1": [
        51.44558030489749,
        0
    ],
    "2": [
        52.38715504859521,
        0
    ],
    "3": [
        61.66907468477486,
        0
    ],
    "4": [
        38.68277821964116,
        0
    ],
    "5": [
        72.6745561743076,
        0
    ],
    "6": [
        29.58432578390025,
        0
    ],
    "7": [
        40.0447700900317,
        0
    ],
    "8": [
        52.45070080269638,
        0
    ],
    "9": [
        47.03481911928915,
        0
    ],
    "10": [
        49.65039643964193,
        0
    ],
    "11": [
        23.601914918032765,
        0
    ],
    "12": [
        63.98507782151018,
        0
    ],
    "13": [
        23.453200914506763,
        0
    ],
    "14": [
        37.64026714373468,
        0
    ]
}