{
    "0": [
        47.94661879925175,
        0
    ],
    "1": [
        35.95703017570993,
        0
    ],
    "2": [
        68.32973860547015,
        0
    ],
    "3": [
        41.45349089875036,
        0
    ],
    "4": [
        28.96061278316211,
        0
    ],
    "5": [
        29.097864004226594,
        0
    ],
    "6": [
        35.9103698871868,
        0
    ],
    "7": [
        38.208445353568266,
        0
    ],
    "8": [
        40.73909576440222,
        0
    ],
    "9": [
        48.851875156968724,
        0
    ],
    "10": [
        62.359569829854294,
        0
    ],
    "11": [
        43.40633399295106,
        0
    ],
    "12": [
        45.57350998726562,
        0
    ],
    "13": [
        37.43461624204579,
        0
    ],
    "14": [
        55.59895928028397,
        0
    ]
}