{
    "0": [
        23.105175115553607,
        0
    ],
    "1": [
        60.99229862401644,
        0
    ],
    "2": [
        52.00595328940371,
        0
    ],
    "3": [
        54.80098557264259,
        0
    ],
    "4": [
        60.54337179422946,
        0
    ],
    "5": [
        32.79604435490354,
        0
    ],
    "6": [
        30.57304766048013,
        0
    ],
    "7": [
        32.03407962011919,
        0
    ],
    "8": [
        61.56112416770527,
        0
    ],
    "9": [
        55.34191873637952,
        0
    ],
    "10": [
        52.25333000648832,
        0
    ],
    "11": [
        48.95190027037559,
        0
    ],
    "12": [
        44.288445693541206,
        0
    ],
    "13": [
        65.20493455656873,
        0
    ],
    "14": [
        47.12171374058424,
        0
    ]
}