{
    "0": [
        43.6466463603642,
        0
    ],
    "1": [
        53.28674504039964,
        0
    ],
    "2": [
        51.903132125153824,
        0
    ],
    "3": [
        36.23828900357929,
        0
    ],
    "4": [
        54.76265508944069,
        0
    ],
    "5": [
        45.66605802673418,
        0
    ],
    "6": [
        33.38537355112315,
        0
    ],
    "7": [
        45.15437562275462,
        0
    ],
    "8": [
        59.231810910571475,
        0
    ],
    "9": [
        41.32684198171439,
        0
    ],
    "10": [
        39.64250858879804,
        0
    ],
    "11": [
        32.60907317738983,
        0
    ],
    "12": [
        54.89297566222867,
        0
    ],
    "13": [
        29.175354029538763,
        0
    ],
    "14": [
        37.506063702905834,
        0
    ]
}