{
    "0": [
        39.51775920856849,
        0
    ],
    "1": [
        54.557812854568375,
        0
    ],
    "2": [
        40.281886679976296,
        0
    ],
    "3": [
        38.86253113041931,
        0
    ],
    "4": [
        53.50123366780861,
        0
    ],
    "5": [
        47.50956042676088,
        0
    ],
    "6": [
        67.15331563595801,
        0
    ],
    "7": [
        31.15411434061307,
        0
    ],
    "8": [
        47.731294183663394,
        0
    ],
    "9": [
        47.05122947491681,
        0
    ],
    "10": [
        55.168410200079656,
        0
    ],
    "11": [
        45.240522478414555,
        0
    ],
    "12": [
        40.67368849720956,
        0
    ],
    "13": [
        56.812356154825345,
        0
    ],
    "14": [
        56.166325212462255,
        0
    ]
}