{
    "0": [
        26.638995487607197,
        0
    ],
    "1": [
        41.27655321613765,
        0
    ],
    "2": [
        54.136724719854854,
        0
    ],
    "3": [
        32.864620595844,
        0
    ],
    "4": [
        48.204795373577745,
        0
    ],
    "5": [
        44.35471572822581,
        0
    ],
    "6": [
        44.75847296350489,
        0
    ],
    "7": [
        45.87017118603219,
        0
    ],
    "8": [
        56.19906587470123,
        0
    ],
    "9": [
        46.59612248283486,
        0
    ],
    "10": [
        56.484684997425205,
        0
    ],
    "11": [
        46.37421775599764,
        0
    ],
    "12": [
        48.61548821419839,
        0
    ],
    "13": [
        52.11872630915565,
        0
    ],
    "14": [
        32.51774201688451,
        0
    ]
}