{
    "0": [
        54.61540398095185,
        0
    ],
    "1": [
        36.09045793394375,
        0
    ],
    "2": [
        31.276770711967536,
        0
    ],
    "3": [
        27.217576790590726,
        0
    ],
    "4": [
        40.47789102160708,
        0
    ],
    "5": [
        47.36444571655993,
        0
    ],
    "6": [
        46.84306356703536,
        0
    ],
    "7": [
        67.85256204167386,
        0
    ],
    "8": [
        49.29924756234371,
        0
    ],
    "9": [
        69.16020484612906,
        0
    ],
    "10": [
        42.16095881239782,
        0
    ],
    "11": [
        22.620225086562215,
        0
    ],
    "12": [
        35.60787223710525,
        0
    ],
    "13": [
        36.630540345313534,
        0
    ],
    "14": [
        58.77087716579375,
        0
    ]
}