{
    "0": [
        40.946176418353346,
        0
    ],
    "1": [
        58.47039278657548,
        0
    ],
    "2": [
        33.26205291228677,
        0
    ],
    "3": [
        32.59146943510809,
        0
    ],
    "4": [
        49.52936284618743,
        0
    ],
    "5": [
        62.572617235362905,
        0
    ],
    "6": [
        40.11778519223607,
        0
    ],
    "7": [
        34.21219886805702,
        0
    ],
    "8": [
        35.2235805505183,
        0
    ],
    "9": [
        63.41743923814715,
        0
    ],
    "10": [
        63.00338311799675,
        0
    ],
    "11": [
        36.87021461418537,
        0
    ],
    "12": [
        29.29794769291643,
        0
    ],
    "13": [
        37.08641366318608,
        0
    ],
    "14": [
        47.502037256116594,
        0
    ]
}