{
    "0": [
        57.67692689417082,
        0
    ],
    "1": [
        43.7870769270926,
        0
    ],
    "2": [
        44.990013451164195,
        0
    ],
    "3": [
        33.63580266051273,
        0
    ],
    "4": [
        27.974348097181842,
        0
    ],
    "5": [
        41.857276238831695,
        0
    ],
    "6": [
        17.934905470781437,
        0
    ],
    "7": [
        62.98863381753141,
        0
    ],
    "8": [
        64.70275548387589,
        0
    ],
    "9": [
        40.85150110488169,
        0
    ],
    "10": [
        42.35509686702724,
        0
    ],
    "11": [
        35.53213687319528,
        0
    ],
    "12": [
        42.83225330238413,
        0
    ],
    "13": [
        60.87554515080644,
        0
    ],
    "14": [
        51.58155631682996,
        0
    ]
}