{
    "0": [
        0.0402640133764158,
        16025
    ],
    "1": [
        0.07236400527188976,
        18717
    ],
    "2": [
        0.05690554716235442,
        18905
    ],
    "3": [
        0.05273038073134117,
        17623
    ],
    "4": [
        0.06432381660277439,
        17667
    ],
    "5": [
        0.07732662424685395,
        18488
    ],
    "6": [
        0.05820904857943998,
        18726
    ],
    "7": [
        0.06463378423655683,
        18875
    ],
    "8": [
        0.07058347183310337,
        20265
    ],
    "9": [
        0.05463867536519071,
        16652
    ],
    "10": [
        0.05505346497335051,
        17537
    ],
    "11": [
        0.06382479552577625,
        17601
    ],
    "12": [
        0.06908738686798832,
        18835
    ],
    "13": [
        0.11044937808465286,
        20468
    ],
    "14": [
        0.08960560714231164,
        20768
    ]
}