{
    "0": [
        0.06974600316777448,
        17569
    ],
    "1": [
        0.08195138967685786,
        18922
    ],
    "2": [
        0.0486836700724324,
        17508
    ],
    "3": [
        0.058835578290216864,
        17538
    ],
    "4": [
        0.05377097289868549,
        17440
    ],
    "5": [
        0.09165921512982914,
        19206
    ],
    "6": [
        0.09519438180546588,
        17875
    ],
    "7": [
        0.05679121851925504,
        17768
    ],
    "8": [
        0.08579803143935871,
        18493
    ],
    "9": [
        0.05404201990108335,
        17072
    ],
    "10": [
        0.04579743787369494,
        16878
    ],
    "11": [
        0.06671465463835526,
        18374
    ],
    "12": [
        0.05591506054754507,
        16465
    ],
    "13": [
        0.05646527410268748,
        17479
    ],
    "14": [
        0.07863509193675806,
        18325
    ]
}