{
    "0": [
        0.07261007617613394,
        21423
    ],
    "1": [
        0.07562325428306768,
        19132
    ],
    "2": [
        0.05760003663117223,
        19180
    ],
    "3": [
        0.04480488677777385,
        17579
    ],
    "4": [
        0.05791847410361682,
        17903
    ],
    "5": [
        0.06882569624211914,
        20589
    ],
    "6": [
        0.11472792124020197,
        22827
    ],
    "7": [
        0.07288742006696161,
        20059
    ],
    "8": [
        0.0589215677490378,
        19970
    ],
    "9": [
        0.05580032547721752,
        19097
    ],
    "10": [
        0.048023779121407636,
        17989
    ],
    "11": [
        0.059777425205379715,
        19723
    ],
    "12": [
        0.06684739572849256,
        19931
    ],
    "13": [
        0.05938214007549362,
        20056
    ],
    "14": [
        0.08624960112192404,
        21092
    ]
}