{
    "0": [
        0.06633299592894014,
        19114
    ],
    "1": [
        0.06110876950078886,
        18596
    ],
    "2": [
        0.06723372286591689,
        18932
    ],
    "3": [
        0.07039231638959412,
        18035
    ],
    "4": [
        0.09372246355504202,
        20351
    ],
    "5": [
        0.08404634891515274,
        18089
    ],
    "6": [
        0.062131737007226726,
        18787
    ],
    "7": [
        0.044670836196742614,
        16985
    ],
    "8": [
        0.07013326774399914,
        18360
    ],
    "9": [
        0.059105447872979125,
        17524
    ],
    "10": [
        0.08752326143989708,
        20629
    ],
    "11": [
        0.06121224088580077,
        19173
    ],
    "12": [
        0.042989038072473264,
        17459
    ],
    "13": [
        0.07264993168821914,
        18759
    ],
    "14": [
        0.05674762193722726,
        18310
    ]
}