{
    "0": [
        0.05354714413846239,
        17870
    ],
    "1": [
        0.06161603688813845,
        18126
    ],
    "2": [
        0.054297932350773716,
        18175
    ],
    "3": [
        0.08126697305440532,
        18531
    ],
    "4": [
        0.049059141266408014,
        17591
    ],
    "5": [
        0.09242995557162205,
        20255
    ],
    "6": [
        0.04963423885815402,
        17454
    ],
    "7": [
        0.07809318263961489,
        17243
    ],
    "8": [
        0.06294477295654807,
        18198
    ],
    "9": [
        0.08738833431506991,
        20275
    ],
    "10": [
        0.058124667043663696,
        19004
    ],
    "11": [
        0.06767949907541868,
        18761
    ],
    "12": [
        0.06877363961359477,
        17352
    ],
    "13": [
        0.06929063767551853,
        18066
    ],
    "14": [
        0.06585384455260737,
        17971
    ]
}