{
    "0": [
        0.0571749630744111,
        18255
    ],
    "1": [
        0.07460157563879175,
        19360
    ],
    "2": [
        0.08974515065031827,
        18931
    ],
    "3": [
        0.05682751868214356,
        18423
    ],
    "4": [
        0.0577424575948029,
        16867
    ],
    "5": [
        0.050259371184327654,
        16383
    ],
    "6": [
        0.09187484288576128,
        20551
    ],
    "7": [
        0.04942267998605108,
        16449
    ],
    "8": [
        0.06291853603862291,
        18615
    ],
    "9": [
        0.08363814225597822,
        20362
    ],
    "10": [
        0.06043115242334239,
        18550
    ],
    "11": [
        0.07183960937797149,
        19866
    ],
    "12": [
        0.07260239846032214,
        19885
    ],
    "13": [
        0.056053323626071405,
        19317
    ],
    "14": [
        0.06486827812108392,
        19193
    ]
}