{
    "0": [
        0.05776427226185249,
        17910
    ],
    "1": [
        0.05814791216265541,
        17857
    ],
    "2": [
        0.05369074581611321,
        17562
    ],
    "3": [
        0.0604238314495262,
        17165
    ],
    "4": [
        0.07174617557179631,
        18338
    ],
    "5": [
        0.0587421570621397,
        17394
    ],
    "6": [
        0.06586424620279735,
        17607
    ],
    "7": [
        0.0742150325112046,
        17790
    ],
    "8": [
        0.06341287846427407,
        16167
    ],
    "9": [
        0.08164845116158624,
        18376
    ],
    "10": [
        0.051411007894162544,
        17771
    ],
    "11": [
        0.06556130719082069,
        17847
    ],
    "12": [
        0.07434346075347749,
        16368
    ],
    "13": [
        0.07779504899639189,
        19633
    ],
    "14": [
        0.0852334725012017,
        19358
    ]
}