{
    "0": [
        0.05282143013783044,
        17359
    ],
    "1": [
        0.053209478053368425,
        17277
    ],
    "2": [
        0.049667825771134363,
        16615
    ],
    "3": [
        0.058611392883658846,
        17147
    ],
    "4": [
        0.06785889602307624,
        18191
    ],
    "5": [
        0.07574368361716756,
        18755
    ],
    "6": [
        0.07514477466587613,
        18556
    ],
    "7": [
        0.06503220366508493,
        18820
    ],
    "8": [
        0.05470664220093968,
        18518
    ],
    "9": [
        0.09066756423694279,
        19736
    ],
    "10": [
        0.09006116478393243,
        19273
    ],
    "11": [
        0.05503874438704926,
        16303
    ],
    "12": [
        0.09225814219573543,
        17235
    ],
    "13": [
        0.06212255293425481,
        17364
    ],
    "14": [
        0.05705550444394868,
        16889
    ]
}