{
    "0": [
        0.05775714139386548,
        15554
    ],
    "1": [
        0.04397054715364142,
        16701
    ],
    "2": [
        0.04767753114449296,
        16772
    ],
    "3": [
        0.06734590999570769,
        17722
    ],
    "4": [
        0.05297926317356424,
        16095
    ],
    "5": [
        0.06846353634100598,
        18089
    ],
    "6": [
        0.060791845211703756,
        18217
    ],
    "7": [
        0.08321344378898514,
        18551
    ],
    "8": [
        0.05583715710342848,
        18641
    ],
    "9": [
        0.048353857643136294,
        16774
    ],
    "10": [
        0.11235560608204835,
        18613
    ],
    "11": [
        0.06593327415662613,
        17487
    ],
    "12": [
        0.09934248342643232,
        17915
    ],
    "13": [
        0.07558430584961641,
        17531
    ],
    "14": [
        0.06039409753574542,
        17384
    ]
}