{
    "0": [
        0.10742222783218816,
        18814
    ],
    "1": [
        0.04481836475426504,
        15959
    ],
    "2": [
        0.09299545661076124,
        19179
    ],
    "3": [
        0.07242771481870496,
        17645
    ],
    "4": [
        0.06602219337315228,
        18432
    ],
    "5": [
        0.059406413684520806,
        18388
    ],
    "6": [
        0.07461921319473269,
        19082
    ],
    "7": [
        0.05783316196042237,
        16239
    ],
    "8": [
        0.06305415606884823,
        17787
    ],
    "9": [
        0.061717400126500864,
        17062
    ],
    "10": [
        0.05675790266341352,
        17506
    ],
    "11": [
        0.04834163618293636,
        17055
    ],
    "12": [
        0.07799702542844666,
        18817
    ],
    "13": [
        0.05339327904344511,
        16311
    ],
    "14": [
        0.06319385425766172,
        18310
    ]
}