{
    "0": [
        0.062290404321452233,
        19556
    ],
    "1": [
        0.053705405628362575,
        18881
    ],
    "2": [
        0.07350984017639213,
        18619
    ],
    "3": [
        0.05836306516704445,
        18572
    ],
    "4": [
        0.07364610687443726,
        18988
    ],
    "5": [
        0.07133179686800402,
        20185
    ],
    "6": [
        0.07457375347429106,
        20456
    ],
    "7": [
        0.08228081447218628,
        20955
    ],
    "8": [
        0.07218402111377002,
        18375
    ],
    "9": [
        0.052505954053168095,
        18552
    ],
    "10": [
        0.06150050355796935,
        19186
    ],
    "11": [
        0.06125781646674787,
        19898
    ],
    "12": [
        0.08322442827660784,
        20107
    ],
    "13": [
        0.06399066284077438,
        19584
    ],
    "14": [
        0.055635426708792284,
        18545
    ]
}