{
    "0": [
        0.08024221003020181,
        20429
    ],
    "1": [
        0.08542584972598288,
        18258
    ],
    "2": [
        0.10094899999840895,
        20165
    ],
    "3": [
        0.07814882523775006,
        19405
    ],
    "4": [
        0.06183010478365483,
        17535
    ],
    "5": [
        0.052044200143035034,
        18287
    ],
    "6": [
        0.06321434601512575,
        20760
    ],
    "7": [
        0.06864788027159013,
        20556
    ],
    "8": [
        0.04841281404791757,
        17066
    ],
    "9": [
        0.07932187942815931,
        20440
    ],
    "10": [
        0.04156416649736052,
        16923
    ],
    "11": [
        0.048734799605509166,
        17439
    ],
    "12": [
        0.08401943297215692,
        20689
    ],
    "13": [
        0.058598074783447446,
        19168
    ],
    "14": [
        0.04884641645969971,
        18245
    ]
}