{
    "0": [
        0.04968125088222407,
        18253
    ],
    "1": [
        0.051344712459934605,
        17449
    ],
    "2": [
        0.0906328946060081,
        20809
    ],
    "3": [
        0.07569600259541656,
        19092
    ],
    "4": [
        0.0651875795595275,
        18027
    ],
    "5": [
        0.054422775614489084,
        18084
    ],
    "6": [
        0.07006376819507291,
        19229
    ],
    "7": [
        0.05981884604007389,
        18713
    ],
    "8": [
        0.06527334786573773,
        18358
    ],
    "9": [
        0.11082464025586791,
        19637
    ],
    "10": [
        0.046753894622129526,
        16840
    ],
    "11": [
        0.06475701824975644,
        18542
    ],
    "12": [
        0.06822565047495986,
        18385
    ],
    "13": [
        0.06375111438825719,
        17938
    ],
    "14": [
        0.06356650419054467,
        17572
    ]
}