{
    "0": [
        0.06384642894464344,
        18657
    ],
    "1": [
        0.09712907866701678,
        20617
    ],
    "2": [
        0.08626940427327391,
        17693
    ],
    "3": [
        0.06470829080496529,
        19061
    ],
    "4": [
        0.06305658778320895,
        17963
    ],
    "5": [
        0.05129070166006937,
        17393
    ],
    "6": [
        0.05760049818421148,
        19953
    ],
    "7": [
        0.0829902500301388,
        19908
    ],
    "8": [
        0.07370313365276547,
        19501
    ],
    "9": [
        0.060021344118280376,
        19145
    ],
    "10": [
        0.04555733556045058,
        17224
    ],
    "11": [
        0.0628446870782644,
        19692
    ],
    "12": [
        0.07964961498373073,
        19711
    ],
    "13": [
        0.04883934458769335,
        18109
    ],
    "14": [
        0.06249329967128707,
        18804
    ]
}