{
    "0": [
        0.044351459253690086,
        16569
    ],
    "1": [
        0.0664239779516597,
        18347
    ],
    "2": [
        0.07140122719089025,
        18332
    ],
    "3": [
        0.06958124988297906,
        18439
    ],
    "4": [
        0.07321553536662558,
        18516
    ],
    "5": [
        0.04380332329307552,
        16306
    ],
    "6": [
        0.08453185122035475,
        18759
    ],
    "7": [
        0.06775546319786516,
        18444
    ],
    "8": [
        0.0662911640627672,
        18389
    ],
    "9": [
        0.07355706280770198,
        18791
    ],
    "10": [
        0.07692610291205904,
        18214
    ],
    "11": [
        0.06673614826246722,
        18129
    ],
    "12": [
        0.07019518833844485,
        19039
    ],
    "13": [
        0.06261431192784198,
        18915
    ],
    "14": [
        0.0626159343315778,
        17995
    ]
}