{
    "0": [
        0.06660948063726636,
        18580
    ],
    "1": [
        0.10085643843907173,
        21899
    ],
    "2": [
        0.041297528739262956,
        16530
    ],
    "3": [
        0.054382814863648564,
        16456
    ],
    "4": [
        0.0886513877268619,
        21253
    ],
    "5": [
        0.06607296805732636,
        18617
    ],
    "6": [
        0.060719363999248314,
        20505
    ],
    "7": [
        0.07336783457914299,
        18905
    ],
    "8": [
        0.07171990216680417,
        20888
    ],
    "9": [
        0.06219171598775269,
        20422
    ],
    "10": [
        0.06417605437913296,
        20052
    ],
    "11": [
        0.07469288099872154,
        20747
    ],
    "12": [
        0.05136886944079715,
        18306
    ],
    "13": [
        0.06332001313707271,
        19240
    ],
    "14": [
        0.060572746847889734,
        18340
    ]
}