{
    "0": [
        0.057575527768170286,
        18811
    ],
    "1": [
        0.06934687948978786,
        19974
    ],
    "2": [
        0.0539043592313595,
        18663
    ],
    "3": [
        0.05319746010781765,
        18329
    ],
    "4": [
        0.06978899993006749,
        20937
    ],
    "5": [
        0.10049475693088897,
        21357
    ],
    "6": [
        0.0828945683545353,
        20884
    ],
    "7": [
        0.060594361673502864,
        19404
    ],
    "8": [
        0.0667303557936278,
        19828
    ],
    "9": [
        0.055067675484668156,
        17620
    ],
    "10": [
        0.05228088125039823,
        18315
    ],
    "11": [
        0.050929079040739386,
        18492
    ],
    "12": [
        0.06999165607520655,
        19100
    ],
    "13": [
        0.06957413499328088,
        18435
    ],
    "14": [
        0.08762930387594918,
        20426
    ]
}