{
    "0": [
        0.07108458384991771,
        20605
    ],
    "1": [
        0.05721924966658914,
        18147
    ],
    "2": [
        0.07032552805326524,
        21336
    ],
    "3": [
        0.09276788652852083,
        20483
    ],
    "4": [
        0.07945363791093339,
        21728
    ],
    "5": [
        0.060888831457650505,
        19048
    ],
    "6": [
        0.06313722828559011,
        19102
    ],
    "7": [
        0.06280507259001296,
        17914
    ],
    "8": [
        0.07302455614039322,
        20860
    ],
    "9": [
        0.06603216957090846,
        21189
    ],
    "10": [
        0.06421471553902729,
        17915
    ],
    "11": [
        0.050627079197468616,
        20162
    ],
    "12": [
        0.07005610586292023,
        21125
    ],
    "13": [
        0.05923910547312414,
        19938
    ],
    "14": [
        0.059124249873678,
        19187
    ]
}