{
    "0": [
        0.056704709959807184,
        17784
    ],
    "1": [
        0.07485925207466412,
        18558
    ],
    "2": [
        0.0722651471055972,
        19060
    ],
    "3": [
        0.06189458040368237,
        17787
    ],
    "4": [
        0.04986071113625913,
        17278
    ],
    "5": [
        0.11331675032056696,
        21429
    ],
    "6": [
        0.06781576305803347,
        18485
    ],
    "7": [
        0.0642193376147478,
        17140
    ],
    "8": [
        0.08237127645790755,
        19587
    ],
    "9": [
        0.06025207838145667,
        18828
    ],
    "10": [
        0.08198925993839615,
        19464
    ],
    "11": [
        0.05716503108260436,
        17951
    ],
    "12": [
        0.0492874861016855,
        17607
    ],
    "13": [
        0.04848025981201945,
        17980
    ],
    "14": [
        0.05951835655257205,
        17433
    ]
}