{
    "0": [
        0.06648847115364623,
        19630
    ],
    "1": [
        0.0574766062597428,
        18798
    ],
    "2": [
        0.10844606891350389,
        21266
    ],
    "3": [
        0.07248320178270497,
        19408
    ],
    "4": [
        0.06716493364824443,
        20316
    ],
    "5": [
        0.06307251768603456,
        18369
    ],
    "6": [
        0.06051230256837151,
        19673
    ],
    "7": [
        0.08713559038646919,
        21480
    ],
    "8": [
        0.06156501438053062,
        18629
    ],
    "9": [
        0.039544968289829695,
        17559
    ],
    "10": [
        0.08420155660097144,
        20694
    ],
    "11": [
        0.0641284137024192,
        17986
    ],
    "12": [
        0.06752389025387018,
        19866
    ],
    "13": [
        0.04408189865383521,
        16466
    ],
    "14": [
        0.05617456571982623,
        17702
    ]
}