{
    "0": [
        0.045086893748974184,
        17240
    ],
    "1": [
        0.056858406352306226,
        18072
    ],
    "2": [
        0.06226677768439568,
        18431
    ],
    "3": [
        0.0746399348218183,
        18283
    ],
    "4": [
        0.05019846613276615,
        18322
    ],
    "5": [
        0.08259550341752911,
        19827
    ],
    "6": [
        0.053213494804112804,
        17272
    ],
    "7": [
        0.0804286370870663,
        20198
    ],
    "8": [
        0.061971306384551464,
        19394
    ],
    "9": [
        0.06570190620861921,
        19663
    ],
    "10": [
        0.07428127799416054,
        20688
    ],
    "11": [
        0.0808404067180273,
        22210
    ],
    "12": [
        0.062386362636522544,
        19494
    ],
    "13": [
        0.049668665868638405,
        18341
    ],
    "14": [
        0.09986196014051194,
        22653
    ]
}