{
    "0": [
        0.08439722716141486,
        19133
    ],
    "1": [
        0.04611901247287924,
        16518
    ],
    "2": [
        0.08020111786711899,
        19763
    ],
    "3": [
        0.0624572051010011,
        19051
    ],
    "4": [
        0.03986384944549683,
        18072
    ],
    "5": [
        0.059407687733822906,
        17328
    ],
    "6": [
        0.0625959409750633,
        18830
    ],
    "7": [
        0.06086515788663425,
        19213
    ],
    "8": [
        0.08915762999579822,
        20841
    ],
    "9": [
        0.06852951556323926,
        20417
    ],
    "10": [
        0.07799975155070228,
        19808
    ],
    "11": [
        0.06936021705406202,
        18874
    ],
    "12": [
        0.04682070842352485,
        16869
    ],
    "13": [
        0.0702466535725148,
        19465
    ],
    "14": [
        0.08197832519672717,
        21732
    ]
}