{
    "0": [
        0.0545701672282372,
        16698
    ],
    "1": [
        0.06150963386995424,
        17298
    ],
    "2": [
        0.05015697416305764,
        16474
    ],
    "3": [
        0.08148229221882676,
        18738
    ],
    "4": [
        0.0514333911486725,
        16188
    ],
    "5": [
        0.05686520401599655,
        17359
    ],
    "6": [
        0.061545078556529555,
        19290
    ],
    "7": [
        0.07286022263999739,
        17956
    ],
    "8": [
        0.07700426162380168,
        17173
    ],
    "9": [
        0.08189515380326443,
        19752
    ],
    "10": [
        0.05053022402405711,
        16863
    ],
    "11": [
        0.07300938814199828,
        18624
    ],
    "12": [
        0.07081922460840769,
        19184
    ],
    "13": [
        0.07540261336948667,
        20561
    ],
    "14": [
        0.08091617058771221,
        18827
    ]
}