{
    "0": [
        0.10969199209388017,
        21194
    ],
    "1": [
        0.04313947453631129,
        16195
    ],
    "2": [
        0.06385800955917209,
        18208
    ],
    "3": [
        0.06380751029190136,
        17575
    ],
    "4": [
        0.06825582665332418,
        18215
    ],
    "5": [
        0.06923516749508032,
        18376
    ],
    "6": [
        0.1188489494959049,
        19755
    ],
    "7": [
        0.06206679068093594,
        18931
    ],
    "8": [
        0.06314088638058502,
        18667
    ],
    "9": [
        0.053271589940247326,
        17062
    ],
    "10": [
        0.05430230844868906,
        16976
    ],
    "11": [
        0.03998886405595053,
        16204
    ],
    "12": [
        0.049465140121790915,
        16411
    ],
    "13": [
        0.0898514384253371,
        20289
    ],
    "14": [
        0.05107605182088998,
        18203
    ]
}