{
    "0": [
        0.09464624616146258,
        20869
    ],
    "1": [
        0.08681875992423338,
        18531
    ],
    "2": [
        0.058592789116442334,
        19359
    ],
    "3": [
        0.057047510251218625,
        17935
    ],
    "4": [
        0.057067958676997835,
        19341
    ],
    "5": [
        0.05351321754242099,
        19183
    ],
    "6": [
        0.05849477078690306,
        19937
    ],
    "7": [
        0.07056167578198357,
        20040
    ],
    "8": [
        0.060193737978075985,
        19630
    ],
    "9": [
        0.07266656178855668,
        20958
    ],
    "10": [
        0.08507666873332433,
        20680
    ],
    "11": [
        0.06732206763598854,
        18737
    ],
    "12": [
        0.0501246705262203,
        18240
    ],
    "13": [
        0.06263702271489607,
        17463
    ],
    "14": [
        0.06523634238127571,
        18553
    ]
}