{
    "0": [
        0.05626414626026069,
        18379
    ],
    "1": [
        0.09107190306514776,
        20737
    ],
    "2": [
        0.06303101665457832,
        19300
    ],
    "3": [
        0.07939853537592698,
        21013
    ],
    "4": [
        0.04869416394706182,
        18911
    ],
    "5": [
        0.056007177542280566,
        18932
    ],
    "6": [
        0.060287877853529605,
        18432
    ],
    "7": [
        0.06646063993636539,
        18843
    ],
    "8": [
        0.060415262735160576,
        19375
    ],
    "9": [
        0.08132572851444661,
        20149
    ],
    "10": [
        0.05039091156992333,
        17271
    ],
    "11": [
        0.06675740066714568,
        18055
    ],
    "12": [
        0.07505599911583143,
        20137
    ],
    "13": [
        0.08165812593104889,
        18750
    ],
    "14": [
        0.06318111083129226,
        17207
    ]
}