{
    "0": [
        0.058435722799128856,
        19474
    ],
    "1": [
        0.0674262541598707,
        19448
    ],
    "2": [
        0.05190238018731372,
        18959
    ],
    "3": [
        0.07654910064522771,
        19959
    ],
    "4": [
        0.054116357151358575,
        17978
    ],
    "5": [
        0.049900953462237295,
        18310
    ],
    "6": [
        0.09013838546034357,
        19946
    ],
    "7": [
        0.08622725371632801,
        21030
    ],
    "8": [
        0.06179153291641808,
        17290
    ],
    "9": [
        0.11708401135494444,
        20419
    ],
    "10": [
        0.03715715141781324,
        16458
    ],
    "11": [
        0.08545952123499313,
        20040
    ],
    "12": [
        0.04350245655181427,
        17374
    ],
    "13": [
        0.05957087382781246,
        17331
    ],
    "14": [
        0.06073804511439594,
        18477
    ]
}