{
    "0": [
        0.0723491565460207,
        21536
    ],
    "1": [
        0.06243785382441852,
        18985
    ],
    "2": [
        0.07083848706585326,
        19385
    ],
    "3": [
        0.07060545706814043,
        20615
    ],
    "4": [
        0.06279368349318963,
        20624
    ],
    "5": [
        0.06427147688345858,
        20397
    ],
    "6": [
        0.06117715430181221,
        20320
    ],
    "7": [
        0.06797058249140736,
        20857
    ],
    "8": [
        0.07826607991334235,
        19981
    ],
    "9": [
        0.07302988608787586,
        19154
    ],
    "10": [
        0.06778408905895052,
        20881
    ],
    "11": [
        0.052727235608726296,
        19129
    ],
    "12": [
        0.08171827303611226,
        20649
    ],
    "13": [
        0.051664357958196024,
        20737
    ],
    "14": [
        0.06236622666249611,
        20936
    ]
}