{
    "0": [
        0.06487175141048675,
        18022
    ],
    "1": [
        0.08006959185861791,
        19395
    ],
    "2": [
        0.05616715343328388,
        18643
    ],
    "3": [
        0.0509346062694043,
        18065
    ],
    "4": [
        0.048779217656199095,
        17965
    ],
    "5": [
        0.0590278337253532,
        16665
    ],
    "6": [
        0.0897126065633494,
        19881
    ],
    "7": [
        0.07807235392179461,
        19587
    ],
    "8": [
        0.05741059459463004,
        17382
    ],
    "9": [
        0.09011540619073793,
        20694
    ],
    "10": [
        0.0585339088758874,
        17199
    ],
    "11": [
        0.047362054414160984,
        17657
    ],
    "12": [
        0.07265628062737901,
        18569
    ],
    "13": [
        0.08695922323200855,
        21707
    ],
    "14": [
        0.059327417226707105,
        18086
    ]
}