{
    "0": [
        0.05832116735572894,
        16108
    ],
    "1": [
        0.06556033345958748,
        16845
    ],
    "2": [
        0.07747756951537778,
        17601
    ],
    "3": [
        0.05158281280046873,
        17169
    ],
    "4": [
        0.04922507784007753,
        16376
    ],
    "5": [
        0.10000080950124562,
        18866
    ],
    "6": [
        0.09774703514364809,
        18363
    ],
    "7": [
        0.06131344244416488,
        16307
    ],
    "8": [
        0.08150489562612266,
        18111
    ],
    "9": [
        0.046373426332832236,
        16286
    ],
    "10": [
        0.0713979415124849,
        17390
    ],
    "11": [
        0.0651082618327832,
        17941
    ],
    "12": [
        0.05012365860828444,
        16244
    ],
    "13": [
        0.06495824746760896,
        17571
    ],
    "14": [
        0.05930532055958459,
        16870
    ]
}