{
    "0": [
        0.07126439691980307,
        20645
    ],
    "1": [
        0.07465080409299209,
        20981
    ],
    "2": [
        0.0537376005081686,
        19771
    ],
    "3": [
        0.053490541367558556,
        17546
    ],
    "4": [
        0.086236220885568,
        20899
    ],
    "5": [
        0.06620663042530311,
        19995
    ],
    "6": [
        0.07219632483335361,
        19575
    ],
    "7": [
        0.058575369294537376,
        18322
    ],
    "8": [
        0.060567712673664016,
        20346
    ],
    "9": [
        0.08609733271829453,
        22302
    ],
    "10": [
        0.051139371828619974,
        19051
    ],
    "11": [
        0.06340595572107184,
        19903
    ],
    "12": [
        0.07132826333916525,
        20057
    ],
    "13": [
        0.059868548377712966,
        18740
    ],
    "14": [
        0.07123492701418704,
        18634
    ]
}