{
    "0": [
        0.0578679649872451,
        17480
    ],
    "1": [
        0.06505151145448414,
        18752
    ],
    "2": [
        0.06214559972846033,
        19321
    ],
    "3": [
        0.06361900846961915,
        19266
    ],
    "4": [
        0.05928455748186505,
        17482
    ],
    "5": [
        0.07593086011552336,
        18852
    ],
    "6": [
        0.07132042107029826,
        19013
    ],
    "7": [
        0.08275871352237084,
        18500
    ],
    "8": [
        0.05354408833575463,
        17940
    ],
    "9": [
        0.08238996382167886,
        18608
    ],
    "10": [
        0.05437044355555813,
        16154
    ],
    "11": [
        0.0771154523776503,
        19203
    ],
    "12": [
        0.05309717063911736,
        17601
    ],
    "13": [
        0.07384238780060964,
        19305
    ],
    "14": [
        0.06766185663976494,
        18101
    ]
}