{
    "0": [
        0.05893158671686738,
        18246
    ],
    "1": [
        0.06795092370075982,
        20074
    ],
    "2": [
        0.059842604298678666,
        18605
    ],
    "3": [
        0.06538855766245054,
        19406
    ],
    "4": [
        0.06925114993115575,
        18984
    ],
    "5": [
        0.06660179466291177,
        19858
    ],
    "6": [
        0.08554863373817957,
        18826
    ],
    "7": [
        0.0711119932566068,
        20603
    ],
    "8": [
        0.0526870794923716,
        18692
    ],
    "9": [
        0.060092651659821354,
        16734
    ],
    "10": [
        0.0716615017096619,
        19915
    ],
    "11": [
        0.08371846261264214,
        20720
    ],
    "12": [
        0.07724446866100754,
        20598
    ],
    "13": [
        0.05617683459841796,
        17668
    ],
    "14": [
        0.05379175729846715,
        17174
    ]
}