{
    "0": [
        0.08715875847251321,
        19633
    ],
    "1": [
        0.06779894495332145,
        20068
    ],
    "2": [
        0.05998556402975198,
        18539
    ],
    "3": [
        0.06584652006042792,
        18481
    ],
    "4": [
        0.09368550370628924,
        19910
    ],
    "5": [
        0.05751425580773891,
        18958
    ],
    "6": [
        0.056129311840424134,
        17828
    ],
    "7": [
        0.04573631332382416,
        17226
    ],
    "8": [
        0.07911523760162842,
        20219
    ],
    "9": [
        0.053734681138782575,
        17884
    ],
    "10": [
        0.07117697575783939,
        19716
    ],
    "11": [
        0.05305137794537368,
        18718
    ],
    "12": [
        0.08594493654662588,
        19627
    ],
    "13": [
        0.05969801744000507,
        18975
    ],
    "14": [
        0.06342360137545416,
        18737
    ]
}