{
    "0": [
        0.050928550594484756,
        18097
    ],
    "1": [
        0.07529375682817763,
        18736
    ],
    "2": [
        0.053742444846916156,
        16914
    ],
    "3": [
        0.057941540457302446,
        19949
    ],
    "4": [
        0.05659318429901659,
        19556
    ],
    "5": [
        0.053024692710645215,
        18780
    ],
    "6": [
        0.07861337589168936,
        20415
    ],
    "7": [
        0.04016513415823497,
        16549
    ],
    "8": [
        0.058208162560763714,
        19287
    ],
    "9": [
        0.05824075235468848,
        17761
    ],
    "10": [
        0.08166274341429043,
        19354
    ],
    "11": [
        0.08375321034891792,
        19427
    ],
    "12": [
        0.08548093643478022,
        20444
    ],
    "13": [
        0.10019508124628278,
        20328
    ],
    "14": [
        0.06615643385380937,
        17507
    ]
}