{
    "0": [
        0.058142482302026684,
        18426
    ],
    "1": [
        0.06366159051090439,
        19025
    ],
    "2": [
        0.06582663923506542,
        19144
    ],
    "3": [
        0.062418105803522556,
        18943
    ],
    "4": [
        0.09655551363569323,
        20687
    ],
    "5": [
        0.05913532547904987,
        19274
    ],
    "6": [
        0.073710362448818,
        18486
    ],
    "7": [
        0.04846852842962959,
        16960
    ],
    "8": [
        0.05103717968334516,
        17034
    ],
    "9": [
        0.07331248479062057,
        18925
    ],
    "10": [
        0.06405594564554898,
        19096
    ],
    "11": [
        0.05589552024625659,
        18635
    ],
    "12": [
        0.07315714454235152,
        18304
    ],
    "13": [
        0.08269427565360704,
        18900
    ],
    "14": [
        0.07192890159356044,
        17203
    ]
}