{
    "0": [
        0.07177071506154044,
        19086
    ],
    "1": [
        0.08113643653973268,
        19203
    ],
    "2": [
        0.05004559373837412,
        17168
    ],
    "3": [
        0.08327735737699118,
        19121
    ],
    "4": [
        0.0631871710785118,
        17790
    ],
    "5": [
        0.06529947057754291,
        17605
    ],
    "6": [
        0.08456085830288773,
        19138
    ],
    "7": [
        0.05331531869682765,
        18158
    ],
    "8": [
        0.07347246672535049,
        18146
    ],
    "9": [
        0.055426245114796144,
        17352
    ],
    "10": [
        0.06839380541463945,
        18904
    ],
    "11": [
        0.07907681529749482,
        20021
    ],
    "12": [
        0.041067493430454086,
        16496
    ],
    "13": [
        0.05606146023085981,
        17113
    ],
    "14": [
        0.07390879241399669,
        19252
    ]
}