{
    "0": [
        0.07273386590605234,
        19309
    ],
    "1": [
        0.07485929522864272,
        20665
    ],
    "2": [
        0.08550199099481232,
        20639
    ],
    "3": [
        0.04641277960064824,
        18969
    ],
    "4": [
        0.0454595069880501,
        17945
    ],
    "5": [
        0.05324144163648558,
        18817
    ],
    "6": [
        0.06701398931536899,
        21358
    ],
    "7": [
        0.09551734277972888,
        19215
    ],
    "8": [
        0.0785004777559927,
        20487
    ],
    "9": [
        0.063738659249809,
        19818
    ],
    "10": [
        0.09708100620926682,
        21044
    ],
    "11": [
        0.05492368311914535,
        18722
    ],
    "12": [
        0.06190576886649243,
        21603
    ],
    "13": [
        0.056752903693971374,
        19486
    ],
    "14": [
        0.04635728865553312,
        18648
    ]
}