{
    "0": [
        0.08019295143889586,
        20033
    ],
    "1": [
        0.07718912138428607,
        20668
    ],
    "2": [
        0.09992206285006275,
        19859
    ],
    "3": [
        0.062244304057817855,
        18504
    ],
    "4": [
        0.0649070956070535,
        18514
    ],
    "5": [
        0.05237322921940345,
        18366
    ],
    "6": [
        0.055970633548490904,
        19013
    ],
    "7": [
        0.0553096674575098,
        19338
    ],
    "8": [
        0.05132838750000785,
        17875
    ],
    "9": [
        0.058503298176629616,
        19095
    ],
    "10": [
        0.08785721295355924,
        19545
    ],
    "11": [
        0.06360613658443098,
        19106
    ],
    "12": [
        0.09161235454584811,
        21131
    ],
    "13": [
        0.04157286459644873,
        17068
    ],
    "14": [
        0.05741068007955545,
        18226
    ]
}