{
    "0": [
        0.05392743532444465,
        16731
    ],
    "1": [
        0.07271762301847258,
        18644
    ],
    "2": [
        0.07040929309654095,
        18654
    ],
    "3": [
        0.0804195998281676,
        19918
    ],
    "4": [
        0.07032145880395041,
        17458
    ],
    "5": [
        0.06627034418654161,
        17690
    ],
    "6": [
        0.06085388773667372,
        18123
    ],
    "7": [
        0.08100898048068107,
        18809
    ],
    "8": [
        0.057838246714714686,
        16864
    ],
    "9": [
        0.04549898343326848,
        16563
    ],
    "10": [
        0.056540737408955585,
        16917
    ],
    "11": [
        0.056230702055807734,
        17878
    ],
    "12": [
        0.05948791275805994,
        17545
    ],
    "13": [
        0.10063067464846542,
        18373
    ],
    "14": [
        0.06784412050525555,
        17533
    ]
}