{
    "0": [
        0.07623890480854797,
        18368
    ],
    "1": [
        0.06712430135121063,
        18894
    ],
    "2": [
        0.08654120380212253,
        17881
    ],
    "3": [
        0.059486485344498984,
        18718
    ],
    "4": [
        0.06941473636719221,
        18424
    ],
    "5": [
        0.07367156365934639,
        18755
    ],
    "6": [
        0.05257355095317187,
        16718
    ],
    "7": [
        0.05297558332859771,
        17289
    ],
    "8": [
        0.0575861871063131,
        18555
    ],
    "9": [
        0.0617994353393579,
        17420
    ],
    "10": [
        0.0810927524780771,
        20209
    ],
    "11": [
        0.05799649372014903,
        17251
    ],
    "12": [
        0.06764064941009636,
        16973
    ],
    "13": [
        0.07177619691571424,
        17990
    ],
    "14": [
        0.06408195541560385,
        17676
    ]
}