{
    "0": [
        0.04709121537604989,
        19085
    ],
    "1": [
        0.07716123870646927,
        19506
    ],
    "2": [
        0.05625087607922414,
        19536
    ],
    "3": [
        0.06149725739406206,
        19692
    ],
    "4": [
        0.07235921217078628,
        20250
    ],
    "5": [
        0.05483305345534007,
        17729
    ],
    "6": [
        0.08559645077155091,
        21386
    ],
    "7": [
        0.06540646012498941,
        19905
    ],
    "8": [
        0.07172377360321996,
        19785
    ],
    "9": [
        0.06134416816455563,
        18290
    ],
    "10": [
        0.06033155195548105,
        18157
    ],
    "11": [
        0.07081240772385715,
        20173
    ],
    "12": [
        0.09472000772427056,
        20691
    ],
    "13": [
        0.06219034056080617,
        20070
    ],
    "14": [
        0.058681986189337745,
        19260
    ]
}