{
    "0": [
        0.08466377728230823,
        19289
    ],
    "1": [
        0.05914006950754069,
        17892
    ],
    "2": [
        0.08863000193594447,
        18649
    ],
    "3": [
        0.07403068661058368,
        18751
    ],
    "4": [
        0.07557501175041627,
        19515
    ],
    "5": [
        0.0647424974719209,
        17895
    ],
    "6": [
        0.047799096015693224,
        17415
    ],
    "7": [
        0.04754020524587097,
        16410
    ],
    "8": [
        0.07859219642059527,
        17986
    ],
    "9": [
        0.07736012428494561,
        19223
    ],
    "10": [
        0.040781286365427265,
        16944
    ],
    "11": [
        0.07728425308010918,
        18195
    ],
    "12": [
        0.06055899887305733,
        19140
    ],
    "13": [
        0.05617100694412472,
        17014
    ],
    "14": [
        0.06713078821146243,
        19685
    ]
}