{
    "0": [
        0.050235330881391635,
        18568
    ],
    "1": [
        0.06682287433411696,
        18976
    ],
    "2": [
        0.08462776097867059,
        19506
    ],
    "3": [
        0.07746437838498825,
        20267
    ],
    "4": [
        0.057937806471499376,
        17546
    ],
    "5": [
        0.07652141495830417,
        19552
    ],
    "6": [
        0.04475474491982104,
        17361
    ],
    "7": [
        0.07033107077504219,
        18598
    ],
    "8": [
        0.06914912847995197,
        18250
    ],
    "9": [
        0.04722383574616366,
        17465
    ],
    "10": [
        0.06741963601928665,
        20408
    ],
    "11": [
        0.12654862647790358,
        21449
    ],
    "12": [
        0.04612402909616722,
        18254
    ],
    "13": [
        0.05777559519223961,
        18103
    ],
    "14": [
        0.05706376728445331,
        19555
    ]
}