{
    "0": [
        0.08054493938387002,
        18807
    ],
    "1": [
        0.0649763915412544,
        19131
    ],
    "2": [
        0.049619147644515735,
        16460
    ],
    "3": [
        0.06334772314702393,
        17757
    ],
    "4": [
        0.06805915777107549,
        19455
    ],
    "5": [
        0.07681600293724115,
        19231
    ],
    "6": [
        0.05948022071503116,
        18077
    ],
    "7": [
        0.06811198969048261,
        18526
    ],
    "8": [
        0.07056865885090664,
        18743
    ],
    "9": [
        0.08481079439203039,
        18855
    ],
    "10": [
        0.05762551264407634,
        18513
    ],
    "11": [
        0.05648282261776872,
        17976
    ],
    "12": [
        0.06937241746207062,
        18245
    ],
    "13": [
        0.07037688805816276,
        17568
    ],
    "14": [
        0.05980733314449,
        18948
    ]
}