{
    "0": [
        0.051745519259098816,
        18027
    ],
    "1": [
        0.05201086689252046,
        17809
    ],
    "2": [
        0.08675049180303639,
        20492
    ],
    "3": [
        0.0674110072549776,
        19593
    ],
    "4": [
        0.08277423963701316,
        20044
    ],
    "5": [
        0.061971594909416776,
        19134
    ],
    "6": [
        0.06877957003941451,
        19595
    ],
    "7": [
        0.06793433619755787,
        19372
    ],
    "8": [
        0.05702670440291776,
        18505
    ],
    "9": [
        0.05486893115943024,
        18390
    ],
    "10": [
        0.06713536497583923,
        18512
    ],
    "11": [
        0.08933671360123703,
        18788
    ],
    "12": [
        0.04729370402575473,
        18119
    ],
    "13": [
        0.07457941055366372,
        18907
    ],
    "14": [
        0.0703815452881216,
        20564
    ]
}