{
    "0": [
        0.07227957211139455,
        20133
    ],
    "1": [
        0.069740460221197,
        19192
    ],
    "2": [
        0.038891941447276285,
        15864
    ],
    "3": [
        0.0840421628876232,
        19759
    ],
    "4": [
        0.09110463077036665,
        19258
    ],
    "5": [
        0.05861601413416019,
        17689
    ],
    "6": [
        0.08312518718395347,
        18895
    ],
    "7": [
        0.07266731937209188,
        17661
    ],
    "8": [
        0.09155964998683908,
        19996
    ],
    "9": [
        0.04843886123625749,
        17443
    ],
    "10": [
        0.044164832629388785,
        17118
    ],
    "11": [
        0.06683803506778854,
        18665
    ],
    "12": [
        0.05343207126050483,
        17347
    ],
    "13": [
        0.05780589332369474,
        17292
    ],
    "14": [
        0.06729336836746336,
        19716
    ]
}