{
    "0": [
        0.0574991194369851,
        17723
    ],
    "1": [
        0.06141536842206548,
        17400
    ],
    "2": [
        0.05935575874725386,
        17158
    ],
    "3": [
        0.08775679563241885,
        16531
    ],
    "4": [
        0.057808944182730235,
        17311
    ],
    "5": [
        0.06446416115607288,
        17145
    ],
    "6": [
        0.05486173335636913,
        17613
    ],
    "7": [
        0.06598541330969114,
        17948
    ],
    "8": [
        0.0879648853172419,
        19341
    ],
    "9": [
        0.05180304231172789,
        15510
    ],
    "10": [
        0.07700366050571665,
        17739
    ],
    "11": [
        0.07188911309900242,
        17985
    ],
    "12": [
        0.07601405937850211,
        17894
    ],
    "13": [
        0.05975341040260654,
        17144
    ],
    "14": [
        0.06642453474161593,
        17307
    ]
}