{
    "0": [
        0.102316152753988,
        21196
    ],
    "1": [
        0.062408295115020336,
        17003
    ],
    "2": [
        0.053336716896165696,
        16474
    ],
    "3": [
        0.059782199254759964,
        18240
    ],
    "4": [
        0.058395399916997916,
        17864
    ],
    "5": [
        0.0711675577533611,
        18479
    ],
    "6": [
        0.05939079965660057,
        17877
    ],
    "7": [
        0.06920520303215516,
        17979
    ],
    "8": [
        0.07776513692789624,
        18597
    ],
    "9": [
        0.05908831033527596,
        17899
    ],
    "10": [
        0.0818127482249462,
        19202
    ],
    "11": [
        0.05152700347769848,
        17612
    ],
    "12": [
        0.06333485588283767,
        17415
    ],
    "13": [
        0.06917152697958898,
        18847
    ],
    "14": [
        0.06129809379270773,
        16879
    ]
}