{
    "0": [
        0.053245411765101724,
        18188
    ],
    "1": [
        0.0776966557841608,
        19401
    ],
    "2": [
        0.056082734755993575,
        18447
    ],
    "3": [
        0.09573537385604008,
        19572
    ],
    "4": [
        0.06772116194132395,
        20064
    ],
    "5": [
        0.04256119765571442,
        17520
    ],
    "6": [
        0.06221027119837728,
        18869
    ],
    "7": [
        0.06273766859965381,
        17047
    ],
    "8": [
        0.06055696739120914,
        18313
    ],
    "9": [
        0.05854777598208766,
        20093
    ],
    "10": [
        0.09292364306372093,
        19752
    ],
    "11": [
        0.06957901454037277,
        19254
    ],
    "12": [
        0.07331447656147423,
        19476
    ],
    "13": [
        0.06529070335536209,
        19104
    ],
    "14": [
        0.06179694354940745,
        18429
    ]
}