{
    "0": [
        0.08180565442606419,
        19725
    ],
    "1": [
        0.07420193259023536,
        21074
    ],
    "2": [
        0.06235071658449478,
        18296
    ],
    "3": [
        0.07023158964926546,
        21058
    ],
    "4": [
        0.0604843037070888,
        18904
    ],
    "5": [
        0.0666673957667974,
        22110
    ],
    "6": [
        0.06538398550961017,
        19790
    ],
    "7": [
        0.06427817499681195,
        18861
    ],
    "8": [
        0.05596893484927687,
        19004
    ],
    "9": [
        0.0623029047057587,
        19831
    ],
    "10": [
        0.059050431846798174,
        20350
    ],
    "11": [
        0.06523438806729905,
        20369
    ],
    "12": [
        0.06515014723168283,
        19341
    ],
    "13": [
        0.07614740380064712,
        20830
    ],
    "14": [
        0.07074203626816931,
        19579
    ]
}