{
    "0": [
        0.06659013055072247,
        18951
    ],
    "1": [
        0.09966371881165935,
        20651
    ],
    "2": [
        0.05883887682293546,
        17683
    ],
    "3": [
        0.05587492340196882,
        17256
    ],
    "4": [
        0.0886957473112929,
        18761
    ],
    "5": [
        0.06176092225028946,
        17839
    ],
    "6": [
        0.06320362716443235,
        19278
    ],
    "7": [
        0.05443032651975451,
        18011
    ],
    "8": [
        0.07501475403036818,
        19765
    ],
    "9": [
        0.04049617299062661,
        17826
    ],
    "10": [
        0.07716090354887777,
        19986
    ],
    "11": [
        0.06715121566572009,
        18978
    ],
    "12": [
        0.06235094962783229,
        19599
    ],
    "13": [
        0.07851403935186789,
        18194
    ],
    "14": [
        0.05025369195165206,
        17670
    ]
}