{
    "0": [
        0.0863198093392189,
        19815
    ],
    "1": [
        0.06604344552935852,
        18552
    ],
    "2": [
        0.055723148003102276,
        17205
    ],
    "3": [
        0.06053259084677111,
        16979
    ],
    "4": [
        0.07900380113865395,
        19137
    ],
    "5": [
        0.06068882079460174,
        16659
    ],
    "6": [
        0.07199215276630082,
        19773
    ],
    "7": [
        0.06258427312743899,
        17967
    ],
    "8": [
        0.05966269795502297,
        18797
    ],
    "9": [
        0.0497733811446655,
        18489
    ],
    "10": [
        0.06727495017495096,
        18421
    ],
    "11": [
        0.06497431249969586,
        19540
    ],
    "12": [
        0.08324728212561727,
        18837
    ],
    "13": [
        0.07201998713862287,
        20038
    ],
    "14": [
        0.06015934741597808,
        17360
    ]
}