{
    "0": [
        0.0780096481602161,
        18989
    ],
    "1": [
        0.04875598027778652,
        17079
    ],
    "2": [
        0.08564630785302604,
        21123
    ],
    "3": [
        0.06813957466440437,
        18361
    ],
    "4": [
        0.06586115622594119,
        20090
    ],
    "5": [
        0.07131971511008274,
        18739
    ],
    "6": [
        0.0703060196591629,
        21253
    ],
    "7": [
        0.05771002084062176,
        17372
    ],
    "8": [
        0.04230675800355325,
        17687
    ],
    "9": [
        0.07346381715083443,
        20307
    ],
    "10": [
        0.04631783383562423,
        18774
    ],
    "11": [
        0.06058682220711036,
        18516
    ],
    "12": [
        0.07298799029051736,
        19940
    ],
    "13": [
        0.06393613422416855,
        19111
    ],
    "14": [
        0.09465222149695013,
        22385
    ]
}