{
    "0": [
        0.07852387583788825,
        20817
    ],
    "1": [
        0.06623769827884272,
        18854
    ],
    "2": [
        0.04816307700729535,
        18488
    ],
    "3": [
        0.07570861332639925,
        19813
    ],
    "4": [
        0.06696496462213468,
        20612
    ],
    "5": [
        0.05620119586722752,
        18317
    ],
    "6": [
        0.06642007390440734,
        19645
    ],
    "7": [
        0.06335275496603031,
        19257
    ],
    "8": [
        0.08178290634391742,
        22052
    ],
    "9": [
        0.06328883373756151,
        18870
    ],
    "10": [
        0.08588840020935332,
        19837
    ],
    "11": [
        0.05061687086849221,
        18841
    ],
    "12": [
        0.057511438406070446,
        18839
    ],
    "13": [
        0.06415548137621145,
        19340
    ],
    "14": [
        0.07518381524816807,
        19874
    ]
}