{
    "0": [
        0.071076344912453,
        19947
    ],
    "1": [
        0.05603938326350514,
        17331
    ],
    "2": [
        0.07015742222480689,
        19391
    ],
    "3": [
        0.06765547531179493,
        19884
    ],
    "4": [
        0.05103954810969384,
        18438
    ],
    "5": [
        0.04156460760598095,
        17319
    ],
    "6": [
        0.11917363879711107,
        19776
    ],
    "7": [
        0.05595525016022271,
        17992
    ],
    "8": [
        0.07156252055997343,
        18856
    ],
    "9": [
        0.06745580180729294,
        18009
    ],
    "10": [
        0.07043034482733924,
        20191
    ],
    "11": [
        0.07601482277966853,
        21280
    ],
    "12": [
        0.07710368279466101,
        18724
    ],
    "13": [
        0.05044607455492379,
        18225
    ],
    "14": [
        0.05432508229057264,
        17815
    ]
}