{
    "0": [
        0.06509851959562334,
        19075
    ],
    "1": [
        0.0814203726657859,
        19576
    ],
    "2": [
        0.06749086290030111,
        19669
    ],
    "3": [
        0.05725178007804779,
        19221
    ],
    "4": [
        0.06356677183388613,
        19117
    ],
    "5": [
        0.06733137912247593,
        19016
    ],
    "6": [
        0.06533574365108175,
        17972
    ],
    "7": [
        0.06857805471559268,
        18975
    ],
    "8": [
        0.046618901566663075,
        16605
    ],
    "9": [
        0.07847025711460545,
        19582
    ],
    "10": [
        0.08910443606492029,
        18980
    ],
    "11": [
        0.06560493307471334,
        18618
    ],
    "12": [
        0.06323411911583263,
        17558
    ],
    "13": [
        0.05751009883535922,
        18434
    ],
    "14": [
        0.06338376966511144,
        20052
    ]
}