{
    "0": [
        0.09285827070458705,
        21166
    ],
    "1": [
        0.08581519458382315,
        20534
    ],
    "2": [
        0.06322900675872868,
        17596
    ],
    "3": [
        0.07446622847761204,
        17694
    ],
    "4": [
        0.06322303294149027,
        17820
    ],
    "5": [
        0.062370062278520634,
        18894
    ],
    "6": [
        0.06704729370115191,
        19348
    ],
    "7": [
        0.04407421624106486,
        18097
    ],
    "8": [
        0.045893585743030284,
        18526
    ],
    "9": [
        0.059932483337260194,
        17327
    ],
    "10": [
        0.06821764368718976,
        18541
    ],
    "11": [
        0.07449348703266041,
        18076
    ],
    "12": [
        0.06697024785566702,
        19365
    ],
    "13": [
        0.0596420095279718,
        18209
    ],
    "14": [
        0.07176723712924189,
        19959
    ]
}