{
    "0": [
        0.05911556418344622,
        18586
    ],
    "1": [
        0.06289553532111589,
        18144
    ],
    "2": [
        0.06427435639333313,
        18855
    ],
    "3": [
        0.05448359145580859,
        18011
    ],
    "4": [
        0.05937460711294788,
        17573
    ],
    "5": [
        0.056921194291315175,
        17821
    ],
    "6": [
        0.0809585878788371,
        19007
    ],
    "7": [
        0.058110793998748356,
        18100
    ],
    "8": [
        0.054111830438911074,
        18784
    ],
    "9": [
        0.05001266901453931,
        18021
    ],
    "10": [
        0.08082887403453029,
        19177
    ],
    "11": [
        0.07860172884974148,
        20143
    ],
    "12": [
        0.09087915046381553,
        19914
    ],
    "13": [
        0.105612996259953,
        21383
    ],
    "14": [
        0.04381852030295675,
        16818
    ]
}