{
    "0": [
        0.04470045702491458,
        18285
    ],
    "1": [
        0.03709860982501083,
        17231
    ],
    "2": [
        0.06563741695429634,
        21440
    ],
    "3": [
        0.07969632084368122,
        22022
    ],
    "4": [
        0.05476585365088849,
        18615
    ],
    "5": [
        0.06828723798472242,
        19809
    ],
    "6": [
        0.05501579759675757,
        18307
    ],
    "7": [
        0.09596602653218297,
        21437
    ],
    "8": [
        0.050179394682566825,
        18681
    ],
    "9": [
        0.07039364826954869,
        19724
    ],
    "10": [
        0.09754493690988639,
        21244
    ],
    "11": [
        0.07358657974393891,
        21255
    ],
    "12": [
        0.08541803563700265,
        20164
    ],
    "13": [
        0.04079567890921514,
        17625
    ],
    "14": [
        0.08091400543538697,
        20816
    ]
}