{
    "0": [
        0.07618540776885957,
        20198
    ],
    "1": [
        0.09173470299554119,
        18086
    ],
    "2": [
        0.07041150182589018,
        17776
    ],
    "3": [
        0.0784703483070427,
        19978
    ],
    "4": [
        0.06525051993145442,
        17604
    ],
    "5": [
        0.05594887723105789,
        17349
    ],
    "6": [
        0.06473627831248174,
        17748
    ],
    "7": [
        0.09735980974430368,
        20132
    ],
    "8": [
        0.05700589887537712,
        17306
    ],
    "9": [
        0.059579958109142274,
        18803
    ],
    "10": [
        0.06876881392366145,
        18158
    ],
    "11": [
        0.05936698551990696,
        17013
    ],
    "12": [
        0.06948701175251834,
        17065
    ],
    "13": [
        0.042439442466491915,
        16155
    ],
    "14": [
        0.043254443236270604,
        16703
    ]
}