{
    "0": [
        0.07291961120919083,
        18953
    ],
    "1": [
        0.07056213134319747,
        18947
    ],
    "2": [
        0.05932597861504937,
        18780
    ],
    "3": [
        0.07052214867951946,
        19671
    ],
    "4": [
        0.0847336675336004,
        18511
    ],
    "5": [
        0.05839286481584826,
        17500
    ],
    "6": [
        0.05044648521649557,
        17892
    ],
    "7": [
        0.06564996926013121,
        17469
    ],
    "8": [
        0.09066665412294578,
        20388
    ],
    "9": [
        0.06525985627835236,
        17428
    ],
    "10": [
        0.07534580638471602,
        20152
    ],
    "11": [
        0.047534044270824485,
        17660
    ],
    "12": [
        0.06140585562169837,
        18896
    ],
    "13": [
        0.07276086937741291,
        19357
    ],
    "14": [
        0.054474057271017666,
        17685
    ]
}