{
    "0": [
        0.07816935904392104,
        19550
    ],
    "1": [
        0.06558776975839165,
        19756
    ],
    "2": [
        0.07213010009303797,
        18709
    ],
    "3": [
        0.057973433517815864,
        18573
    ],
    "4": [
        0.07362235943946005,
        18635
    ],
    "5": [
        0.07804509549364591,
        20219
    ],
    "6": [
        0.058249103033056755,
        19259
    ],
    "7": [
        0.04691524031566334,
        17672
    ],
    "8": [
        0.08553419186345038,
        18920
    ],
    "9": [
        0.05201169083038902,
        17572
    ],
    "10": [
        0.06553404303287481,
        18089
    ],
    "11": [
        0.06346841858357198,
        18458
    ],
    "12": [
        0.06753470934334724,
        17589
    ],
    "13": [
        0.07420965686997105,
        19105
    ],
    "14": [
        0.06101482878140303,
        17245
    ]
}