{
    "0": [
        0.06987720044011764,
        18221
    ],
    "1": [
        0.09556081849813582,
        19145
    ],
    "2": [
        0.0565925780912469,
        18565
    ],
    "3": [
        0.05851693915988561,
        18092
    ],
    "4": [
        0.05471559796743107,
        16888
    ],
    "5": [
        0.06092320029880982,
        17372
    ],
    "6": [
        0.0618452018961774,
        19831
    ],
    "7": [
        0.08154797164239896,
        20504
    ],
    "8": [
        0.0743166210986419,
        19774
    ],
    "9": [
        0.07111424752165105,
        18757
    ],
    "10": [
        0.051024742458619786,
        17106
    ],
    "11": [
        0.08315483049979361,
        19219
    ],
    "12": [
        0.05524679654253015,
        18250
    ],
    "13": [
        0.06181469037260217,
        18226
    ],
    "14": [
        0.06374856351195822,
        17333
    ]
}