{
    "0": [
        0.07044291391666492,
        20536
    ],
    "1": [
        0.0611352340257578,
        19675
    ],
    "2": [
        0.05175276001277825,
        18500
    ],
    "3": [
        0.06232174691429118,
        20819
    ],
    "4": [
        0.0650733271028441,
        17624
    ],
    "5": [
        0.051050887468666456,
        17001
    ],
    "6": [
        0.11614976019534602,
        20694
    ],
    "7": [
        0.07821673857116321,
        20735
    ],
    "8": [
        0.06762797702078129,
        20524
    ],
    "9": [
        0.04811318626902349,
        17743
    ],
    "10": [
        0.08259637890953314,
        20214
    ],
    "11": [
        0.06757404774905021,
        18120
    ],
    "12": [
        0.042306469792525725,
        17667
    ],
    "13": [
        0.05204242718050403,
        18443
    ],
    "14": [
        0.08359614487107025,
        20026
    ]
}