{
    "0": [
        0.0611795038679543,
        18141
    ],
    "1": [
        0.07901663240998634,
        18841
    ],
    "2": [
        0.057439066195068354,
        17313
    ],
    "3": [
        0.06264334869133488,
        16592
    ],
    "4": [
        0.05609081328121644,
        16440
    ],
    "5": [
        0.08720629738281035,
        18390
    ],
    "6": [
        0.05592183176006151,
        17309
    ],
    "7": [
        0.07206493852544382,
        18178
    ],
    "8": [
        0.07207681200833096,
        18550
    ],
    "9": [
        0.06896848317786847,
        17946
    ],
    "10": [
        0.06076236595772147,
        19528
    ],
    "11": [
        0.06746700323744519,
        18142
    ],
    "12": [
        0.054746703751538776,
        16652
    ],
    "13": [
        0.06691344253489001,
        18501
    ],
    "14": [
        0.07750275721832908,
        18944
    ]
}