{
    "0": [
        0.0666395974938757,
        18189
    ],
    "1": [
        0.07831688355336505,
        20385
    ],
    "2": [
        0.08652577336612458,
        19012
    ],
    "3": [
        0.06092483017481871,
        18586
    ],
    "4": [
        0.06438697501094869,
        18523
    ],
    "5": [
        0.05193406133698446,
        17469
    ],
    "6": [
        0.08134304766641641,
        19892
    ],
    "7": [
        0.07024664978173888,
        16842
    ],
    "8": [
        0.04221700167593375,
        18005
    ],
    "9": [
        0.05856944459280199,
        18437
    ],
    "10": [
        0.04841638293794613,
        16747
    ],
    "11": [
        0.06556879060248462,
        18686
    ],
    "12": [
        0.0952882484355615,
        20248
    ],
    "13": [
        0.06024288615683661,
        18127
    ],
    "14": [
        0.06937942721416292,
        18151
    ]
}