{
    "0": [
        0.06041965549235293,
        16553
    ],
    "1": [
        0.06954148015723755,
        18380
    ],
    "2": [
        0.05575001226048629,
        18280
    ],
    "3": [
        0.09422698399344251,
        19064
    ],
    "4": [
        0.07053155950879166,
        18400
    ],
    "5": [
        0.06373550918795853,
        18328
    ],
    "6": [
        0.06850215530520005,
        18804
    ],
    "7": [
        0.053926516197774464,
        17582
    ],
    "8": [
        0.059964821397987554,
        17090
    ],
    "9": [
        0.0642862401769829,
        16720
    ],
    "10": [
        0.0901438381003231,
        19719
    ],
    "11": [
        0.06506150939443364,
        18008
    ],
    "12": [
        0.06339835169672683,
        18561
    ],
    "13": [
        0.06383170137487795,
        17468
    ],
    "14": [
        0.05667966575542405,
        16451
    ]
}