{
    "0": [
        0.054026184361926306,
        16607
    ],
    "1": [
        0.055938056522407104,
        18540
    ],
    "2": [
        0.06337644347684712,
        18064
    ],
    "3": [
        0.09105432591360564,
        19852
    ],
    "4": [
        0.08686092167592394,
        18106
    ],
    "5": [
        0.07122956382980856,
        17891
    ],
    "6": [
        0.06237735395478536,
        18841
    ],
    "7": [
        0.07624246659770595,
        17750
    ],
    "8": [
        0.0869610433582597,
        20634
    ],
    "9": [
        0.08269685545663778,
        19107
    ],
    "10": [
        0.0545945636013206,
        17416
    ],
    "11": [
        0.04311508690484154,
        16221
    ],
    "12": [
        0.05912840857603177,
        18486
    ],
    "13": [
        0.06556490166459357,
        18269
    ],
    "14": [
        0.046833824105305004,
        16857
    ]
}