{
    "0": [
        0.0682323879898654,
        18639
    ],
    "1": [
        0.07499689497946221,
        18859
    ],
    "2": [
        0.07358245173535531,
        19137
    ],
    "3": [
        0.072575786420954,
        18848
    ],
    "4": [
        0.06517486783113015,
        19539
    ],
    "5": [
        0.08721303082121207,
        20234
    ],
    "6": [
        0.06873573230968885,
        18053
    ],
    "7": [
        0.04361070841242459,
        16348
    ],
    "8": [
        0.05441921285274277,
        17892
    ],
    "9": [
        0.06003109906277232,
        18409
    ],
    "10": [
        0.053563934236189804,
        18464
    ],
    "11": [
        0.04999751354114763,
        16585
    ],
    "12": [
        0.08074192036204714,
        19372
    ],
    "13": [
        0.09015096964729681,
        19945
    ],
    "14": [
        0.05697348979771102,
        17809
    ]
}