{
    "0": [
        0.04883573673226063,
        18306
    ],
    "1": [
        0.07834164513595726,
        20590
    ],
    "2": [
        0.06520092198149208,
        19164
    ],
    "3": [
        0.06820437586304452,
        20512
    ],
    "4": [
        0.07446366098629625,
        21121
    ],
    "5": [
        0.05993903051509641,
        20049
    ],
    "6": [
        0.05030306669006734,
        17602
    ],
    "7": [
        0.07083799414830293,
        20314
    ],
    "8": [
        0.07812418518623998,
        21494
    ],
    "9": [
        0.05246387967509989,
        16675
    ],
    "10": [
        0.050680618771501124,
        17972
    ],
    "11": [
        0.07316344510425678,
        18626
    ],
    "12": [
        0.062378422887959625,
        19681
    ],
    "13": [
        0.07708543721882859,
        21605
    ],
    "14": [
        0.08997757910359666,
        20290
    ]
}