{
    "0": [
        0.058560386281146,
        17957
    ],
    "1": [
        0.04460638098814457,
        15118
    ],
    "2": [
        0.06537825424452896,
        17592
    ],
    "3": [
        0.056398963948723166,
        18502
    ],
    "4": [
        0.05175770360154901,
        16358
    ],
    "5": [
        0.07814073106208504,
        17972
    ],
    "6": [
        0.09230741128450001,
        19130
    ],
    "7": [
        0.06061971999592815,
        17905
    ],
    "8": [
        0.04724241706011172,
        17589
    ],
    "9": [
        0.0913453378448997,
        19076
    ],
    "10": [
        0.0754800439994322,
        19822
    ],
    "11": [
        0.06264003644528505,
        16654
    ],
    "12": [
        0.06391646227884652,
        18402
    ],
    "13": [
        0.08498216349152253,
        20005
    ],
    "14": [
        0.06662398747329741,
        18039
    ]
}