{
    "0": [
        0.08516836585014972,
        20073
    ],
    "1": [
        0.07062021330298036,
        19914
    ],
    "2": [
        0.06447391376307897,
        19671
    ],
    "3": [
        0.07190754490809607,
        18553
    ],
    "4": [
        0.06726219588559768,
        20830
    ],
    "5": [
        0.05555844457791527,
        17444
    ],
    "6": [
        0.0640866907481612,
        19511
    ],
    "7": [
        0.06446612739848384,
        19183
    ],
    "8": [
        0.08312402509690671,
        19851
    ],
    "9": [
        0.06400272573073877,
        18591
    ],
    "10": [
        0.05524908462730165,
        20182
    ],
    "11": [
        0.07900300336835323,
        19495
    ],
    "12": [
        0.05528565091513143,
        18030
    ],
    "13": [
        0.04960404613199466,
        19232
    ],
    "14": [
        0.07018796769511061,
        19246
    ]
}