{
    "0": [
        0.04863580155658423,
        17953
    ],
    "1": [
        0.04504103313578426,
        17449
    ],
    "2": [
        0.05539915976699063,
        18424
    ],
    "3": [
        0.0637484960433377,
        18405
    ],
    "4": [
        0.08988140297409018,
        20522
    ],
    "5": [
        0.05396848624645869,
        17474
    ],
    "6": [
        0.056220859557598694,
        18509
    ],
    "7": [
        0.09145837439893911,
        18941
    ],
    "8": [
        0.07880805181002931,
        20726
    ],
    "9": [
        0.06607472396676708,
        19270
    ],
    "10": [
        0.06701473648555678,
        19598
    ],
    "11": [
        0.07222590920143244,
        20418
    ],
    "12": [
        0.07339960184846527,
        19729
    ],
    "13": [
        0.057384947913868486,
        17886
    ],
    "14": [
        0.08073841509409715,
        18466
    ]
}