{
    "0": [
        0.07644800084063567,
        18449
    ],
    "1": [
        0.0691876879534429,
        18720
    ],
    "2": [
        0.06941661545627299,
        17429
    ],
    "3": [
        0.08100219225935186,
        20907
    ],
    "4": [
        0.0665837243464237,
        18264
    ],
    "5": [
        0.04331563081146288,
        17532
    ],
    "6": [
        0.058476848681983835,
        17122
    ],
    "7": [
        0.05826765950573648,
        17115
    ],
    "8": [
        0.058627709452624056,
        18469
    ],
    "9": [
        0.059555402854877995,
        17536
    ],
    "10": [
        0.061169246858670666,
        17275
    ],
    "11": [
        0.07616534804807536,
        17996
    ],
    "12": [
        0.05417924389824303,
        17732
    ],
    "13": [
        0.09510929249062608,
        19298
    ],
    "14": [
        0.07249539654157248,
        19165
    ]
}