{
    "0": [
        0.06257943006319568,
        18352
    ],
    "1": [
        0.09456198643023836,
        18130
    ],
    "2": [
        0.05940945128551,
        17369
    ],
    "3": [
        0.05323013170459687,
        17490
    ],
    "4": [
        0.0610280372382321,
        17546
    ],
    "5": [
        0.06753729472359132,
        17652
    ],
    "6": [
        0.048484310368999764,
        17725
    ],
    "7": [
        0.04450150677619301,
        16413
    ],
    "8": [
        0.08343721483924936,
        18947
    ],
    "9": [
        0.07336567267682552,
        18426
    ],
    "10": [
        0.08351545572089672,
        20231
    ],
    "11": [
        0.07727642442248588,
        17708
    ],
    "12": [
        0.0626176553320565,
        17680
    ],
    "13": [
        0.05365779023656623,
        17361
    ],
    "14": [
        0.07479763818136262,
        17155
    ]
}