{
    "0": [
        0.07456841409540396,
        19935
    ],
    "1": [
        0.09547532926979253,
        20162
    ],
    "2": [
        0.04553741521366614,
        17284
    ],
    "3": [
        0.07503205802107503,
        19422
    ],
    "4": [
        0.08077667866494848,
        20759
    ],
    "5": [
        0.06163640714036973,
        19780
    ],
    "6": [
        0.06150125067419531,
        20128
    ],
    "7": [
        0.0651586360582331,
        17841
    ],
    "8": [
        0.06090886654015502,
        18996
    ],
    "9": [
        0.05736007821040733,
        18277
    ],
    "10": [
        0.053534906578750194,
        18068
    ],
    "11": [
        0.0800268200332941,
        20251
    ],
    "12": [
        0.05958596023839759,
        18745
    ],
    "13": [
        0.04628087241449466,
        18304
    ],
    "14": [
        0.08261630684681692,
        20363
    ]
}