{
    "0": [
        0.05684018979617452,
        18618
    ],
    "1": [
        0.05105342893008318,
        18493
    ],
    "2": [
        0.06466567313959504,
        18804
    ],
    "3": [
        0.05440442074091931,
        18894
    ],
    "4": [
        0.050356404876183314,
        17279
    ],
    "5": [
        0.06104000246932087,
        19171
    ],
    "6": [
        0.06074528694886392,
        18853
    ],
    "7": [
        0.06657966599994822,
        19300
    ],
    "8": [
        0.0804373992176128,
        21279
    ],
    "9": [
        0.09003397843872409,
        20095
    ],
    "10": [
        0.08312478277735359,
        22510
    ],
    "11": [
        0.0918433964529857,
        21277
    ],
    "12": [
        0.07753130198860253,
        20830
    ],
    "13": [
        0.0641369294827691,
        20601
    ],
    "14": [
        0.04720713874086381,
        18686
    ]
}