{
    "0": [
        0.07124776811081539,
        19181
    ],
    "1": [
        0.08384616771563169,
        20055
    ],
    "2": [
        0.05423095135305,
        16806
    ],
    "3": [
        0.05755070293255549,
        17877
    ],
    "4": [
        0.0428876954120281,
        16428
    ],
    "5": [
        0.07155751233096833,
        18906
    ],
    "6": [
        0.04608649576103388,
        17382
    ],
    "7": [
        0.10111325879364493,
        19907
    ],
    "8": [
        0.10223406550979804,
        18914
    ],
    "9": [
        0.0623232452231893,
        18387
    ],
    "10": [
        0.04343395031638572,
        16425
    ],
    "11": [
        0.06793027439301415,
        18327
    ],
    "12": [
        0.07651954606926534,
        18572
    ],
    "13": [
        0.05469025745936703,
        16495
    ],
    "14": [
        0.06434810861925247,
        18623
    ]
}