{
    "0": [
        0.07120729565770656,
        17531
    ],
    "1": [
        0.04118594904449207,
        15887
    ],
    "2": [
        0.05586952722694544,
        17668
    ],
    "3": [
        0.0819399107220768,
        17153
    ],
    "4": [
        0.07839912354364305,
        19276
    ],
    "5": [
        0.0653428741965552,
        18340
    ],
    "6": [
        0.050335702214065865,
        16083
    ],
    "7": [
        0.07329738828943355,
        17151
    ],
    "8": [
        0.05575770703745476,
        17330
    ],
    "9": [
        0.08312370391347405,
        17829
    ],
    "10": [
        0.05786843621506241,
        17629
    ],
    "11": [
        0.044202504535875826,
        16444
    ],
    "12": [
        0.10207867297278982,
        18895
    ],
    "13": [
        0.06769519045673848,
        17197
    ],
    "14": [
        0.07169601397368623,
        18965
    ]
}