{
    "0": [
        0.08196264646275483,
        20110
    ],
    "1": [
        0.051875188458765764,
        17350
    ],
    "2": [
        0.06422536586746982,
        18548
    ],
    "3": [
        0.08450787944335886,
        20422
    ],
    "4": [
        0.0587252334040363,
        17625
    ],
    "5": [
        0.06458289797972422,
        17865
    ],
    "6": [
        0.06902117397977706,
        18695
    ],
    "7": [
        0.0627281262787305,
        17509
    ],
    "8": [
        0.08974551369716292,
        19904
    ],
    "9": [
        0.048071901596838405,
        17804
    ],
    "10": [
        0.053213530471120395,
        18558
    ],
    "11": [
        0.10043630312288934,
        19661
    ],
    "12": [
        0.06020413374973278,
        18286
    ],
    "13": [
        0.06178815239822483,
        18613
    ],
    "14": [
        0.04891195308941415,
        17727
    ]
}