{
    "0": [
        0.06456376358762096,
        19473
    ],
    "1": [
        0.07585667133750189,
        20215
    ],
    "2": [
        0.07935936728100439,
        19227
    ],
    "3": [
        0.05815641853657385,
        17540
    ],
    "4": [
        0.06871674772495287,
        17971
    ],
    "5": [
        0.0665921152608742,
        20123
    ],
    "6": [
        0.07277883312234694,
        18293
    ],
    "7": [
        0.05648023651571619,
        16865
    ],
    "8": [
        0.06949560830990681,
        17844
    ],
    "9": [
        0.05205679679795963,
        18825
    ],
    "10": [
        0.05901145405227897,
        17821
    ],
    "11": [
        0.09298077278557784,
        18365
    ],
    "12": [
        0.05392369549957159,
        17477
    ],
    "13": [
        0.06711715071552464,
        19303
    ],
    "14": [
        0.06291036847258938,
        17296
    ]
}