{
    "0": [
        0.07629135855180012,
        18822
    ],
    "1": [
        0.05484198123325113,
        18659
    ],
    "2": [
        0.058344550797930356,
        18119
    ],
    "3": [
        0.08101640843580263,
        18220
    ],
    "4": [
        0.08399709200371525,
        19468
    ],
    "5": [
        0.06622413702599973,
        18568
    ],
    "6": [
        0.05979510295911541,
        18434
    ],
    "7": [
        0.08970852739132949,
        20109
    ],
    "8": [
        0.04815174864781144,
        17290
    ],
    "9": [
        0.06254400496197396,
        18267
    ],
    "10": [
        0.05429700151797471,
        17289
    ],
    "11": [
        0.07063593955749792,
        18503
    ],
    "12": [
        0.06963910954062914,
        17496
    ],
    "13": [
        0.05619517339114913,
        18424
    ],
    "14": [
        0.06831786398401961,
        18149
    ]
}