{
    "0": [
        0.07009126255843652,
        18644
    ],
    "1": [
        0.04472406040592549,
        17541
    ],
    "2": [
        0.058265492456566426,
        17254
    ],
    "3": [
        0.06625419728328946,
        18860
    ],
    "4": [
        0.05188287649925271,
        17075
    ],
    "5": [
        0.07176861270433117,
        16141
    ],
    "6": [
        0.06608417112694454,
        17892
    ],
    "7": [
        0.0854519928998865,
        18904
    ],
    "8": [
        0.08993203144707133,
        19401
    ],
    "9": [
        0.0703717158528487,
        16659
    ],
    "10": [
        0.07449362394318791,
        17698
    ],
    "11": [
        0.05643545424248091,
        17317
    ],
    "12": [
        0.052302461214683765,
        17409
    ],
    "13": [
        0.05832162730357024,
        16957
    ],
    "14": [
        0.08362042006152437,
        18514
    ]
}