{
    "0": [
        0.07996794378068177,
        19879
    ],
    "1": [
        0.0859628039649874,
        20521
    ],
    "2": [
        0.06224318765901211,
        20636
    ],
    "3": [
        0.07619340787177901,
        21435
    ],
    "4": [
        0.055528533885826056,
        20100
    ],
    "5": [
        0.047684972875337336,
        18497
    ],
    "6": [
        0.06877066737437204,
        20875
    ],
    "7": [
        0.06594659666193224,
        18674
    ],
    "8": [
        0.06427422645877205,
        21618
    ],
    "9": [
        0.07331995871944269,
        20406
    ],
    "10": [
        0.0643747193388943,
        20275
    ],
    "11": [
        0.048013203973340815,
        18410
    ],
    "12": [
        0.07250703856886705,
        20391
    ],
    "13": [
        0.059859934818041825,
        19717
    ],
    "14": [
        0.07535280404871347,
        19650
    ]
}