{
    "0": [
        0.06402418590125852,
        18313
    ],
    "1": [
        0.06403352509921954,
        17771
    ],
    "2": [
        0.06978849967933468,
        19591
    ],
    "3": [
        0.05869560395088377,
        17541
    ],
    "4": [
        0.05670414815386993,
        18493
    ],
    "5": [
        0.06904165727577788,
        18032
    ],
    "6": [
        0.06266695823331575,
        19528
    ],
    "7": [
        0.07285090461076627,
        20309
    ],
    "8": [
        0.06737554341301202,
        18766
    ],
    "9": [
        0.08523406875710449,
        19933
    ],
    "10": [
        0.06231498873384121,
        19147
    ],
    "11": [
        0.04704373621314568,
        17760
    ],
    "12": [
        0.047608665592623035,
        17977
    ],
    "13": [
        0.07112708582086766,
        18795
    ],
    "14": [
        0.10149042856497974,
        20015
    ]
}