{
    "0": [
        0.04361304845918961,
        17021
    ],
    "1": [
        0.09245778216439825,
        19821
    ],
    "2": [
        0.08846786535209003,
        18140
    ],
    "3": [
        0.07635524600481292,
        17695
    ],
    "4": [
        0.06555321115660168,
        17327
    ],
    "5": [
        0.04820445459079329,
        15943
    ],
    "6": [
        0.05392375698456187,
        17114
    ],
    "7": [
        0.05731612013085111,
        17527
    ],
    "8": [
        0.06145912825382092,
        17354
    ],
    "9": [
        0.08268478368236017,
        20171
    ],
    "10": [
        0.07914263025362005,
        17885
    ],
    "11": [
        0.07350248311829252,
        18833
    ],
    "12": [
        0.04961921992475231,
        17022
    ],
    "13": [
        0.07100329585733627,
        17333
    ],
    "14": [
        0.0566969740665188,
        17261
    ]
}