{
    "0": [
        0.047862722181593084,
        17057
    ],
    "1": [
        0.057983606778807165,
        18933
    ],
    "2": [
        0.0849257214024394,
        20138
    ],
    "3": [
        0.06370528571938824,
        17539
    ],
    "4": [
        0.07275240934321289,
        19142
    ],
    "5": [
        0.06998186147031238,
        17407
    ],
    "6": [
        0.06298014590667832,
        18645
    ],
    "7": [
        0.04796727897058291,
        17583
    ],
    "8": [
        0.049985902881961815,
        18504
    ],
    "9": [
        0.05125483977456809,
        17817
    ],
    "10": [
        0.05502267352037955,
        17964
    ],
    "11": [
        0.09435097252573263,
        20067
    ],
    "12": [
        0.09543545135240442,
        21041
    ],
    "13": [
        0.06386407308439539,
        19089
    ],
    "14": [
        0.08192705508754372,
        18988
    ]
}