{
    "0": [
        0.06747673231924024,
        20335
    ],
    "1": [
        0.058673285215532944,
        19498
    ],
    "2": [
        0.05377065981319666,
        18018
    ],
    "3": [
        0.060641943852021374,
        18235
    ],
    "4": [
        0.05169833622935005,
        18520
    ],
    "5": [
        0.08563297286615545,
        23461
    ],
    "6": [
        0.05346387736129421,
        19510
    ],
    "7": [
        0.0605920722683609,
        20378
    ],
    "8": [
        0.053406169494583454,
        19180
    ],
    "9": [
        0.05314320024860539,
        17748
    ],
    "10": [
        0.05817253127491522,
        20485
    ],
    "11": [
        0.10902235186542293,
        21073
    ],
    "12": [
        0.10738919408144232,
        21803
    ],
    "13": [
        0.06491692530956514,
        20090
    ],
    "14": [
        0.06199974780031386,
        18959
    ]
}