{
    "0": [
        0.053464687653479614,
        17805
    ],
    "1": [
        0.08075400285835485,
        20389
    ],
    "2": [
        0.07918097009557462,
        18744
    ],
    "3": [
        0.05905485242595012,
        18839
    ],
    "4": [
        0.08289596425439276,
        19141
    ],
    "5": [
        0.0693914896647315,
        16585
    ],
    "6": [
        0.04827064517735536,
        18733
    ],
    "7": [
        0.06276711204684027,
        19421
    ],
    "8": [
        0.059072655532927815,
        18362
    ],
    "9": [
        0.09821901806789622,
        20863
    ],
    "10": [
        0.059719276625957864,
        19563
    ],
    "11": [
        0.05625126483936642,
        17539
    ],
    "12": [
        0.07204250939117807,
        19445
    ],
    "13": [
        0.07106896164687304,
        18982
    ],
    "14": [
        0.04784658971912156,
        16158
    ]
}