{
    "0": [
        0.05970533055016714,
        18295
    ],
    "1": [
        0.0629548375419195,
        18985
    ],
    "2": [
        0.09026368801820325,
        19984
    ],
    "3": [
        0.09489745267562422,
        18665
    ],
    "4": [
        0.05555558081048791,
        16923
    ],
    "5": [
        0.05459252370039629,
        18537
    ],
    "6": [
        0.06655253524264097,
        17888
    ],
    "7": [
        0.07246298967851036,
        19405
    ],
    "8": [
        0.05955945476943502,
        18807
    ],
    "9": [
        0.05938411560404973,
        18601
    ],
    "10": [
        0.08242316540152349,
        20281
    ],
    "11": [
        0.049578648268298366,
        17447
    ],
    "12": [
        0.0987372431693281,
        20486
    ],
    "13": [
        0.048327268933225656,
        17039
    ],
    "14": [
        0.045005165636189996,
        17580
    ]
}