{
    "0": [
        0.07330262945592941,
        20429
    ],
    "1": [
        0.05966227999507014,
        18141
    ],
    "2": [
        0.06343957327873627,
        17917
    ],
    "3": [
        0.08527208145561199,
        20126
    ],
    "4": [
        0.06654676004760961,
        18227
    ],
    "5": [
        0.051759288832884005,
        17468
    ],
    "6": [
        0.06266525111196453,
        19975
    ],
    "7": [
        0.05221893032484402,
        17635
    ],
    "8": [
        0.061640720663683396,
        16737
    ],
    "9": [
        0.06292316134341387,
        19237
    ],
    "10": [
        0.0881819517359883,
        19871
    ],
    "11": [
        0.06690082561471032,
        19281
    ],
    "12": [
        0.09294454244965035,
        20152
    ],
    "13": [
        0.06872519297722765,
        18581
    ],
    "14": [
        0.04381681071267612,
        16808
    ]
}