{
    "0": [
        0.060839709283252635,
        18976
    ],
    "1": [
        0.06855152788730676,
        20467
    ],
    "2": [
        0.08486258776726797,
        21446
    ],
    "3": [
        0.04034068830124047,
        18202
    ],
    "4": [
        0.058051447891947355,
        19066
    ],
    "5": [
        0.06817050902707074,
        19425
    ],
    "6": [
        0.08813540035548753,
        23405
    ],
    "7": [
        0.10912121022904618,
        20204
    ],
    "8": [
        0.08079405640257649,
        19808
    ],
    "9": [
        0.06629119813365249,
        19815
    ],
    "10": [
        0.04799217901921962,
        19156
    ],
    "11": [
        0.060788918136538105,
        19245
    ],
    "12": [
        0.04743194178876365,
        18295
    ],
    "13": [
        0.056509989745413644,
        19907
    ],
    "14": [
        0.062118636031216395,
        20072
    ]
}