{
    "0": [
        0.046309266682308975,
        16648
    ],
    "1": [
        0.051122713434430596,
        17432
    ],
    "2": [
        0.06571360026605337,
        16463
    ],
    "3": [
        0.09215145133255369,
        17394
    ],
    "4": [
        0.05407607923767587,
        17879
    ],
    "5": [
        0.1135374007347925,
        19436
    ],
    "6": [
        0.06997526724034514,
        18539
    ],
    "7": [
        0.04380129512285322,
        16541
    ],
    "8": [
        0.04937435883132026,
        16932
    ],
    "9": [
        0.05459096712215031,
        17914
    ],
    "10": [
        0.06345687237276039,
        17286
    ],
    "11": [
        0.09664771406876392,
        21580
    ],
    "12": [
        0.05267575466777001,
        16509
    ],
    "13": [
        0.053911911521778634,
        17078
    ],
    "14": [
        0.09265534736444321,
        19043
    ]
}