{
    "0": [
        0.05482754642084839,
        15409
    ],
    "1": [
        0.0652532210659246,
        15374
    ],
    "2": [
        0.0977456046987546,
        18905
    ],
    "3": [
        0.05912397060106005,
        17050
    ],
    "4": [
        0.07014404777263,
        17933
    ],
    "5": [
        0.05619235671571526,
        16603
    ],
    "6": [
        0.05385257306470029,
        17494
    ],
    "7": [
        0.06288355896908082,
        17610
    ],
    "8": [
        0.07877735779255218,
        18483
    ],
    "9": [
        0.074733392616433,
        18956
    ],
    "10": [
        0.06466592983791873,
        17131
    ],
    "11": [
        0.08701372006066528,
        18263
    ],
    "12": [
        0.05942982920825742,
        16629
    ],
    "13": [
        0.06227260249297467,
        18182
    ],
    "14": [
        0.05308428868248452,
        17954
    ]
}