{
    "0": [
        0.0504462570832579,
        17704
    ],
    "1": [
        0.053669264362938535,
        18724
    ],
    "2": [
        0.08445442326576773,
        19505
    ],
    "3": [
        0.08316400564106795,
        18278
    ],
    "4": [
        0.041720919934023416,
        15957
    ],
    "5": [
        0.045970965144686717,
        16660
    ],
    "6": [
        0.05775538291829954,
        17242
    ],
    "7": [
        0.0820582465525525,
        18953
    ],
    "8": [
        0.07599153383564507,
        17620
    ],
    "9": [
        0.0698811974869978,
        19606
    ],
    "10": [
        0.059538091942253096,
        17152
    ],
    "11": [
        0.1202762698579758,
        21016
    ],
    "12": [
        0.052644166994301786,
        17958
    ],
    "13": [
        0.04819617757885552,
        17699
    ],
    "14": [
        0.0742330974013766,
        18988
    ]
}