{
    "0": [
        0.05968696584443109,
        18800
    ],
    "1": [
        0.0647888135031238,
        17026
    ],
    "2": [
        0.042658348738107234,
        15879
    ],
    "3": [
        0.07258056320467732,
        18693
    ],
    "4": [
        0.05403556846870214,
        18230
    ],
    "5": [
        0.05155748423418577,
        17386
    ],
    "6": [
        0.06098262127867679,
        17351
    ],
    "7": [
        0.06813967061457958,
        19691
    ],
    "8": [
        0.05890873004800343,
        18090
    ],
    "9": [
        0.09882470146146069,
        19571
    ],
    "10": [
        0.06673486333695366,
        16716
    ],
    "11": [
        0.042120280213324604,
        15625
    ],
    "12": [
        0.11446923421450764,
        18128
    ],
    "13": [
        0.07604321309567488,
        19691
    ],
    "14": [
        0.06846894174359137,
        18570
    ]
}