{
    "0": [
        0.07263115298375465,
        19224
    ],
    "1": [
        0.052912144018375844,
        17637
    ],
    "2": [
        0.11095727211544248,
        20953
    ],
    "3": [
        0.052987189847555,
        17472
    ],
    "4": [
        0.06438925560711753,
        17701
    ],
    "5": [
        0.05922268794839222,
        18849
    ],
    "6": [
        0.0892147000070038,
        19381
    ],
    "7": [
        0.06259020394984793,
        19810
    ],
    "8": [
        0.0580251689924264,
        18371
    ],
    "9": [
        0.0513232006089473,
        17017
    ],
    "10": [
        0.09827019628214956,
        19976
    ],
    "11": [
        0.05253725541531893,
        19841
    ],
    "12": [
        0.06711747064321372,
        19212
    ],
    "13": [
        0.05406975785655766,
        18873
    ],
    "14": [
        0.053752343723896756,
        17495
    ]
}