{
    "0": [
        0.07685497015079053,
        19911
    ],
    "1": [
        0.0841170387364849,
        20947
    ],
    "2": [
        0.05029540971458296,
        17550
    ],
    "3": [
        0.04980967325648006,
        17369
    ],
    "4": [
        0.06160992130397011,
        17171
    ],
    "5": [
        0.06284845822716591,
        16955
    ],
    "6": [
        0.06362239084406301,
        17677
    ],
    "7": [
        0.08025788067609049,
        17246
    ],
    "8": [
        0.0754313845039123,
        19602
    ],
    "9": [
        0.03609874520856297,
        16368
    ],
    "10": [
        0.06009248544292246,
        17437
    ],
    "11": [
        0.08066870903665592,
        18824
    ],
    "12": [
        0.06420333649196315,
        18540
    ],
    "13": [
        0.07605056429260289,
        19216
    ],
    "14": [
        0.07803903211375249,
        19933
    ]
}