{
    "0": [
        0.06605247707862093,
        17636
    ],
    "1": [
        0.06854165858266227,
        18798
    ],
    "2": [
        0.06638665916510683,
        18520
    ],
    "3": [
        0.05873322595378745,
        17452
    ],
    "4": [
        0.10249081827246717,
        19252
    ],
    "5": [
        0.04440158562183598,
        17302
    ],
    "6": [
        0.0719197415269425,
        17034
    ],
    "7": [
        0.054706527258120856,
        17519
    ],
    "8": [
        0.06814339137886087,
        17570
    ],
    "9": [
        0.08663525235627827,
        20272
    ],
    "10": [
        0.047022718412144296,
        16395
    ],
    "11": [
        0.07167452910249517,
        19341
    ],
    "12": [
        0.060015397958792925,
        16278
    ],
    "13": [
        0.05681361429788313,
        17973
    ],
    "14": [
        0.07646240303400119,
        18437
    ]
}