{
    "0": [
        0.06758923414294075,
        19635
    ],
    "1": [
        0.07060147558114917,
        19459
    ],
    "2": [
        0.06453740215355407,
        18226
    ],
    "3": [
        0.08369891308610485,
        18744
    ],
    "4": [
        0.044618245453052936,
        16754
    ],
    "5": [
        0.06796665494853919,
        17934
    ],
    "6": [
        0.06651191674941508,
        18550
    ],
    "7": [
        0.06400778939671826,
        18270
    ],
    "8": [
        0.05996162189100838,
        18719
    ],
    "9": [
        0.0758995151629876,
        17448
    ],
    "10": [
        0.05776104489676516,
        18408
    ],
    "11": [
        0.06293631929992312,
        19341
    ],
    "12": [
        0.07036231405842228,
        18913
    ],
    "13": [
        0.06652258252066641,
        18526
    ],
    "14": [
        0.07702497065875268,
        18953
    ]
}