{
    "0": [
        0.06961098674196978,
        18218
    ],
    "1": [
        0.07437890171938845,
        18386
    ],
    "2": [
        0.051552186358343216,
        17424
    ],
    "3": [
        0.10190689469813834,
        19039
    ],
    "4": [
        0.06817900894188322,
        20110
    ],
    "5": [
        0.06974616394278081,
        18077
    ],
    "6": [
        0.05026354154000121,
        17429
    ],
    "7": [
        0.07086642965056299,
        19751
    ],
    "8": [
        0.07261743836230801,
        18668
    ],
    "9": [
        0.05230582594920201,
        18665
    ],
    "10": [
        0.06355709046303933,
        18448
    ],
    "11": [
        0.060389606721350145,
        19153
    ],
    "12": [
        0.05453209059724964,
        16908
    ],
    "13": [
        0.05631145271210976,
        17413
    ],
    "14": [
        0.08378238160167305,
        19170
    ]
}