{
    "0": [
        0.061369327720095936,
        20232
    ],
    "1": [
        0.073459181628893,
        20399
    ],
    "2": [
        0.06054851923087757,
        19782
    ],
    "3": [
        0.08096268861344731,
        18719
    ],
    "4": [
        0.06755326477770528,
        20326
    ],
    "5": [
        0.07510094979971897,
        20939
    ],
    "6": [
        0.05823873659514533,
        17994
    ],
    "7": [
        0.05893316820029205,
        18757
    ],
    "8": [
        0.07707485172818647,
        20474
    ],
    "9": [
        0.051088725535266534,
        18217
    ],
    "10": [
        0.054826037355281604,
        18695
    ],
    "11": [
        0.10730928847616585,
        22144
    ],
    "12": [
        0.043024872643357956,
        17022
    ],
    "13": [
        0.08759228923638226,
        20856
    ],
    "14": [
        0.04291809845918382,
        17337
    ]
}