{
    "0": [
        0.08702983493681618,
        18926
    ],
    "1": [
        0.0742811611453574,
        18388
    ],
    "2": [
        0.04973526440052244,
        18092
    ],
    "3": [
        0.084545546791872,
        18253
    ],
    "4": [
        0.06384051211259292,
        17392
    ],
    "5": [
        0.06662112372094485,
        17837
    ],
    "6": [
        0.07998004896156788,
        19081
    ],
    "7": [
        0.0741790421641831,
        19249
    ],
    "8": [
        0.08146854614561867,
        17051
    ],
    "9": [
        0.04137733952387549,
        16858
    ],
    "10": [
        0.07065709768907465,
        18776
    ],
    "11": [
        0.061486930648104496,
        17320
    ],
    "12": [
        0.0775259665398797,
        19554
    ],
    "13": [
        0.04134051365525672,
        16590
    ],
    "14": [
        0.045931071564333625,
        17352
    ]
}