{
    "0": [
        0.10303353337231123,
        19462
    ],
    "1": [
        0.05725675477144771,
        17476
    ],
    "2": [
        0.0771946819198819,
        17892
    ],
    "3": [
        0.051599556350080636,
        17734
    ],
    "4": [
        0.05088880104497252,
        16940
    ],
    "5": [
        0.08368936545918279,
        19607
    ],
    "6": [
        0.0712104609724797,
        20749
    ],
    "7": [
        0.06732202269122486,
        17665
    ],
    "8": [
        0.057244158507330764,
        17284
    ],
    "9": [
        0.06277807639817953,
        18120
    ],
    "10": [
        0.06945570526852463,
        18571
    ],
    "11": [
        0.06529090320226516,
        19334
    ],
    "12": [
        0.08043657103287488,
        17988
    ],
    "13": [
        0.04654651944816151,
        18016
    ],
    "14": [
        0.056052889561082266,
        16523
    ]
}