{
    "0": [
        0.0680048155971109,
        19319
    ],
    "1": [
        0.057416888972535045,
        17560
    ],
    "2": [
        0.05681814989776874,
        17603
    ],
    "3": [
        0.07797816679185526,
        18992
    ],
    "4": [
        0.08127620331221098,
        20916
    ],
    "5": [
        0.07339304253762881,
        19036
    ],
    "6": [
        0.08210569301070558,
        20211
    ],
    "7": [
        0.04244289900879752,
        17002
    ],
    "8": [
        0.06112697055874991,
        19361
    ],
    "9": [
        0.07332092158322019,
        18486
    ],
    "10": [
        0.06486443278875548,
        19140
    ],
    "11": [
        0.08754749890899265,
        21665
    ],
    "12": [
        0.060375655902404804,
        18385
    ],
    "13": [
        0.06848240507361869,
        20231
    ],
    "14": [
        0.044846256055645545,
        17144
    ]
}