{
    "0": [
        0.0445559659726361,
        16002
    ],
    "1": [
        0.07314627374806314,
        18198
    ],
    "2": [
        0.05435817994454749,
        17283
    ],
    "3": [
        0.06236624243506373,
        17635
    ],
    "4": [
        0.07251161428531404,
        18489
    ],
    "5": [
        0.07183107332185411,
        18355
    ],
    "6": [
        0.04957800700816005,
        17160
    ],
    "7": [
        0.06888798648528327,
        17414
    ],
    "8": [
        0.07143818834330468,
        17964
    ],
    "9": [
        0.10163737091526698,
        19090
    ],
    "10": [
        0.07113852550027001,
        18354
    ],
    "11": [
        0.07805179977487871,
        17885
    ],
    "12": [
        0.07127060755810066,
        18421
    ],
    "13": [
        0.05463347611597795,
        18021
    ],
    "14": [
        0.05459468859127925,
        17020
    ]
}