{
    "0": [
        0.09494594070853958,
        20348
    ],
    "1": [
        0.07713588498791636,
        18082
    ],
    "2": [
        0.05935435186203102,
        17149
    ],
    "3": [
        0.10406635532152529,
        19827
    ],
    "4": [
        0.05193970531002364,
        17058
    ],
    "5": [
        0.058365208201374884,
        19186
    ],
    "6": [
        0.052991661740612775,
        17970
    ],
    "7": [
        0.05630076726203872,
        17175
    ],
    "8": [
        0.045638067120486604,
        16124
    ],
    "9": [
        0.06338240089591214,
        19532
    ],
    "10": [
        0.06502380780340396,
        17342
    ],
    "11": [
        0.06961405507980006,
        19939
    ],
    "12": [
        0.09540644100679779,
        19934
    ],
    "13": [
        0.057342440506853665,
        18835
    ],
    "14": [
        0.048492912192683695,
        17683
    ]
}