{
    "0": [
        0.0747792231629912,
        18970
    ],
    "1": [
        0.05179424688679765,
        17904
    ],
    "2": [
        0.05619108824759106,
        17596
    ],
    "3": [
        0.06627686515315259,
        17397
    ],
    "4": [
        0.04911311336459887,
        17539
    ],
    "5": [
        0.05225819183941237,
        17104
    ],
    "6": [
        0.05371740401791186,
        17977
    ],
    "7": [
        0.050602341270525854,
        17151
    ],
    "8": [
        0.08328571149681148,
        19012
    ],
    "9": [
        0.07858919897515994,
        19431
    ],
    "10": [
        0.06321660502183925,
        18128
    ],
    "11": [
        0.06612770503484466,
        18361
    ],
    "12": [
        0.07547239814728327,
        19450
    ],
    "13": [
        0.055298665843687714,
        16930
    ],
    "14": [
        0.12327724153739222,
        21384
    ]
}