{
    "0": [
        0.04937421584251664,
        18428
    ],
    "1": [
        0.07028012771889501,
        18442
    ],
    "2": [
        0.06412702306994959,
        18477
    ],
    "3": [
        0.08574770042403915,
        19828
    ],
    "4": [
        0.06403778554268577,
        17107
    ],
    "5": [
        0.07011512615796824,
        17461
    ],
    "6": [
        0.0764621409315697,
        18610
    ],
    "7": [
        0.062531137941454,
        17918
    ],
    "8": [
        0.08121687494563638,
        19146
    ],
    "9": [
        0.08037162486059017,
        18723
    ],
    "10": [
        0.066833656750678,
        17583
    ],
    "11": [
        0.03916327610243203,
        16026
    ],
    "12": [
        0.06281669514560005,
        17902
    ],
    "13": [
        0.058020491304054664,
        18157
    ],
    "14": [
        0.06890212326193078,
        19328
    ]
}