{
    "0": [
        0.10038941718614276,
        19091
    ],
    "1": [
        0.061866362003420834,
        19498
    ],
    "2": [
        0.0703991400450602,
        18975
    ],
    "3": [
        0.07273802387785287,
        19082
    ],
    "4": [
        0.047016416043551314,
        17075
    ],
    "5": [
        0.06049248268646212,
        17554
    ],
    "6": [
        0.08816236067041772,
        19666
    ],
    "7": [
        0.06305755742956413,
        18253
    ],
    "8": [
        0.08143755153946673,
        19960
    ],
    "9": [
        0.07443966493384188,
        19017
    ],
    "10": [
        0.049295668133195816,
        17581
    ],
    "11": [
        0.054077320173189315,
        17575
    ],
    "12": [
        0.047766019899527876,
        17250
    ],
    "13": [
        0.07496173759846043,
        19244
    ],
    "14": [
        0.05390027777984594,
        17626
    ]
}