{
    "0": [
        0.06688260697970183,
        17830
    ],
    "1": [
        0.05473475078481103,
        16468
    ],
    "2": [
        0.06784700072603465,
        17960
    ],
    "3": [
        0.05920578186453293,
        16475
    ],
    "4": [
        0.08675205410793048,
        18568
    ],
    "5": [
        0.0509944796972888,
        15797
    ],
    "6": [
        0.08342195252413469,
        18183
    ],
    "7": [
        0.0648230304354305,
        15622
    ],
    "8": [
        0.07934696284366184,
        16870
    ],
    "9": [
        0.07129348102443714,
        17185
    ],
    "10": [
        0.05780196471761344,
        17555
    ],
    "11": [
        0.0662649563078494,
        15636
    ],
    "12": [
        0.05637405045939294,
        16260
    ],
    "13": [
        0.06912912347149285,
        17108
    ],
    "14": [
        0.06512780405568758,
        16272
    ]
}