{
    "0": [
        0.0496309054810562,
        17113
    ],
    "1": [
        0.06181076453795254,
        19370
    ],
    "2": [
        0.0561526757002007,
        17419
    ],
    "3": [
        0.07533098177768455,
        19704
    ],
    "4": [
        0.07842206965438925,
        19602
    ],
    "5": [
        0.06659373908565079,
        20005
    ],
    "6": [
        0.0772484451160508,
        18198
    ],
    "7": [
        0.07858453440258184,
        20338
    ],
    "8": [
        0.07982246839122875,
        18353
    ],
    "9": [
        0.057925591643222175,
        19201
    ],
    "10": [
        0.0627230422511852,
        18603
    ],
    "11": [
        0.06160341534522162,
        17999
    ],
    "12": [
        0.06257448341868381,
        19526
    ],
    "13": [
        0.06841556497649791,
        19908
    ],
    "14": [
        0.06316131821839385,
        19782
    ]
}