{
    "0": [
        0.0820837042063518,
        20697
    ],
    "1": [
        0.053749135316331596,
        18479
    ],
    "2": [
        0.053224408892754954,
        17899
    ],
    "3": [
        0.08074304406883648,
        17188
    ],
    "4": [
        0.07651093438227835,
        18738
    ],
    "5": [
        0.07609733179373539,
        18217
    ],
    "6": [
        0.08014329081858129,
        18869
    ],
    "7": [
        0.06917837583810892,
        19248
    ],
    "8": [
        0.059013148032803525,
        17145
    ],
    "9": [
        0.0869706745731369,
        19684
    ],
    "10": [
        0.054694285545814895,
        18414
    ],
    "11": [
        0.05158141652000919,
        18213
    ],
    "12": [
        0.05661737247041869,
        18190
    ],
    "13": [
        0.061878355365479976,
        17927
    ],
    "14": [
        0.05751452217535814,
        17827
    ]
}