{
    "0": [
        0.0610763943652056,
        20229
    ],
    "1": [
        0.07589161594196199,
        21848
    ],
    "2": [
        0.0628011802445963,
        20651
    ],
    "3": [
        0.07005562296273361,
        20099
    ],
    "4": [
        0.07452033354877655,
        18249
    ],
    "5": [
        0.0656579528264473,
        20247
    ],
    "6": [
        0.05091551443416349,
        19601
    ],
    "7": [
        0.0762001382626486,
        21640
    ],
    "8": [
        0.06581895620752375,
        19073
    ],
    "9": [
        0.09063972903618306,
        21456
    ],
    "10": [
        0.051889681420565645,
        19482
    ],
    "11": [
        0.0667025185813855,
        21273
    ],
    "12": [
        0.058104483240465916,
        19687
    ],
    "13": [
        0.07521673996637473,
        19124
    ],
    "14": [
        0.05450913896096801,
        20120
    ]
}