{
    "0": [
        183.70408346551986,
        0
    ],
    "1": [
        178.83933210419306,
        0
    ],
    "2": [
        119.47202879523518,
        0
    ],
    "3": [
        108.57790009873196,
        0
    ],
    "4": [
        154.79028363243145,
        0
    ],
    "5": [
        101.9778789478069,
        0
    ],
    "6": [
        177.73909456060028,
        0
    ],
    "7": [
        127.59402728740372,
        0
    ],
    "8": [
        100.44347120170544,
        0
    ],
    "9": [
        116.66389548343935,
        0
    ],
    "10": [
        126.61469416124388,
        0
    ],
    "11": [
        145.4637790756601,
        0
    ],
    "12": [
        115.43707291801012,
        0
    ],
    "13": [
        232.00487483595194,
        0
    ],
    "14": [
        147.6785156536446,
        0
    ]
}