{
    "0": [
        113.48754530237939,
        0
    ],
    "1": [
        113.05575474961975,
        0
    ],
    "2": [
        122.671042746116,
        0
    ],
    "3": [
        147.67115037256283,
        0
    ],
    "4": [
        162.30468543093488,
        0
    ],
    "5": [
        183.55479659749872,
        0
    ],
    "6": [
        222.00604947987745,
        0
    ],
    "7": [
        196.84225234095007,
        0
    ],
    "8": [
        119.25901489252531,
        0
    ],
    "9": [
        179.87765113905905,
        0
    ],
    "10": [
        97.30917858935247,
        0
    ],
    "11": [
        172.9089533604595,
        0
    ],
    "12": [
        110.28814008484886,
        0
    ],
    "13": [
        132.65374058767003,
        0
    ],
    "14": [
        143.57583235024796,
        0
    ]
}