{
    "0": [
        152.73791846423694,
        0
    ],
    "1": [
        78.86407870012464,
        0
    ],
    "2": [
        183.07189845279683,
        0
    ],
    "3": [
        105.88142306816351,
        0
    ],
    "4": [
        136.6797363427152,
        0
    ],
    "5": [
        196.94648533931036,
        0
    ],
    "6": [
        213.95415381481644,
        0
    ],
    "7": [
        100.60712579982308,
        0
    ],
    "8": [
        155.7478762778341,
        0
    ],
    "9": [
        176.88453392843545,
        0
    ],
    "10": [
        53.491497643434194,
        0
    ],
    "11": [
        167.28246851012761,
        0
    ],
    "12": [
        111.11470952151427,
        0
    ],
    "13": [
        76.44726385976176,
        0
    ],
    "14": [
        194.94690085682967,
        0
    ]
}