{
    "0": [
        120.68228794633285,
        0
    ],
    "1": [
        172.83412050977657,
        0
    ],
    "2": [
        185.66241164716996,
        0
    ],
    "3": [
        99.2099627112718,
        0
    ],
    "4": [
        86.75777940206324,
        0
    ],
    "5": [
        202.25146476106949,
        0
    ],
    "6": [
        90.87879390116495,
        0
    ],
    "7": [
        196.2082498424936,
        0
    ],
    "8": [
        124.7746132808011,
        0
    ],
    "9": [
        178.61477780519488,
        0
    ],
    "10": [
        103.22606283390377,
        0
    ],
    "11": [
        135.53388913807572,
        0
    ],
    "12": [
        179.97383153081333,
        0
    ],
    "13": [
        133.98085729592188,
        0
    ],
    "14": [
        131.29352780712927,
        0
    ]
}