{
    "0": [
        129.5192040264747,
        0
    ],
    "1": [
        156.5844599643169,
        0
    ],
    "2": [
        167.502476406334,
        0
    ],
    "3": [
        88.40439865846959,
        0
    ],
    "4": [
        115.51078760796787,
        0
    ],
    "5": [
        128.0333417417823,
        0
    ],
    "6": [
        158.72443208136013,
        0
    ],
    "7": [
        121.45298750041407,
        0
    ],
    "8": [
        104.51858640418813,
        0
    ],
    "9": [
        200.24206557325346,
        0
    ],
    "10": [
        115.40296623086535,
        0
    ],
    "11": [
        143.9046732517784,
        0
    ],
    "12": [
        117.39897374594706,
        0
    ],
    "13": [
        112.39694303422931,
        0
    ],
    "14": [
        132.56524926665327,
        0
    ]
}