{
    "0": [
        120.61378684183406,
        0
    ],
    "1": [
        153.1559505221122,
        0
    ],
    "2": [
        105.14326940124175,
        0
    ],
    "3": [
        121.84330030603427,
        0
    ],
    "4": [
        145.61076570121966,
        0
    ],
    "5": [
        131.06711269605253,
        0
    ],
    "6": [
        138.98709470698807,
        0
    ],
    "7": [
        149.0588140204764,
        0
    ],
    "8": [
        143.0979119963325,
        0
    ],
    "9": [
        129.7638661599072,
        0
    ],
    "10": [
        109.73445287925173,
        0
    ],
    "11": [
        175.87024529419224,
        0
    ],
    "12": [
        109.0274043753845,
        0
    ],
    "13": [
        126.77710215394686,
        0
    ],
    "14": [
        92.47061145384293,
        0
    ]
}