{
    "0": [
        88.91885620765098,
        0
    ],
    "1": [
        120.64523925821109,
        0
    ],
    "2": [
        196.85067190606114,
        0
    ],
    "3": [
        145.62181618611655,
        0
    ],
    "4": [
        116.34300799513905,
        0
    ],
    "5": [
        124.25348719114832,
        0
    ],
    "6": [
        107.12413462469202,
        0
    ],
    "7": [
        141.28660198411447,
        0
    ],
    "8": [
        129.79208793218763,
        0
    ],
    "9": [
        171.20367569137747,
        0
    ],
    "10": [
        202.5193260893774,
        0
    ],
    "11": [
        98.86600896146271,
        0
    ],
    "12": [
        171.01189634793224,
        0
    ],
    "13": [
        189.84295572601707,
        0
    ],
    "14": [
        104.3587222613698,
        0
    ]
}