{
    "0": [
        85.76932385699651,
        0
    ],
    "1": [
        123.54991748627648,
        0
    ],
    "2": [
        95.96027164922724,
        0
    ],
    "3": [
        105.27562859677737,
        0
    ],
    "4": [
        220.34142523228934,
        0
    ],
    "5": [
        110.83614578180294,
        0
    ],
    "6": [
        133.263286560037,
        0
    ],
    "7": [
        178.84112801912636,
        0
    ],
    "8": [
        120.2339696994807,
        0
    ],
    "9": [
        166.8567195335633,
        0
    ],
    "10": [
        180.64894147568106,
        0
    ],
    "11": [
        214.15858816432464,
        0
    ],
    "12": [
        218.30656754963795,
        0
    ],
    "13": [
        136.21870135510812,
        0
    ],
    "14": [
        191.85098345363198,
        0
    ]
}