{
    "0": [
        117.61431417691587,
        0
    ],
    "1": [
        161.8550938143463,
        0
    ],
    "2": [
        151.1214509080969,
        0
    ],
    "3": [
        182.6939224888692,
        0
    ],
    "4": [
        130.4454595880778,
        0
    ],
    "5": [
        187.62331142599825,
        0
    ],
    "6": [
        170.903679849884,
        0
    ],
    "7": [
        91.90584595626119,
        0
    ],
    "8": [
        206.4537528243889,
        0
    ],
    "9": [
        105.04656355049825,
        0
    ],
    "10": [
        145.09715177707042,
        0
    ],
    "11": [
        101.51186225478608,
        0
    ],
    "12": [
        119.83503986890467,
        0
    ],
    "13": [
        105.08922496978707,
        0
    ],
    "14": [
        112.3932706596763,
        0
    ]
}