{
    "0": [
        121.38229078516471,
        0
    ],
    "1": [
        125.90402928667116,
        0
    ],
    "2": [
        119.63731394178521,
        0
    ],
    "3": [
        161.78341132922796,
        0
    ],
    "4": [
        194.35210820253985,
        0
    ],
    "5": [
        122.40970848390914,
        0
    ],
    "6": [
        216.47670912601527,
        0
    ],
    "7": [
        96.66565922246795,
        0
    ],
    "8": [
        75.98046760649679,
        0
    ],
    "9": [
        86.97219240281069,
        0
    ],
    "10": [
        117.31952498090021,
        0
    ],
    "11": [
        232.0169776343387,
        0
    ],
    "12": [
        102.30081538492664,
        0
    ],
    "13": [
        110.87365228090141,
        0
    ],
    "14": [
        223.2663892714485,
        0
    ]
}