{
    "0": [
        98.65185211115727,
        0
    ],
    "1": [
        131.04060036582374,
        0
    ],
    "2": [
        112.29255672132385,
        0
    ],
    "3": [
        155.47886868257487,
        0
    ],
    "4": [
        177.7913949904538,
        0
    ],
    "5": [
        166.2246028849203,
        0
    ],
    "6": [
        137.67094462809263,
        0
    ],
    "7": [
        215.93423614225097,
        0
    ],
    "8": [
        126.17052558092156,
        0
    ],
    "9": [
        185.6703417470046,
        0
    ],
    "10": [
        136.13168045225635,
        0
    ],
    "11": [
        111.96822525741602,
        0
    ],
    "12": [
        159.0742669091503,
        0
    ],
    "13": [
        179.67006482113007,
        0
    ],
    "14": [
        138.17715608324292,
        0
    ]
}