{
    "0": [
        148.64017531538417,
        0
    ],
    "1": [
        153.94224085437398,
        0
    ],
    "2": [
        125.05534031624083,
        0
    ],
    "3": [
        151.8681806537177,
        0
    ],
    "4": [
        170.76332901652802,
        0
    ],
    "5": [
        113.35251808258411,
        0
    ],
    "6": [
        75.74293150499777,
        0
    ],
    "7": [
        181.1643130347298,
        0
    ],
    "8": [
        223.73299825464477,
        0
    ],
    "9": [
        133.39357167861158,
        0
    ],
    "10": [
        69.04484485498686,
        0
    ],
    "11": [
        94.57667171661565,
        0
    ],
    "12": [
        209.43849402614646,
        0
    ],
    "13": [
        162.60041698890035,
        0
    ],
    "14": [
        106.90416952842017,
        0
    ]
}