{
    "0": [
        182.4061006773513,
        0
    ],
    "1": [
        64.0056412191675,
        0
    ],
    "2": [
        109.76856300791154,
        0
    ],
    "3": [
        167.8252134995053,
        0
    ],
    "4": [
        164.8028488783686,
        0
    ],
    "5": [
        89.90113355459194,
        0
    ],
    "6": [
        166.977923478156,
        0
    ],
    "7": [
        142.02918737221987,
        0
    ],
    "8": [
        102.6960892383159,
        0
    ],
    "9": [
        180.8756055763869,
        0
    ],
    "10": [
        165.73585352241892,
        0
    ],
    "11": [
        121.37057024508891,
        0
    ],
    "12": [
        88.39619795141078,
        0
    ],
    "13": [
        138.64017859414236,
        0
    ],
    "14": [
        99.47284524691139,
        0
    ]
}