{
    "0": [
        178.12430097216625,
        0
    ],
    "1": [
        172.47094813872243,
        0
    ],
    "2": [
        157.49518081366458,
        0
    ],
    "3": [
        199.61300218359682,
        0
    ],
    "4": [
        125.07071210429608,
        0
    ],
    "5": [
        113.41852417164964,
        0
    ],
    "6": [
        131.99836788831794,
        0
    ],
    "7": [
        200.38857358819524,
        0
    ],
    "8": [
        115.15919028162489,
        0
    ],
    "9": [
        100.58820006906333,
        0
    ],
    "10": [
        164.60130800900578,
        0
    ],
    "11": [
        140.87345005582026,
        0
    ],
    "12": [
        124.77383635203066,
        0
    ],
    "13": [
        141.0633192383617,
        0
    ],
    "14": [
        198.2811160198839,
        0
    ]
}