{
    "0": [
        180.00269957634464,
        0
    ],
    "1": [
        115.16461737781202,
        0
    ],
    "2": [
        120.551317772819,
        0
    ],
    "3": [
        88.80822324172497,
        0
    ],
    "4": [
        173.818689367811,
        0
    ],
    "5": [
        153.9400706880261,
        0
    ],
    "6": [
        150.9947066501116,
        0
    ],
    "7": [
        108.71479984717448,
        0
    ],
    "8": [
        104.18463286541589,
        0
    ],
    "9": [
        119.95029462903076,
        0
    ],
    "10": [
        113.69611589093063,
        0
    ],
    "11": [
        239.76860616202697,
        0
    ],
    "12": [
        73.81047917708918,
        0
    ],
    "13": [
        209.9774020836775,
        0
    ],
    "14": [
        119.27790356812689,
        0
    ]
}