{
    "0": [
        127.27941333805009,
        0
    ],
    "1": [
        180.94115887371365,
        0
    ],
    "2": [
        150.48331020491128,
        0
    ],
    "3": [
        136.08412654887874,
        0
    ],
    "4": [
        164.2122769956581,
        0
    ],
    "5": [
        75.42271446432869,
        0
    ],
    "6": [
        129.8519220114863,
        0
    ],
    "7": [
        182.8877311721781,
        0
    ],
    "8": [
        176.8947384765906,
        0
    ],
    "9": [
        169.42766707774385,
        0
    ],
    "10": [
        139.4523171285482,
        0
    ],
    "11": [
        123.45990679554963,
        0
    ],
    "12": [
        166.1409458273327,
        0
    ],
    "13": [
        182.27197656538402,
        0
    ],
    "14": [
        86.3492115680769,
        0
    ]
}