{
    "0": [
        91.69297375924019,
        0
    ],
    "1": [
        120.4926291221416,
        0
    ],
    "2": [
        130.79475668508593,
        0
    ],
    "3": [
        129.79247496886717,
        0
    ],
    "4": [
        133.40740127383702,
        0
    ],
    "5": [
        89.79868543900544,
        0
    ],
    "6": [
        184.38188724612223,
        0
    ],
    "7": [
        202.40055359000874,
        0
    ],
    "8": [
        133.96044271857426,
        0
    ],
    "9": [
        193.82860970034463,
        0
    ],
    "10": [
        123.8282588806734,
        0
    ],
    "11": [
        122.46400973024875,
        0
    ],
    "12": [
        256.09964882291416,
        0
    ],
    "13": [
        126.07399500324689,
        0
    ],
    "14": [
        136.41614757382254,
        0
    ]
}