{
    "0": [
        155.04064018100826,
        0
    ],
    "1": [
        141.76414736520286,
        0
    ],
    "2": [
        160.7182871517713,
        0
    ],
    "3": [
        175.6552807416192,
        0
    ],
    "4": [
        175.3241517240919,
        0
    ],
    "5": [
        98.00745269284029,
        0
    ],
    "6": [
        164.35663802213304,
        0
    ],
    "7": [
        108.52500548768492,
        0
    ],
    "8": [
        172.05212232352895,
        0
    ],
    "9": [
        142.21976735566935,
        0
    ],
    "10": [
        146.3037578587066,
        0
    ],
    "11": [
        77.80854297141312,
        0
    ],
    "12": [
        98.81105775772212,
        0
    ],
    "13": [
        89.92607374804348,
        0
    ],
    "14": [
        140.00489669072397,
        0
    ]
}