{
    "0": [
        185.33365394275802,
        0
    ],
    "1": [
        111.61314643906036,
        0
    ],
    "2": [
        119.96448238019839,
        0
    ],
    "3": [
        139.26916200576807,
        0
    ],
    "4": [
        142.75507622809252,
        0
    ],
    "5": [
        163.8283510853332,
        0
    ],
    "6": [
        177.26519537719136,
        0
    ],
    "7": [
        166.66352188889726,
        0
    ],
    "8": [
        143.0201652630767,
        0
    ],
    "9": [
        153.56579039508347,
        0
    ],
    "10": [
        94.44274545515178,
        0
    ],
    "11": [
        104.13701369908867,
        0
    ],
    "12": [
        169.90330905104418,
        0
    ],
    "13": [
        106.30424179201222,
        0
    ],
    "14": [
        199.16576750620501,
        0
    ]
}