{
    "0": [
        122.64809960786538,
        0
    ],
    "1": [
        139.80321416704982,
        0
    ],
    "2": [
        142.1353491421252,
        0
    ],
    "3": [
        113.09996063175916,
        0
    ],
    "4": [
        131.2274526542392,
        0
    ],
    "5": [
        116.94034427513196,
        0
    ],
    "6": [
        229.15371996387006,
        0
    ],
    "7": [
        160.9014555518429,
        0
    ],
    "8": [
        136.19352961871394,
        0
    ],
    "9": [
        204.52160679456307,
        0
    ],
    "10": [
        171.8158284856938,
        0
    ],
    "11": [
        82.78204033157982,
        0
    ],
    "12": [
        119.40942738831731,
        0
    ],
    "13": [
        162.24899870813255,
        0
    ],
    "14": [
        131.3969868698899,
        0
    ]
}