{
    "0": [
        72.31346088792871,
        0
    ],
    "1": [
        157.06781725301477,
        0
    ],
    "2": [
        147.8102459174994,
        0
    ],
    "3": [
        166.92980157873768,
        0
    ],
    "4": [
        219.8891264888472,
        0
    ],
    "5": [
        150.17682725351182,
        0
    ],
    "6": [
        125.3317658510962,
        0
    ],
    "7": [
        190.01261045247105,
        0
    ],
    "8": [
        77.5070969093309,
        0
    ],
    "9": [
        155.8413233057197,
        0
    ],
    "10": [
        184.2674823681844,
        0
    ],
    "11": [
        85.54041671387704,
        0
    ],
    "12": [
        157.56523651326123,
        0
    ],
    "13": [
        133.5531940036786,
        0
    ],
    "14": [
        124.06893460963676,
        0
    ]
}