{
    "0": [
        170.03003788017065,
        0
    ],
    "1": [
        208.76014838358057,
        0
    ],
    "2": [
        146.33816884604232,
        0
    ],
    "3": [
        88.24138869274496,
        0
    ],
    "4": [
        109.28389504934759,
        0
    ],
    "5": [
        189.69296414597432,
        0
    ],
    "6": [
        116.54986000809438,
        0
    ],
    "7": [
        129.23082394825306,
        0
    ],
    "8": [
        112.77335882014154,
        0
    ],
    "9": [
        118.48468551657784,
        0
    ],
    "10": [
        199.4481956125069,
        0
    ],
    "11": [
        168.91658421466454,
        0
    ],
    "12": [
        83.22034271670925,
        0
    ],
    "13": [
        165.36355692631741,
        0
    ],
    "14": [
        91.60812977396098,
        0
    ]
}