{
    "0": [
        179.88884335664207,
        0
    ],
    "1": [
        184.28703761214967,
        0
    ],
    "2": [
        92.49090255544664,
        0
    ],
    "3": [
        145.2998948522765,
        0
    ],
    "4": [
        172.60754504150933,
        0
    ],
    "5": [
        147.95216765372675,
        0
    ],
    "6": [
        148.00482809059358,
        0
    ],
    "7": [
        115.77752262138466,
        0
    ],
    "8": [
        100.26330953406729,
        0
    ],
    "9": [
        111.62179552206857,
        0
    ],
    "10": [
        170.5735531445533,
        0
    ],
    "11": [
        116.09671729860138,
        0
    ],
    "12": [
        134.30556871583087,
        0
    ],
    "13": [
        153.39618597170366,
        0
    ],
    "14": [
        137.49666483784918,
        0
    ]
}