{
    "0": [
        132.20079111691086,
        0
    ],
    "1": [
        114.85947726111534,
        0
    ],
    "2": [
        92.49713688496811,
        0
    ],
    "3": [
        122.34094591941054,
        0
    ],
    "4": [
        110.12936459845203,
        0
    ],
    "5": [
        130.66282320213725,
        0
    ],
    "6": [
        70.4016485947345,
        0
    ],
    "7": [
        202.84588488721604,
        0
    ],
    "8": [
        145.6120551809828,
        0
    ],
    "9": [
        208.25997544820285,
        0
    ],
    "10": [
        204.5559907763757,
        0
    ],
    "11": [
        164.44793236808994,
        0
    ],
    "12": [
        143.50151860657192,
        0
    ],
    "13": [
        162.22618107341881,
        0
    ],
    "14": [
        88.25658129880087,
        0
    ]
}