{
    "0": [
        120.93438946898222,
        0
    ],
    "1": [
        125.54982575229096,
        0
    ],
    "2": [
        151.91450737697443,
        0
    ],
    "3": [
        135.581658039253,
        0
    ],
    "4": [
        122.26670645990201,
        0
    ],
    "5": [
        91.521428859272,
        0
    ],
    "6": [
        150.77789385189266,
        0
    ],
    "7": [
        178.57031049738086,
        0
    ],
    "8": [
        189.77085856948028,
        0
    ],
    "9": [
        93.19578335401454,
        0
    ],
    "10": [
        119.52995682608845,
        0
    ],
    "11": [
        213.95875579203027,
        0
    ],
    "12": [
        174.5102938300282,
        0
    ],
    "13": [
        139.38254677375122,
        0
    ],
    "14": [
        116.72579297948278,
        0
    ]
}