{
    "0": [
        75.11406551530575,
        0
    ],
    "1": [
        142.34749259899576,
        0
    ],
    "2": [
        125.25637376286868,
        0
    ],
    "3": [
        180.96946684985656,
        0
    ],
    "4": [
        128.55862892834622,
        0
    ],
    "5": [
        132.7820815556125,
        0
    ],
    "6": [
        176.26256293997758,
        0
    ],
    "7": [
        160.9396125985475,
        0
    ],
    "8": [
        114.94037504436365,
        0
    ],
    "9": [
        106.0328691437615,
        0
    ],
    "10": [
        211.02130701511868,
        0
    ],
    "11": [
        138.9358919139875,
        0
    ],
    "12": [
        89.44098148340808,
        0
    ],
    "13": [
        191.22805922977483,
        0
    ],
    "14": [
        134.473563994156,
        0
    ]
}