{
    "0": [
        109.65383313684688,
        0
    ],
    "1": [
        177.1064750240443,
        0
    ],
    "2": [
        134.17204464635722,
        0
    ],
    "3": [
        95.77387830957548,
        0
    ],
    "4": [
        119.71776063509687,
        0
    ],
    "5": [
        168.10534358252028,
        0
    ],
    "6": [
        146.9720725914712,
        0
    ],
    "7": [
        78.99055673307323,
        0
    ],
    "8": [
        119.31663836542427,
        0
    ],
    "9": [
        210.69389861617245,
        0
    ],
    "10": [
        88.03317718745284,
        0
    ],
    "11": [
        206.5707443833881,
        0
    ],
    "12": [
        162.0704820298363,
        0
    ],
    "13": [
        108.31781338373416,
        0
    ],
    "14": [
        87.25321188522751,
        0
    ]
}