{
    "0": [
        116.10115027740372,
        0
    ],
    "1": [
        145.12824088126155,
        0
    ],
    "2": [
        117.92856247051081,
        0
    ],
    "3": [
        122.26312717192847,
        0
    ],
    "4": [
        128.84174006955863,
        0
    ],
    "5": [
        137.88307508492292,
        0
    ],
    "6": [
        167.08835577668617,
        0
    ],
    "7": [
        204.06254467621457,
        0
    ],
    "8": [
        142.8086921463773,
        0
    ],
    "9": [
        118.16795400076902,
        0
    ],
    "10": [
        127.32164445940623,
        0
    ],
    "11": [
        114.36859607536938,
        0
    ],
    "12": [
        150.85098869551155,
        0
    ],
    "13": [
        92.6861949082818,
        0
    ],
    "14": [
        172.73559785713744,
        0
    ]
}