{
    "0": [
        130.7425714813715,
        0
    ],
    "1": [
        158.15655794214177,
        0
    ],
    "2": [
        123.71694123785004,
        0
    ],
    "3": [
        157.54958976736924,
        0
    ],
    "4": [
        137.97578067006904,
        0
    ],
    "5": [
        93.21002977398433,
        0
    ],
    "6": [
        121.63790613929321,
        0
    ],
    "7": [
        107.9909640407558,
        0
    ],
    "8": [
        137.90167999620235,
        0
    ],
    "9": [
        101.65429874070608,
        0
    ],
    "10": [
        134.32512669509993,
        0
    ],
    "11": [
        177.77364385253088,
        0
    ],
    "12": [
        150.61083809899205,
        0
    ],
    "13": [
        121.30796279795825,
        0
    ],
    "14": [
        137.5492924220606,
        0
    ]
}