{
    "0": [
        96.54314878207522,
        0
    ],
    "1": [
        71.37131941828304,
        0
    ],
    "2": [
        86.34586825836621,
        0
    ],
    "3": [
        159.7622162190401,
        0
    ],
    "4": [
        220.34003033666423,
        0
    ],
    "5": [
        158.57730038448537,
        0
    ],
    "6": [
        169.49945186828486,
        0
    ],
    "7": [
        184.64175759052662,
        0
    ],
    "8": [
        132.75251727981663,
        0
    ],
    "9": [
        109.225576053221,
        0
    ],
    "10": [
        250.54745942377883,
        0
    ],
    "11": [
        107.20024519103865,
        0
    ],
    "12": [
        147.2827903431242,
        0
    ],
    "13": [
        124.57281396787535,
        0
    ],
    "14": [
        115.7775109260693,
        0
    ]
}