{
    "0": [
        48.73326272509119,
        0
    ],
    "1": [
        108.62723813289534,
        0
    ],
    "2": [
        182.71638427592129,
        0
    ],
    "3": [
        181.97213797824264,
        0
    ],
    "4": [
        245.35009817308142,
        0
    ],
    "5": [
        196.55393863907727,
        0
    ],
    "6": [
        144.47407420170583,
        0
    ],
    "7": [
        97.37887027995923,
        0
    ],
    "8": [
        89.40069575712394,
        0
    ],
    "9": [
        118.02816285415044,
        0
    ],
    "10": [
        179.30462514885483,
        0
    ],
    "11": [
        181.0420580197673,
        0
    ],
    "12": [
        126.07989945183122,
        0
    ],
    "13": [
        145.18684749450497,
        0
    ],
    "14": [
        148.53992807471104,
        0
    ]
}