{
    "0": [
        170.58079876462,
        0
    ],
    "1": [
        146.06045300782299,
        0
    ],
    "2": [
        207.24925955303678,
        0
    ],
    "3": [
        94.67208260202678,
        0
    ],
    "4": [
        101.54525389039907,
        0
    ],
    "5": [
        99.38647066322488,
        0
    ],
    "6": [
        103.66703824715185,
        0
    ],
    "7": [
        133.8922047778789,
        0
    ],
    "8": [
        141.52460970757843,
        0
    ],
    "9": [
        146.3670794956563,
        0
    ],
    "10": [
        182.80455865329986,
        0
    ],
    "11": [
        156.65084017209134,
        0
    ],
    "12": [
        97.47902203849081,
        0
    ],
    "13": [
        134.90014540551405,
        0
    ],
    "14": [
        99.80532393764162,
        0
    ]
}