{
    "0": [
        63.252050066047325,
        0
    ],
    "1": [
        125.90237833555811,
        0
    ],
    "2": [
        109.22353841924475,
        0
    ],
    "3": [
        176.03663368353068,
        0
    ],
    "4": [
        152.76778317429893,
        0
    ],
    "5": [
        121.17030358008302,
        0
    ],
    "6": [
        123.09426569557525,
        0
    ],
    "7": [
        171.90908766945267,
        0
    ],
    "8": [
        187.32384936071864,
        0
    ],
    "9": [
        172.14643920185205,
        0
    ],
    "10": [
        108.00485516342167,
        0
    ],
    "11": [
        121.81092172495691,
        0
    ],
    "12": [
        140.04011898163992,
        0
    ],
    "13": [
        116.55580515809413,
        0
    ],
    "14": [
        139.85751532459648,
        0
    ]
}