{
    "0": [
        162.89866465737998,
        0
    ],
    "1": [
        143.38287942531628,
        0
    ],
    "2": [
        173.5331808585298,
        0
    ],
    "3": [
        118.48203265207742,
        0
    ],
    "4": [
        146.65698989209272,
        0
    ],
    "5": [
        173.68473146091105,
        0
    ],
    "6": [
        118.3182189891922,
        0
    ],
    "7": [
        96.9195504775086,
        0
    ],
    "8": [
        78.4160769655493,
        0
    ],
    "9": [
        185.51685196738245,
        0
    ],
    "10": [
        154.6715346542482,
        0
    ],
    "11": [
        210.03184326167505,
        0
    ],
    "12": [
        69.34098013576349,
        0
    ],
    "13": [
        118.80383969981058,
        0
    ],
    "14": [
        163.76340234908778,
        0
    ]
}