{
    "0": [
        155.04850764946295,
        0
    ],
    "1": [
        148.71616717754875,
        0
    ],
    "2": [
        149.5007252223251,
        0
    ],
    "3": [
        136.81840566089957,
        0
    ],
    "4": [
        118.81598778754824,
        0
    ],
    "5": [
        93.11897645793071,
        0
    ],
    "6": [
        210.05406097529504,
        0
    ],
    "7": [
        82.5720615518581,
        0
    ],
    "8": [
        203.5117828525125,
        0
    ],
    "9": [
        178.38011677428076,
        0
    ],
    "10": [
        183.63847716773455,
        0
    ],
    "11": [
        114.12426715599689,
        0
    ],
    "12": [
        152.18639129709211,
        0
    ],
    "13": [
        73.03252342730704,
        0
    ],
    "14": [
        169.05567493079374,
        0
    ]
}