{
    "0": [
        129.1151630027833,
        0
    ],
    "1": [
        125.10410247167269,
        0
    ],
    "2": [
        170.9406458042798,
        0
    ],
    "3": [
        72.84177998226617,
        0
    ],
    "4": [
        96.67254451335447,
        0
    ],
    "5": [
        161.09710466187033,
        0
    ],
    "6": [
        150.78064873006497,
        0
    ],
    "7": [
        104.01394889339878,
        0
    ],
    "8": [
        144.1820215063207,
        0
    ],
    "9": [
        145.33188693236738,
        0
    ],
    "10": [
        160.6486588985753,
        0
    ],
    "11": [
        144.85330805083285,
        0
    ],
    "12": [
        139.18399413436745,
        0
    ],
    "13": [
        190.5764177587066,
        0
    ],
    "14": [
        132.0485365880445,
        0
    ]
}