{
    "0": [
        117.98977414785446,
        0
    ],
    "1": [
        140.50541739621758,
        0
    ],
    "2": [
        205.41424802347277,
        0
    ],
    "3": [
        95.52452173620522,
        0
    ],
    "4": [
        149.92920848188683,
        0
    ],
    "5": [
        127.11632312505307,
        0
    ],
    "6": [
        156.32063919092525,
        0
    ],
    "7": [
        109.55969666365728,
        0
    ],
    "8": [
        146.47678319556667,
        0
    ],
    "9": [
        91.68800773528996,
        0
    ],
    "10": [
        143.42369702485323,
        0
    ],
    "11": [
        130.4853376074484,
        0
    ],
    "12": [
        208.04332178031817,
        0
    ],
    "13": [
        134.0847903338044,
        0
    ],
    "14": [
        183.76878181760497,
        0
    ]
}