{
    "0": [
        119.72236296193891,
        0
    ],
    "1": [
        123.3182842210528,
        0
    ],
    "2": [
        216.95343004135097,
        0
    ],
    "3": [
        159.58554013638778,
        0
    ],
    "4": [
        77.95840205298468,
        0
    ],
    "5": [
        171.70400141301764,
        0
    ],
    "6": [
        127.52426094465778,
        0
    ],
    "7": [
        132.05946413136087,
        0
    ],
    "8": [
        170.21074070420474,
        0
    ],
    "9": [
        77.84266107272846,
        0
    ],
    "10": [
        119.01876516009196,
        0
    ],
    "11": [
        120.6356454009044,
        0
    ],
    "12": [
        168.03787489139836,
        0
    ],
    "13": [
        134.77495123188922,
        0
    ],
    "14": [
        132.80694927774343,
        0
    ]
}