{
    "0": [
        116.66612453210433,
        0
    ],
    "1": [
        127.75900084538783,
        0
    ],
    "2": [
        168.98097533184472,
        0
    ],
    "3": [
        159.6892982087541,
        0
    ],
    "4": [
        134.26879504929983,
        0
    ],
    "5": [
        131.43641185544487,
        0
    ],
    "6": [
        105.23172923981085,
        0
    ],
    "7": [
        196.7461109616554,
        0
    ],
    "8": [
        184.2288956725942,
        0
    ],
    "9": [
        115.44690702694336,
        0
    ],
    "10": [
        188.35095033882905,
        0
    ],
    "11": [
        111.0615551816345,
        0
    ],
    "12": [
        97.93529387423891,
        0
    ],
    "13": [
        129.93209777915857,
        0
    ],
    "14": [
        124.75895798496349,
        0
    ]
}