{
    "0": [
        77.32412227760796,
        0
    ],
    "1": [
        146.22090796148834,
        0
    ],
    "2": [
        204.3367099327384,
        0
    ],
    "3": [
        109.05551594953957,
        0
    ],
    "4": [
        165.28070315086435,
        0
    ],
    "5": [
        131.38128511682356,
        0
    ],
    "6": [
        112.21846335192355,
        0
    ],
    "7": [
        104.95487674321537,
        0
    ],
    "8": [
        114.53486398310166,
        0
    ],
    "9": [
        259.70145205919164,
        0
    ],
    "10": [
        176.91421381624275,
        0
    ],
    "11": [
        148.1331543515795,
        0
    ],
    "12": [
        105.35996450225002,
        0
    ],
    "13": [
        111.46305679187756,
        0
    ],
    "14": [
        126.46252984600443,
        0
    ]
}