{
    "0": [
        206.0874877315463,
        0
    ],
    "1": [
        171.55605688965093,
        0
    ],
    "2": [
        156.26964439129728,
        0
    ],
    "3": [
        89.65342238492308,
        0
    ],
    "4": [
        160.3487512280783,
        0
    ],
    "5": [
        134.048325524484,
        0
    ],
    "6": [
        149.67907034999962,
        0
    ],
    "7": [
        101.6139644037838,
        0
    ],
    "8": [
        163.35539729290454,
        0
    ],
    "9": [
        126.35732549607029,
        0
    ],
    "10": [
        131.40615463430538,
        0
    ],
    "11": [
        104.16746550756223,
        0
    ],
    "12": [
        108.46014429940237,
        0
    ],
    "13": [
        170.3339180949849,
        0
    ],
    "14": [
        139.05343099720068,
        0
    ]
}