{
    "0": [
        107.62138898454283,
        0
    ],
    "1": [
        120.85995423536538,
        0
    ],
    "2": [
        131.2741031608899,
        0
    ],
    "3": [
        128.82027648288908,
        0
    ],
    "4": [
        126.9629876731453,
        0
    ],
    "5": [
        153.25393485106565,
        0
    ],
    "6": [
        181.5663813748451,
        0
    ],
    "7": [
        138.72926562566272,
        0
    ],
    "8": [
        125.48779829985047,
        0
    ],
    "9": [
        139.91931512387654,
        0
    ],
    "10": [
        114.4567169836165,
        0
    ],
    "11": [
        93.16419999688952,
        0
    ],
    "12": [
        189.77737473207247,
        0
    ],
    "13": [
        141.10115307969374,
        0
    ],
    "14": [
        191.01164795758328,
        0
    ]
}