{
    "0": [
        144.57226926287848,
        0
    ],
    "1": [
        176.7105356352191,
        0
    ],
    "2": [
        84.32928592048634,
        0
    ],
    "3": [
        158.42392743968773,
        0
    ],
    "4": [
        110.60577781887363,
        0
    ],
    "5": [
        153.55549532748088,
        0
    ],
    "6": [
        151.81474586012195,
        0
    ],
    "7": [
        62.99954930837942,
        0
    ],
    "8": [
        160.23009442766764,
        0
    ],
    "9": [
        100.3314094352424,
        0
    ],
    "10": [
        126.00944901823856,
        0
    ],
    "11": [
        175.48629261590744,
        0
    ],
    "12": [
        106.69554923337273,
        0
    ],
    "13": [
        230.37841475265944,
        0
    ],
    "14": [
        139.5064908390316,
        0
    ]
}