{
    "0": [
        92.25035151866119,
        0
    ],
    "1": [
        157.12743598168294,
        0
    ],
    "2": [
        178.04687093308524,
        0
    ],
    "3": [
        131.1924627535377,
        0
    ],
    "4": [
        139.57610237239703,
        0
    ],
    "5": [
        134.63033894537574,
        0
    ],
    "6": [
        212.6730672425749,
        0
    ],
    "7": [
        157.7078228825696,
        0
    ],
    "8": [
        151.5798656110662,
        0
    ],
    "9": [
        172.39961208549542,
        0
    ],
    "10": [
        165.31151082543147,
        0
    ],
    "11": [
        116.7616013195636,
        0
    ],
    "12": [
        84.57472764389209,
        0
    ],
    "13": [
        102.04346259193326,
        0
    ],
    "14": [
        144.06431386205207,
        0
    ]
}