{
    "0": [
        153.26118483481847,
        0
    ],
    "1": [
        109.44112386236444,
        0
    ],
    "2": [
        136.917286611791,
        0
    ],
    "3": [
        160.12231275878156,
        0
    ],
    "4": [
        110.43626016752124,
        0
    ],
    "5": [
        113.35765116233165,
        0
    ],
    "6": [
        117.67045657435207,
        0
    ],
    "7": [
        105.53334281483993,
        0
    ],
    "8": [
        138.9732971310829,
        0
    ],
    "9": [
        187.4946297251162,
        0
    ],
    "10": [
        165.4525026359405,
        0
    ],
    "11": [
        100.29580506858468,
        0
    ],
    "12": [
        121.3723324852282,
        0
    ],
    "13": [
        90.3350233208231,
        0
    ],
    "14": [
        139.7825025096124,
        0
    ]
}