{
    "0": [
        121.43745730913523,
        0
    ],
    "1": [
        91.15122763726397,
        0
    ],
    "2": [
        120.88948506091673,
        0
    ],
    "3": [
        151.665821936523,
        0
    ],
    "4": [
        148.44316143198134,
        0
    ],
    "5": [
        158.16811876069548,
        0
    ],
    "6": [
        137.52840157310246,
        0
    ],
    "7": [
        174.3456974625168,
        0
    ],
    "8": [
        102.3629810588242,
        0
    ],
    "9": [
        192.4777546766722,
        0
    ],
    "10": [
        124.67252609661519,
        0
    ],
    "11": [
        92.08581512484119,
        0
    ],
    "12": [
        99.26995488830474,
        0
    ],
    "13": [
        114.3913312826278,
        0
    ],
    "14": [
        106.63497621458359,
        0
    ]
}