{
    "0": [
        126.13652998058413,
        0
    ],
    "1": [
        114.61015071335288,
        0
    ],
    "2": [
        96.40547413451984,
        0
    ],
    "3": [
        171.81234213449773,
        0
    ],
    "4": [
        140.63091378736894,
        0
    ],
    "5": [
        165.09868742565737,
        0
    ],
    "6": [
        138.37973415049606,
        0
    ],
    "7": [
        109.95407957778885,
        0
    ],
    "8": [
        216.6187315040698,
        0
    ],
    "9": [
        119.02131295097357,
        0
    ],
    "10": [
        110.45146688572663,
        0
    ],
    "11": [
        154.65919716340127,
        0
    ],
    "12": [
        99.44757899512888,
        0
    ],
    "13": [
        171.0228582028053,
        0
    ],
    "14": [
        150.32446732340765,
        0
    ]
}