{
    "0": [
        97.21606162967369,
        0
    ],
    "1": [
        85.75179641890912,
        0
    ],
    "2": [
        160.42808425017958,
        0
    ],
    "3": [
        173.7277460296859,
        0
    ],
    "4": [
        210.89906012171573,
        0
    ],
    "5": [
        96.80268767330276,
        0
    ],
    "6": [
        118.85739068377467,
        0
    ],
    "7": [
        116.40648626204477,
        0
    ],
    "8": [
        192.74566920130655,
        0
    ],
    "9": [
        115.82135685434498,
        0
    ],
    "10": [
        165.0417777419176,
        0
    ],
    "11": [
        117.75160983867309,
        0
    ],
    "12": [
        149.56911531106522,
        0
    ],
    "13": [
        136.9954156560069,
        0
    ],
    "14": [
        184.3313306205618,
        0
    ]
}