{
    "0": [
        198.40834472412877,
        0
    ],
    "1": [
        139.72854598756703,
        0
    ],
    "2": [
        94.25799676931628,
        0
    ],
    "3": [
        122.46489433220421,
        0
    ],
    "4": [
        121.1009158635643,
        0
    ],
    "5": [
        117.81957466643223,
        0
    ],
    "6": [
        92.71773074377401,
        0
    ],
    "7": [
        169.67719597248504,
        0
    ],
    "8": [
        135.81722881280743,
        0
    ],
    "9": [
        180.6968473747181,
        0
    ],
    "10": [
        87.1508874229902,
        0
    ],
    "11": [
        91.28753147584445,
        0
    ],
    "12": [
        171.80235350414722,
        0
    ],
    "13": [
        103.3539148585414,
        0
    ],
    "14": [
        266.60660698396737,
        0
    ]
}