{
    "0": [
        146.02041857028848,
        0
    ],
    "1": [
        158.16151928894777,
        0
    ],
    "2": [
        158.3030817155697,
        0
    ],
    "3": [
        102.07983261404493,
        0
    ],
    "4": [
        108.22541887314932,
        0
    ],
    "5": [
        95.83601014958649,
        0
    ],
    "6": [
        222.83734171282507,
        0
    ],
    "7": [
        117.12487090984213,
        0
    ],
    "8": [
        110.67635257578803,
        0
    ],
    "9": [
        179.27671070079424,
        0
    ],
    "10": [
        65.76194217913465,
        0
    ],
    "11": [
        115.43236591643134,
        0
    ],
    "12": [
        146.80944609575513,
        0
    ],
    "13": [
        140.0163460542487,
        0
    ],
    "14": [
        119.05865620748145,
        0
    ]
}