{
    "0": [
        152.14319323840692,
        0
    ],
    "1": [
        120.11018866209264,
        0
    ],
    "2": [
        85.89194682863003,
        0
    ],
    "3": [
        133.07627748798865,
        0
    ],
    "4": [
        114.27896499105948,
        0
    ],
    "5": [
        132.0690393264275,
        0
    ],
    "6": [
        151.8260007448908,
        0
    ],
    "7": [
        91.67833085333022,
        0
    ],
    "8": [
        229.35006749378607,
        0
    ],
    "9": [
        216.18205460799902,
        0
    ],
    "10": [
        127.49459384258398,
        0
    ],
    "11": [
        110.86061495744896,
        0
    ],
    "12": [
        124.45998089513967,
        0
    ],
    "13": [
        168.2520334375331,
        0
    ],
    "14": [
        118.84536133032378,
        0
    ]
}