{
    "0": [
        177.07240086955994,
        0
    ],
    "1": [
        137.5561249423885,
        0
    ],
    "2": [
        75.22049427335241,
        0
    ],
    "3": [
        141.5004333780733,
        0
    ],
    "4": [
        131.3633463613814,
        0
    ],
    "5": [
        95.5447498400972,
        0
    ],
    "6": [
        134.14903636020222,
        0
    ],
    "7": [
        204.01531851160664,
        0
    ],
    "8": [
        201.5272970912757,
        0
    ],
    "9": [
        117.50255535305925,
        0
    ],
    "10": [
        137.2433274877936,
        0
    ],
    "11": [
        173.06095976993743,
        0
    ],
    "12": [
        183.43980983484377,
        0
    ],
    "13": [
        88.4555519423322,
        0
    ],
    "14": [
        113.29595956643304,
        0
    ]
}