{
    "0": [
        88.51888318555856,
        0
    ],
    "1": [
        157.06516995971177,
        0
    ],
    "2": [
        131.13871264448065,
        0
    ],
    "3": [
        91.64200418072461,
        0
    ],
    "4": [
        132.11177883048987,
        0
    ],
    "5": [
        158.69880589522782,
        0
    ],
    "6": [
        241.85267423418023,
        0
    ],
    "7": [
        139.17417804248885,
        0
    ],
    "8": [
        168.25361426006722,
        0
    ],
    "9": [
        158.45873265560954,
        0
    ],
    "10": [
        120.11232223428057,
        0
    ],
    "11": [
        120.44475339548677,
        0
    ],
    "12": [
        136.8534144340429,
        0
    ],
    "13": [
        123.89154847798993,
        0
    ],
    "14": [
        86.8749810365138,
        0
    ]
}