{
    "0": [
        114.33519577307013,
        0
    ],
    "1": [
        166.65370588573956,
        0
    ],
    "2": [
        221.24816529618886,
        0
    ],
    "3": [
        127.53069729123176,
        0
    ],
    "4": [
        142.99512570943614,
        0
    ],
    "5": [
        124.62668908660389,
        0
    ],
    "6": [
        106.4570823761868,
        0
    ],
    "7": [
        119.53698562571924,
        0
    ],
    "8": [
        132.34778543118773,
        0
    ],
    "9": [
        180.2265626252624,
        0
    ],
    "10": [
        101.13688277409224,
        0
    ],
    "11": [
        83.12660423666091,
        0
    ],
    "12": [
        197.46368923068837,
        0
    ],
    "13": [
        186.9938649007954,
        0
    ],
    "14": [
        143.71880687389074,
        0
    ]
}