{
    "0": [
        143.72911179463188,
        0
    ],
    "1": [
        86.96119633859513,
        0
    ],
    "2": [
        192.63030264573322,
        0
    ],
    "3": [
        177.75452071960393,
        0
    ],
    "4": [
        148.6255935854587,
        0
    ],
    "5": [
        135.22422107001105,
        0
    ],
    "6": [
        107.9628962999772,
        0
    ],
    "7": [
        178.95770447805268,
        0
    ],
    "8": [
        136.65190922872537,
        0
    ],
    "9": [
        159.63744857082435,
        0
    ],
    "10": [
        123.92525490641637,
        0
    ],
    "11": [
        97.41452047231886,
        0
    ],
    "12": [
        185.26310762615657,
        0
    ],
    "13": [
        157.41975863232366,
        0
    ],
    "14": [
        141.41806227388625,
        0
    ]
}