{
    "0": [
        224.31240234319603,
        0
    ],
    "1": [
        170.90803824349118,
        0
    ],
    "2": [
        165.95198219963325,
        0
    ],
    "3": [
        143.33758131563485,
        0
    ],
    "4": [
        113.85035594082343,
        0
    ],
    "5": [
        66.75334755430252,
        0
    ],
    "6": [
        78.88271636899498,
        0
    ],
    "7": [
        124.07174751264932,
        0
    ],
    "8": [
        157.34471533419944,
        0
    ],
    "9": [
        142.6203766647916,
        0
    ],
    "10": [
        179.0104902098897,
        0
    ],
    "11": [
        134.63968609793147,
        0
    ],
    "12": [
        141.04538680678985,
        0
    ],
    "13": [
        150.2616406116762,
        0
    ],
    "14": [
        136.59891807560547,
        0
    ]
}