{
    "0": [
        155.22578641021946,
        0
    ],
    "1": [
        140.38651215085136,
        0
    ],
    "2": [
        77.42754688341763,
        0
    ],
    "3": [
        172.4513341612371,
        0
    ],
    "4": [
        146.52509090753358,
        0
    ],
    "5": [
        152.16794245026577,
        0
    ],
    "6": [
        172.91648271229082,
        0
    ],
    "7": [
        139.59423796514622,
        0
    ],
    "8": [
        188.23443860520092,
        0
    ],
    "9": [
        127.90356639656281,
        0
    ],
    "10": [
        81.12358553661909,
        0
    ],
    "11": [
        153.46858898516157,
        0
    ],
    "12": [
        100.00548997079848,
        0
    ],
    "13": [
        197.59651698198965,
        0
    ],
    "14": [
        138.97585626162288,
        0
    ]
}