{
    "0": [
        120.08519735398266,
        0
    ],
    "1": [
        171.32763142968048,
        0
    ],
    "2": [
        218.22619396693622,
        0
    ],
    "3": [
        113.88900337027684,
        0
    ],
    "4": [
        126.02806128583624,
        0
    ],
    "5": [
        131.49437655948748,
        0
    ],
    "6": [
        171.32197368813408,
        0
    ],
    "7": [
        97.61013966661999,
        0
    ],
    "8": [
        131.3308557354173,
        0
    ],
    "9": [
        216.26108696295907,
        0
    ],
    "10": [
        191.10814027202665,
        0
    ],
    "11": [
        99.85025512991525,
        0
    ],
    "12": [
        109.52567452651336,
        0
    ],
    "13": [
        95.8983303462995,
        0
    ],
    "14": [
        150.33790451389643,
        0
    ]
}