{
    "0": [
        115.20869399814808,
        0
    ],
    "1": [
        88.21107226820496,
        0
    ],
    "2": [
        161.3079912492275,
        0
    ],
    "3": [
        135.51582844129493,
        0
    ],
    "4": [
        188.78809817308178,
        0
    ],
    "5": [
        186.35173671985933,
        0
    ],
    "6": [
        89.43471702487783,
        0
    ],
    "7": [
        118.3038262169688,
        0
    ],
    "8": [
        162.62916145997855,
        0
    ],
    "9": [
        166.44826357875263,
        0
    ],
    "10": [
        183.38531407478644,
        0
    ],
    "11": [
        119.15587599922532,
        0
    ],
    "12": [
        108.96509669844404,
        0
    ],
    "13": [
        124.5300904101462,
        0
    ],
    "14": [
        138.84649037543807,
        0
    ]
}