{
    "0": [
        114.87271938703233,
        0
    ],
    "1": [
        148.9294342892729,
        0
    ],
    "2": [
        157.4462380338694,
        0
    ],
    "3": [
        113.22877379402794,
        0
    ],
    "4": [
        193.49823899804488,
        0
    ],
    "5": [
        106.72939245804356,
        0
    ],
    "6": [
        145.64942000588005,
        0
    ],
    "7": [
        79.5534246934983,
        0
    ],
    "8": [
        102.98800992690485,
        0
    ],
    "9": [
        140.81304779754,
        0
    ],
    "10": [
        109.25805724989263,
        0
    ],
    "11": [
        174.38820900952348,
        0
    ],
    "12": [
        78.10253763010851,
        0
    ],
    "13": [
        131.96666181162306,
        0
    ],
    "14": [
        171.23513614685467,
        0
    ]
}