{
    "0": [
        188.09608412696164,
        0
    ],
    "1": [
        108.88931402579549,
        0
    ],
    "2": [
        132.03128729309537,
        0
    ],
    "3": [
        98.25584193660225,
        0
    ],
    "4": [
        145.03487479676173,
        0
    ],
    "5": [
        155.14668772994548,
        0
    ],
    "6": [
        213.45188085918198,
        0
    ],
    "7": [
        99.53654317004805,
        0
    ],
    "8": [
        106.83703218968164,
        0
    ],
    "9": [
        110.9407773352236,
        0
    ],
    "10": [
        248.02091696377093,
        0
    ],
    "11": [
        107.66891009305273,
        0
    ],
    "12": [
        108.19865442655343,
        0
    ],
    "13": [
        212.78044491442085,
        0
    ],
    "14": [
        73.88728301021118,
        0
    ]
}