{
    "0": [
        182.45710164318004,
        0
    ],
    "1": [
        130.60620872887074,
        0
    ],
    "2": [
        164.39160582555058,
        0
    ],
    "3": [
        225.1443308791445,
        0
    ],
    "4": [
        134.4847155705029,
        0
    ],
    "5": [
        124.90031109703861,
        0
    ],
    "6": [
        71.09078264425581,
        0
    ],
    "7": [
        122.36730092603952,
        0
    ],
    "8": [
        172.92605985614105,
        0
    ],
    "9": [
        144.7645570247552,
        0
    ],
    "10": [
        128.9252584965398,
        0
    ],
    "11": [
        101.61838406587472,
        0
    ],
    "12": [
        118.92047623486579,
        0
    ],
    "13": [
        136.7775034341075,
        0
    ],
    "14": [
        148.41802953105164,
        0
    ]
}