{
    "0": [
        150.87543738039864,
        0
    ],
    "1": [
        205.17246961361388,
        0
    ],
    "2": [
        82.70965765410847,
        0
    ],
    "3": [
        118.34870186919117,
        0
    ],
    "4": [
        147.41008030352748,
        0
    ],
    "5": [
        107.20492920525655,
        0
    ],
    "6": [
        186.45577053994398,
        0
    ],
    "7": [
        114.74455237344853,
        0
    ],
    "8": [
        156.78832146930336,
        0
    ],
    "9": [
        106.77532008210956,
        0
    ],
    "10": [
        122.64205983247794,
        0
    ],
    "11": [
        167.87647178196423,
        0
    ],
    "12": [
        126.13442526179352,
        0
    ],
    "13": [
        121.71817894394066,
        0
    ],
    "14": [
        238.79699473325022,
        0
    ]
}