{
    "0": [
        66.28188191861422,
        0
    ],
    "1": [
        103.95369019875324,
        0
    ],
    "2": [
        102.9050649664814,
        0
    ],
    "3": [
        105.48146530541332,
        0
    ],
    "4": [
        171.2902006837687,
        0
    ],
    "5": [
        190.0398993628758,
        0
    ],
    "6": [
        202.20720660791727,
        0
    ],
    "7": [
        162.27498857095375,
        0
    ],
    "8": [
        129.3784636867641,
        0
    ],
    "9": [
        119.27041790791041,
        0
    ],
    "10": [
        146.9131850596275,
        0
    ],
    "11": [
        148.38254189626548,
        0
    ],
    "12": [
        188.61339453544917,
        0
    ],
    "13": [
        152.71957364737665,
        0
    ],
    "14": [
        95.81196506542081,
        0
    ]
}