{
    "0": [
        125.7674137770986,
        0
    ],
    "1": [
        223.31912740221927,
        0
    ],
    "2": [
        157.46152135758703,
        0
    ],
    "3": [
        174.24761013503164,
        0
    ],
    "4": [
        171.16829639638763,
        0
    ],
    "5": [
        132.2970847299507,
        0
    ],
    "6": [
        130.61912585934115,
        0
    ],
    "7": [
        113.47819540894992,
        0
    ],
    "8": [
        120.33662090002582,
        0
    ],
    "9": [
        212.31839419429764,
        0
    ],
    "10": [
        90.11314123320358,
        0
    ],
    "11": [
        151.68471224362685,
        0
    ],
    "12": [
        139.52096882055366,
        0
    ],
    "13": [
        145.0951329168823,
        0
    ],
    "14": [
        160.54536245518761,
        0
    ]
}