{
    "0": [
        99.77770072746573,
        0
    ],
    "1": [
        138.94470210147293,
        0
    ],
    "2": [
        188.99413997455062,
        0
    ],
    "3": [
        142.72905755586376,
        0
    ],
    "4": [
        91.9202092134595,
        0
    ],
    "5": [
        194.37734324701796,
        0
    ],
    "6": [
        133.47996155034647,
        0
    ],
    "7": [
        182.0425657212197,
        0
    ],
    "8": [
        145.49399331924027,
        0
    ],
    "9": [
        144.07563240883644,
        0
    ],
    "10": [
        112.20003448307956,
        0
    ],
    "11": [
        170.23981471722195,
        0
    ],
    "12": [
        214.57591365978027,
        0
    ],
    "13": [
        117.39227596570848,
        0
    ],
    "14": [
        116.76716346081525,
        0
    ]
}