{
    "0": [
        119.16436521094987,
        0
    ],
    "1": [
        110.95593633550101,
        0
    ],
    "2": [
        61.57121446683092,
        0
    ],
    "3": [
        162.4204688428491,
        0
    ],
    "4": [
        191.25232979696676,
        0
    ],
    "5": [
        81.35654381214053,
        0
    ],
    "6": [
        86.46753362503068,
        0
    ],
    "7": [
        199.74619579341856,
        0
    ],
    "8": [
        118.82549589042233,
        0
    ],
    "9": [
        147.62952008958723,
        0
    ],
    "10": [
        86.07311846799739,
        0
    ],
    "11": [
        200.3146234353792,
        0
    ],
    "12": [
        181.6310848742255,
        0
    ],
    "13": [
        108.26381106733606,
        0
    ],
    "14": [
        95.39373868971687,
        0
    ]
}