{
    "0": [
        135.39668028683565,
        0
    ],
    "1": [
        118.0625028506941,
        0
    ],
    "2": [
        185.60621960566328,
        0
    ],
    "3": [
        157.94675490933983,
        0
    ],
    "4": [
        95.95999608234037,
        0
    ],
    "5": [
        114.05409071952343,
        0
    ],
    "6": [
        101.99607312441046,
        0
    ],
    "7": [
        90.86837387227065,
        0
    ],
    "8": [
        105.65572998182593,
        0
    ],
    "9": [
        154.87112240905685,
        0
    ],
    "10": [
        125.92539728541468,
        0
    ],
    "11": [
        204.79049513910843,
        0
    ],
    "12": [
        113.38585506687626,
        0
    ],
    "13": [
        173.97332938462267,
        0
    ],
    "14": [
        153.426084427014,
        0
    ]
}