{
    "0": [
        146.50325743280908,
        0
    ],
    "1": [
        119.52818817991306,
        0
    ],
    "2": [
        124.9037641224956,
        0
    ],
    "3": [
        121.14351438252247,
        0
    ],
    "4": [
        199.5686566062283,
        0
    ],
    "5": [
        172.1877238535256,
        0
    ],
    "6": [
        123.32129019171907,
        0
    ],
    "7": [
        96.91053477354797,
        0
    ],
    "8": [
        178.8788441080138,
        0
    ],
    "9": [
        211.1935024603585,
        0
    ],
    "10": [
        125.28653835398296,
        0
    ],
    "11": [
        124.7320715706795,
        0
    ],
    "12": [
        119.11374100818826,
        0
    ],
    "13": [
        125.790411618145,
        0
    ],
    "14": [
        121.29841124198975,
        0
    ]
}