{
    "0": [
        152.01822001383798,
        0
    ],
    "1": [
        105.10945979274115,
        0
    ],
    "2": [
        126.73764114985613,
        0
    ],
    "3": [
        142.03270435711823,
        0
    ],
    "4": [
        121.92912641502828,
        0
    ],
    "5": [
        89.26230863983915,
        0
    ],
    "6": [
        178.44351379723864,
        0
    ],
    "7": [
        93.98594309057862,
        0
    ],
    "8": [
        121.64228520953729,
        0
    ],
    "9": [
        116.16727162134288,
        0
    ],
    "10": [
        119.99002778418547,
        0
    ],
    "11": [
        148.84694969219422,
        0
    ],
    "12": [
        125.54692630052566,
        0
    ],
    "13": [
        204.43858342928138,
        0
    ],
    "14": [
        171.11397716447928,
        0
    ]
}