{
    "0": [
        145.12971820500113,
        0
    ],
    "1": [
        93.26342011095723,
        0
    ],
    "2": [
        147.35043359432552,
        0
    ],
    "3": [
        150.6350845329798,
        0
    ],
    "4": [
        106.46615378520514,
        0
    ],
    "5": [
        145.15688366140327,
        0
    ],
    "6": [
        163.334417735093,
        0
    ],
    "7": [
        213.85626346569808,
        0
    ],
    "8": [
        143.01588514963214,
        0
    ],
    "9": [
        152.39092900051088,
        0
    ],
    "10": [
        139.49923542665783,
        0
    ],
    "11": [
        125.79335187644114,
        0
    ],
    "12": [
        160.52337942935014,
        0
    ],
    "13": [
        105.60461852853778,
        0
    ],
    "14": [
        159.27590396520804,
        0
    ]
}