{
    "0": [
        77.46198921191517,
        0
    ],
    "1": [
        172.29394908169073,
        0
    ],
    "2": [
        223.52492410456736,
        0
    ],
    "3": [
        117.23803089974298,
        0
    ],
    "4": [
        98.01312915397372,
        0
    ],
    "5": [
        157.16477502348226,
        0
    ],
    "6": [
        188.5815851552005,
        0
    ],
    "7": [
        103.25025466156754,
        0
    ],
    "8": [
        144.05734738653734,
        0
    ],
    "9": [
        87.06261724704494,
        0
    ],
    "10": [
        206.97541852034402,
        0
    ],
    "11": [
        184.5598294585867,
        0
    ],
    "12": [
        96.15392297701518,
        0
    ],
    "13": [
        148.50163414866657,
        0
    ],
    "14": [
        115.19439749488019,
        0
    ]
}