{
    "0": [
        194.42391769574712,
        0
    ],
    "1": [
        131.35660511335504,
        0
    ],
    "2": [
        130.3410485853754,
        0
    ],
    "3": [
        97.19120681721694,
        0
    ],
    "4": [
        170.7039583014891,
        0
    ],
    "5": [
        166.5614955617941,
        0
    ],
    "6": [
        164.98609851034007,
        0
    ],
    "7": [
        125.45186696509141,
        0
    ],
    "8": [
        91.64767564615255,
        0
    ],
    "9": [
        169.19713573321312,
        0
    ],
    "10": [
        176.6674469142312,
        0
    ],
    "11": [
        90.10407752043935,
        0
    ],
    "12": [
        153.95122262583595,
        0
    ],
    "13": [
        162.82300600512556,
        0
    ],
    "14": [
        256.40663174591543,
        0
    ]
}