{
    "0": [
        201.73824750296998,
        0
    ],
    "1": [
        118.91312563791234,
        0
    ],
    "2": [
        110.84166567120049,
        0
    ],
    "3": [
        148.54526505879116,
        0
    ],
    "4": [
        111.46440242575599,
        0
    ],
    "5": [
        183.9879172909595,
        0
    ],
    "6": [
        91.68759704882547,
        0
    ],
    "7": [
        106.64261931326665,
        0
    ],
    "8": [
        82.62684365973607,
        0
    ],
    "9": [
        163.21045399526224,
        0
    ],
    "10": [
        118.8405302346394,
        0
    ],
    "11": [
        117.25277687202761,
        0
    ],
    "12": [
        201.81623911478923,
        0
    ],
    "13": [
        154.36238630646224,
        0
    ],
    "14": [
        103.54230206608548,
        0
    ]
}