{
    "0": [
        138.8463395424201,
        0
    ],
    "1": [
        96.37166100026093,
        0
    ],
    "2": [
        222.15001662927529,
        0
    ],
    "3": [
        111.80436704284683,
        0
    ],
    "4": [
        169.74879562023978,
        0
    ],
    "5": [
        138.5452773078465,
        0
    ],
    "6": [
        149.81918742458336,
        0
    ],
    "7": [
        121.60089153420975,
        0
    ],
    "8": [
        131.816935025754,
        0
    ],
    "9": [
        106.76728781524929,
        0
    ],
    "10": [
        207.38528005415162,
        0
    ],
    "11": [
        126.6560526234508,
        0
    ],
    "12": [
        181.81150565600822,
        0
    ],
    "13": [
        177.71213420842096,
        0
    ],
    "14": [
        108.69917731820463,
        0
    ]
}