{
    "0": [
        114.21374873421728,
        0
    ],
    "1": [
        131.03038076284724,
        0
    ],
    "2": [
        111.04815957563932,
        0
    ],
    "3": [
        204.3924839520478,
        0
    ],
    "4": [
        151.32186057194946,
        0
    ],
    "5": [
        224.3111562058044,
        0
    ],
    "6": [
        147.5272392367553,
        0
    ],
    "7": [
        127.2507803467262,
        0
    ],
    "8": [
        113.61431369929238,
        0
    ],
    "9": [
        155.77270757336362,
        0
    ],
    "10": [
        107.04927421222334,
        0
    ],
    "11": [
        130.45134615015954,
        0
    ],
    "12": [
        258.32060690085643,
        0
    ],
    "13": [
        187.84727582653545,
        0
    ],
    "14": [
        153.09567084999165,
        0
    ]
}