{
    "0": [
        131.42071521338397,
        0
    ],
    "1": [
        190.42103675671066,
        0
    ],
    "2": [
        128.70878372087287,
        0
    ],
    "3": [
        96.49724437011392,
        0
    ],
    "4": [
        178.0677240307791,
        0
    ],
    "5": [
        117.74464182497269,
        0
    ],
    "6": [
        198.27335761446463,
        0
    ],
    "7": [
        188.32799798259103,
        0
    ],
    "8": [
        166.45744355773965,
        0
    ],
    "9": [
        119.62253656504842,
        0
    ],
    "10": [
        178.16105072368566,
        0
    ],
    "11": [
        135.8723809748063,
        0
    ],
    "12": [
        117.52578483308955,
        0
    ],
    "13": [
        157.5801542857349,
        0
    ],
    "14": [
        112.09716473946305,
        0
    ]
}