{
    "0": [
        73.13087182675947,
        0
    ],
    "1": [
        87.00871313875379,
        0
    ],
    "2": [
        138.65973097428594,
        0
    ],
    "3": [
        180.91125805443622,
        0
    ],
    "4": [
        108.59762060610029,
        0
    ],
    "5": [
        115.4586833168015,
        0
    ],
    "6": [
        133.85614565839958,
        0
    ],
    "7": [
        163.17474190831274,
        0
    ],
    "8": [
        189.95808294012699,
        0
    ],
    "9": [
        150.66616061178314,
        0
    ],
    "10": [
        125.65678313888618,
        0
    ],
    "11": [
        184.1467395525859,
        0
    ],
    "12": [
        150.08963243270125,
        0
    ],
    "13": [
        119.51370849418443,
        0
    ],
    "14": [
        232.1417418906609,
        0
    ]
}