{
    "0": [
        112.96568226196706,
        0
    ],
    "1": [
        132.83717547960853,
        0
    ],
    "2": [
        140.14144640853334,
        0
    ],
    "3": [
        152.6185198959085,
        0
    ],
    "4": [
        169.35782466007754,
        0
    ],
    "5": [
        154.53271477326862,
        0
    ],
    "6": [
        135.40085546923294,
        0
    ],
    "7": [
        109.75922871659502,
        0
    ],
    "8": [
        125.18065107960336,
        0
    ],
    "9": [
        136.99304263610736,
        0
    ],
    "10": [
        107.30536052180875,
        0
    ],
    "11": [
        97.69224986173577,
        0
    ],
    "12": [
        110.0732155326175,
        0
    ],
    "13": [
        177.62101044522356,
        0
    ],
    "14": [
        134.58465929416974,
        0
    ]
}