{
    "0": [
        135.92005879317142,
        0
    ],
    "1": [
        88.49465208962087,
        0
    ],
    "2": [
        181.3397260594902,
        0
    ],
    "3": [
        100.49232740954375,
        0
    ],
    "4": [
        117.36335756745396,
        0
    ],
    "5": [
        212.46920337864157,
        0
    ],
    "6": [
        121.02760677223192,
        0
    ],
    "7": [
        104.88785107923533,
        0
    ],
    "8": [
        133.8390264482732,
        0
    ],
    "9": [
        145.78328643370247,
        0
    ],
    "10": [
        115.35774186259792,
        0
    ],
    "11": [
        108.12563878426899,
        0
    ],
    "12": [
        136.50380505459225,
        0
    ],
    "13": [
        185.7384492091157,
        0
    ],
    "14": [
        140.46518516620716,
        0
    ]
}