{
    "0": [
        107.35407639833801,
        0
    ],
    "1": [
        134.96402105439702,
        0
    ],
    "2": [
        186.0656659994112,
        0
    ],
    "3": [
        122.57517047155713,
        0
    ],
    "4": [
        127.38991389348816,
        0
    ],
    "5": [
        184.19339910296563,
        0
    ],
    "6": [
        141.89654835195861,
        0
    ],
    "7": [
        69.22978133442696,
        0
    ],
    "8": [
        175.46950360411367,
        0
    ],
    "9": [
        115.06255194957592,
        0
    ],
    "10": [
        145.5604314030456,
        0
    ],
    "11": [
        98.03171085771453,
        0
    ],
    "12": [
        115.46972338443618,
        0
    ],
    "13": [
        190.8835249483147,
        0
    ],
    "14": [
        171.3250570448365,
        0
    ]
}