{
    "0": [
        128.98571515734727,
        0
    ],
    "1": [
        220.7697323315319,
        0
    ],
    "2": [
        236.7173587625002,
        0
    ],
    "3": [
        89.28343200076344,
        0
    ],
    "4": [
        100.05031542175324,
        0
    ],
    "5": [
        149.56807829335088,
        0
    ],
    "6": [
        99.6358087550468,
        0
    ],
    "7": [
        51.90411169912806,
        0
    ],
    "8": [
        165.67014895232032,
        0
    ],
    "9": [
        173.74285509233977,
        0
    ],
    "10": [
        163.49757700914114,
        0
    ],
    "11": [
        138.49253743969928,
        0
    ],
    "12": [
        141.9243403303092,
        0
    ],
    "13": [
        97.08500216844551,
        0
    ],
    "14": [
        206.3537666585406,
        0
    ]
}