{
    "0": [
        163.17481251891704,
        0
    ],
    "1": [
        159.53359872147848,
        0
    ],
    "2": [
        229.68670557742632,
        0
    ],
    "3": [
        146.83433443149897,
        0
    ],
    "4": [
        191.86942880444641,
        0
    ],
    "5": [
        124.85693223066491,
        0
    ],
    "6": [
        174.38003117473684,
        0
    ],
    "7": [
        167.89366537069165,
        0
    ],
    "8": [
        143.64842179492598,
        0
    ],
    "9": [
        159.11937084827713,
        0
    ],
    "10": [
        119.88467452587493,
        0
    ],
    "11": [
        149.50702325156553,
        0
    ],
    "12": [
        133.3050102241698,
        0
    ],
    "13": [
        133.35618636179282,
        0
    ],
    "14": [
        98.2941974432255,
        0
    ]
}