{
    "0": [
        140.3651160428989,
        0
    ],
    "1": [
        116.11431998587423,
        0
    ],
    "2": [
        168.8787049560603,
        0
    ],
    "3": [
        189.81046632864368,
        0
    ],
    "4": [
        139.35328517951422,
        0
    ],
    "5": [
        119.09398165206387,
        0
    ],
    "6": [
        104.70362758997723,
        0
    ],
    "7": [
        163.03265302185935,
        0
    ],
    "8": [
        146.39571771725994,
        0
    ],
    "9": [
        152.6928452791876,
        0
    ],
    "10": [
        92.33001635344017,
        0
    ],
    "11": [
        154.35549392005805,
        0
    ],
    "12": [
        133.80809846641864,
        0
    ],
    "13": [
        157.29683177131795,
        0
    ],
    "14": [
        180.21851612906784,
        0
    ]
}