{
    "0": [
        119.44690202723683,
        0
    ],
    "1": [
        177.81631700732387,
        0
    ],
    "2": [
        120.14970829304096,
        0
    ],
    "3": [
        113.47527108440224,
        0
    ],
    "4": [
        163.63137625631373,
        0
    ],
    "5": [
        123.58017269938084,
        0
    ],
    "6": [
        222.70729193210954,
        0
    ],
    "7": [
        78.8411606192419,
        0
    ],
    "8": [
        187.6105679995584,
        0
    ],
    "9": [
        139.36855119671912,
        0
    ],
    "10": [
        160.76114422603573,
        0
    ],
    "11": [
        124.61439805010308,
        0
    ],
    "12": [
        143.57316954959182,
        0
    ],
    "13": [
        247.65145009093865,
        0
    ],
    "14": [
        140.626443938944,
        0
    ]
}