{
    "0": [
        168.32150897939007,
        0
    ],
    "1": [
        208.4077837529654,
        0
    ],
    "2": [
        122.78688650610006,
        0
    ],
    "3": [
        162.35366629414767,
        0
    ],
    "4": [
        77.46570933892099,
        0
    ],
    "5": [
        149.3463647554553,
        0
    ],
    "6": [
        94.63455720538649,
        0
    ],
    "7": [
        159.47804454953993,
        0
    ],
    "8": [
        195.4854423282967,
        0
    ],
    "9": [
        124.81169381636474,
        0
    ],
    "10": [
        88.76995853549218,
        0
    ],
    "11": [
        197.9191770738636,
        0
    ],
    "12": [
        105.29257738477398,
        0
    ],
    "13": [
        106.92133620425835,
        0
    ],
    "14": [
        152.51633667652197,
        0
    ]
}