{
    "0": [
        180.27972000351983,
        0
    ],
    "1": [
        67.11985828576249,
        0
    ],
    "2": [
        155.69154190770314,
        0
    ],
    "3": [
        146.48618756070624,
        0
    ],
    "4": [
        186.30418615781093,
        0
    ],
    "5": [
        125.88146838215175,
        0
    ],
    "6": [
        124.17932163443564,
        0
    ],
    "7": [
        148.03031079392912,
        0
    ],
    "8": [
        127.0875543935436,
        0
    ],
    "9": [
        141.46730579289024,
        0
    ],
    "10": [
        167.81895404090616,
        0
    ],
    "11": [
        118.03194906622947,
        0
    ],
    "12": [
        130.07563412652965,
        0
    ],
    "13": [
        228.4415424218515,
        0
    ],
    "14": [
        153.0909167174317,
        0
    ]
}