{
    "0": [
        103.64459425281515,
        0
    ],
    "1": [
        137.19988451697762,
        0
    ],
    "2": [
        133.50180629233594,
        0
    ],
    "3": [
        114.69936235970962,
        0
    ],
    "4": [
        108.92095885273099,
        0
    ],
    "5": [
        174.90739691673673,
        0
    ],
    "6": [
        207.34129351270255,
        0
    ],
    "7": [
        105.55293000800991,
        0
    ],
    "8": [
        169.4378632975508,
        0
    ],
    "9": [
        129.64939900397104,
        0
    ],
    "10": [
        168.86869920905778,
        0
    ],
    "11": [
        132.93388040952726,
        0
    ],
    "12": [
        120.95681381226271,
        0
    ],
    "13": [
        135.5878367491727,
        0
    ],
    "14": [
        187.56129059670204,
        0
    ]
}