{
    "0": [
        171.32107360593787,
        0
    ],
    "1": [
        117.74893299173483,
        0
    ],
    "2": [
        114.12017402186042,
        0
    ],
    "3": [
        89.39005832659,
        0
    ],
    "4": [
        210.30352494363643,
        0
    ],
    "5": [
        131.53904897848162,
        0
    ],
    "6": [
        151.79965393784806,
        0
    ],
    "7": [
        73.36040866353028,
        0
    ],
    "8": [
        90.76386751342052,
        0
    ],
    "9": [
        64.67234811367008,
        0
    ],
    "10": [
        212.9142947834127,
        0
    ],
    "11": [
        184.93314446112655,
        0
    ],
    "12": [
        143.59847454234222,
        0
    ],
    "13": [
        168.56827137566668,
        0
    ],
    "14": [
        142.6136949784383,
        0
    ]
}