{
    "0": [
        105.33725386313058,
        0
    ],
    "1": [
        107.21713126358264,
        0
    ],
    "2": [
        118.79269472153138,
        0
    ],
    "3": [
        126.11442621140759,
        0
    ],
    "4": [
        145.49973719533887,
        0
    ],
    "5": [
        208.23977757835294,
        0
    ],
    "6": [
        157.91319374187344,
        0
    ],
    "7": [
        102.69335598449834,
        0
    ],
    "8": [
        122.77058726535986,
        0
    ],
    "9": [
        73.45414452170488,
        0
    ],
    "10": [
        210.28968824320629,
        0
    ],
    "11": [
        141.49677640990308,
        0
    ],
    "12": [
        149.03052375314752,
        0
    ],
    "13": [
        106.19132221151268,
        0
    ],
    "14": [
        80.81550040805709,
        0
    ]
}