{
    "0": [
        135.70852117427407,
        0
    ],
    "1": [
        173.81686458852897,
        0
    ],
    "2": [
        139.1015178934248,
        0
    ],
    "3": [
        131.17352577905987,
        0
    ],
    "4": [
        134.59116592651233,
        0
    ],
    "5": [
        110.96283159417146,
        0
    ],
    "6": [
        134.92105524363222,
        0
    ],
    "7": [
        156.99737800898106,
        0
    ],
    "8": [
        203.90027201433062,
        0
    ],
    "9": [
        142.32891044892895,
        0
    ],
    "10": [
        189.43113013298736,
        0
    ],
    "11": [
        98.47778902900343,
        0
    ],
    "12": [
        88.20218541042739,
        0
    ],
    "13": [
        181.6746189044584,
        0
    ],
    "14": [
        146.36723653252204,
        0
    ]
}