{
    "0": [
        129.538928940049,
        0
    ],
    "1": [
        153.6932462654844,
        0
    ],
    "2": [
        200.42047842271975,
        0
    ],
    "3": [
        158.2280325858263,
        0
    ],
    "4": [
        111.49735116993561,
        0
    ],
    "5": [
        140.49299107933092,
        0
    ],
    "6": [
        188.59357202444068,
        0
    ],
    "7": [
        172.12006343147684,
        0
    ],
    "8": [
        123.45956670030237,
        0
    ],
    "9": [
        129.07165387258632,
        0
    ],
    "10": [
        113.50736510905293,
        0
    ],
    "11": [
        129.19759489758673,
        0
    ],
    "12": [
        165.83364711960553,
        0
    ],
    "13": [
        152.9052113415629,
        0
    ],
    "14": [
        173.85783342751213,
        0
    ]
}