{
    "0": [
        169.69605792977546,
        0
    ],
    "1": [
        132.79161758199714,
        0
    ],
    "2": [
        165.78336645010984,
        0
    ],
    "3": [
        84.71882620992416,
        0
    ],
    "4": [
        120.26032715113642,
        0
    ],
    "5": [
        182.10401612872417,
        0
    ],
    "6": [
        158.41110760460163,
        0
    ],
    "7": [
        192.86635538103926,
        0
    ],
    "8": [
        111.35304982287987,
        0
    ],
    "9": [
        91.79592050811775,
        0
    ],
    "10": [
        89.55876529136788,
        0
    ],
    "11": [
        185.5577811079065,
        0
    ],
    "12": [
        147.66935936770545,
        0
    ],
    "13": [
        82.051026585091,
        0
    ],
    "14": [
        132.2253132514241,
        0
    ]
}