{
    "0": [
        151.76835138548435,
        0
    ],
    "1": [
        118.93585245636032,
        0
    ],
    "2": [
        96.6553373503356,
        0
    ],
    "3": [
        137.18007137683293,
        0
    ],
    "4": [
        131.76145654338518,
        0
    ],
    "5": [
        107.81531389586927,
        0
    ],
    "6": [
        172.68629673559676,
        0
    ],
    "7": [
        140.26112509374627,
        0
    ],
    "8": [
        207.6566142671461,
        0
    ],
    "9": [
        97.57537397699085,
        0
    ],
    "10": [
        119.22564523018534,
        0
    ],
    "11": [
        212.98528036822626,
        0
    ],
    "12": [
        127.6947937176734,
        0
    ],
    "13": [
        106.26468534126295,
        0
    ],
    "14": [
        227.19034018520222,
        0
    ]
}