{
    "0": [
        156.59990638476552,
        0
    ],
    "1": [
        90.91597350417688,
        0
    ],
    "2": [
        126.5245938799172,
        0
    ],
    "3": [
        127.44968798685333,
        0
    ],
    "4": [
        118.27881443518203,
        0
    ],
    "5": [
        119.42517681918449,
        0
    ],
    "6": [
        98.57216567688305,
        0
    ],
    "7": [
        134.30723715255056,
        0
    ],
    "8": [
        143.67664613861942,
        0
    ],
    "9": [
        128.94763407800156,
        0
    ],
    "10": [
        138.18826700325755,
        0
    ],
    "11": [
        141.00248348924006,
        0
    ],
    "12": [
        139.85153658948883,
        0
    ],
    "13": [
        174.19920637418002,
        0
    ],
    "14": [
        120.11532167674827,
        0
    ]
}