{
    "0": [
        121.11969937646242,
        0
    ],
    "1": [
        134.1256748633977,
        0
    ],
    "2": [
        188.45504709407194,
        0
    ],
    "3": [
        125.57538521200293,
        0
    ],
    "4": [
        149.3846214052919,
        0
    ],
    "5": [
        191.37598002371894,
        0
    ],
    "6": [
        137.8478740168361,
        0
    ],
    "7": [
        81.15586968721301,
        0
    ],
    "8": [
        164.12850964477715,
        0
    ],
    "9": [
        137.00341136435182,
        0
    ],
    "10": [
        125.65729705915102,
        0
    ],
    "11": [
        194.24383386261707,
        0
    ],
    "12": [
        106.75572202300273,
        0
    ],
    "13": [
        97.28398203761441,
        0
    ],
    "14": [
        200.24223577096336,
        0
    ]
}