{
    "0": [
        148.57924812945126,
        0
    ],
    "1": [
        212.37666168988017,
        0
    ],
    "2": [
        143.35093907262183,
        0
    ],
    "3": [
        143.66828276869393,
        0
    ],
    "4": [
        149.96117801494518,
        0
    ],
    "5": [
        170.7427142275974,
        0
    ],
    "6": [
        158.5068802755479,
        0
    ],
    "7": [
        133.07394475067102,
        0
    ],
    "8": [
        118.53210410084763,
        0
    ],
    "9": [
        133.989955711806,
        0
    ],
    "10": [
        189.8066531406271,
        0
    ],
    "11": [
        91.92008876247259,
        0
    ],
    "12": [
        102.3888787017451,
        0
    ],
    "13": [
        150.83367130915096,
        0
    ],
    "14": [
        170.1974708975058,
        0
    ]
}