{
    "0": [
        144.38613677338387,
        0
    ],
    "1": [
        130.82364382209403,
        0
    ],
    "2": [
        211.71035061115327,
        0
    ],
    "3": [
        161.3408177259958,
        0
    ],
    "4": [
        160.470754948391,
        0
    ],
    "5": [
        149.1181681688634,
        0
    ],
    "6": [
        84.41219023242911,
        0
    ],
    "7": [
        145.6935039735238,
        0
    ],
    "8": [
        189.30433374056722,
        0
    ],
    "9": [
        167.20983257857958,
        0
    ],
    "10": [
        192.40583236208073,
        0
    ],
    "11": [
        105.40432734208424,
        0
    ],
    "12": [
        109.07941079991313,
        0
    ],
    "13": [
        59.45246155891357,
        0
    ],
    "14": [
        175.91444919440872,
        0
    ]
}