{
    "0": [
        134.058018388461,
        0
    ],
    "1": [
        187.18669641220993,
        0
    ],
    "2": [
        170.46248965870396,
        0
    ],
    "3": [
        171.77575983732112,
        0
    ],
    "4": [
        201.36372207502484,
        0
    ],
    "5": [
        73.02947453261757,
        0
    ],
    "6": [
        120.7656597808178,
        0
    ],
    "7": [
        83.62853891819651,
        0
    ],
    "8": [
        181.01549977890537,
        0
    ],
    "9": [
        156.99448908658178,
        0
    ],
    "10": [
        145.95427833410125,
        0
    ],
    "11": [
        170.54430921354822,
        0
    ],
    "12": [
        129.70136365231747,
        0
    ],
    "13": [
        120.35908476931576,
        0
    ],
    "14": [
        119.39146400750451,
        0
    ]
}