{
    "0": [
        174.28041177041314,
        0
    ],
    "1": [
        127.5242879507758,
        0
    ],
    "2": [
        135.26281482623583,
        0
    ],
    "3": [
        160.97289397015922,
        0
    ],
    "4": [
        128.60207355895218,
        0
    ],
    "5": [
        131.63794107602328,
        0
    ],
    "6": [
        111.5187240025341,
        0
    ],
    "7": [
        145.23153644423107,
        0
    ],
    "8": [
        90.23543363881952,
        0
    ],
    "9": [
        124.60864969076081,
        0
    ],
    "10": [
        106.82445540688687,
        0
    ],
    "11": [
        75.41741100047227,
        0
    ],
    "12": [
        113.98451367931649,
        0
    ],
    "13": [
        96.73157416616999,
        0
    ],
    "14": [
        215.1157287482088,
        0
    ]
}