{
    "0": [
        104.81080485484067,
        0
    ],
    "1": [
        162.72359535468212,
        0
    ],
    "2": [
        144.19722243661155,
        0
    ],
    "3": [
        180.87865971181793,
        0
    ],
    "4": [
        126.79572277715765,
        0
    ],
    "5": [
        135.19453341359738,
        0
    ],
    "6": [
        126.4340186270824,
        0
    ],
    "7": [
        79.13412915079377,
        0
    ],
    "8": [
        93.88157344072626,
        0
    ],
    "9": [
        138.1943127079472,
        0
    ],
    "10": [
        188.44996561937992,
        0
    ],
    "11": [
        137.06320401926644,
        0
    ],
    "12": [
        156.68574503064568,
        0
    ],
    "13": [
        148.92931602540185,
        0
    ],
    "14": [
        139.91497412911932,
        0
    ]
}