{
    "0": [
        144.75741155528812,
        0
    ],
    "1": [
        75.93349697915818,
        0
    ],
    "2": [
        130.81731928430855,
        0
    ],
    "3": [
        164.72546426325556,
        0
    ],
    "4": [
        149.51487318237582,
        0
    ],
    "5": [
        146.58114152882138,
        0
    ],
    "6": [
        89.90042022000998,
        0
    ],
    "7": [
        152.39776545117718,
        0
    ],
    "8": [
        161.24477564377187,
        0
    ],
    "9": [
        158.590473311337,
        0
    ],
    "10": [
        180.45496709854524,
        0
    ],
    "11": [
        127.68302326985442,
        0
    ],
    "12": [
        168.05818327869133,
        0
    ],
    "13": [
        164.64710528788763,
        0
    ],
    "14": [
        82.40317893386674,
        0
    ]
}