{
    "0": [
        117.0660958219527,
        0
    ],
    "1": [
        135.78897601820907,
        0
    ],
    "2": [
        190.1578239602193,
        0
    ],
    "3": [
        172.70794102978823,
        0
    ],
    "4": [
        111.34665568498957,
        0
    ],
    "5": [
        149.34045329506833,
        0
    ],
    "6": [
        171.58385414835914,
        0
    ],
    "7": [
        111.35568073029835,
        0
    ],
    "8": [
        125.74562605989955,
        0
    ],
    "9": [
        115.82796714997305,
        0
    ],
    "10": [
        181.13807550772646,
        0
    ],
    "11": [
        190.64942158030644,
        0
    ],
    "12": [
        168.20877887935558,
        0
    ],
    "13": [
        74.19571465542573,
        0
    ],
    "14": [
        140.2489635725243,
        0
    ]
}