{
    "0": [
        140.43473388585264,
        0
    ],
    "1": [
        145.4734171826223,
        0
    ],
    "2": [
        144.9054091721051,
        0
    ],
    "3": [
        242.59801254454425,
        0
    ],
    "4": [
        112.05074962173275,
        0
    ],
    "5": [
        174.69916243702446,
        0
    ],
    "6": [
        157.95667274910485,
        0
    ],
    "7": [
        167.48232605456766,
        0
    ],
    "8": [
        134.0816822736628,
        0
    ],
    "9": [
        154.5618800972449,
        0
    ],
    "10": [
        164.13840824645195,
        0
    ],
    "11": [
        176.5460724672366,
        0
    ],
    "12": [
        127.57977841046849,
        0
    ],
    "13": [
        109.3879884796669,
        0
    ],
    "14": [
        142.73799954899062,
        0
    ]
}