{
    "0": [
        134.20461437000273,
        0
    ],
    "1": [
        79.37077996778896,
        0
    ],
    "2": [
        112.7497762401378,
        0
    ],
    "3": [
        80.76154981414341,
        0
    ],
    "4": [
        96.84979973843393,
        0
    ],
    "5": [
        215.39618013898854,
        0
    ],
    "6": [
        145.49212205086,
        0
    ],
    "7": [
        158.5667198227418,
        0
    ],
    "8": [
        110.91756213460982,
        0
    ],
    "9": [
        176.02855024513235,
        0
    ],
    "10": [
        132.22718603906605,
        0
    ],
    "11": [
        149.28248944060167,
        0
    ],
    "12": [
        209.4040055893932,
        0
    ],
    "13": [
        80.59554386262369,
        0
    ],
    "14": [
        112.95327782792064,
        0
    ]
}