{
    "0": [
        111.87306477635939,
        0
    ],
    "1": [
        99.2782381761204,
        0
    ],
    "2": [
        79.30883894567413,
        0
    ],
    "3": [
        138.82380103338534,
        0
    ],
    "4": [
        198.18854960634056,
        0
    ],
    "5": [
        163.40295697910372,
        0
    ],
    "6": [
        235.61758987684536,
        0
    ],
    "7": [
        115.67281695562617,
        0
    ],
    "8": [
        131.2881245133205,
        0
    ],
    "9": [
        158.81870317646892,
        0
    ],
    "10": [
        159.66548326734926,
        0
    ],
    "11": [
        99.23656054540034,
        0
    ],
    "12": [
        160.81462416892333,
        0
    ],
    "13": [
        124.69768101096444,
        0
    ],
    "14": [
        167.9222471419853,
        0
    ]
}