{
    "0": [
        122.16016053380852,
        0
    ],
    "1": [
        164.61914541267004,
        0
    ],
    "2": [
        91.74999112418695,
        0
    ],
    "3": [
        136.12126627377637,
        0
    ],
    "4": [
        114.3289206723516,
        0
    ],
    "5": [
        150.98359423738214,
        0
    ],
    "6": [
        202.9811213094264,
        0
    ],
    "7": [
        146.53248802405028,
        0
    ],
    "8": [
        182.96826328359128,
        0
    ],
    "9": [
        97.44739513101109,
        0
    ],
    "10": [
        80.71792813629517,
        0
    ],
    "11": [
        136.0744492073318,
        0
    ],
    "12": [
        152.89814786857733,
        0
    ],
    "13": [
        120.18637935999737,
        0
    ],
    "14": [
        173.90677369296705,
        0
    ]
}