{
    "0": [
        107.94926504044497,
        0
    ],
    "1": [
        90.7158280691653,
        0
    ],
    "2": [
        145.195864185994,
        0
    ],
    "3": [
        117.46570879273627,
        0
    ],
    "4": [
        147.6100464418629,
        0
    ],
    "5": [
        114.86531487582643,
        0
    ],
    "6": [
        161.16828107945773,
        0
    ],
    "7": [
        130.8813722947713,
        0
    ],
    "8": [
        137.97674509573596,
        0
    ],
    "9": [
        132.56947520864912,
        0
    ],
    "10": [
        90.04724789677303,
        0
    ],
    "11": [
        107.70085395631787,
        0
    ],
    "12": [
        191.9826039738388,
        0
    ],
    "13": [
        141.5265034749991,
        0
    ],
    "14": [
        124.81901890029908,
        0
    ]
}