{
    "0": [
        111.44564818167402,
        0
    ],
    "1": [
        148.65571165514262,
        0
    ],
    "2": [
        130.78523573436536,
        0
    ],
    "3": [
        80.82362602823045,
        0
    ],
    "4": [
        59.0111378667878,
        0
    ],
    "5": [
        164.12647924202705,
        0
    ],
    "6": [
        130.7339538965661,
        0
    ],
    "7": [
        142.5924839927069,
        0
    ],
    "8": [
        116.34589762972283,
        0
    ],
    "9": [
        146.6365070843204,
        0
    ],
    "10": [
        119.03828412366336,
        0
    ],
    "11": [
        169.5917678546594,
        0
    ],
    "12": [
        96.95422467002327,
        0
    ],
    "13": [
        190.3277130585834,
        0
    ],
    "14": [
        167.47822107464947,
        0
    ]
}