{
    "0": [
        134.73374174552185,
        0
    ],
    "1": [
        131.33796663598173,
        0
    ],
    "2": [
        162.05236799465357,
        0
    ],
    "3": [
        108.14790867356075,
        0
    ],
    "4": [
        159.92906103038592,
        0
    ],
    "5": [
        189.79612681767648,
        0
    ],
    "6": [
        97.84316196023516,
        0
    ],
    "7": [
        112.21622561676944,
        0
    ],
    "8": [
        124.6560220731808,
        0
    ],
    "9": [
        173.6684980734645,
        0
    ],
    "10": [
        134.27927656898143,
        0
    ],
    "11": [
        173.4762501961579,
        0
    ],
    "12": [
        136.00954113837335,
        0
    ],
    "13": [
        93.94379165804396,
        0
    ],
    "14": [
        136.61464575850692,
        0
    ]
}