{
    "0": [
        123.36171950727788,
        0
    ],
    "1": [
        124.99557230878477,
        0
    ],
    "2": [
        167.46465526578984,
        0
    ],
    "3": [
        176.19856253918147,
        0
    ],
    "4": [
        104.29603395720548,
        0
    ],
    "5": [
        124.16215327444807,
        0
    ],
    "6": [
        158.02340701918072,
        0
    ],
    "7": [
        119.92635474341965,
        0
    ],
    "8": [
        210.36917162743646,
        0
    ],
    "9": [
        203.85693665259822,
        0
    ],
    "10": [
        196.6177315676914,
        0
    ],
    "11": [
        95.25142133028672,
        0
    ],
    "12": [
        98.3450722385377,
        0
    ],
    "13": [
        116.50571883067175,
        0
    ],
    "14": [
        106.80056486603209,
        0
    ]
}