{
    "0": [
        123.38500606680442,
        0
    ],
    "1": [
        102.1731294706832,
        0
    ],
    "2": [
        196.20765401299172,
        0
    ],
    "3": [
        124.15804650332466,
        0
    ],
    "4": [
        176.87636814869433,
        0
    ],
    "5": [
        83.84674845781875,
        0
    ],
    "6": [
        146.21790460122608,
        0
    ],
    "7": [
        182.42532850228798,
        0
    ],
    "8": [
        141.66372941732698,
        0
    ],
    "9": [
        98.17547531076144,
        0
    ],
    "10": [
        203.1682637942944,
        0
    ],
    "11": [
        138.4940154666423,
        0
    ],
    "12": [
        152.3973258737213,
        0
    ],
    "13": [
        188.07010085493096,
        0
    ],
    "14": [
        169.92947372601608,
        0
    ]
}