{
    "0": [
        192.74658036562022,
        0
    ],
    "1": [
        131.04608760327073,
        0
    ],
    "2": [
        212.12843290340044,
        0
    ],
    "3": [
        69.2730505278713,
        0
    ],
    "4": [
        112.43091710608306,
        0
    ],
    "5": [
        175.02838389958785,
        0
    ],
    "6": [
        127.7065067136143,
        0
    ],
    "7": [
        109.6950021205724,
        0
    ],
    "8": [
        160.33055226807818,
        0
    ],
    "9": [
        127.0842011053023,
        0
    ],
    "10": [
        144.26648515899703,
        0
    ],
    "11": [
        146.08625259391954,
        0
    ],
    "12": [
        135.3767398941876,
        0
    ],
    "13": [
        126.05792850539629,
        0
    ],
    "14": [
        170.9377703021143,
        0
    ]
}