{
    "0": [
        198.18925752166578,
        0
    ],
    "1": [
        133.83173610592505,
        0
    ],
    "2": [
        103.8630946858067,
        0
    ],
    "3": [
        140.37501481068506,
        0
    ],
    "4": [
        79.70039506015611,
        0
    ],
    "5": [
        130.07189962722902,
        0
    ],
    "6": [
        125.9122669041415,
        0
    ],
    "7": [
        149.65688334653717,
        0
    ],
    "8": [
        135.99553779829233,
        0
    ],
    "9": [
        188.53873382719803,
        0
    ],
    "10": [
        157.15332931140807,
        0
    ],
    "11": [
        194.55853244386847,
        0
    ],
    "12": [
        124.33449872549971,
        0
    ],
    "13": [
        99.60729205491357,
        0
    ],
    "14": [
        165.92222464918575,
        0
    ]
}