{
    "0": [
        0.08578509837388992,
        2175
    ],
    "1": [
        0.1036466434597969,
        2044
    ],
    "2": [
        0.09516914933919907,
        1996
    ],
    "3": [
        0.04762842506170273,
        2487
    ],
    "4": [
        0.08618771284818649,
        2316
    ],
    "5": [
        0.06787796318531036,
        1786
    ],
    "6": [
        0.07468054443597794,
        2769
    ],
    "7": [
        0.06577439606189728,
        2117
    ],
    "8": [
        0.0666387528181076,
        2932
    ],
    "9": [
        0.0541609488427639,
        2561
    ],
    "10": [
        0.03998202085494995,
        1695
    ],
    "11": [
        0.04496115818619728,
        1354
    ],
    "12": [
        0.057068195194005966,
        2910
    ],
    "13": [
        0.053791966289281845,
        2252
    ],
    "14": [
        0.05664704740047455,
        3169
    ]
}