{
    "0": [
        0.08305837213993073,
        2795
    ],
    "1": [
        0.040649496018886566,
        2004
    ],
    "2": [
        0.06360690295696259,
        3012
    ],
    "3": [
        0.07185078412294388,
        1898
    ],
    "4": [
        0.03947729244828224,
        1805
    ],
    "5": [
        0.11654399335384369,
        2336
    ],
    "6": [
        0.08339066803455353,
        2071
    ],
    "7": [
        0.04351844638586044,
        2085
    ],
    "8": [
        0.0893661230802536,
        2051
    ],
    "9": [
        0.09264069050550461,
        1901
    ],
    "10": [
        0.08243335038423538,
        2308
    ],
    "11": [
        0.025170277804136276,
        3425
    ],
    "12": [
        0.046337537467479706,
        2070
    ],
    "13": [
        0.06715486198663712,
        2156
    ],
    "14": [
        0.054801251739263535,
        2449
    ]
}