{
    "0": [
        0.04434572160243988,
        2190
    ],
    "1": [
        0.11643991619348526,
        3269
    ],
    "2": [
        0.03547916188836098,
        1905
    ],
    "3": [
        0.07149869948625565,
        3047
    ],
    "4": [
        0.06566308438777924,
        1578
    ],
    "5": [
        0.03324602171778679,
        2688
    ],
    "6": [
        0.09510507434606552,
        2751
    ],
    "7": [
        0.06763733178377151,
        1966
    ],
    "8": [
        0.06503546237945557,
        2880
    ],
    "9": [
        0.07594172656536102,
        2109
    ],
    "10": [
        0.0788540318608284,
        2536
    ],
    "11": [
        0.048126399517059326,
        1757
    ],
    "12": [
        0.09320025146007538,
        3314
    ],
    "13": [
        0.08570568263530731,
        2597
    ],
    "14": [
        0.02372157946228981,
        1461
    ]
}