{
    "0": [
        0.040470752865076065,
        1973
    ],
    "1": [
        0.06369508802890778,
        2439
    ],
    "2": [
        0.10587824881076813,
        2986
    ],
    "3": [
        0.028280261904001236,
        1958
    ],
    "4": [
        0.11069507151842117,
        2869
    ],
    "5": [
        0.05365176871418953,
        2561
    ],
    "6": [
        0.04878087714314461,
        2215
    ],
    "7": [
        0.04593765363097191,
        2329
    ],
    "8": [
        0.12508894503116608,
        2577
    ],
    "9": [
        0.07746425271034241,
        2522
    ],
    "10": [
        0.05196484550833702,
        2981
    ],
    "11": [
        0.08302129805088043,
        2436
    ],
    "12": [
        0.05839303880929947,
        1709
    ],
    "13": [
        0.06462071090936661,
        1646
    ],
    "14": [
        0.042057186365127563,
        1899
    ]
}