{
    "0": [
        0.13116547465324402,
        2503
    ],
    "1": [
        0.03951624780893326,
        2374
    ],
    "2": [
        0.07936825603246689,
        2425
    ],
    "3": [
        0.03823165223002434,
        2667
    ],
    "4": [
        0.03707515075802803,
        2122
    ],
    "5": [
        0.1160813495516777,
        2216
    ],
    "6": [
        0.04642648994922638,
        1777
    ],
    "7": [
        0.06782282143831253,
        2580
    ],
    "8": [
        0.0789237916469574,
        2134
    ],
    "9": [
        0.030346035957336426,
        2178
    ],
    "10": [
        0.0506204329431057,
        1994
    ],
    "11": [
        0.07330603152513504,
        2409
    ],
    "12": [
        0.06516560912132263,
        1937
    ],
    "13": [
        0.08968605846166611,
        2218
    ],
    "14": [
        0.056264571845531464,
        2614
    ]
}