{
    "0": [
        0.06069204956293106,
        2329
    ],
    "1": [
        0.028633344918489456,
        2146
    ],
    "2": [
        0.07322100549936295,
        2794
    ],
    "3": [
        0.06328069418668747,
        2101
    ],
    "4": [
        0.04058041423559189,
        1959
    ],
    "5": [
        0.08143209666013718,
        3194
    ],
    "6": [
        0.046497732400894165,
        2376
    ],
    "7": [
        0.05708102136850357,
        3116
    ],
    "8": [
        0.05095510929822922,
        1801
    ],
    "9": [
        0.10980746150016785,
        1947
    ],
    "10": [
        0.07258787006139755,
        2284
    ],
    "11": [
        0.0638580247759819,
        2318
    ],
    "12": [
        0.0587034597992897,
        1653
    ],
    "13": [
        0.06983351707458496,
        2779
    ],
    "14": [
        0.12283626943826675,
        3015
    ]
}