{
    "0": [
        0.1120186373591423,
        2217
    ],
    "1": [
        0.12846028804779053,
        2343
    ],
    "2": [
        0.0733037143945694,
        1916
    ],
    "3": [
        0.07209521532058716,
        2335
    ],
    "4": [
        0.05543021485209465,
        2025
    ],
    "5": [
        0.07351159304380417,
        2581
    ],
    "6": [
        0.08378292620182037,
        1830
    ],
    "7": [
        0.022244233638048172,
        2032
    ],
    "8": [
        0.05540679022669792,
        2763
    ],
    "9": [
        0.031500063836574554,
        2285
    ],
    "10": [
        0.09866628050804138,
        2802
    ],
    "11": [
        0.0668272003531456,
        2248
    ],
    "12": [
        0.02615019679069519,
        2156
    ],
    "13": [
        0.07227753102779388,
        3000
    ],
    "14": [
        0.028325052931904793,
        1658
    ]
}