{
    "0": [
        0.04132987931370735,
        1535
    ],
    "1": [
        0.05657553672790527,
        2463
    ],
    "2": [
        0.04595007747411728,
        1898
    ],
    "3": [
        0.04958830401301384,
        2040
    ],
    "4": [
        0.07343220710754395,
        2392
    ],
    "5": [
        0.02712993696331978,
        1715
    ],
    "6": [
        0.06984099745750427,
        1777
    ],
    "7": [
        0.07029064744710922,
        2785
    ],
    "8": [
        0.05436214059591293,
        2694
    ],
    "9": [
        0.05581849068403244,
        2413
    ],
    "10": [
        0.06483414769172668,
        2536
    ],
    "11": [
        0.08914294093847275,
        2027
    ],
    "12": [
        0.07361456751823425,
        2196
    ],
    "13": [
        0.09442157298326492,
        3395
    ],
    "14": [
        0.13366860151290894,
        2809
    ]
}