{
    "0": [
        0.03950648754835129,
        2547
    ],
    "1": [
        0.05381157249212265,
        2418
    ],
    "2": [
        0.05244077742099762,
        2155
    ],
    "3": [
        0.10970436036586761,
        2384
    ],
    "4": [
        0.06427814811468124,
        2561
    ],
    "5": [
        0.059474799782037735,
        2162
    ],
    "6": [
        0.07965142279863358,
        2389
    ],
    "7": [
        0.03625965863466263,
        2240
    ],
    "8": [
        0.03211933374404907,
        2108
    ],
    "9": [
        0.12348110973834991,
        3235
    ],
    "10": [
        0.0831856057047844,
        1940
    ],
    "11": [
        0.08787240087985992,
        2526
    ],
    "12": [
        0.06523095071315765,
        3017
    ],
    "13": [
        0.05056321993470192,
        2761
    ],
    "14": [
        0.062420204281806946,
        2464
    ]
}