{
    "0": [
        0.036028098315000534,
        1048
    ],
    "1": [
        0.09549880772829056,
        1918
    ],
    "2": [
        0.07711806893348694,
        2724
    ],
    "3": [
        0.03941001370549202,
        2002
    ],
    "4": [
        0.06551975756883621,
        2421
    ],
    "5": [
        0.0926101803779602,
        3231
    ],
    "6": [
        0.0937831699848175,
        3162
    ],
    "7": [
        0.053911324590444565,
        3262
    ],
    "8": [
        0.04075385257601738,
        1626
    ],
    "9": [
        0.0669746994972229,
        2515
    ],
    "10": [
        0.02817591279745102,
        1316
    ],
    "11": [
        0.07307330518960953,
        1804
    ],
    "12": [
        0.05068936198949814,
        2230
    ],
    "13": [
        0.09670299291610718,
        2194
    ],
    "14": [
        0.08975046128034592,
        3034
    ]
}