{
    "0": [
        0.02740401029586792,
        1847
    ],
    "1": [
        0.07673683762550354,
        2891
    ],
    "2": [
        0.04708944633603096,
        1768
    ],
    "3": [
        0.07759278267621994,
        2694
    ],
    "4": [
        0.07350125163793564,
        3026
    ],
    "5": [
        0.06423645466566086,
        1572
    ],
    "6": [
        0.09492890536785126,
        2951
    ],
    "7": [
        0.07973677664995193,
        2037
    ],
    "8": [
        0.0320090688765049,
        2012
    ],
    "9": [
        0.09858474135398865,
        2471
    ],
    "10": [
        0.06576810777187347,
        1830
    ],
    "11": [
        0.06758105009794235,
        1775
    ],
    "12": [
        0.053729355335235596,
        2566
    ],
    "13": [
        0.08078325539827347,
        2737
    ],
    "14": [
        0.06031801924109459,
        2082
    ]
}