{
    "0": [
        0.08066684752702713,
        2418
    ],
    "1": [
        0.05552845820784569,
        3116
    ],
    "2": [
        0.08739322423934937,
        2511
    ],
    "3": [
        0.047141630202531815,
        2675
    ],
    "4": [
        0.06112515553832054,
        2923
    ],
    "5": [
        0.07413677126169205,
        2400
    ],
    "6": [
        0.05704575404524803,
        2241
    ],
    "7": [
        0.0579807311296463,
        1742
    ],
    "8": [
        0.061877794563770294,
        2317
    ],
    "9": [
        0.05617579445242882,
        1702
    ],
    "10": [
        0.11183453351259232,
        2605
    ],
    "11": [
        0.04549421742558479,
        1046
    ],
    "12": [
        0.04766542464494705,
        2419
    ],
    "13": [
        0.057449232786893845,
        2823
    ],
    "14": [
        0.09848443418741226,
        1917
    ]
}