{
    "0": [
        0.08612601459026337,
        1976
    ],
    "1": [
        0.05718081071972847,
        2207
    ],
    "2": [
        0.06555479764938354,
        2128
    ],
    "3": [
        0.11413444578647614,
        2578
    ],
    "4": [
        0.06915051490068436,
        2617
    ],
    "5": [
        0.03970877081155777,
        2121
    ],
    "6": [
        0.06879928708076477,
        2465
    ],
    "7": [
        0.05257716402411461,
        2499
    ],
    "8": [
        0.029698895290493965,
        1351
    ],
    "9": [
        0.06268034875392914,
        2671
    ],
    "10": [
        0.047067806124687195,
        2421
    ],
    "11": [
        0.09957035630941391,
        2924
    ],
    "12": [
        0.0356631763279438,
        2487
    ],
    "13": [
        0.05549177527427673,
        1911
    ],
    "14": [
        0.11659581959247589,
        2564
    ]
}