{
    "0": [
        0.07059977948665619,
        2712
    ],
    "1": [
        0.0709201917052269,
        2126
    ],
    "2": [
        0.06138196960091591,
        2535
    ],
    "3": [
        0.06344453245401382,
        2406
    ],
    "4": [
        0.07792826741933823,
        2262
    ],
    "5": [
        0.07122951745986938,
        1904
    ],
    "6": [
        0.05630135163664818,
        2685
    ],
    "7": [
        0.13362722098827362,
        2583
    ],
    "8": [
        0.06747493892908096,
        1876
    ],
    "9": [
        0.049180708825588226,
        2297
    ],
    "10": [
        0.055274851620197296,
        2034
    ],
    "11": [
        0.0628642588853836,
        1754
    ],
    "12": [
        0.04892609268426895,
        2020
    ],
    "13": [
        0.042095184326171875,
        2376
    ],
    "14": [
        0.06875110417604446,
        2559
    ]
}