{
    "0": [
        0.041506391018629074,
        2048
    ],
    "1": [
        0.07080154120922089,
        2388
    ],
    "2": [
        0.06510493159294128,
        2207
    ],
    "3": [
        0.049663692712783813,
        2429
    ],
    "4": [
        0.05468541011214256,
        2106
    ],
    "5": [
        0.054053790867328644,
        2197
    ],
    "6": [
        0.0555628165602684,
        2620
    ],
    "7": [
        0.0777144804596901,
        2276
    ],
    "8": [
        0.04674336686730385,
        2541
    ],
    "9": [
        0.10834880918264389,
        1894
    ],
    "10": [
        0.050282660871744156,
        2650
    ],
    "11": [
        0.060663290321826935,
        2179
    ],
    "12": [
        0.0698096975684166,
        2452
    ],
    "13": [
        0.09177570790052414,
        2822
    ],
    "14": [
        0.1032833456993103,
        2197
    ]
}