{
    "0": [
        0.042364656925201416,
        2107
    ],
    "1": [
        0.12196388840675354,
        2747
    ],
    "2": [
        0.08542545884847641,
        2583
    ],
    "3": [
        0.05976104363799095,
        2811
    ],
    "4": [
        0.05580950900912285,
        2882
    ],
    "5": [
        0.08413038402795792,
        1766
    ],
    "6": [
        0.05212525650858879,
        2055
    ],
    "7": [
        0.08906716853380203,
        2584
    ],
    "8": [
        0.03434712067246437,
        2163
    ],
    "9": [
        0.09432888776063919,
        3010
    ],
    "10": [
        0.045663028955459595,
        1834
    ],
    "11": [
        0.03694481775164604,
        2386
    ],
    "12": [
        0.07126643508672714,
        2343
    ],
    "13": [
        0.07372009009122849,
        2070
    ],
    "14": [
        0.05308225750923157,
        2168
    ]
}