{
    "0": [
        0.05224968492984772,
        2251
    ],
    "1": [
        0.04372212290763855,
        1904
    ],
    "2": [
        0.09950386732816696,
        2512
    ],
    "3": [
        0.06172351539134979,
        1787
    ],
    "4": [
        0.10486391931772232,
        2144
    ],
    "5": [
        0.04616537317633629,
        1828
    ],
    "6": [
        0.06570496410131454,
        2495
    ],
    "7": [
        0.028171313926577568,
        1783
    ],
    "8": [
        0.056513212621212006,
        3203
    ],
    "9": [
        0.06601431220769882,
        2833
    ],
    "10": [
        0.05455363541841507,
        2252
    ],
    "11": [
        0.038549989461898804,
        1994
    ],
    "12": [
        0.09171483665704727,
        2928
    ],
    "13": [
        0.10491295903921127,
        2790
    ],
    "14": [
        0.08563627302646637,
        1973
    ]
}