{
    "0": [
        0.06082969158887863,
        1863
    ],
    "1": [
        0.048351407051086426,
        2744
    ],
    "2": [
        0.12206190824508667,
        2572
    ],
    "3": [
        0.07591717690229416,
        2525
    ],
    "4": [
        0.030713440850377083,
        1437
    ],
    "5": [
        0.14352843165397644,
        2791
    ],
    "6": [
        0.04304177686572075,
        1845
    ],
    "7": [
        0.04885634034872055,
        2070
    ],
    "8": [
        0.06286607682704926,
        2087
    ],
    "9": [
        0.07168155908584595,
        2557
    ],
    "10": [
        0.03952360153198242,
        1796
    ],
    "11": [
        0.07439881563186646,
        2557
    ],
    "12": [
        0.08199664205312729,
        2788
    ],
    "13": [
        0.0458211824297905,
        2020
    ],
    "14": [
        0.050411950796842575,
        2367
    ]
}