{
    "0": [
        0.06314129382371902,
        2488
    ],
    "1": [
        0.08510064333677292,
        2018
    ],
    "2": [
        0.09846058487892151,
        2734
    ],
    "3": [
        0.033803898841142654,
        1760
    ],
    "4": [
        0.0729474276304245,
        2362
    ],
    "5": [
        0.03799143806099892,
        2096
    ],
    "6": [
        0.0574021153151989,
        2535
    ],
    "7": [
        0.05253979563713074,
        2624
    ],
    "8": [
        0.0891689881682396,
        2010
    ],
    "9": [
        0.06344696879386902,
        2475
    ],
    "10": [
        0.05895877629518509,
        2651
    ],
    "11": [
        0.08845391124486923,
        1955
    ],
    "12": [
        0.04235903173685074,
        2267
    ],
    "13": [
        0.10169743746519089,
        2560
    ],
    "14": [
        0.05452761426568031,
        2433
    ]
}