{
    "0": [
        0.0896289125084877,
        2699
    ],
    "1": [
        0.03468681499361992,
        1643
    ],
    "2": [
        0.04823646694421768,
        2826
    ],
    "3": [
        0.04493899270892143,
        2022
    ],
    "4": [
        0.10086218267679214,
        2851
    ],
    "5": [
        0.02670747973024845,
        1665
    ],
    "6": [
        0.08442766219377518,
        2658
    ],
    "7": [
        0.057796280831098557,
        2845
    ],
    "8": [
        0.049037858843803406,
        1762
    ],
    "9": [
        0.044590987265110016,
        2036
    ],
    "10": [
        0.0320063941180706,
        2443
    ],
    "11": [
        0.0795985758304596,
        3098
    ],
    "12": [
        0.1924886703491211,
        2607
    ],
    "13": [
        0.030529659241437912,
        2140
    ],
    "14": [
        0.08446309715509415,
        2618
    ]
}