{
    "0": [
        0.04261761158704758,
        2420
    ],
    "1": [
        0.06785853952169418,
        2461
    ],
    "2": [
        0.13587209582328796,
        3067
    ],
    "3": [
        0.09662393480539322,
        2946
    ],
    "4": [
        0.06811103969812393,
        2355
    ],
    "5": [
        0.07637680321931839,
        1555
    ],
    "6": [
        0.07737018913030624,
        2583
    ],
    "7": [
        0.0384812094271183,
        2064
    ],
    "8": [
        0.05126035958528519,
        2695
    ],
    "9": [
        0.059199877083301544,
        1977
    ],
    "10": [
        0.06711327284574509,
        1936
    ],
    "11": [
        0.07560610771179199,
        2584
    ],
    "12": [
        0.025051936507225037,
        1515
    ],
    "13": [
        0.044842373579740524,
        2145
    ],
    "14": [
        0.0736146792769432,
        2870
    ]
}