{
    "0": [
        0.12187743186950684,
        2908
    ],
    "1": [
        0.08271230757236481,
        2066
    ],
    "2": [
        0.05466051027178764,
        1825
    ],
    "3": [
        0.06611613929271698,
        2420
    ],
    "4": [
        0.07555548846721649,
        2334
    ],
    "5": [
        0.026422414928674698,
        1808
    ],
    "6": [
        0.044890012592077255,
        1800
    ],
    "7": [
        0.047450847923755646,
        2014
    ],
    "8": [
        0.09634070098400116,
        2392
    ],
    "9": [
        0.037123531103134155,
        2298
    ],
    "10": [
        0.0799269899725914,
        2912
    ],
    "11": [
        0.07167213410139084,
        2600
    ],
    "12": [
        0.043108582496643066,
        2787
    ],
    "13": [
        0.06526467949151993,
        2093
    ],
    "14": [
        0.08687828481197357,
        2685
    ]
}