{
    "0": [
        0.03747162967920303,
        1874
    ],
    "1": [
        0.060430701822042465,
        1941
    ],
    "2": [
        0.04759085550904274,
        2514
    ],
    "3": [
        0.0998673066496849,
        2548
    ],
    "4": [
        0.08004619181156158,
        2923
    ],
    "5": [
        0.04554232209920883,
        1860
    ],
    "6": [
        0.12971794605255127,
        2668
    ],
    "7": [
        0.07832430303096771,
        1604
    ],
    "8": [
        0.070848248898983,
        2376
    ],
    "9": [
        0.04623714089393616,
        1808
    ],
    "10": [
        0.047449711710214615,
        2320
    ],
    "11": [
        0.05589120835065842,
        2646
    ],
    "12": [
        0.02956380322575569,
        2162
    ],
    "13": [
        0.06766612082719803,
        2252
    ],
    "14": [
        0.10335255414247513,
        2639
    ]
}