{
    "0": [
        0.11764344573020935,
        2464
    ],
    "1": [
        0.04877951741218567,
        1812
    ],
    "2": [
        0.04369984567165375,
        1889
    ],
    "3": [
        0.043722666800022125,
        1686
    ],
    "4": [
        0.08738671243190765,
        2791
    ],
    "5": [
        0.02474384754896164,
        1980
    ],
    "6": [
        0.05919088423252106,
        2513
    ],
    "7": [
        0.07856465131044388,
        2721
    ],
    "8": [
        0.060758259147405624,
        1958
    ],
    "9": [
        0.08290163427591324,
        2687
    ],
    "10": [
        0.05041363835334778,
        2150
    ],
    "11": [
        0.08611087501049042,
        1535
    ],
    "12": [
        0.11737363785505295,
        3158
    ],
    "13": [
        0.04081546142697334,
        2336
    ],
    "14": [
        0.05789486691355705,
        2223
    ]
}