{
    "0": [
        0.12719830870628357,
        3519
    ],
    "1": [
        0.08279704302549362,
        3421
    ],
    "2": [
        0.0712348222732544,
        1968
    ],
    "3": [
        0.07053130120038986,
        2485
    ],
    "4": [
        0.07985086739063263,
        3260
    ],
    "5": [
        0.09887444227933884,
        2294
    ],
    "6": [
        0.06999382376670837,
        2609
    ],
    "7": [
        0.06621991097927094,
        1808
    ],
    "8": [
        0.026858001947402954,
        1805
    ],
    "9": [
        0.02641088329255581,
        1815
    ],
    "10": [
        0.03536871820688248,
        2589
    ],
    "11": [
        0.07751554995775223,
        2813
    ],
    "12": [
        0.0704331174492836,
        2027
    ],
    "13": [
        0.0663115531206131,
        1236
    ],
    "14": [
        0.030401740223169327,
        1727
    ]
}