{
    "0": [
        0.046889808028936386,
        1627
    ],
    "1": [
        0.04085521027445793,
        1467
    ],
    "2": [
        0.07775427401065826,
        2616
    ],
    "3": [
        0.05628224089741707,
        2923
    ],
    "4": [
        0.022888965904712677,
        2118
    ],
    "5": [
        0.04657433554530144,
        1575
    ],
    "6": [
        0.06125851720571518,
        3213
    ],
    "7": [
        0.08162439614534378,
        2604
    ],
    "8": [
        0.08595845848321915,
        2776
    ],
    "9": [
        0.16045813262462616,
        2498
    ],
    "10": [
        0.04950430989265442,
        2518
    ],
    "11": [
        0.05995103344321251,
        2715
    ],
    "12": [
        0.07602985203266144,
        1568
    ],
    "13": [
        0.08315081894397736,
        2558
    ],
    "14": [
        0.05081968754529953,
        2188
    ]
}