{
    "0": [
        0.09897410869598389,
        2864
    ],
    "1": [
        0.06652384996414185,
        3064
    ],
    "2": [
        0.10763514786958694,
        2884
    ],
    "3": [
        0.07124713063240051,
        2211
    ],
    "4": [
        0.049384210258722305,
        2280
    ],
    "5": [
        0.059804610908031464,
        1864
    ],
    "6": [
        0.09416143596172333,
        1749
    ],
    "7": [
        0.053260065615177155,
        2455
    ],
    "8": [
        0.046544477343559265,
        2034
    ],
    "9": [
        0.05762038752436638,
        3043
    ],
    "10": [
        0.06349407881498337,
        3022
    ],
    "11": [
        0.05868867412209511,
        2377
    ],
    "12": [
        0.1066700667142868,
        1470
    ],
    "13": [
        0.03014606423676014,
        1380
    ],
    "14": [
        0.03584568575024605,
        2082
    ]
}