{
    "0": [
        0.14430150389671326,
        2628
    ],
    "1": [
        0.0766424611210823,
        2509
    ],
    "2": [
        0.08786015212535858,
        2824
    ],
    "3": [
        0.05752960592508316,
        2396
    ],
    "4": [
        0.06838128715753555,
        1914
    ],
    "5": [
        0.06372278928756714,
        2285
    ],
    "6": [
        0.05939912423491478,
        3200
    ],
    "7": [
        0.062118783593177795,
        2260
    ],
    "8": [
        0.06148208677768707,
        2231
    ],
    "9": [
        0.06313172727823257,
        1864
    ],
    "10": [
        0.019541990011930466,
        1496
    ],
    "11": [
        0.047482214868068695,
        2355
    ],
    "12": [
        0.06564072519540787,
        2603
    ],
    "13": [
        0.07511614263057709,
        2147
    ],
    "14": [
        0.04764935374259949,
        1964
    ]
}