{
    "0": [
        0.06135477498173714,
        2142
    ],
    "1": [
        0.09063834697008133,
        3354
    ],
    "2": [
        0.04511363059282303,
        1613
    ],
    "3": [
        0.026157112792134285,
        2087
    ],
    "4": [
        0.07273022830486298,
        2059
    ],
    "5": [
        0.06934154033660889,
        2323
    ],
    "6": [
        0.03748185560107231,
        2165
    ],
    "7": [
        0.06509299576282501,
        2033
    ],
    "8": [
        0.06723225861787796,
        2366
    ],
    "9": [
        0.09033345431089401,
        1978
    ],
    "10": [
        0.08900190144777298,
        2938
    ],
    "11": [
        0.06380224972963333,
        2792
    ],
    "12": [
        0.03670087084174156,
        1930
    ],
    "13": [
        0.07741755992174149,
        1982
    ],
    "14": [
        0.10760114341974258,
        2878
    ]
}