{
    "0": [
        0.08212348818778992,
        1478
    ],
    "1": [
        0.10376657545566559,
        2850
    ],
    "2": [
        0.03336215764284134,
        1343
    ],
    "3": [
        0.08339422941207886,
        2181
    ],
    "4": [
        0.04215731844305992,
        2014
    ],
    "5": [
        0.09468671679496765,
        2864
    ],
    "6": [
        0.05086744204163551,
        2599
    ],
    "7": [
        0.08904325217008591,
        2177
    ],
    "8": [
        0.03931315988302231,
        2079
    ],
    "9": [
        0.059346411377191544,
        2869
    ],
    "10": [
        0.056598711758852005,
        2869
    ],
    "11": [
        0.10007186979055405,
        2080
    ],
    "12": [
        0.07930487394332886,
        2450
    ],
    "13": [
        0.05179018899798393,
        2243
    ],
    "14": [
        0.03417355194687843,
        1823
    ]
}