{
    "0": [
        0.03891884908080101,
        2347
    ],
    "1": [
        0.06833574175834656,
        2757
    ],
    "2": [
        0.04890275374054909,
        2246
    ],
    "3": [
        0.10814869403839111,
        2480
    ],
    "4": [
        0.042320962995290756,
        2824
    ],
    "5": [
        0.06149319186806679,
        2160
    ],
    "6": [
        0.09319747984409332,
        2455
    ],
    "7": [
        0.058998364955186844,
        1933
    ],
    "8": [
        0.0872582346200943,
        2351
    ],
    "9": [
        0.02877715788781643,
        1481
    ],
    "10": [
        0.061152104288339615,
        2462
    ],
    "11": [
        0.1473744809627533,
        2503
    ],
    "12": [
        0.03197387233376503,
        1780
    ],
    "13": [
        0.04844980686903,
        1829
    ],
    "14": [
        0.07469840347766876,
        2625
    ]
}