{
    "0": [
        0.0471779927611351,
        2774
    ],
    "1": [
        0.03946831449866295,
        2098
    ],
    "2": [
        0.05602148920297623,
        2718
    ],
    "3": [
        0.07895810157060623,
        2859
    ],
    "4": [
        0.10883023589849472,
        2209
    ],
    "5": [
        0.0773925930261612,
        1573
    ],
    "6": [
        0.08601896464824677,
        2513
    ],
    "7": [
        0.09614928811788559,
        2942
    ],
    "8": [
        0.04762395843863487,
        2290
    ],
    "9": [
        0.08881369233131409,
        1602
    ],
    "10": [
        0.06224788725376129,
        2340
    ],
    "11": [
        0.0420028455555439,
        2745
    ],
    "12": [
        0.07109790295362473,
        2306
    ],
    "13": [
        0.040239427238702774,
        2221
    ],
    "14": [
        0.057957377284765244,
        2175
    ]
}