{
    "0": [
        0.04675936698913574,
        2041
    ],
    "1": [
        0.07726303488016129,
        2540
    ],
    "2": [
        0.08641607314348221,
        1834
    ],
    "3": [
        0.050663650035858154,
        1622
    ],
    "4": [
        0.057402025908231735,
        1743
    ],
    "5": [
        0.12063708901405334,
        2702
    ],
    "6": [
        0.047620989382267,
        2414
    ],
    "7": [
        0.05451240763068199,
        2422
    ],
    "8": [
        0.09143924713134766,
        2796
    ],
    "9": [
        0.07897818088531494,
        2792
    ],
    "10": [
        0.07929403334856033,
        2573
    ],
    "11": [
        0.034159887582063675,
        2110
    ],
    "12": [
        0.040993716567754745,
        1865
    ],
    "13": [
        0.05140821635723114,
        2394
    ],
    "14": [
        0.08245205879211426,
        3045
    ]
}