{
    "0": [
        0.06756030023097992,
        3136
    ],
    "1": [
        0.15753765404224396,
        1522
    ],
    "2": [
        0.08339899778366089,
        2104
    ],
    "3": [
        0.08875534683465958,
        2679
    ],
    "4": [
        0.06217021122574806,
        2176
    ],
    "5": [
        0.06395666301250458,
        2414
    ],
    "6": [
        0.07170119136571884,
        1948
    ],
    "7": [
        0.06622303277254105,
        3196
    ],
    "8": [
        0.0333511084318161,
        1602
    ],
    "9": [
        0.0324065126478672,
        2124
    ],
    "10": [
        0.0200194101780653,
        991
    ],
    "11": [
        0.05960150435566902,
        3138
    ],
    "12": [
        0.0784243643283844,
        2741
    ],
    "13": [
        0.0752541720867157,
        2547
    ],
    "14": [
        0.03963961452245712,
        2778
    ]
}