{
    "0": [
        0.1047096997499466,
        3253
    ],
    "1": [
        0.043217286467552185,
        2090
    ],
    "2": [
        0.058610156178474426,
        1680
    ],
    "3": [
        0.053983934223651886,
        2396
    ],
    "4": [
        0.03977608680725098,
        1954
    ],
    "5": [
        0.07654207944869995,
        2230
    ],
    "6": [
        0.08876412361860275,
        2012
    ],
    "7": [
        0.04908405989408493,
        2281
    ],
    "8": [
        0.08618029952049255,
        2784
    ],
    "9": [
        0.06602848321199417,
        2137
    ],
    "10": [
        0.09456618875265121,
        2946
    ],
    "11": [
        0.03514036908745766,
        2160
    ],
    "12": [
        0.06854323297739029,
        1945
    ],
    "13": [
        0.07132691144943237,
        2234
    ],
    "14": [
        0.06352706253528595,
        1988
    ]
}