{
    "0": [
        0.09444413334131241,
        1941
    ],
    "1": [
        0.08685660362243652,
        1707
    ],
    "2": [
        0.04330219328403473,
        1823
    ],
    "3": [
        0.033110544085502625,
        3138
    ],
    "4": [
        0.04677204415202141,
        1938
    ],
    "5": [
        0.0746522769331932,
        3049
    ],
    "6": [
        0.05605253949761391,
        2181
    ],
    "7": [
        0.0506565198302269,
        2036
    ],
    "8": [
        0.0628981664776802,
        2766
    ],
    "9": [
        0.03915588930249214,
        2085
    ],
    "10": [
        0.09451498091220856,
        2449
    ],
    "11": [
        0.12699897587299347,
        2664
    ],
    "12": [
        0.061567094177007675,
        2153
    ],
    "13": [
        0.05167802423238754,
        1651
    ],
    "14": [
        0.07733997702598572,
        3031
    ]
}