{
    "0": [
        0.14535720646381378,
        2145
    ],
    "1": [
        0.04603012651205063,
        2162
    ],
    "2": [
        0.07984030991792679,
        2367
    ],
    "3": [
        0.041011396795511246,
        2197
    ],
    "4": [
        0.0637291967868805,
        2533
    ],
    "5": [
        0.050120558589696884,
        2316
    ],
    "6": [
        0.01971948891878128,
        1556
    ],
    "7": [
        0.04682605713605881,
        2106
    ],
    "8": [
        0.07571382820606232,
        3012
    ],
    "9": [
        0.03184895217418671,
        2448
    ],
    "10": [
        0.06653515249490738,
        2656
    ],
    "11": [
        0.09619612246751785,
        2005
    ],
    "12": [
        0.08589278906583786,
        2332
    ],
    "13": [
        0.07023972272872925,
        2088
    ],
    "14": [
        0.08093913644552231,
        2112
    ]
}