{
    "0": [
        0.05430590733885765,
        2167
    ],
    "1": [
        0.04785187169909477,
        2450
    ],
    "2": [
        0.05661170557141304,
        1794
    ],
    "3": [
        0.031118785962462425,
        1890
    ],
    "4": [
        0.13040971755981445,
        2201
    ],
    "5": [
        0.07791744917631149,
        2688
    ],
    "6": [
        0.07978247106075287,
        2046
    ],
    "7": [
        0.0891856774687767,
        2523
    ],
    "8": [
        0.07215770334005356,
        2754
    ],
    "9": [
        0.045164451003074646,
        2561
    ],
    "10": [
        0.027860991656780243,
        1705
    ],
    "11": [
        0.09760080277919769,
        2426
    ],
    "12": [
        0.09084164351224899,
        2985
    ],
    "13": [
        0.07243956625461578,
        2110
    ],
    "14": [
        0.02675130032002926,
        2344
    ]
}