{
    "0": [
        0.07327240705490112,
        2723
    ],
    "1": [
        0.05567216873168945,
        1653
    ],
    "2": [
        0.0799284428358078,
        2284
    ],
    "3": [
        0.04911318048834801,
        2674
    ],
    "4": [
        0.053256671875715256,
        2028
    ],
    "5": [
        0.09854856133460999,
        3015
    ],
    "6": [
        0.07803250104188919,
        2553
    ],
    "7": [
        0.11063629388809204,
        2293
    ],
    "8": [
        0.05360504984855652,
        1988
    ],
    "9": [
        0.05752066150307655,
        2707
    ],
    "10": [
        0.07031828165054321,
        2331
    ],
    "11": [
        0.043843191117048264,
        1570
    ],
    "12": [
        0.11321284621953964,
        2460
    ],
    "13": [
        0.018941495567560196,
        1633
    ],
    "14": [
        0.0440981388092041,
        2062
    ]
}