{
    "0": [
        0.03576699271798134,
        2400
    ],
    "1": [
        0.02543606050312519,
        1612
    ],
    "2": [
        0.06133104860782623,
        2996
    ],
    "3": [
        0.04394397884607315,
        1921
    ],
    "4": [
        0.07195083051919937,
        2316
    ],
    "5": [
        0.0913805291056633,
        2757
    ],
    "6": [
        0.046164076775312424,
        1592
    ],
    "7": [
        0.0554095134139061,
        2556
    ],
    "8": [
        0.0740656778216362,
        2740
    ],
    "9": [
        0.0758557841181755,
        2463
    ],
    "10": [
        0.06107035651803017,
        2615
    ],
    "11": [
        0.14049136638641357,
        1823
    ],
    "12": [
        0.09276949614286423,
        2570
    ],
    "13": [
        0.09473340958356857,
        2798
    ],
    "14": [
        0.029630864039063454,
        1754
    ]
}