{
    "0": [
        0.057213813066482544,
        2142
    ],
    "1": [
        0.047941453754901886,
        2331
    ],
    "2": [
        0.08160039037466049,
        2666
    ],
    "3": [
        0.029612571001052856,
        1915
    ],
    "4": [
        0.05071511119604111,
        1863
    ],
    "5": [
        0.026931876316666603,
        1679
    ],
    "6": [
        0.06733731925487518,
        2348
    ],
    "7": [
        0.04363935813307762,
        2400
    ],
    "8": [
        0.09888898581266403,
        2778
    ],
    "9": [
        0.07978962361812592,
        2175
    ],
    "10": [
        0.08191254734992981,
        2572
    ],
    "11": [
        0.10045971721410751,
        3135
    ],
    "12": [
        0.06713075190782547,
        2137
    ],
    "13": [
        0.06601240485906601,
        2341
    ],
    "14": [
        0.10081414878368378,
        2116
    ]
}