{
    "0": [
        0.03181300684809685,
        2162
    ],
    "1": [
        0.06775974482297897,
        2678
    ],
    "2": [
        0.0653052031993866,
        2425
    ],
    "3": [
        0.09024722874164581,
        3145
    ],
    "4": [
        0.1842295229434967,
        2855
    ],
    "5": [
        0.08330900967121124,
        2561
    ],
    "6": [
        0.02963164821267128,
        1601
    ],
    "7": [
        0.041580889374017715,
        2063
    ],
    "8": [
        0.06566213816404343,
        2082
    ],
    "9": [
        0.04146909341216087,
        2057
    ],
    "10": [
        0.0548664852976799,
        2403
    ],
    "11": [
        0.06345460563898087,
        3186
    ],
    "12": [
        0.0863991230726242,
        2716
    ],
    "13": [
        0.04439545422792435,
        1355
    ],
    "14": [
        0.04987683519721031,
        2094
    ]
}