{
    "0": [
        0.06634211540222168,
        3119
    ],
    "1": [
        0.034782543778419495,
        1163
    ],
    "2": [
        0.035657115280628204,
        1957
    ],
    "3": [
        0.10199780017137527,
        3294
    ],
    "4": [
        0.05849588289856911,
        2791
    ],
    "5": [
        0.0556296780705452,
        1775
    ],
    "6": [
        0.05940171331167221,
        2411
    ],
    "7": [
        0.07907290756702423,
        2108
    ],
    "8": [
        0.052912358194589615,
        1728
    ],
    "9": [
        0.06530741602182388,
        2539
    ],
    "10": [
        0.028469638898968697,
        2721
    ],
    "11": [
        0.07311364263296127,
        2717
    ],
    "12": [
        0.04931091517210007,
        2867
    ],
    "13": [
        0.15570351481437683,
        1725
    ],
    "14": [
        0.08380270004272461,
        2114
    ]
}