{
    "0": [
        0.0658937394618988,
        1731
    ],
    "1": [
        0.06299405544996262,
        2478
    ],
    "2": [
        0.05289053916931152,
        2493
    ],
    "3": [
        0.08993326127529144,
        2432
    ],
    "4": [
        0.06913014501333237,
        2621
    ],
    "5": [
        0.11990390717983246,
        2037
    ],
    "6": [
        0.04761466383934021,
        2535
    ],
    "7": [
        0.09182437509298325,
        2476
    ],
    "8": [
        0.07876576483249664,
        2355
    ],
    "9": [
        0.05729510635137558,
        2440
    ],
    "10": [
        0.05427161231637001,
        2404
    ],
    "11": [
        0.05614582076668739,
        2598
    ],
    "12": [
        0.06959514319896698,
        2348
    ],
    "13": [
        0.018653977662324905,
        1487
    ],
    "14": [
        0.06508789956569672,
        2347
    ]
}