{
    "0": [
        0.043970536440610886,
        1741
    ],
    "1": [
        0.050599731504917145,
        2966
    ],
    "2": [
        0.0732918307185173,
        3250
    ],
    "3": [
        0.036182645708322525,
        2211
    ],
    "4": [
        0.04775473475456238,
        2423
    ],
    "5": [
        0.11238150298595428,
        1703
    ],
    "6": [
        0.04514295607805252,
        2415
    ],
    "7": [
        0.08281629532575607,
        2642
    ],
    "8": [
        0.032059021294116974,
        2020
    ],
    "9": [
        0.10066918283700943,
        2387
    ],
    "10": [
        0.06888159364461899,
        2618
    ],
    "11": [
        0.04810062795877457,
        1918
    ],
    "12": [
        0.04218030720949173,
        2169
    ],
    "13": [
        0.09726022928953171,
        2393
    ],
    "14": [
        0.11870881915092468,
        2132
    ]
}