{
    "0": [
        0.022133491933345795,
        1894
    ],
    "1": [
        0.03499475121498108,
        2612
    ],
    "2": [
        0.06426680833101273,
        2437
    ],
    "3": [
        0.06745390594005585,
        3288
    ],
    "4": [
        0.05249125137925148,
        1688
    ],
    "5": [
        0.09636897593736649,
        2680
    ],
    "6": [
        0.0661541298031807,
        1843
    ],
    "7": [
        0.07348984479904175,
        1897
    ],
    "8": [
        0.09644099324941635,
        3133
    ],
    "9": [
        0.06846960633993149,
        1712
    ],
    "10": [
        0.06522465497255325,
        1872
    ],
    "11": [
        0.040301017463207245,
        2037
    ],
    "12": [
        0.06247739866375923,
        3209
    ],
    "13": [
        0.09345763921737671,
        2416
    ],
    "14": [
        0.09627559781074524,
        2277
    ]
}