{
    "0": [
        0.0591200552880764,
        2867
    ],
    "1": [
        0.04727471247315407,
        2375
    ],
    "2": [
        0.05626901984214783,
        2270
    ],
    "3": [
        0.07104311138391495,
        2523
    ],
    "4": [
        0.08600723743438721,
        2527
    ],
    "5": [
        0.10066672414541245,
        2471
    ],
    "6": [
        0.06014018878340721,
        2677
    ],
    "7": [
        0.06372670829296112,
        1998
    ],
    "8": [
        0.05797536298632622,
        2146
    ],
    "9": [
        0.08675241470336914,
        2590
    ],
    "10": [
        0.08928055316209793,
        2157
    ],
    "11": [
        0.09481692314147949,
        2682
    ],
    "12": [
        0.048277392983436584,
        1560
    ],
    "13": [
        0.04991726577281952,
        1974
    ],
    "14": [
        0.02873234637081623,
        1889
    ]
}