{
    "0": [
        0.060923412442207336,
        2943
    ],
    "1": [
        0.04440607503056526,
        1872
    ],
    "2": [
        0.027474625036120415,
        1822
    ],
    "3": [
        0.09418396651744843,
        2241
    ],
    "4": [
        0.05908571928739548,
        1848
    ],
    "5": [
        0.03474028408527374,
        2188
    ],
    "6": [
        0.10479185730218887,
        3251
    ],
    "7": [
        0.07438943535089493,
        2191
    ],
    "8": [
        0.08559282124042511,
        2529
    ],
    "9": [
        0.06371310353279114,
        2409
    ],
    "10": [
        0.09204526990652084,
        2933
    ],
    "11": [
        0.09082812070846558,
        1859
    ],
    "12": [
        0.028231745585799217,
        2005
    ],
    "13": [
        0.09415777027606964,
        2825
    ],
    "14": [
        0.04543570801615715,
        1705
    ]
}