{
    "0": [
        0.04984116181731224,
        1816
    ],
    "1": [
        0.0579005666077137,
        2422
    ],
    "2": [
        0.052495360374450684,
        2239
    ],
    "3": [
        0.10074426233768463,
        2350
    ],
    "4": [
        0.05187772959470749,
        1531
    ],
    "5": [
        0.10376276820898056,
        2063
    ],
    "6": [
        0.08413641899824142,
        2162
    ],
    "7": [
        0.03933589532971382,
        2255
    ],
    "8": [
        0.07094094902276993,
        2168
    ],
    "9": [
        0.0582200326025486,
        2445
    ],
    "10": [
        0.09667067229747772,
        2737
    ],
    "11": [
        0.06560882180929184,
        2465
    ],
    "12": [
        0.027191312983632088,
        2615
    ],
    "13": [
        0.07656662911176682,
        2624
    ],
    "14": [
        0.06470740586519241,
        2213
    ]
}