{
    "0": [
        0.059900861233472824,
        2154
    ],
    "1": [
        0.052998144179582596,
        2540
    ],
    "2": [
        0.07367676496505737,
        2375
    ],
    "3": [
        0.07660457491874695,
        2835
    ],
    "4": [
        0.04824782907962799,
        2353
    ],
    "5": [
        0.06315217912197113,
        2768
    ],
    "6": [
        0.08486749231815338,
        2689
    ],
    "7": [
        0.04554085060954094,
        1980
    ],
    "8": [
        0.13284114003181458,
        2908
    ],
    "9": [
        0.023705005645751953,
        1664
    ],
    "10": [
        0.05835762247443199,
        2111
    ],
    "11": [
        0.0333254300057888,
        2155
    ],
    "12": [
        0.06679776310920715,
        1751
    ],
    "13": [
        0.079301618039608,
        2117
    ],
    "14": [
        0.10068275779485703,
        1864
    ]
}