{
    "0": [
        0.0745733231306076,
        2829
    ],
    "1": [
        0.10165752470493317,
        2580
    ],
    "2": [
        0.05362147465348244,
        1275
    ],
    "3": [
        0.05664357542991638,
        1939
    ],
    "4": [
        0.0565103143453598,
        2661
    ],
    "5": [
        0.11374746263027191,
        2221
    ],
    "6": [
        0.026140883564949036,
        1952
    ],
    "7": [
        0.047193191945552826,
        2720
    ],
    "8": [
        0.09754222631454468,
        2448
    ],
    "9": [
        0.06032435595989227,
        2684
    ],
    "10": [
        0.06316988170146942,
        1492
    ],
    "11": [
        0.0384366400539875,
        1677
    ],
    "12": [
        0.07201660424470901,
        2872
    ],
    "13": [
        0.03240225836634636,
        2144
    ],
    "14": [
        0.1060202345252037,
        3327
    ]
}