{
    "0": [
        0.08649995923042297,
        2535
    ],
    "1": [
        0.06261920183897018,
        3033
    ],
    "2": [
        0.09691727161407471,
        2299
    ],
    "3": [
        0.04442530870437622,
        1941
    ],
    "4": [
        0.07066117972135544,
        2296
    ],
    "5": [
        0.055777229368686676,
        2123
    ],
    "6": [
        0.053648725152015686,
        2428
    ],
    "7": [
        0.10265367478132248,
        2951
    ],
    "8": [
        0.11385301500558853,
        2245
    ],
    "9": [
        0.04020429402589798,
        2685
    ],
    "10": [
        0.032413043081760406,
        1866
    ],
    "11": [
        0.07126976549625397,
        1765
    ],
    "12": [
        0.08359226584434509,
        1633
    ],
    "13": [
        0.05842355638742447,
        2664
    ],
    "14": [
        0.02704143337905407,
        1921
    ]
}