{
    "0": [
        0.13032525777816772,
        2386
    ],
    "1": [
        0.08503378927707672,
        2612
    ],
    "2": [
        0.02772838994860649,
        1798
    ],
    "3": [
        0.04086202010512352,
        2106
    ],
    "4": [
        0.09493128955364227,
        1969
    ],
    "5": [
        0.08546089380979538,
        1869
    ],
    "6": [
        0.0762767568230629,
        2148
    ],
    "7": [
        0.06271941214799881,
        2533
    ],
    "8": [
        0.03139537572860718,
        2042
    ],
    "9": [
        0.0712207704782486,
        2615
    ],
    "10": [
        0.05608946457505226,
        2907
    ],
    "11": [
        0.0455491803586483,
        2651
    ],
    "12": [
        0.062084272503852844,
        2436
    ],
    "13": [
        0.06812815368175507,
        2192
    ],
    "14": [
        0.06219492852687836,
        2460
    ]
}