{
    "0": [
        0.07882707566022873,
        2256
    ],
    "1": [
        0.0520460307598114,
        2237
    ],
    "2": [
        0.07112456858158112,
        3407
    ],
    "3": [
        0.02591118775308132,
        1720
    ],
    "4": [
        0.06990598887205124,
        1601
    ],
    "5": [
        0.02618607133626938,
        1476
    ],
    "6": [
        0.0755811333656311,
        2820
    ],
    "7": [
        0.08903783559799194,
        2604
    ],
    "8": [
        0.10061068087816238,
        3169
    ],
    "9": [
        0.07799525558948517,
        3048
    ],
    "10": [
        0.10977501422166824,
        2659
    ],
    "11": [
        0.048169732093811035,
        2045
    ],
    "12": [
        0.049064137041568756,
        2220
    ],
    "13": [
        0.05237780138850212,
        2133
    ],
    "14": [
        0.07338756322860718,
        2365
    ]
}