{
    "0": [
        0.06766215711832047,
        2296
    ],
    "1": [
        0.07264619320631027,
        2512
    ],
    "2": [
        0.13238465785980225,
        2392
    ],
    "3": [
        0.06950386613607407,
        1918
    ],
    "4": [
        0.06146499887108803,
        2181
    ],
    "5": [
        0.06756772845983505,
        2211
    ],
    "6": [
        0.05924910679459572,
        2504
    ],
    "7": [
        0.07139430940151215,
        2274
    ],
    "8": [
        0.03696382790803909,
        2223
    ],
    "9": [
        0.04621792212128639,
        1581
    ],
    "10": [
        0.07521422952413559,
        2808
    ],
    "11": [
        0.07585099339485168,
        2977
    ],
    "12": [
        0.035748470574617386,
        2678
    ],
    "13": [
        0.05986513942480087,
        2591
    ],
    "14": [
        0.06826645880937576,
        2030
    ]
}