{
    "0": [
        0.03598157688975334,
        2471
    ],
    "1": [
        0.05475728213787079,
        2331
    ],
    "2": [
        0.06849303841590881,
        2409
    ],
    "3": [
        0.08458179980516434,
        2366
    ],
    "4": [
        0.07357876747846603,
        2344
    ],
    "5": [
        0.08402635157108307,
        2491
    ],
    "6": [
        0.0701427012681961,
        2778
    ],
    "7": [
        0.04936876893043518,
        2216
    ],
    "8": [
        0.05699864774942398,
        2453
    ],
    "9": [
        0.06955904513597488,
        1721
    ],
    "10": [
        0.05373336374759674,
        2387
    ],
    "11": [
        0.10310059040784836,
        2473
    ],
    "12": [
        0.07051091641187668,
        1967
    ],
    "13": [
        0.038577381521463394,
        1685
    ],
    "14": [
        0.0865897387266159,
        2247
    ]
}