{
    "0": [
        0.06488446891307831,
        2744
    ],
    "1": [
        0.05455554276704788,
        1814
    ],
    "2": [
        0.08045996725559235,
        2331
    ],
    "3": [
        0.10806199163198471,
        2493
    ],
    "4": [
        0.09447304159402847,
        2979
    ],
    "5": [
        0.08374959975481033,
        2911
    ],
    "6": [
        0.10534172505140305,
        2896
    ],
    "7": [
        0.05914553254842758,
        2574
    ],
    "8": [
        0.020974181592464447,
        2215
    ],
    "9": [
        0.0495683029294014,
        2330
    ],
    "10": [
        0.138996884226799,
        3213
    ],
    "11": [
        0.023998552933335304,
        1455
    ],
    "12": [
        0.04878517612814903,
        2306
    ],
    "13": [
        0.031079579144716263,
        2097
    ],
    "14": [
        0.03592542186379433,
        1720
    ]
}