{
    "0": [
        0.11250565201044083,
        2683
    ],
    "1": [
        0.03631850332021713,
        2326
    ],
    "2": [
        0.04473737254738808,
        2484
    ],
    "3": [
        0.054381854832172394,
        1457
    ],
    "4": [
        0.05960119143128395,
        2365
    ],
    "5": [
        0.05154731124639511,
        2385
    ],
    "6": [
        0.05713096261024475,
        2103
    ],
    "7": [
        0.09414033591747284,
        2272
    ],
    "8": [
        0.06871583312749863,
        2405
    ],
    "9": [
        0.09311652928590775,
        2502
    ],
    "10": [
        0.06715104728937149,
        2270
    ],
    "11": [
        0.08654528111219406,
        2010
    ],
    "12": [
        0.024267474189400673,
        1536
    ],
    "13": [
        0.07067088037729263,
        2984
    ],
    "14": [
        0.07916975021362305,
        2664
    ]
}