{
    "0": [
        0.08325650542974472,
        3221
    ],
    "1": [
        0.040969859808683395,
        1413
    ],
    "2": [
        0.04642849043011665,
        1677
    ],
    "3": [
        0.08383256942033768,
        1638
    ],
    "4": [
        0.09095870703458786,
        3167
    ],
    "5": [
        0.07915903627872467,
        2334
    ],
    "6": [
        0.0729343369603157,
        2337
    ],
    "7": [
        0.061655331403017044,
        2979
    ],
    "8": [
        0.06912063807249069,
        1579
    ],
    "9": [
        0.06709229201078415,
        2069
    ],
    "10": [
        0.07064367085695267,
        2009
    ],
    "11": [
        0.05270985886454582,
        2818
    ],
    "12": [
        0.08552900701761246,
        2500
    ],
    "13": [
        0.035166654735803604,
        2709
    ],
    "14": [
        0.06054313853383064,
        2490
    ]
}