{
    "0": [
        0.07978915423154831,
        2851
    ],
    "1": [
        0.07200946658849716,
        2110
    ],
    "2": [
        0.04469998925924301,
        1848
    ],
    "3": [
        0.07170990109443665,
        1565
    ],
    "4": [
        0.07373815774917603,
        2673
    ],
    "5": [
        0.085224449634552,
        2658
    ],
    "6": [
        0.058220040053129196,
        2370
    ],
    "7": [
        0.0964701846241951,
        2910
    ],
    "8": [
        0.05117178335785866,
        2166
    ],
    "9": [
        0.08315233141183853,
        2549
    ],
    "10": [
        0.06461211293935776,
        2291
    ],
    "11": [
        0.033861007541418076,
        2387
    ],
    "12": [
        0.0526510588824749,
        2524
    ],
    "13": [
        0.06999509036540985,
        2046
    ],
    "14": [
        0.06269517540931702,
        2462
    ]
}