{
    "0": [
        0.07080497592687607,
        1770
    ],
    "1": [
        0.11180489510297775,
        2352
    ],
    "2": [
        0.0634930357336998,
        2671
    ],
    "3": [
        0.08596832305192947,
        2894
    ],
    "4": [
        0.04846503585577011,
        1899
    ],
    "5": [
        0.03451915830373764,
        1426
    ],
    "6": [
        0.09536861628293991,
        2491
    ],
    "7": [
        0.08781259506940842,
        2222
    ],
    "8": [
        0.07872431725263596,
        2647
    ],
    "9": [
        0.04839683696627617,
        2514
    ],
    "10": [
        0.06502988189458847,
        2221
    ],
    "11": [
        0.0615941621363163,
        2967
    ],
    "12": [
        0.03786832094192505,
        1684
    ],
    "13": [
        0.07555176317691803,
        2363
    ],
    "14": [
        0.03459811210632324,
        2007
    ]
}