{
    "0": [
        0.061676718294620514,
        2266
    ],
    "1": [
        0.09689941257238388,
        1789
    ],
    "2": [
        0.03561927005648613,
        2373
    ],
    "3": [
        0.07288212329149246,
        1758
    ],
    "4": [
        0.04187793657183647,
        2403
    ],
    "5": [
        0.05678384751081467,
        2711
    ],
    "6": [
        0.08156867325305939,
        1868
    ],
    "7": [
        0.07444363087415695,
        2809
    ],
    "8": [
        0.045866359025239944,
        2169
    ],
    "9": [
        0.09033212810754776,
        1896
    ],
    "10": [
        0.06897809356451035,
        2652
    ],
    "11": [
        0.07701130956411362,
        2805
    ],
    "12": [
        0.07325543463230133,
        2674
    ],
    "13": [
        0.055818941444158554,
        2200
    ],
    "14": [
        0.06698613613843918,
        2604
    ]
}