{
    "0": [
        0.05037561058998108,
        2251
    ],
    "1": [
        0.08577638864517212,
        2575
    ],
    "2": [
        0.06528577208518982,
        2324
    ],
    "3": [
        0.0332915261387825,
        2285
    ],
    "4": [
        0.07152695953845978,
        2383
    ],
    "5": [
        0.06079617887735367,
        2026
    ],
    "6": [
        0.06178182363510132,
        2645
    ],
    "7": [
        0.06998266279697418,
        2403
    ],
    "8": [
        0.1106378361582756,
        1909
    ],
    "9": [
        0.08770381659269333,
        2029
    ],
    "10": [
        0.08211804926395416,
        2194
    ],
    "11": [
        0.07449813932180405,
        1942
    ],
    "12": [
        0.05843150243163109,
        2147
    ],
    "13": [
        0.05132186412811279,
        2529
    ],
    "14": [
        0.03647184371948242,
        2236
    ]
}