{
    "0": [
        0.06554563343524933,
        1944
    ],
    "1": [
        0.056221164762973785,
        2265
    ],
    "2": [
        0.07777814567089081,
        2874
    ],
    "3": [
        0.07385748624801636,
        2275
    ],
    "4": [
        0.03236320987343788,
        1777
    ],
    "5": [
        0.12845689058303833,
        3060
    ],
    "6": [
        0.04005306586623192,
        1590
    ],
    "7": [
        0.08172158896923065,
        2445
    ],
    "8": [
        0.05608467757701874,
        2591
    ],
    "9": [
        0.07730668038129807,
        2900
    ],
    "10": [
        0.05296485498547554,
        2137
    ],
    "11": [
        0.047597866505384445,
        1611
    ],
    "12": [
        0.05500428378582001,
        2043
    ],
    "13": [
        0.10373096168041229,
        2432
    ],
    "14": [
        0.05131351202726364,
        2652
    ]
}