{
    "0": [
        0.07732266932725906,
        2713
    ],
    "1": [
        0.05052509158849716,
        1637
    ],
    "2": [
        0.06958788633346558,
        2890
    ],
    "3": [
        0.07492787390947342,
        2342
    ],
    "4": [
        0.05802055820822716,
        2357
    ],
    "5": [
        0.05835866183042526,
        2191
    ],
    "6": [
        0.07228915393352509,
        3115
    ],
    "7": [
        0.05035892874002457,
        2732
    ],
    "8": [
        0.09770156443119049,
        2194
    ],
    "9": [
        0.0742398127913475,
        2263
    ],
    "10": [
        0.07540496438741684,
        2202
    ],
    "11": [
        0.04044374078512192,
        2138
    ],
    "12": [
        0.10467943549156189,
        2516
    ],
    "13": [
        0.043093301355838776,
        2016
    ],
    "14": [
        0.053046371787786484,
        2249
    ]
}