{
    "0": [
        0.07614258676767349,
        3181
    ],
    "1": [
        0.04082660377025604,
        3089
    ],
    "2": [
        0.0642220750451088,
        3159
    ],
    "3": [
        0.13973751664161682,
        1523
    ],
    "4": [
        0.11458903551101685,
        1606
    ],
    "5": [
        0.07191012799739838,
        2599
    ],
    "6": [
        0.0920882448554039,
        2748
    ],
    "7": [
        0.03238089755177498,
        1715
    ],
    "8": [
        0.03654022887349129,
        2402
    ],
    "9": [
        0.06913022696971893,
        1846
    ],
    "10": [
        0.08364160358905792,
        1951
    ],
    "11": [
        0.048416949808597565,
        2074
    ],
    "12": [
        0.0364530086517334,
        1885
    ],
    "13": [
        0.06463570892810822,
        3055
    ],
    "14": [
        0.02928519807755947,
        1605
    ]
}