{
    "0": [
        0.07365413755178452,
        1670
    ],
    "1": [
        0.06477091461420059,
        2131
    ],
    "2": [
        0.10257028788328171,
        2575
    ],
    "3": [
        0.06241001933813095,
        2253
    ],
    "4": [
        0.0728827714920044,
        1376
    ],
    "5": [
        0.04338066279888153,
        2600
    ],
    "6": [
        0.07319941371679306,
        2986
    ],
    "7": [
        0.0782855898141861,
        2794
    ],
    "8": [
        0.027253443375229836,
        1903
    ],
    "9": [
        0.10560276359319687,
        2705
    ],
    "10": [
        0.08231286704540253,
        2790
    ],
    "11": [
        0.04240484908223152,
        2288
    ],
    "12": [
        0.08404876291751862,
        1627
    ],
    "13": [
        0.05436797812581062,
        1801
    ],
    "14": [
        0.03285554051399231,
        2335
    ]
}