{
    "0": [
        0.03979773819446564,
        2422
    ],
    "1": [
        0.05828871950507164,
        2446
    ],
    "2": [
        0.0972583144903183,
        2276
    ],
    "3": [
        0.04789753630757332,
        1871
    ],
    "4": [
        0.032446909695863724,
        1392
    ],
    "5": [
        0.06913211941719055,
        2417
    ],
    "6": [
        0.07109083980321884,
        2793
    ],
    "7": [
        0.03779133781790733,
        1812
    ],
    "8": [
        0.08489348739385605,
        1946
    ],
    "9": [
        0.03265112265944481,
        1878
    ],
    "10": [
        0.0935107097029686,
        2632
    ],
    "11": [
        0.0948295071721077,
        2011
    ],
    "12": [
        0.07528293132781982,
        2753
    ],
    "13": [
        0.11147388070821762,
        2339
    ],
    "14": [
        0.053654782474040985,
        2292
    ]
}