{
    "0": [
        0.038622818887233734,
        1790
    ],
    "1": [
        0.05264350399374962,
        3386
    ],
    "2": [
        0.06688234210014343,
        2762
    ],
    "3": [
        0.0953729972243309,
        3098
    ],
    "4": [
        0.027709554880857468,
        1723
    ],
    "5": [
        0.03705967962741852,
        2758
    ],
    "6": [
        0.08695388585329056,
        1902
    ],
    "7": [
        0.06416673213243484,
        2603
    ],
    "8": [
        0.16437461972236633,
        2881
    ],
    "9": [
        0.08498892188072205,
        2526
    ],
    "10": [
        0.05497673153877258,
        2501
    ],
    "11": [
        0.043257009238004684,
        2144
    ],
    "12": [
        0.09723391383886337,
        2396
    ],
    "13": [
        0.044742900878190994,
        2762
    ],
    "14": [
        0.04101439565420151,
        1358
    ]
}