{
    "0": [
        0.07712090015411377,
        2379
    ],
    "1": [
        0.12408159673213959,
        2639
    ],
    "2": [
        0.06315377354621887,
        2704
    ],
    "3": [
        0.05022294074296951,
        1759
    ],
    "4": [
        0.09916132688522339,
        2459
    ],
    "5": [
        0.02738822251558304,
        1979
    ],
    "6": [
        0.08233536779880524,
        2936
    ],
    "7": [
        0.03925354778766632,
        2341
    ],
    "8": [
        0.031073862686753273,
        1658
    ],
    "9": [
        0.05415583774447441,
        1864
    ],
    "10": [
        0.05449170991778374,
        2626
    ],
    "11": [
        0.059748806059360504,
        2460
    ],
    "12": [
        0.06550894677639008,
        2342
    ],
    "13": [
        0.10226356983184814,
        2503
    ],
    "14": [
        0.07003963738679886,
        2142
    ]
}