{
    "0": [
        0.1190287172794342,
        1820
    ],
    "1": [
        0.03629205748438835,
        2360
    ],
    "2": [
        0.0661010593175888,
        1483
    ],
    "3": [
        0.09295318275690079,
        3628
    ],
    "4": [
        0.06321055442094803,
        2024
    ],
    "5": [
        0.0608881339430809,
        2564
    ],
    "6": [
        0.05726507678627968,
        2289
    ],
    "7": [
        0.03598520904779434,
        2622
    ],
    "8": [
        0.026746368035674095,
        2352
    ],
    "9": [
        0.034602973610162735,
        1994
    ],
    "10": [
        0.08906246721744537,
        1942
    ],
    "11": [
        0.057009074836969376,
        2668
    ],
    "12": [
        0.06495346873998642,
        2395
    ],
    "13": [
        0.08653560280799866,
        2427
    ],
    "14": [
        0.1093660369515419,
        2305
    ]
}