{
    "0": [
        0.040236711502075195,
        2165
    ],
    "1": [
        0.05676918104290962,
        2553
    ],
    "2": [
        0.0659673884510994,
        2392
    ],
    "3": [
        0.08617692440748215,
        2869
    ],
    "4": [
        0.09773251414299011,
        1916
    ],
    "5": [
        0.1120186597108841,
        1985
    ],
    "6": [
        0.08199673891067505,
        2155
    ],
    "7": [
        0.03042946755886078,
        2225
    ],
    "8": [
        0.07492773234844208,
        2507
    ],
    "9": [
        0.07121077924966812,
        2394
    ],
    "10": [
        0.0707973763346672,
        2853
    ],
    "11": [
        0.07446293532848358,
        2754
    ],
    "12": [
        0.029192578047513962,
        1877
    ],
    "13": [
        0.05977107211947441,
        2467
    ],
    "14": [
        0.04830995574593544,
        2770
    ]
}