{
    "0": [
        0.06969300657510757,
        2674
    ],
    "1": [
        0.04750744253396988,
        2940
    ],
    "2": [
        0.04800107702612877,
        2070
    ],
    "3": [
        0.0772794708609581,
        2597
    ],
    "4": [
        0.09104187786579132,
        1870
    ],
    "5": [
        0.0419514961540699,
        2134
    ],
    "6": [
        0.09733741730451584,
        2784
    ],
    "7": [
        0.024352705106139183,
        1876
    ],
    "8": [
        0.07240904122591019,
        2388
    ],
    "9": [
        0.07737112045288086,
        2845
    ],
    "10": [
        0.08878857642412186,
        2513
    ],
    "11": [
        0.03304833546280861,
        1921
    ],
    "12": [
        0.08169981837272644,
        1951
    ],
    "13": [
        0.06789027154445648,
        1946
    ],
    "14": [
        0.08162838965654373,
        1972
    ]
}