{
    "0": [
        0.09397587180137634,
        2176
    ],
    "1": [
        0.04798172414302826,
        2387
    ],
    "2": [
        0.024932870641350746,
        2560
    ],
    "3": [
        0.06470532715320587,
        2507
    ],
    "4": [
        0.057953882962465286,
        1856
    ],
    "5": [
        0.066059410572052,
        2549
    ],
    "6": [
        0.09285474568605423,
        2152
    ],
    "7": [
        0.11147334426641464,
        2234
    ],
    "8": [
        0.0655445083975792,
        2918
    ],
    "9": [
        0.10194351524114609,
        3103
    ],
    "10": [
        0.062161412090063095,
        2055
    ],
    "11": [
        0.03299928456544876,
        1217
    ],
    "12": [
        0.09880121797323227,
        2883
    ],
    "13": [
        0.04382367804646492,
        2348
    ],
    "14": [
        0.03478912264108658,
        1523
    ]
}