{
    "0": [
        0.10976529866456985,
        2644
    ],
    "1": [
        0.06657557934522629,
        2285
    ],
    "2": [
        0.058856140822172165,
        2294
    ],
    "3": [
        0.05733148381114006,
        2712
    ],
    "4": [
        0.054079439491033554,
        2447
    ],
    "5": [
        0.07755523175001144,
        2777
    ],
    "6": [
        0.027817610651254654,
        1598
    ],
    "7": [
        0.0568840391933918,
        1961
    ],
    "8": [
        0.048382483422756195,
        2042
    ],
    "9": [
        0.0883815810084343,
        1819
    ],
    "10": [
        0.036397162824869156,
        3232
    ],
    "11": [
        0.09021133184432983,
        2527
    ],
    "12": [
        0.10708996653556824,
        2928
    ],
    "13": [
        0.09585699439048767,
        2221
    ],
    "14": [
        0.024815760552883148,
        1755
    ]
}