{
    "0": [
        0.033714715391397476,
        2409
    ],
    "1": [
        0.10730951279401779,
        2708
    ],
    "2": [
        0.028943732380867004,
        1625
    ],
    "3": [
        0.039988547563552856,
        2432
    ],
    "4": [
        0.0747482106089592,
        2333
    ],
    "5": [
        0.10173844546079636,
        2199
    ],
    "6": [
        0.08453349024057388,
        2876
    ],
    "7": [
        0.14192648231983185,
        2351
    ],
    "8": [
        0.025885624811053276,
        1930
    ],
    "9": [
        0.03431631252169609,
        2260
    ],
    "10": [
        0.06331110000610352,
        2428
    ],
    "11": [
        0.08025607466697693,
        1424
    ],
    "12": [
        0.05302422493696213,
        2129
    ],
    "13": [
        0.07141638547182083,
        2474
    ],
    "14": [
        0.05888719484210014,
        2417
    ]
}