{
    "0": [
        0.08325480669736862,
        2055
    ],
    "1": [
        0.08409695327281952,
        2464
    ],
    "2": [
        0.06390092521905899,
        2467
    ],
    "3": [
        0.0639135017991066,
        2274
    ],
    "4": [
        0.04743872955441475,
        1949
    ],
    "5": [
        0.08122170716524124,
        2356
    ],
    "6": [
        0.04801718145608902,
        2268
    ],
    "7": [
        0.03702960163354874,
        1951
    ],
    "8": [
        0.13195227086544037,
        2019
    ],
    "9": [
        0.06025243178009987,
        2049
    ],
    "10": [
        0.07322527468204498,
        2684
    ],
    "11": [
        0.04814426973462105,
        2272
    ],
    "12": [
        0.08325828611850739,
        2649
    ],
    "13": [
        0.06702414155006409,
        1960
    ],
    "14": [
        0.027269963175058365,
        2070
    ]
}