{
    "0": [
        0.11087849736213684,
        2673
    ],
    "1": [
        0.05793651193380356,
        2367
    ],
    "2": [
        0.09138898551464081,
        2381
    ],
    "3": [
        0.09483588486909866,
        3219
    ],
    "4": [
        0.08221159130334854,
        1753
    ],
    "5": [
        0.07495402544736862,
        2212
    ],
    "6": [
        0.07459063827991486,
        2509
    ],
    "7": [
        0.031516484916210175,
        2065
    ],
    "8": [
        0.07616382837295532,
        2883
    ],
    "9": [
        0.04962032660841942,
        1799
    ],
    "10": [
        0.027370641008019447,
        1487
    ],
    "11": [
        0.0468352735042572,
        2710
    ],
    "12": [
        0.0875408723950386,
        2511
    ],
    "13": [
        0.04326896369457245,
        1705
    ],
    "14": [
        0.050887517631053925,
        2454
    ]
}