{
    "0": [
        0.09124414622783661,
        2727
    ],
    "1": [
        0.0406222864985466,
        2153
    ],
    "2": [
        0.04562754929065704,
        2010
    ],
    "3": [
        0.06269068270921707,
        1849
    ],
    "4": [
        0.08577268570661545,
        2763
    ],
    "5": [
        0.12384814023971558,
        1936
    ],
    "6": [
        0.04142453148961067,
        2411
    ],
    "7": [
        0.0562831312417984,
        2983
    ],
    "8": [
        0.08659842610359192,
        1958
    ],
    "9": [
        0.03285025805234909,
        2346
    ],
    "10": [
        0.06421377509832382,
        2407
    ],
    "11": [
        0.04697652906179428,
        1963
    ],
    "12": [
        0.08464164286851883,
        2069
    ],
    "13": [
        0.0695912316441536,
        2147
    ],
    "14": [
        0.06761504709720612,
        1570
    ]
}