{
    "0": [
        0.03833417221903801,
        1844
    ],
    "1": [
        0.06802411377429962,
        2755
    ],
    "2": [
        0.03756318241357803,
        1275
    ],
    "3": [
        0.07799927145242691,
        2139
    ],
    "4": [
        0.08761830627918243,
        2790
    ],
    "5": [
        0.08345857262611389,
        2798
    ],
    "6": [
        0.08190777152776718,
        2592
    ],
    "7": [
        0.030129143968224525,
        2096
    ],
    "8": [
        0.0626511201262474,
        2134
    ],
    "9": [
        0.0721164271235466,
        2949
    ],
    "10": [
        0.09129270166158676,
        3006
    ],
    "11": [
        0.08644735813140869,
        2441
    ],
    "12": [
        0.08567493408918381,
        2459
    ],
    "13": [
        0.04659091681241989,
        1479
    ],
    "14": [
        0.05019202455878258,
        1938
    ]
}