{
    "0": [
        0.0451415479183197,
        2727
    ],
    "1": [
        0.12026481330394745,
        2642
    ],
    "2": [
        0.04872211813926697,
        2545
    ],
    "3": [
        0.08323043584823608,
        1735
    ],
    "4": [
        0.048776816576719284,
        1880
    ],
    "5": [
        0.09017481654882431,
        2309
    ],
    "6": [
        0.03886450082063675,
        2830
    ],
    "7": [
        0.06370359659194946,
        1688
    ],
    "8": [
        0.05506298318505287,
        1860
    ],
    "9": [
        0.0542546883225441,
        2115
    ],
    "10": [
        0.02851070463657379,
        1852
    ],
    "11": [
        0.054980549961328506,
        2279
    ],
    "12": [
        0.09380213916301727,
        2466
    ],
    "13": [
        0.07446710020303726,
        2771
    ],
    "14": [
        0.10004308074712753,
        3243
    ]
}