{
    "0": [
        0.08689603954553604,
        2988
    ],
    "1": [
        0.07829215377569199,
        2905
    ],
    "2": [
        0.0778852179646492,
        2583
    ],
    "3": [
        0.04994169622659683,
        2027
    ],
    "4": [
        0.05376395583152771,
        2843
    ],
    "5": [
        0.040450748056173325,
        2010
    ],
    "6": [
        0.05112621188163757,
        1971
    ],
    "7": [
        0.07723760604858398,
        2096
    ],
    "8": [
        0.09915554523468018,
        2850
    ],
    "9": [
        0.07680480927228928,
        2405
    ],
    "10": [
        0.10098372399806976,
        2851
    ],
    "11": [
        0.045192573219537735,
        2194
    ],
    "12": [
        0.0667562484741211,
        1945
    ],
    "13": [
        0.025800857692956924,
        1499
    ],
    "14": [
        0.06971259415149689,
        2411
    ]
}