{
    "0": [
        0.028768913820385933,
        1758
    ],
    "1": [
        0.10488977283239365,
        2846
    ],
    "2": [
        0.04516889527440071,
        3114
    ],
    "3": [
        0.13988225162029266,
        2689
    ],
    "4": [
        0.08606576919555664,
        2018
    ],
    "5": [
        0.04275652393698692,
        1760
    ],
    "6": [
        0.04709780216217041,
        2312
    ],
    "7": [
        0.08932691067457199,
        2817
    ],
    "8": [
        0.07276391983032227,
        1877
    ],
    "9": [
        0.07799432426691055,
        2078
    ],
    "10": [
        0.03969378024339676,
        2240
    ],
    "11": [
        0.040710605680942535,
        2303
    ],
    "12": [
        0.06231751665472984,
        2586
    ],
    "13": [
        0.06577621400356293,
        2466
    ],
    "14": [
        0.056786905974149704,
        2221
    ]
}