{
    "0": [
        0.05372634530067444,
        2379
    ],
    "1": [
        0.07430030405521393,
        2171
    ],
    "2": [
        0.032081957906484604,
        1650
    ],
    "3": [
        0.07155364751815796,
        2136
    ],
    "4": [
        0.0629926323890686,
        2623
    ],
    "5": [
        0.08895422518253326,
        2988
    ],
    "6": [
        0.057313207536935806,
        1693
    ],
    "7": [
        0.03657554090023041,
        1970
    ],
    "8": [
        0.04375843331217766,
        2599
    ],
    "9": [
        0.03483641520142555,
        2412
    ],
    "10": [
        0.1286754012107849,
        2104
    ],
    "11": [
        0.07594873011112213,
        2425
    ],
    "12": [
        0.047654591500759125,
        2606
    ],
    "13": [
        0.0873873308300972,
        2060
    ],
    "14": [
        0.104241281747818,
        2537
    ]
}