{
    "0": [
        0.03434378281235695,
        2048
    ],
    "1": [
        0.1142919585108757,
        2606
    ],
    "2": [
        0.09958869963884354,
        3219
    ],
    "3": [
        0.05468865856528282,
        2649
    ],
    "4": [
        0.042188216000795364,
        2566
    ],
    "5": [
        0.07218646258115768,
        1878
    ],
    "6": [
        0.02806810848414898,
        1687
    ],
    "7": [
        0.0550600066781044,
        1941
    ],
    "8": [
        0.12072301656007767,
        1815
    ],
    "9": [
        0.08126761764287949,
        2696
    ],
    "10": [
        0.06324369460344315,
        2633
    ],
    "11": [
        0.05794452130794525,
        2156
    ],
    "12": [
        0.07266877591609955,
        3065
    ],
    "13": [
        0.06848468631505966,
        2493
    ],
    "14": [
        0.03525174409151077,
        1639
    ]
}