{
    "0": [
        0.10761638730764389,
        2671
    ],
    "1": [
        0.039735399186611176,
        2686
    ],
    "2": [
        0.08446849882602692,
        2707
    ],
    "3": [
        0.04552090913057327,
        1969
    ],
    "4": [
        0.0365624874830246,
        1747
    ],
    "5": [
        0.040320660918951035,
        1707
    ],
    "6": [
        0.04354849085211754,
        2018
    ],
    "7": [
        0.07128524035215378,
        2984
    ],
    "8": [
        0.06955450773239136,
        2004
    ],
    "9": [
        0.056115373969078064,
        1697
    ],
    "10": [
        0.0826367661356926,
        2969
    ],
    "11": [
        0.05153981223702431,
        2375
    ],
    "12": [
        0.1094767227768898,
        3251
    ],
    "13": [
        0.02247937209904194,
        1395
    ],
    "14": [
        0.13913945853710175,
        1955
    ]
}