{
    "0": [
        0.061396561563014984,
        2237
    ],
    "1": [
        0.0742841362953186,
        1821
    ],
    "2": [
        0.06794829666614532,
        2958
    ],
    "3": [
        0.08775932341814041,
        2210
    ],
    "4": [
        0.05931558832526207,
        2546
    ],
    "5": [
        0.09180288761854172,
        2473
    ],
    "6": [
        0.053693681955337524,
        2485
    ],
    "7": [
        0.055055033415555954,
        1730
    ],
    "8": [
        0.13869531452655792,
        2141
    ],
    "9": [
        0.04000919684767723,
        2552
    ],
    "10": [
        0.06451057642698288,
        2309
    ],
    "11": [
        0.03403408080339432,
        2531
    ],
    "12": [
        0.054033275693655014,
        2292
    ],
    "13": [
        0.038159191608428955,
        2018
    ],
    "14": [
        0.07930287718772888,
        2126
    ]
}