{
    "0": [
        0.04927996173501015,
        1495
    ],
    "1": [
        0.05768947675824165,
        2599
    ],
    "2": [
        0.0789855569601059,
        3196
    ],
    "3": [
        0.15170207619667053,
        2716
    ],
    "4": [
        0.053083572536706924,
        1661
    ],
    "5": [
        0.06952886283397675,
        2495
    ],
    "6": [
        0.05824160575866699,
        2224
    ],
    "7": [
        0.057871781289577484,
        2468
    ],
    "8": [
        0.038920726627111435,
        2152
    ],
    "9": [
        0.055863555520772934,
        1860
    ],
    "10": [
        0.03585686534643173,
        2058
    ],
    "11": [
        0.06820034980773926,
        2428
    ],
    "12": [
        0.06625095009803772,
        2551
    ],
    "13": [
        0.06352794170379639,
        3032
    ],
    "14": [
        0.09499672055244446,
        2848
    ]
}