{
    "0": [
        0.04792902246117592,
        2744
    ],
    "1": [
        0.0549413338303566,
        1606
    ],
    "2": [
        0.11362941563129425,
        2755
    ],
    "3": [
        0.08135832101106644,
        1310
    ],
    "4": [
        0.06142168864607811,
        2602
    ],
    "5": [
        0.0649641752243042,
        2886
    ],
    "6": [
        0.031420379877090454,
        2247
    ],
    "7": [
        0.06235755980014801,
        1911
    ],
    "8": [
        0.04530089721083641,
        2459
    ],
    "9": [
        0.05897432193160057,
        2678
    ],
    "10": [
        0.07322564721107483,
        2784
    ],
    "11": [
        0.09192696958780289,
        2552
    ],
    "12": [
        0.10520398616790771,
        2550
    ],
    "13": [
        0.07530485838651657,
        2071
    ],
    "14": [
        0.03204138204455376,
        1914
    ]
}