{
    "0": [
        0.08852434158325195,
        2371
    ],
    "1": [
        0.05305112898349762,
        1705
    ],
    "2": [
        0.07698135077953339,
        2826
    ],
    "3": [
        0.02474183589220047,
        2153
    ],
    "4": [
        0.049799758940935135,
        1977
    ],
    "5": [
        0.08446922153234482,
        3289
    ],
    "6": [
        0.10881011933088303,
        3011
    ],
    "7": [
        0.08233096450567245,
        2058
    ],
    "8": [
        0.0641484335064888,
        1571
    ],
    "9": [
        0.042637210339307785,
        1968
    ],
    "10": [
        0.07191316783428192,
        2631
    ],
    "11": [
        0.05981707572937012,
        2857
    ],
    "12": [
        0.0530218631029129,
        2376
    ],
    "13": [
        0.0946883037686348,
        1624
    ],
    "14": [
        0.045065224170684814,
        2373
    ]
}