{
    "0": [
        0.0558747760951519,
        1575
    ],
    "1": [
        0.08458069711923599,
        2038
    ],
    "2": [
        0.040356267243623734,
        1850
    ],
    "3": [
        0.07263580709695816,
        2355
    ],
    "4": [
        0.04936405271291733,
        1789
    ],
    "5": [
        0.05735037103295326,
        2270
    ],
    "6": [
        0.15879377722740173,
        2850
    ],
    "7": [
        0.06428497284650803,
        2215
    ],
    "8": [
        0.035856083035469055,
        2004
    ],
    "9": [
        0.06079256534576416,
        2114
    ],
    "10": [
        0.06096583232283592,
        2903
    ],
    "11": [
        0.09915030002593994,
        2476
    ],
    "12": [
        0.05467749759554863,
        1679
    ],
    "13": [
        0.06804714351892471,
        2738
    ],
    "14": [
        0.03726983070373535,
        2913
    ]
}