{
    "0": [
        0.05355756729841232,
        2486
    ],
    "1": [
        0.0453617125749588,
        2414
    ],
    "2": [
        0.05994866043329239,
        2603
    ],
    "3": [
        0.0806615874171257,
        2029
    ],
    "4": [
        0.05498817563056946,
        2335
    ],
    "5": [
        0.0693323016166687,
        2483
    ],
    "6": [
        0.09524478763341904,
        1896
    ],
    "7": [
        0.06887578219175339,
        2962
    ],
    "8": [
        0.09838002175092697,
        2217
    ],
    "9": [
        0.053300466388463974,
        2221
    ],
    "10": [
        0.08200408518314362,
        2539
    ],
    "11": [
        0.03635105863213539,
        2793
    ],
    "12": [
        0.10278778523206711,
        2423
    ],
    "13": [
        0.0498771071434021,
        2036
    ],
    "14": [
        0.04932876303792,
        2234
    ]
}