{
    "0": [
        0.09184297919273376,
        2817
    ],
    "1": [
        0.04282192513346672,
        2241
    ],
    "2": [
        0.049287859350442886,
        1577
    ],
    "3": [
        0.05843963474035263,
        1547
    ],
    "4": [
        0.0660281553864479,
        2602
    ],
    "5": [
        0.05960509926080704,
        1958
    ],
    "6": [
        0.06297408789396286,
        3082
    ],
    "7": [
        0.06665707379579544,
        2670
    ],
    "8": [
        0.07961916923522949,
        2250
    ],
    "9": [
        0.07301829755306244,
        2425
    ],
    "10": [
        0.049036577343940735,
        2229
    ],
    "11": [
        0.12224053591489792,
        2201
    ],
    "12": [
        0.043581634759902954,
        2158
    ],
    "13": [
        0.07053371518850327,
        2557
    ],
    "14": [
        0.06431326270103455,
        2505
    ]
}