{
    "0": [
        0.09945850074291229,
        2470
    ],
    "1": [
        0.08413133025169373,
        2905
    ],
    "2": [
        0.06333693861961365,
        2385
    ],
    "3": [
        0.05566619336605072,
        1989
    ],
    "4": [
        0.03375662863254547,
        1575
    ],
    "5": [
        0.06418467313051224,
        2795
    ],
    "6": [
        0.05426664650440216,
        2145
    ],
    "7": [
        0.049453604966402054,
        2247
    ],
    "8": [
        0.06915470957756042,
        2213
    ],
    "9": [
        0.10731394588947296,
        2235
    ],
    "10": [
        0.09208285808563232,
        2992
    ],
    "11": [
        0.046172551810741425,
        1884
    ],
    "12": [
        0.04724615812301636,
        1594
    ],
    "13": [
        0.054511748254299164,
        2135
    ],
    "14": [
        0.0792635828256607,
        2346
    ]
}