{
    "0": [
        0.05144526809453964,
        2477
    ],
    "1": [
        0.07041990011930466,
        1705
    ],
    "2": [
        0.08711053431034088,
        2447
    ],
    "3": [
        0.08795378357172012,
        2514
    ],
    "4": [
        0.04406256973743439,
        2163
    ],
    "5": [
        0.053799036890268326,
        2808
    ],
    "6": [
        0.06102639064192772,
        1622
    ],
    "7": [
        0.03722761943936348,
        2132
    ],
    "8": [
        0.12982580065727234,
        2742
    ],
    "9": [
        0.06600280851125717,
        2242
    ],
    "10": [
        0.046612877398729324,
        2234
    ],
    "11": [
        0.043169211596250534,
        2535
    ],
    "12": [
        0.0687638446688652,
        1818
    ],
    "13": [
        0.07318232953548431,
        2396
    ],
    "14": [
        0.07939807325601578,
        2781
    ]
}