{
    "0": [
        0.04267631098628044,
        2243
    ],
    "1": [
        0.08756407350301743,
        2973
    ],
    "2": [
        0.05887012556195259,
        2846
    ],
    "3": [
        0.04480743408203125,
        2487
    ],
    "4": [
        0.08904130756855011,
        2788
    ],
    "5": [
        0.08205534517765045,
        2165
    ],
    "6": [
        0.07884147018194199,
        1933
    ],
    "7": [
        0.04255663976073265,
        2658
    ],
    "8": [
        0.16667787730693817,
        1995
    ],
    "9": [
        0.07381026446819305,
        2892
    ],
    "10": [
        0.034874387085437775,
        2394
    ],
    "11": [
        0.075114905834198,
        2268
    ],
    "12": [
        0.06539280712604523,
        2055
    ],
    "13": [
        0.034121762961149216,
        1774
    ],
    "14": [
        0.023595234379172325,
        1213
    ]
}