{
    "0": [
        0.07996763288974762,
        2771
    ],
    "1": [
        0.07902976125478745,
        2630
    ],
    "2": [
        0.05990372225642204,
        2059
    ],
    "3": [
        0.07616528868675232,
        2738
    ],
    "4": [
        0.05839123576879501,
        2632
    ],
    "5": [
        0.034201979637145996,
        2544
    ],
    "6": [
        0.04580945521593094,
        2015
    ],
    "7": [
        0.05492416024208069,
        1646
    ],
    "8": [
        0.04590625315904617,
        2241
    ],
    "9": [
        0.06155795603990555,
        2200
    ],
    "10": [
        0.04818267002701759,
        2508
    ],
    "11": [
        0.1648479700088501,
        2749
    ],
    "12": [
        0.05117744579911232,
        1682
    ],
    "13": [
        0.06760702282190323,
        1732
    ],
    "14": [
        0.07232744246721268,
        2477
    ]
}