{
    "0": [
        0.06934674829244614,
        1767
    ],
    "1": [
        0.04879189282655716,
        2151
    ],
    "2": [
        0.05379083380103111,
        2736
    ],
    "3": [
        0.031283363699913025,
        1708
    ],
    "4": [
        0.09011359512805939,
        2791
    ],
    "5": [
        0.13115285336971283,
        1867
    ],
    "6": [
        0.061367105692625046,
        2165
    ],
    "7": [
        0.034183792769908905,
        1409
    ],
    "8": [
        0.058887261897325516,
        2186
    ],
    "9": [
        0.03782064840197563,
        2277
    ],
    "10": [
        0.08082374185323715,
        3334
    ],
    "11": [
        0.07454372197389603,
        2689
    ],
    "12": [
        0.09249809384346008,
        1994
    ],
    "13": [
        0.0551907904446125,
        2097
    ],
    "14": [
        0.08020548522472382,
        3254
    ]
}