{
    "0": [
        0.05196332931518555,
        2723
    ],
    "1": [
        0.03190159425139427,
        2169
    ],
    "2": [
        0.0508234016597271,
        1591
    ],
    "3": [
        0.03571833670139313,
        1863
    ],
    "4": [
        0.12352046370506287,
        2881
    ],
    "5": [
        0.09244374930858612,
        2187
    ],
    "6": [
        0.02768455073237419,
        1365
    ],
    "7": [
        0.09207271039485931,
        2766
    ],
    "8": [
        0.031287599354982376,
        1071
    ],
    "9": [
        0.13497836887836456,
        1893
    ],
    "10": [
        0.03008485585451126,
        2391
    ],
    "11": [
        0.05740220099687576,
        2794
    ],
    "12": [
        0.0776679739356041,
        2892
    ],
    "13": [
        0.08087362349033356,
        3309
    ],
    "14": [
        0.08157724142074585,
        3297
    ]
}