{
    "0": [
        0.0902978777885437,
        1848
    ],
    "1": [
        0.06558418273925781,
        1844
    ],
    "2": [
        0.07199147343635559,
        2803
    ],
    "3": [
        0.07694745063781738,
        3077
    ],
    "4": [
        0.05094247683882713,
        2476
    ],
    "5": [
        0.05699147656559944,
        2216
    ],
    "6": [
        0.04530211165547371,
        2146
    ],
    "7": [
        0.06712732464075089,
        2367
    ],
    "8": [
        0.08810058236122131,
        1924
    ],
    "9": [
        0.09502345323562622,
        2895
    ],
    "10": [
        0.06581833958625793,
        1910
    ],
    "11": [
        0.07549643516540527,
        2859
    ],
    "12": [
        0.05425351858139038,
        2497
    ],
    "13": [
        0.0366041325032711,
        1695
    ],
    "14": [
        0.05951915308833122,
        1955
    ]
}