{
    "0": [
        0.03688729554414749,
        2404
    ],
    "1": [
        0.09199754148721695,
        2221
    ],
    "2": [
        0.07912983745336533,
        2624
    ],
    "3": [
        0.07431851327419281,
        2582
    ],
    "4": [
        0.0454801544547081,
        2584
    ],
    "5": [
        0.07722222059965134,
        2137
    ],
    "6": [
        0.044659897685050964,
        1864
    ],
    "7": [
        0.07513038069009781,
        3041
    ],
    "8": [
        0.025827905163168907,
        1341
    ],
    "9": [
        0.05297887325286865,
        2381
    ],
    "10": [
        0.06375393271446228,
        3085
    ],
    "11": [
        0.1721327155828476,
        1733
    ],
    "12": [
        0.059417981654405594,
        2293
    ],
    "13": [
        0.033479612320661545,
        2134
    ],
    "14": [
        0.06758305430412292,
        2671
    ]
}