{
    "0": [
        0.0856902226805687,
        2808
    ],
    "1": [
        0.05677089840173721,
        1547
    ],
    "2": [
        0.0994221642613411,
        1978
    ],
    "3": [
        0.033074282109737396,
        2263
    ],
    "4": [
        0.06749740242958069,
        2669
    ],
    "5": [
        0.05149441957473755,
        2392
    ],
    "6": [
        0.04993373155593872,
        2023
    ],
    "7": [
        0.028349492698907852,
        2295
    ],
    "8": [
        0.08174537867307663,
        2215
    ],
    "9": [
        0.07479172945022583,
        2241
    ],
    "10": [
        0.10182055085897446,
        2577
    ],
    "11": [
        0.1141102984547615,
        2565
    ],
    "12": [
        0.03338685631752014,
        2121
    ],
    "13": [
        0.06257776916027069,
        1776
    ],
    "14": [
        0.05933472514152527,
        2081
    ]
}