{
    "0": [
        0.06799352914094925,
        1838
    ],
    "1": [
        0.08392229676246643,
        2573
    ],
    "2": [
        0.0771552175283432,
        2675
    ],
    "3": [
        0.07478532940149307,
        2648
    ],
    "4": [
        0.0873776525259018,
        2045
    ],
    "5": [
        0.05246356129646301,
        2148
    ],
    "6": [
        0.058906372636556625,
        2476
    ],
    "7": [
        0.09818074852228165,
        2750
    ],
    "8": [
        0.05539510399103165,
        2245
    ],
    "9": [
        0.05512130260467529,
        2769
    ],
    "10": [
        0.02549993246793747,
        2115
    ],
    "11": [
        0.042090918868780136,
        2066
    ],
    "12": [
        0.043500352650880814,
        1846
    ],
    "13": [
        0.14649853110313416,
        2590
    ],
    "14": [
        0.031109090894460678,
        1644
    ]
}