{
    "0": [
        0.08306575566530228,
        2766
    ],
    "1": [
        0.07262963801622391,
        2425
    ],
    "2": [
        0.06322553753852844,
        2252
    ],
    "3": [
        0.10018610954284668,
        2736
    ],
    "4": [
        0.02330920286476612,
        2470
    ],
    "5": [
        0.055148955434560776,
        2033
    ],
    "6": [
        0.03094499744474888,
        1515
    ],
    "7": [
        0.13322331011295319,
        1810
    ],
    "8": [
        0.08092667162418365,
        2760
    ],
    "9": [
        0.07464926689863205,
        2563
    ],
    "10": [
        0.05557410418987274,
        1868
    ],
    "11": [
        0.0915549173951149,
        2877
    ],
    "12": [
        0.030728401616215706,
        2124
    ],
    "13": [
        0.02746923640370369,
        1636
    ],
    "14": [
        0.07736385613679886,
        2155
    ]
}