{
    "0": [
        0.04925820603966713,
        1208
    ],
    "1": [
        0.13153736293315887,
        3087
    ],
    "2": [
        0.08806820213794708,
        2511
    ],
    "3": [
        0.03751266375184059,
        1623
    ],
    "4": [
        0.06723905354738235,
        2338
    ],
    "5": [
        0.03703078255057335,
        2193
    ],
    "6": [
        0.08487245440483093,
        2575
    ],
    "7": [
        0.08035451918840408,
        2593
    ],
    "8": [
        0.10994057357311249,
        2202
    ],
    "9": [
        0.0289187990128994,
        2207
    ],
    "10": [
        0.035916443914175034,
        2844
    ],
    "11": [
        0.07226443290710449,
        2000
    ],
    "12": [
        0.06488633900880814,
        2835
    ],
    "13": [
        0.057742077857255936,
        2568
    ],
    "14": [
        0.05445811524987221,
        2327
    ]
}