{
    "0": [
        0.038127459585666656,
        1811
    ],
    "1": [
        0.05881240963935852,
        2666
    ],
    "2": [
        0.08932928740978241,
        2380
    ],
    "3": [
        0.046830128878355026,
        3041
    ],
    "4": [
        0.047737229615449905,
        1510
    ],
    "5": [
        0.025525689125061035,
        2429
    ],
    "6": [
        0.11032192409038544,
        2656
    ],
    "7": [
        0.07584387809038162,
        2022
    ],
    "8": [
        0.033944740891456604,
        1790
    ],
    "9": [
        0.07620581239461899,
        2628
    ],
    "10": [
        0.07404424250125885,
        2529
    ],
    "11": [
        0.07416707277297974,
        2803
    ],
    "12": [
        0.05342549830675125,
        1934
    ],
    "13": [
        0.12640100717544556,
        2122
    ],
    "14": [
        0.06928355991840363,
        2600
    ]
}