{
    "0": [
        0.0660916194319725,
        2402
    ],
    "1": [
        0.06464759260416031,
        2294
    ],
    "2": [
        0.1292174756526947,
        2652
    ],
    "3": [
        0.06441882252693176,
        2826
    ],
    "4": [
        0.02266261726617813,
        1679
    ],
    "5": [
        0.03392152860760689,
        1967
    ],
    "6": [
        0.07067461311817169,
        1846
    ],
    "7": [
        0.12712259590625763,
        3195
    ],
    "8": [
        0.04234609380364418,
        2652
    ],
    "9": [
        0.07913190871477127,
        2735
    ],
    "10": [
        0.06775755435228348,
        2143
    ],
    "11": [
        0.06519245356321335,
        2337
    ],
    "12": [
        0.07250505685806274,
        2487
    ],
    "13": [
        0.0506366565823555,
        1407
    ],
    "14": [
        0.04367341101169586,
        2175
    ]
}