{
    "0": [
        0.07840321958065033,
        2592
    ],
    "1": [
        0.02607160061597824,
        1680
    ],
    "2": [
        0.11523299664258957,
        2781
    ],
    "3": [
        0.03100467473268509,
        1927
    ],
    "4": [
        0.04661450535058975,
        2242
    ],
    "5": [
        0.06897125393152237,
        2315
    ],
    "6": [
        0.10368930548429489,
        2659
    ],
    "7": [
        0.07824043929576874,
        1930
    ],
    "8": [
        0.07462629675865173,
        1886
    ],
    "9": [
        0.03767786920070648,
        2293
    ],
    "10": [
        0.05223690718412399,
        2154
    ],
    "11": [
        0.07694371044635773,
        2392
    ],
    "12": [
        0.05610273778438568,
        2618
    ],
    "13": [
        0.11397697776556015,
        2919
    ],
    "14": [
        0.04020754620432854,
        2128
    ]
}