{
    "0": [
        0.05849776789546013,
        2194
    ],
    "1": [
        0.01856904663145542,
        1385
    ],
    "2": [
        0.055133793503046036,
        2390
    ],
    "3": [
        0.07473865896463394,
        2957
    ],
    "4": [
        0.07400920242071152,
        2428
    ],
    "5": [
        0.0935051441192627,
        2501
    ],
    "6": [
        0.1354036033153534,
        2620
    ],
    "7": [
        0.044702574610710144,
        3326
    ],
    "8": [
        0.048961520195007324,
        2318
    ],
    "9": [
        0.054801393300294876,
        2376
    ],
    "10": [
        0.06692975759506226,
        2200
    ],
    "11": [
        0.06134894862771034,
        2318
    ],
    "12": [
        0.053729720413684845,
        1776
    ],
    "13": [
        0.08626546710729599,
        1982
    ],
    "14": [
        0.07340347766876221,
        2319
    ]
}