{
    "0": [
        0.06900011003017426,
        1985
    ],
    "1": [
        0.029138589277863503,
        1665
    ],
    "2": [
        0.060069452971220016,
        2746
    ],
    "3": [
        0.0675656795501709,
        2878
    ],
    "4": [
        0.06870979815721512,
        2769
    ],
    "5": [
        0.17425735294818878,
        1980
    ],
    "6": [
        0.04392959177494049,
        2338
    ],
    "7": [
        0.07369756698608398,
        2161
    ],
    "8": [
        0.05234339088201523,
        2512
    ],
    "9": [
        0.05054447799921036,
        2486
    ],
    "10": [
        0.07745768129825592,
        3271
    ],
    "11": [
        0.04572856426239014,
        2416
    ],
    "12": [
        0.04989807680249214,
        2154
    ],
    "13": [
        0.05528860166668892,
        2518
    ],
    "14": [
        0.0823710709810257,
        2007
    ]
}