{
    "0": [
        0.024639662355184555,
        1805
    ],
    "1": [
        0.03604840487241745,
        2486
    ],
    "2": [
        0.06344761699438095,
        2608
    ],
    "3": [
        0.07936172187328339,
        2130
    ],
    "4": [
        0.07123083621263504,
        1839
    ],
    "5": [
        0.10318876802921295,
        2573
    ],
    "6": [
        0.10243610292673111,
        1988
    ],
    "7": [
        0.082064688205719,
        2713
    ],
    "8": [
        0.0984572023153305,
        2521
    ],
    "9": [
        0.0971054956316948,
        2718
    ],
    "10": [
        0.0696411281824112,
        2601
    ],
    "11": [
        0.027785463258624077,
        1995
    ],
    "12": [
        0.02901674434542656,
        2463
    ],
    "13": [
        0.07508454471826553,
        2149
    ],
    "14": [
        0.040491580963134766,
        2257
    ]
}