{
    "0": [
        0.028528789058327675,
        2118
    ],
    "1": [
        0.07175611704587936,
        2890
    ],
    "2": [
        0.11748791486024857,
        2770
    ],
    "3": [
        0.03715885430574417,
        1752
    ],
    "4": [
        0.055860862135887146,
        2593
    ],
    "5": [
        0.09167970716953278,
        2580
    ],
    "6": [
        0.0869632139801979,
        2186
    ],
    "7": [
        0.08690286427736282,
        2166
    ],
    "8": [
        0.06522828340530396,
        2604
    ],
    "9": [
        0.04505737125873566,
        2408
    ],
    "10": [
        0.026190893724560738,
        2013
    ],
    "11": [
        0.048836879432201385,
        2196
    ],
    "12": [
        0.10345776379108429,
        2401
    ],
    "13": [
        0.08466213196516037,
        2274
    ],
    "14": [
        0.050228383392095566,
        1800
    ]
}