{
    "0": [
        0.09386318922042847,
        1635
    ],
    "1": [
        0.039842523634433746,
        2189
    ],
    "2": [
        0.06364643573760986,
        2259
    ],
    "3": [
        0.07299574464559555,
        2633
    ],
    "4": [
        0.11057668179273605,
        2998
    ],
    "5": [
        0.06742925941944122,
        1414
    ],
    "6": [
        0.08022614568471909,
        2712
    ],
    "7": [
        0.029563678428530693,
        1933
    ],
    "8": [
        0.08675437420606613,
        2046
    ],
    "9": [
        0.039640843868255615,
        2119
    ],
    "10": [
        0.053362008184194565,
        2524
    ],
    "11": [
        0.04378507658839226,
        2169
    ],
    "12": [
        0.09642979502677917,
        2819
    ],
    "13": [
        0.066763736307621,
        2640
    ],
    "14": [
        0.05512051656842232,
        2786
    ]
}