{
    "0": [
        0.0264800563454628,
        2237
    ],
    "1": [
        0.06786079704761505,
        2009
    ],
    "2": [
        0.10951842367649078,
        2052
    ],
    "3": [
        0.07182732224464417,
        2126
    ],
    "4": [
        0.09290577471256256,
        2349
    ],
    "5": [
        0.07151855528354645,
        1767
    ],
    "6": [
        0.023739373311400414,
        1878
    ],
    "7": [
        0.08843272179365158,
        2987
    ],
    "8": [
        0.0477684885263443,
        2453
    ],
    "9": [
        0.050672005861997604,
        2230
    ],
    "10": [
        0.0912787988781929,
        2639
    ],
    "11": [
        0.04871802404522896,
        1708
    ],
    "12": [
        0.08341698348522186,
        2869
    ],
    "13": [
        0.02772822417318821,
        1653
    ],
    "14": [
        0.09813444316387177,
        2922
    ]
}