{
    "0": [
        0.04274984821677208,
        1911
    ],
    "1": [
        0.11476309597492218,
        2246
    ],
    "2": [
        0.11371893435716629,
        1968
    ],
    "3": [
        0.04264795780181885,
        2411
    ],
    "4": [
        0.08002674579620361,
        2471
    ],
    "5": [
        0.15588192641735077,
        2253
    ],
    "6": [
        0.032869819551706314,
        2309
    ],
    "7": [
        0.05659547820687294,
        2733
    ],
    "8": [
        0.04249197989702225,
        2022
    ],
    "9": [
        0.07288332283496857,
        2559
    ],
    "10": [
        0.034470412880182266,
        1914
    ],
    "11": [
        0.06251713633537292,
        2009
    ],
    "12": [
        0.08494080603122711,
        3011
    ],
    "13": [
        0.032843735069036484,
        2488
    ],
    "14": [
        0.030598850920796394,
        1865
    ]
}