{
    "0": [
        0.07338976860046387,
        2868
    ],
    "1": [
        0.07882292568683624,
        2465
    ],
    "2": [
        0.08736591786146164,
        2350
    ],
    "3": [
        0.058412160724401474,
        2453
    ],
    "4": [
        0.05516752973198891,
        1519
    ],
    "5": [
        0.07220686227083206,
        2125
    ],
    "6": [
        0.11203417181968689,
        3079
    ],
    "7": [
        0.09094216674566269,
        1730
    ],
    "8": [
        0.06948491930961609,
        2666
    ],
    "9": [
        0.07642228156328201,
        2301
    ],
    "10": [
        0.07306556403636932,
        2780
    ],
    "11": [
        0.02613901160657406,
        2329
    ],
    "12": [
        0.03821811079978943,
        2314
    ],
    "13": [
        0.04097936302423477,
        2129
    ],
    "14": [
        0.04734925180673599,
        2139
    ]
}