{
    "0": [
        0.04153585061430931,
        2290
    ],
    "1": [
        0.06851359456777573,
        2843
    ],
    "2": [
        0.07889825105667114,
        1781
    ],
    "3": [
        0.030003828927874565,
        1902
    ],
    "4": [
        0.03718278929591179,
        2361
    ],
    "5": [
        0.09373285621404648,
        2953
    ],
    "6": [
        0.08131122589111328,
        2311
    ],
    "7": [
        0.06491636484861374,
        2025
    ],
    "8": [
        0.11634737998247147,
        2563
    ],
    "9": [
        0.07765858620405197,
        3514
    ],
    "10": [
        0.08466701209545135,
        2634
    ],
    "11": [
        0.08149904757738113,
        2929
    ],
    "12": [
        0.02976260520517826,
        1526
    ],
    "13": [
        0.06731335073709488,
        1348
    ],
    "14": [
        0.0466572567820549,
        1867
    ]
}