{"0": {"mean": -0.287835031747818, "variance": 0.017151014879345894, "std_dev": 0.13096188008785248, "median": -0.30987250804901123, "range": 0.6288362145423889, "iq_range": 0.14596568793058395, "density": 0.23654124767396525, "accuracy": 1.0, "distance": 0.7571406960487366}, "1": {"mean": -0.2856539487838745, "variance": 0.01840183138847351, "std_dev": 0.13565334677696228, "median": -0.3042844831943512, "range": 0.6600216627120972, "iq_range": 0.1647031120955944, "density": 0.23662035951073013, "accuracy": 1.0, "distance": 0.9161037802696228}, "2": {"mean": -0.28907039761543274, "variance": 0.016438299790024757, "std_dev": 0.12821193039417267, "median": -0.31078314781188965, "range": 0.6079211831092834, "iq_range": 0.14751902222633362, "density": 0.23670721364029834, "accuracy": 1.0, "distance": 0.226936936378479}, "3": {"mean": -0.2906942665576935, "variance": 0.015496836043894291, "std_dev": 0.1244862899184227, "median": -0.31672435998916626, "range": 0.6288362145423889, "iq_range": 0.12633969634771347, "density": 0.24745156633265708, "accuracy": 1.0, "distance": 0.6263121366500854}, "4": {"mean": -0.28433629870414734, "variance": 0.019152866676449776, "std_dev": 0.13839387893676758, "median": -0.29857152700424194, "range": 0.6288362145423889, "iq_range": 0.182588130235672, "density": 0.23560423747422868, "accuracy": 1.0, "distance": 0.5927495956420898}, "5": {"mean": -0.2840138077735901, "variance": 0.019336162135004997, "std_dev": 0.13905452191829681, "median": -0.2983376979827881, "range": 0.6288361549377441, "iq_range": 0.15990648418664932, "density": 0.2349681273378169, "accuracy": -1.0, "distance": 0.7088803052902222}, "6": {"mean": -0.28827691078186035, "variance": 0.01689641922712326, "std_dev": 0.1299862265586853, "median": -0.3083117604255676, "range": 0.6600216627120972, "iq_range": 0.14278369396924973, "density": 0.23316564488564606, "accuracy": 1.0, "distance": 0.135508731007576}, "7": {"mean": -0.28763675689697266, "variance": 0.01726510189473629, "std_dev": 0.13139674067497253, "median": -0.3121132254600525, "range": 0.6600216627120972, "iq_range": 0.13980817049741745, "density": 0.23596801077100263, "accuracy": 1.0, "distance": 0.8394379615783691}, "8": {"mean": -0.2909732162952423, "variance": 0.01533458475023508, "std_dev": 0.12383288890123367, "median": -0.31967684626579285, "range": 0.6191851496696472, "iq_range": 0.13631942495703697, "density": 0.24069423798254017, "accuracy": 1.0, "distance": 0.3475443422794342}, "9": {"mean": -0.2825646996498108, "variance": 0.020157182589173317, "std_dev": 0.141975998878479, "median": -0.2899908423423767, "range": 0.6288362145423889, "iq_range": 0.17007317766547203, "density": 0.23427944964856925, "accuracy": -1.0, "distance": 0.570611298084259}, "10": {"mean": -0.28943920135498047, "variance": 0.016224952414631844, "std_dev": 0.1273772120475769, "median": -0.3152027726173401, "range": 0.6207359433174133, "iq_range": 0.13196580857038498, "density": 0.23714019682791135, "accuracy": -1.0, "distance": 0.9135895371437073}, "11": {"mean": -0.28818437457084656, "variance": 0.016949767246842384, "std_dev": 0.13019126653671265, "median": -0.30980736017227173, "range": 0.6007345914840698, "iq_range": 0.15055981650948524, "density": 0.23721669517583965, "accuracy": 1.0, "distance": 0.17448055744171143}, "12": {"mean": -0.2878780961036682, "variance": 0.017126210033893585, "std_dev": 0.1308671534061432, "median": -0.3031318783760071, "range": 0.6207359433174133, "iq_range": 0.15320193767547607, "density": 0.23549413367400426, "accuracy": -1.0, "distance": 0.6501781940460205}, "13": {"mean": -0.2861432433128357, "variance": 0.018122047185897827, "std_dev": 0.1346181482076645, "median": -0.3031215965747833, "range": 0.6600216627120972, "iq_range": 0.16059305518865585, "density": 0.23557441256758782, "accuracy": 1.0, "distance": 1.1377017498016357}, "14": {"mean": -0.2844754755496979, "variance": 0.01907370425760746, "std_dev": 0.13810758292675018, "median": -0.29797089099884033, "range": 0.6179154515266418, "iq_range": 0.18150528147816658, "density": 0.23579733058312582, "accuracy": 1.0, "distance": 0.5640625953674316}}