{"0": {"mean": -0.2876237630844116, "variance": 0.017272576689720154, "std_dev": 0.1314251720905304, "median": -0.3151390850543976, "range": 0.6079211831092834, "iq_range": 0.1566660776734352, "density": 0.23509254657091877, "accuracy": -1.0, "distance": 1.1826306581497192}, "1": {"mean": -0.28959888219833374, "variance": 0.01613248512148857, "std_dev": 0.12701371312141418, "median": -0.3130854368209839, "range": 0.6600216627120972, "iq_range": 0.12501918524503708, "density": 0.23568943089208413, "accuracy": 1.0, "distance": 0.372220516204834}, "2": {"mean": -0.2892429828643799, "variance": 0.01633850857615471, "std_dev": 0.1278221756219864, "median": -0.314922034740448, "range": 0.6600216627120972, "iq_range": 0.13097694888710976, "density": 0.24044225396729083, "accuracy": 1.0, "distance": 1.4280505180358887}, "3": {"mean": -0.2874338924884796, "variance": 0.017381763085722923, "std_dev": 0.13183991611003876, "median": -0.3130413293838501, "range": 0.6007345914840698, "iq_range": 0.15762311220169067, "density": 0.23660413811979256, "accuracy": 1.0, "distance": 0.652240514755249}, "4": {"mean": -0.29012003540992737, "variance": 0.015830371528863907, "std_dev": 0.12581880390644073, "median": -0.3166506588459015, "range": 0.6288361549377441, "iq_range": 0.12819933518767357, "density": 0.2458551700097346, "accuracy": 1.0, "distance": 0.734931230545044}, "5": {"mean": -0.28641271591186523, "variance": 0.01796773448586464, "std_dev": 0.13404378294944763, "median": -0.30542540550231934, "range": 0.6600216627120972, "iq_range": 0.16977402567863464, "density": 0.23830440100310446, "accuracy": -1.0, "distance": 0.8395801782608032}, "6": {"mean": -0.2878609001636505, "variance": 0.0171361081302166, "std_dev": 0.13090495765209198, "median": -0.30330201983451843, "range": 0.6191851496696472, "iq_range": 0.1537957340478897, "density": 0.23517739120803666, "accuracy": -1.0, "distance": 0.32393866777420044}, "7": {"mean": -0.2889973223209381, "variance": 0.01648055948317051, "std_dev": 0.12837663292884827, "median": -0.31607192754745483, "range": 0.6600216627120972, "iq_range": 0.13205589354038239, "density": 0.2373659387850038, "accuracy": -1.0, "distance": 1.3414463996887207}, "8": {"mean": -0.2852024734020233, "variance": 0.018659554421901703, "std_dev": 0.13659997284412384, "median": -0.2983579635620117, "range": 0.6135308146476746, "iq_range": 0.17269818112254143, "density": 0.23419592714689513, "accuracy": 1.0, "distance": 0.9013535380363464}, "9": {"mean": -0.2881412208080292, "variance": 0.016974620521068573, "std_dev": 0.13028667867183685, "median": -0.30621108412742615, "range": 0.6600216627120972, "iq_range": 0.14328879490494728, "density": 0.23865799665341325, "accuracy": -1.0, "distance": 0.4679151773452759}, "10": {"mean": -0.2860391139984131, "variance": 0.018181607127189636, "std_dev": 0.13483919203281403, "median": -0.3056817650794983, "range": 0.6179154515266418, "iq_range": 0.1660519316792488, "density": 0.23405252833095014, "accuracy": 1.0, "distance": 0.59654301404953}, "11": {"mean": -0.2850312292575836, "variance": 0.018757201731204987, "std_dev": 0.13695693016052246, "median": -0.2997272312641144, "range": 0.6600216627120972, "iq_range": 0.1753191463649273, "density": 0.23380905898495113, "accuracy": 1.0, "distance": 0.7194762825965881}, "12": {"mean": -0.28633415699005127, "variance": 0.018012741580605507, "std_dev": 0.13421155512332916, "median": -0.30505993962287903, "range": 0.6600216627120972, "iq_range": 0.1692511886358261, "density": 0.23831344428164597, "accuracy": -1.0, "distance": 0.8396213054656982}, "13": {"mean": -0.28537115454673767, "variance": 0.018563317134976387, "std_dev": 0.13624726235866547, "median": -0.30400216579437256, "range": 0.6600216627120972, "iq_range": 0.164219930768013, "density": 0.23600909081931393, "accuracy": -1.0, "distance": 0.9854472875595093}, "14": {"mean": -0.2923118472099304, "variance": 0.014553778804838657, "std_dev": 0.12063904106616974, "median": -0.3232160210609436, "range": 0.6207359433174133, "iq_range": 0.11684542894363403, "density": 0.24293581052114022, "accuracy": -1.0, "distance": 0.9062648415565491}}