{
    "0": [
        0.0876684348084209,
        258
    ],
    "1": [
        0.015597499264399496,
        154
    ],
    "2": [
        0.04507019906112578,
        192
    ],
    "3": [
        0.1267740279191461,
        216
    ],
    "4": [
        0.11929256967155864,
        308
    ],
    "5": [
        0.09394228629228057,
        277
    ],
    "6": [
        0.12104799514777462,
        293
    ],
    "7": [
        0.0604360898727364,
        195
    ],
    "8": [
        0.06848321019895555,
        280
    ],
    "9": [
        0.0336960906711874,
        178
    ],
    "10": [
        0.08414777118740796,
        229
    ],
    "11": [
        0.04636777639026178,
        196
    ],
    "12": [
        0.027142394884403696,
        231
    ],
    "13": [
        0.03764982522464994,
        226
    ],
    "14": [
        0.032683829405691096,
        238
    ]
}