{
    "0": [
        0.059864726112229594,
        248
    ],
    "1": [
        0.08559207592920758,
        265
    ],
    "2": [
        0.09960188559757342,
        292
    ],
    "3": [
        0.06619277948295198,
        184
    ],
    "4": [
        0.05003591946269777,
        294
    ],
    "5": [
        0.10365321161737885,
        282
    ],
    "6": [
        0.0926944782245127,
        287
    ],
    "7": [
        0.029413930040851317,
        220
    ],
    "8": [
        0.012007538563425985,
        169
    ],
    "9": [
        0.08102819752843077,
        240
    ],
    "10": [
        0.022665257902585775,
        241
    ],
    "11": [
        0.010953218296374863,
        144
    ],
    "12": [
        0.1494183890783738,
        256
    ],
    "13": [
        0.09829792533854052,
        262
    ],
    "14": [
        0.0385804668248652,
        247
    ]
}