{
    "0": [
        0.02789397133053139,
        173
    ],
    "1": [
        0.11626500050732196,
        249
    ],
    "2": [
        0.04350771844590598,
        234
    ],
    "3": [
        0.03413373154475101,
        213
    ],
    "4": [
        0.06266759053133868,
        300
    ],
    "5": [
        0.06597272608763691,
        188
    ],
    "6": [
        0.08312672628821759,
        309
    ],
    "7": [
        0.02689138565312386,
        161
    ],
    "8": [
        0.11185480449672586,
        243
    ],
    "9": [
        0.07226922980705412,
        216
    ],
    "10": [
        0.0670274743010033,
        175
    ],
    "11": [
        0.045951799916910424,
        175
    ],
    "12": [
        0.09760295222135537,
        287
    ],
    "13": [
        0.11313719574206303,
        215
    ],
    "14": [
        0.03169769312606061,
        156
    ]
}