{
    "0": [
        0.0683509300186172,
        214
    ],
    "1": [
        0.09199706463394204,
        152
    ],
    "2": [
        0.09416667239714853,
        259
    ],
    "3": [
        0.0274458113532722,
        161
    ],
    "4": [
        0.1151656584262606,
        278
    ],
    "5": [
        0.020666626736187608,
        148
    ],
    "6": [
        0.08846828498928393,
        264
    ],
    "7": [
        0.08463599568172354,
        241
    ],
    "8": [
        0.05678432239923718,
        233
    ],
    "9": [
        0.04768087795455785,
        203
    ],
    "10": [
        0.11100688269905828,
        282
    ],
    "11": [
        0.02255325915452604,
        182
    ],
    "12": [
        0.040550439796902454,
        224
    ],
    "13": [
        0.046927383215901355,
        247
    ],
    "14": [
        0.08359979054338107,
        175
    ]
}