{
    "0": [
        0.026889918936705545,
        191
    ],
    "1": [
        0.09060206473297105,
        263
    ],
    "2": [
        0.07692368106459006,
        200
    ],
    "3": [
        0.05757236945758506,
        129
    ],
    "4": [
        0.1195408541294899,
        139
    ],
    "5": [
        0.0652547868629832,
        184
    ],
    "6": [
        0.10230997367317649,
        159
    ],
    "7": [
        0.01843299130657634,
        157
    ],
    "8": [
        0.07946738407723053,
        205
    ],
    "9": [
        0.03658605632010597,
        203
    ],
    "10": [
        0.032312284243036844,
        175
    ],
    "11": [
        0.11892896486578255,
        226
    ],
    "12": [
        0.035922278925331945,
        207
    ],
    "13": [
        0.10915551399328605,
        243
    ],
    "14": [
        0.03010087741114853,
        159
    ]
}