{
    "0": [
        45.85878125491918,
        0
    ],
    "1": [
        39.551631532290024,
        0
    ],
    "2": [
        46.205733435097294,
        0
    ],
    "3": [
        41.82980758717064,
        0
    ],
    "4": [
        97.87668269896808,
        0
    ],
    "5": [
        68.01773512473284,
        0
    ],
    "6": [
        46.27173385643899,
        0
    ],
    "7": [
        60.58809801240614,
        0
    ],
    "8": [
        19.905599678324176,
        0
    ],
    "9": [
        52.46528086436673,
        0
    ],
    "10": [
        83.41255631779575,
        0
    ],
    "11": [
        45.79216383756621,
        0
    ],
    "12": [
        102.88437987364478,
        0
    ],
    "13": [
        44.648032361489264,
        0
    ],
    "14": [
        98.21998492835492,
        0
    ]
}