{
    "0": [
        55.71957605396255,
        0
    ],
    "1": [
        46.3062118030945,
        0
    ],
    "2": [
        77.91948702488774,
        0
    ],
    "3": [
        69.28781954307316,
        0
    ],
    "4": [
        62.252743512277064,
        0
    ],
    "5": [
        47.6617533139948,
        0
    ],
    "6": [
        53.20369757040661,
        0
    ],
    "7": [
        41.53538468287991,
        0
    ],
    "8": [
        55.91381539140703,
        0
    ],
    "9": [
        85.54963219707832,
        0
    ],
    "10": [
        60.04577015516085,
        0
    ],
    "11": [
        65.22077338842865,
        0
    ],
    "12": [
        50.408675837254506,
        0
    ],
    "13": [
        37.703729644834546,
        0
    ],
    "14": [
        66.25004789842843,
        0
    ]
}