{
    "0": [
        0.06498889246482278,
        47579
    ],
    "1": [
        0.11033286204781309,
        54052
    ],
    "2": [
        0.04763614290437036,
        45767
    ],
    "3": [
        0.06777482806260332,
        44481
    ],
    "4": [
        0.07679761269392595,
        50937
    ],
    "5": [
        0.05531251488176546,
        45866
    ],
    "6": [
        0.04637627127117916,
        46693
    ],
    "7": [
        0.059701819340085616,
        44636
    ],
    "8": [
        0.07218549185908467,
        44402
    ],
    "9": [
        0.0592173798057104,
        47084
    ],
    "10": [
        0.056882333834109164,
        50269
    ],
    "11": [
        0.0849360067426101,
        48664
    ],
    "12": [
        0.06104369044339224,
        45730
    ],
    "13": [
        0.0648798885258785,
        44881
    ],
    "14": [
        0.07193426512264912,
        48740
    ]
}