{
    "0": [
        243.4184481818667,
        0
    ],
    "1": [
        110.45554351771155,
        0
    ],
    "2": [
        138.46936597642292,
        0
    ],
    "3": [
        167.70535610160454,
        0
    ],
    "4": [
        167.99911126918596,
        0
    ],
    "5": [
        169.414488587988,
        0
    ],
    "6": [
        93.64458427745973,
        0
    ],
    "7": [
        190.15447779357277,
        0
    ],
    "8": [
        209.63116495963067,
        0
    ],
    "9": [
        138.4626008827058,
        0
    ],
    "10": [
        169.51753316322288,
        0
    ],
    "11": [
        307.7996886805424,
        0
    ],
    "12": [
        191.915941194264,
        0
    ],
    "13": [
        184.15550361300706,
        0
    ],
    "14": [
        245.08730676959158,
        0
    ]
}