{
    "0": [
        215.76672860820037,
        0
    ],
    "1": [
        227.8561509997288,
        0
    ],
    "2": [
        114.08837110211081,
        0
    ],
    "3": [
        185.455101436708,
        0
    ],
    "4": [
        205.89845142134175,
        0
    ],
    "5": [
        216.5227011962379,
        0
    ],
    "6": [
        260.581890959777,
        0
    ],
    "7": [
        124.62468851788344,
        0
    ],
    "8": [
        227.23369951160305,
        0
    ],
    "9": [
        198.84402464630602,
        0
    ],
    "10": [
        85.07727155662269,
        0
    ],
    "11": [
        236.23664923422226,
        0
    ],
    "12": [
        133.1487381756089,
        0
    ],
    "13": [
        85.40032492715524,
        0
    ],
    "14": [
        238.7545516069277,
        0
    ]
}