{
    "0": [
        208.77360927884573,
        0
    ],
    "1": [
        167.0729920522992,
        0
    ],
    "2": [
        275.4098977998418,
        0
    ],
    "3": [
        209.7275782105348,
        0
    ],
    "4": [
        306.1993334829168,
        0
    ],
    "5": [
        99.99535336513675,
        0
    ],
    "6": [
        122.44783222676656,
        0
    ],
    "7": [
        100.95838406114314,
        0
    ],
    "8": [
        162.8066466724592,
        0
    ],
    "9": [
        176.25841201723227,
        0
    ],
    "10": [
        174.8147560393525,
        0
    ],
    "11": [
        160.12812504033303,
        0
    ],
    "12": [
        192.1242261300105,
        0
    ],
    "13": [
        202.6830410315138,
        0
    ],
    "14": [
        173.15937052343185,
        0
    ]
}