{"0": {"mean": -0.28506559133529663, "variance": 0.01873762160539627, "std_dev": 0.13688543438911438, "median": -0.30314069986343384, "range": 0.6600216627120972, "iq_range": 0.16309800371527672, "density": 0.23345142250855067, "accuracy": 1.0, "distance": 1.1028378009796143}, "1": {"mean": -0.2896106541156769, "variance": 0.016125677153468132, "std_dev": 0.12698692083358765, "median": -0.31210851669311523, "range": 0.6288362145423889, "iq_range": 0.131082184612751, "density": 0.24169955713994087, "accuracy": 1.0, "distance": 0.5937406420707703}, "2": {"mean": -0.2834547758102417, "variance": 0.019653385505080223, "std_dev": 0.14019052684307098, "median": -0.2965121269226074, "range": 0.6288361549377441, "iq_range": 0.17605701088905334, "density": 0.23360785315355784, "accuracy": 1.0, "distance": 0.9020520448684692}, "3": {"mean": -0.28945502638816833, "variance": 0.01621578261256218, "std_dev": 0.12734121084213257, "median": -0.30883026123046875, "range": 0.6600216627120972, "iq_range": 0.14033521339297295, "density": 0.23415016775429243, "accuracy": -1.0, "distance": 1.1500422954559326}, "4": {"mean": -0.2860827147960663, "variance": 0.01815670169889927, "std_dev": 0.13474680483341217, "median": -0.30048641562461853, "range": 0.6288362145423889, "iq_range": 0.16236762702465057, "density": 0.23618869490340233, "accuracy": 1.0, "distance": 0.6622699499130249}, "5": {"mean": -0.29016032814979553, "variance": 0.015806984156370163, "std_dev": 0.12572583556175232, "median": -0.31021058559417725, "range": 0.6207359433174133, "iq_range": 0.1324552707374096, "density": 0.2368636797173747, "accuracy": -1.0, "distance": 0.8429375886917114}, "6": {"mean": -0.2863315939903259, "variance": 0.018014205619692802, "std_dev": 0.1342170089483261, "median": -0.29980868101119995, "range": 0.6135308146476746, "iq_range": 0.16639983281493187, "density": 0.23347271529471275, "accuracy": 1.0, "distance": 0.14116743206977844}, "7": {"mean": -0.2867647111415863, "variance": 0.017766010016202927, "std_dev": 0.13328920304775238, "median": -0.30042439699172974, "range": 0.6288362145423889, "iq_range": 0.15960616618394852, "density": 0.23558988012390283, "accuracy": 1.0, "distance": 0.9703024625778198}, "8": {"mean": -0.2905316948890686, "variance": 0.01559133268892765, "std_dev": 0.12486525624990463, "median": -0.31672388315200806, "range": 0.6207359433174133, "iq_range": 0.1299317069351673, "density": 0.23840043824396445, "accuracy": 1.0, "distance": 0.9378024935722351}, "9": {"mean": -0.2845560312271118, "variance": 0.019027862697839737, "std_dev": 0.13794152438640594, "median": -0.29618334770202637, "range": 0.6288362145423889, "iq_range": 0.17761453986167908, "density": 0.2356502646713532, "accuracy": 1.0, "distance": 0.7688598036766052}, "10": {"mean": -0.2875918447971344, "variance": 0.01729091815650463, "std_dev": 0.13149493932724, "median": -0.3031917214393616, "range": 0.6207359433174133, "iq_range": 0.1481986865401268, "density": 0.2365991596999957, "accuracy": -1.0, "distance": 1.0157971382141113}, "11": {"mean": -0.2839014530181885, "variance": 0.019399961456656456, "std_dev": 0.13928374648094177, "median": -0.29288214445114136, "range": 0.6191851496696472, "iq_range": 0.16775808483362198, "density": 0.23319023029715863, "accuracy": -1.0, "distance": 0.5813754796981812}, "12": {"mean": -0.2890045642852783, "variance": 0.0164763405919075, "std_dev": 0.12836019694805145, "median": -0.3126009702682495, "range": 0.588211178779602, "iq_range": 0.137610524892807, "density": 0.2344467272794319, "accuracy": 1.0, "distance": 0.48852646350860596}, "13": {"mean": -0.2822045385837555, "variance": 0.020360611379146576, "std_dev": 0.14269061386585236, "median": -0.2893162965774536, "range": 0.6288359761238098, "iq_range": 0.17166335135698318, "density": 0.23613402737987532, "accuracy": -1.0, "distance": 1.45718252658844}, "14": {"mean": -0.28605180978775024, "variance": 0.018174372613430023, "std_dev": 0.1348123550415039, "median": -0.29824841022491455, "range": 0.6207359433174133, "iq_range": 0.1598367691040039, "density": 0.23602255463440408, "accuracy": -1.0, "distance": 1.2473136186599731}}