{"0": {"mean": -0.2861007750034332, "variance": 0.01814635843038559, "std_dev": 0.13470841944217682, "median": -0.30403923988342285, "range": 0.6207359433174133, "iq_range": 0.16439485549926758, "density": 0.23514612178972683, "accuracy": -1.0, "distance": 1.0168205499649048}, "1": {"mean": -0.28592920303344727, "variance": 0.018244490027427673, "std_dev": 0.13507217168807983, "median": -0.3031923174858093, "range": 0.6600216627120972, "iq_range": 0.15841499716043472, "density": 0.23308746037258768, "accuracy": -1.0, "distance": 1.1734904050827026}, "2": {"mean": -0.2851419150829315, "variance": 0.018694095313549042, "std_dev": 0.13672634959220886, "median": -0.29825878143310547, "range": 0.6288362145423889, "iq_range": 0.15962018072605133, "density": 0.2338775854299005, "accuracy": -1.0, "distance": 0.913875162601471}, "3": {"mean": -0.2849394679069519, "variance": 0.018809515982866287, "std_dev": 0.13714778423309326, "median": -0.30272555351257324, "range": 0.6600216627120972, "iq_range": 0.16282151639461517, "density": 0.23282672471494942, "accuracy": -1.0, "distance": 1.1862406730651855}, "4": {"mean": -0.2815300226211548, "variance": 0.02074083685874939, "std_dev": 0.1440167874097824, "median": -0.28620660305023193, "range": 0.6288362145423889, "iq_range": 0.17904135584831238, "density": 0.23493826350398575, "accuracy": -1.0, "distance": 1.0482046604156494}, "5": {"mean": -0.28489387035369873, "variance": 0.018835483118891716, "std_dev": 0.1372424215078354, "median": -0.30264759063720703, "range": 0.6600216627120972, "iq_range": 0.1609628051519394, "density": 0.23301111886940726, "accuracy": -1.0, "distance": 1.2283297777175903}, "6": {"mean": -0.2835598289966583, "variance": 0.019593847915530205, "std_dev": 0.13997802138328552, "median": -0.2951906621456146, "range": 0.6600216627120972, "iq_range": 0.1796209253370762, "density": 0.2350343435539354, "accuracy": -1.0, "distance": 1.2621303796768188}, "7": {"mean": -0.2890480160713196, "variance": 0.01645125076174736, "std_dev": 0.12826243042945862, "median": -0.30437207221984863, "range": 0.6600216627120972, "iq_range": 0.14220388233661652, "density": 0.23364976572999852, "accuracy": -1.0, "distance": 0.7532392144203186}, "8": {"mean": -0.28983184695243835, "variance": 0.015997491776943207, "std_dev": 0.12648119032382965, "median": -0.31612855195999146, "range": 0.6179154515266418, "iq_range": 0.1472507156431675, "density": 0.2390993983907435, "accuracy": 1.0, "distance": 0.9801292419433594}, "9": {"mean": -0.28474023938179016, "variance": 0.018922997638583183, "std_dev": 0.1375608891248703, "median": -0.30251508951187134, "range": 0.6288362145423889, "iq_range": 0.1624091900885105, "density": 0.2334734440079197, "accuracy": 1.0, "distance": 1.2275375127792358}, "10": {"mean": -0.2928393483161926, "variance": 0.01424509659409523, "std_dev": 0.11935282498598099, "median": -0.32101011276245117, "range": 0.6288362145423889, "iq_range": 0.11533365398645401, "density": 0.24183576878623558, "accuracy": -1.0, "distance": 1.1661063432693481}, "11": {"mean": -0.2881013751029968, "variance": 0.016997581347823143, "std_dev": 0.13037477433681488, "median": -0.31439119577407837, "range": 0.6288361549377441, "iq_range": 0.14464781060814857, "density": 0.23849942111914352, "accuracy": 1.0, "distance": 1.3614264726638794}, "12": {"mean": -0.2861578166484833, "variance": 0.01811370439827442, "std_dev": 0.13458716869354248, "median": -0.3041989803314209, "range": 0.6207359433174133, "iq_range": 0.1612924560904503, "density": 0.23421926936952792, "accuracy": -1.0, "distance": 1.0042260885238647}, "13": {"mean": -0.2910262644290924, "variance": 0.015303706750273705, "std_dev": 0.12370815128087997, "median": -0.3158882260322571, "range": 0.6207359433174133, "iq_range": 0.12771670147776604, "density": 0.23689714441211426, "accuracy": -1.0, "distance": 0.9722632169723511}, "14": {"mean": -0.2851808965206146, "variance": 0.018671836704015732, "std_dev": 0.13664492964744568, "median": -0.30377912521362305, "range": 0.6288362145423889, "iq_range": 0.16047461703419685, "density": 0.23346895567790352, "accuracy": 1.0, "distance": 1.220872402191162}}