{"0": {"mean": -0.28901898860931396, "variance": 0.016468022018671036, "std_dev": 0.12832778692245483, "median": -0.30902934074401855, "range": 0.6600216627120972, "iq_range": 0.1353040151298046, "density": 0.23652604533973734, "accuracy": -1.0, "distance": 1.0010392665863037}, "1": {"mean": -0.29094526171684265, "variance": 0.015350851230323315, "std_dev": 0.12389855086803436, "median": -0.3200228810310364, "range": 0.6288362145423889, "iq_range": 0.12185966968536377, "density": 0.24465561416393203, "accuracy": 1.0, "distance": 1.2277082204818726}, "2": {"mean": -0.2855675518512726, "variance": 0.018451178446412086, "std_dev": 0.13583511114120483, "median": -0.29574593901634216, "range": 0.6288362145423889, "iq_range": 0.16808881610631943, "density": 0.2338940464576301, "accuracy": -1.0, "distance": 1.2029935121536255}, "3": {"mean": -0.28337717056274414, "variance": 0.019697383046150208, "std_dev": 0.14034736156463623, "median": -0.2967241704463959, "range": 0.6288361549377441, "iq_range": 0.1672532819211483, "density": 0.23505208482389328, "accuracy": -1.0, "distance": 1.1590570211410522}, "4": {"mean": -0.28820568323135376, "variance": 0.016937484964728355, "std_dev": 0.13014408946037292, "median": -0.30911505222320557, "range": 0.6207359433174133, "iq_range": 0.14468910917639732, "density": 0.23404730193280635, "accuracy": -1.0, "distance": 1.3826873302459717}, "5": {"mean": -0.2855675518512726, "variance": 0.018451178446412086, "std_dev": 0.13583511114120483, "median": -0.29574593901634216, "range": 0.6288362145423889, "iq_range": 0.16808881610631943, "density": 0.2338940464576302, "accuracy": -1.0, "distance": 1.202560305595398}, "6": {"mean": -0.2899623513221741, "variance": 0.01592184044420719, "std_dev": 0.12618178129196167, "median": -0.31536561250686646, "range": 0.6013028025627136, "iq_range": 0.13777799904346466, "density": 0.23365516297773187, "accuracy": -1.0, "distance": 0.9857773184776306}, "7": {"mean": -0.28443267941474915, "variance": 0.019098039716482162, "std_dev": 0.13819566369056702, "median": -0.2988661825656891, "range": 0.6600216627120972, "iq_range": 0.16997130215168, "density": 0.23356411639070826, "accuracy": 1.0, "distance": 0.9783480763435364}, "8": {"mean": -0.28346917033195496, "variance": 0.01964521035552025, "std_dev": 0.14016136527061462, "median": -0.2969881594181061, "range": 0.6288361549377441, "iq_range": 0.1677650399506092, "density": 0.23595936185296565, "accuracy": -1.0, "distance": 1.0007532835006714}, "9": {"mean": -0.28963226079940796, "variance": 0.016113147139549255, "std_dev": 0.12693756818771362, "median": -0.3049646019935608, "range": 0.6207359433174133, "iq_range": 0.1428919956088066, "density": 0.23578195899088636, "accuracy": -1.0, "distance": 0.9323487281799316}, "10": {"mean": -0.28702858090400696, "variance": 0.01761459745466709, "std_dev": 0.1327199935913086, "median": -0.30264049768447876, "range": 0.6600216627120972, "iq_range": 0.15564389526844025, "density": 0.23478111972958493, "accuracy": -1.0, "distance": 1.2000480890274048}, "11": {"mean": -0.29094526171684265, "variance": 0.015350851230323315, "std_dev": 0.12389855086803436, "median": -0.3200228810310364, "range": 0.6288362145423889, "iq_range": 0.12185966968536377, "density": 0.24465561416393208, "accuracy": 1.0, "distance": 1.2277764081954956}, "12": {"mean": -0.28900495171546936, "variance": 0.016476154327392578, "std_dev": 0.12835946679115295, "median": -0.31513798236846924, "range": 0.6288362145423889, "iq_range": 0.14194538816809654, "density": 0.23666187589369678, "accuracy": 1.0, "distance": 1.0692224502563477}, "13": {"mean": -0.28643935918807983, "variance": 0.01795249618589878, "std_dev": 0.1339869201183319, "median": -0.305909663438797, "range": 0.588631808757782, "iq_range": 0.17093565315008163, "density": 0.23483257445745345, "accuracy": 1.0, "distance": 0.9941083192825317}, "14": {"mean": -0.2877176105976105, "variance": 0.017218559980392456, "std_dev": 0.1312195062637329, "median": -0.3116215765476227, "range": 0.6207359433174133, "iq_range": 0.15181434527039528, "density": 0.23667267361985167, "accuracy": 1.0, "distance": 1.3831309080123901}}