{"0": {"mean": -0.28360626101493835, "variance": 0.019567491486668587, "std_dev": 0.1398838460445404, "median": -0.29344600439071655, "range": 0.6191850900650024, "iq_range": 0.1664113700389862, "density": 0.23640835546497194, "accuracy": 1.0, "distance": 0.6432170271873474}, "1": {"mean": -0.2855876386165619, "variance": 0.01843968592584133, "std_dev": 0.1357928067445755, "median": -0.2946929335594177, "range": 0.6288362145423889, "iq_range": 0.16237276419997215, "density": 0.235574864249542, "accuracy": -1.0, "distance": 0.8023760914802551}, "2": {"mean": -0.2870342433452606, "variance": 0.01761135831475258, "std_dev": 0.13270778954029083, "median": -0.30980736017227173, "range": 0.6600216627120972, "iq_range": 0.15730243548750877, "density": 0.23572387016254348, "accuracy": 1.0, "distance": 0.3658484220504761}, "3": {"mean": -0.29016751050949097, "variance": 0.015802808105945587, "std_dev": 0.12570922076702118, "median": -0.3148078918457031, "range": 0.6600216627120972, "iq_range": 0.13046876341104507, "density": 0.23777337755058334, "accuracy": -1.0, "distance": 0.5979548692703247}, "4": {"mean": -0.28721311688423157, "variance": 0.017508629709482193, "std_dev": 0.13232018053531647, "median": -0.30548831820487976, "range": 0.6288362145423889, "iq_range": 0.15542107075452805, "density": 0.23630906317905798, "accuracy": -1.0, "distance": 0.42369210720062256}, "5": {"mean": -0.290997713804245, "variance": 0.015320333652198315, "std_dev": 0.12377533316612244, "median": -0.318916916847229, "range": 0.6191850900650024, "iq_range": 0.12454136088490486, "density": 0.2417779328812305, "accuracy": 1.0, "distance": 0.3084714412689209}, "6": {"mean": -0.2855938673019409, "variance": 0.018436141312122345, "std_dev": 0.1357797533273697, "median": -0.2972423732280731, "range": 0.6288362145423889, "iq_range": 0.16043002530932426, "density": 0.23275767341196787, "accuracy": -1.0, "distance": 0.7723343372344971}, "7": {"mean": -0.28669261932373047, "variance": 0.01780734583735466, "std_dev": 0.1334441602230072, "median": -0.3065674901008606, "range": 0.6600216627120972, "iq_range": 0.17033198475837708, "density": 0.23665663786137997, "accuracy": 1.0, "distance": 0.3557935953140259}, "8": {"mean": -0.28619059920310974, "variance": 0.018094923347234726, "std_dev": 0.1345173716545105, "median": -0.305719792842865, "range": 0.6600216627120972, "iq_range": 0.1580345332622528, "density": 0.23334122823438336, "accuracy": 1.0, "distance": 0.8539358973503113}, "9": {"mean": -0.28960517048835754, "variance": 0.01612885110080242, "std_dev": 0.1269994080066681, "median": -0.31524351239204407, "range": 0.6191850900650024, "iq_range": 0.13485535606741905, "density": 0.2387133973450491, "accuracy": 1.0, "distance": 0.30349814891815186}, "10": {"mean": -0.2914922833442688, "variance": 0.01503225602209568, "std_dev": 0.12260609865188599, "median": -0.31757688522338867, "range": 0.6288362145423889, "iq_range": 0.12197798117995262, "density": 0.2404228333442241, "accuracy": 1.0, "distance": 0.6357879042625427}, "11": {"mean": -0.2907761335372925, "variance": 0.01544923521578312, "std_dev": 0.1242949515581131, "median": -0.30840352177619934, "range": 0.6207359433174133, "iq_range": 0.13579966500401497, "density": 0.2342144457429885, "accuracy": 1.0, "distance": 0.32924777269363403}, "12": {"mean": -0.28918731212615967, "variance": 0.016370680183172226, "std_dev": 0.12794795632362366, "median": -0.31350451707839966, "range": 0.6207359433174133, "iq_range": 0.1327386200428009, "density": 0.23754385082059506, "accuracy": 1.0, "distance": 0.9955739378929138}, "13": {"mean": -0.28359735012054443, "variance": 0.0195725467056036, "std_dev": 0.13990192115306854, "median": -0.2941904664039612, "range": 0.6288362145423889, "iq_range": 0.17832477018237114, "density": 0.232780786785562, "accuracy": 1.0, "distance": 0.7984610795974731}, "14": {"mean": -0.28864941000938416, "variance": 0.016681503504514694, "std_dev": 0.12915688753128052, "median": -0.30655917525291443, "range": 0.6600216627120972, "iq_range": 0.13851679861545563, "density": 0.24095552503203357, "accuracy": -1.0, "distance": 0.7451130151748657}}