{"0": {"mean": -0.2888641357421875, "variance": 0.016557499766349792, "std_dev": 0.12867595255374908, "median": -0.3137972950935364, "range": 0.6207359433174133, "iq_range": 0.14105776697397232, "density": 0.23439375779553673, "accuracy": -1.0, "distance": 0.9614816904067993}, "1": {"mean": -0.2869385778903961, "variance": 0.01766626350581646, "std_dev": 0.1329144984483719, "median": -0.30562853813171387, "range": 0.6146379113197327, "iq_range": 0.15010348334908485, "density": 0.2348999833328428, "accuracy": 1.0, "distance": 0.5016340017318726}, "2": {"mean": -0.28989991545677185, "variance": 0.01595805026590824, "std_dev": 0.12632517516613007, "median": -0.3163279592990875, "range": 0.6288362145423889, "iq_range": 0.13383347168564796, "density": 0.23961292879279805, "accuracy": 1.0, "distance": 0.824240505695343}, "3": {"mean": -0.28594130277633667, "variance": 0.018237577751278877, "std_dev": 0.1350465714931488, "median": -0.3009721636772156, "range": 0.6600216627120972, "iq_range": 0.16450442001223564, "density": 0.2339828326729822, "accuracy": -1.0, "distance": 0.8552920818328857}, "4": {"mean": -0.2889583110809326, "variance": 0.01650307886302471, "std_dev": 0.12846431136131287, "median": -0.3129673898220062, "range": 0.6600216627120972, "iq_range": 0.12878291308879852, "density": 0.23590225518398664, "accuracy": 1.0, "distance": 0.8688790202140808}, "5": {"mean": -0.28831687569618225, "variance": 0.016873380169272423, "std_dev": 0.1298975795507431, "median": -0.30817967653274536, "range": 0.6600216627120972, "iq_range": 0.14092225581407547, "density": 0.2344213508285749, "accuracy": 1.0, "distance": 0.5229684710502625}, "6": {"mean": -0.2904662787914276, "variance": 0.015629339963197708, "std_dev": 0.12501735985279083, "median": -0.31670433282852173, "range": 0.6079211831092834, "iq_range": 0.12495160847902298, "density": 0.2394765836642783, "accuracy": 1.0, "distance": 0.5513023734092712}, "7": {"mean": -0.28840166330337524, "variance": 0.016824470832943916, "std_dev": 0.1297091841697693, "median": -0.30655917525291443, "range": 0.6600216627120972, "iq_range": 0.13808678835630417, "density": 0.23655134906321232, "accuracy": -1.0, "distance": 0.2799886167049408}, "8": {"mean": -0.2872772216796875, "variance": 0.0174718014895916, "std_dev": 0.13218094408512115, "median": -0.3094409108161926, "range": 0.6146379113197327, "iq_range": 0.14398762956261635, "density": 0.23578162228331517, "accuracy": -1.0, "distance": 0.8051019906997681}, "9": {"mean": -0.2880151569843292, "variance": 0.017047259956598282, "std_dev": 0.13056515157222748, "median": -0.3103368282318115, "range": 0.6207359433174133, "iq_range": 0.15706842020154, "density": 0.23826533567454766, "accuracy": -1.0, "distance": 0.8903466463088989}, "10": {"mean": -0.28678441047668457, "variance": 0.017754707485437393, "std_dev": 0.1332467943429947, "median": -0.30242207646369934, "range": 0.6207358837127686, "iq_range": 0.14767956733703613, "density": 0.23550571879454138, "accuracy": -1.0, "distance": 0.9038278460502625}, "11": {"mean": -0.28560271859169006, "variance": 0.01843109540641308, "std_dev": 0.13576117157936096, "median": -0.2972423732280731, "range": 0.6600216627120972, "iq_range": 0.16029717028141022, "density": 0.23259265635125412, "accuracy": -1.0, "distance": 1.244960069656372}, "12": {"mean": -0.2920166552066803, "variance": 0.014726280234754086, "std_dev": 0.12135188281536102, "median": -0.32052987813949585, "range": 0.6288362145423889, "iq_range": 0.11886171251535416, "density": 0.2436508947081659, "accuracy": -1.0, "distance": 0.9691978096961975}, "13": {"mean": -0.2894386053085327, "variance": 0.016225291416049004, "std_dev": 0.12737853825092316, "median": -0.3130854368209839, "range": 0.6207359433174133, "iq_range": 0.13275110349059105, "density": 0.23383348886344085, "accuracy": 1.0, "distance": 1.3242570161819458}, "14": {"mean": -0.2858300805091858, "variance": 0.018301185220479965, "std_dev": 0.13528187572956085, "median": -0.3074491322040558, "range": 0.6135308146476746, "iq_range": 0.17319009080529213, "density": 0.23316196058040273, "accuracy": 1.0, "distance": 0.8646294474601746}}