{"0": {"mean": -0.28650808334350586, "variance": 0.01791311986744404, "std_dev": 0.1338399052619934, "median": -0.3093539774417877, "range": 0.6007345914840698, "iq_range": 0.16039461269974709, "density": 0.23704212225665272, "accuracy": 1.0, "distance": 1.3320510387420654}, "1": {"mean": -0.2888345420360565, "variance": 0.016574623063206673, "std_dev": 0.12874247133731842, "median": -0.30574876070022583, "range": 0.6600216627120972, "iq_range": 0.14215398952364922, "density": 0.2361543352889762, "accuracy": -1.0, "distance": 1.354143500328064}, "2": {"mean": -0.28740841150283813, "variance": 0.01739640161395073, "std_dev": 0.13189542293548584, "median": -0.30919528007507324, "range": 0.6600216627120972, "iq_range": 0.14475733414292336, "density": 0.23569537763273313, "accuracy": -1.0, "distance": 1.5073028802871704}, "3": {"mean": -0.2871118187904358, "variance": 0.017566818743944168, "std_dev": 0.13253988325595856, "median": -0.3045313358306885, "range": 0.6600216627120972, "iq_range": 0.14760131761431694, "density": 0.23605727027670742, "accuracy": -1.0, "distance": 1.2086024284362793}, "4": {"mean": -0.29205742478370667, "variance": 0.014702447690069675, "std_dev": 0.12125364691019058, "median": -0.32012444734573364, "range": 0.6207359433174133, "iq_range": 0.11905446648597717, "density": 0.24034668838017426, "accuracy": 1.0, "distance": 0.9895330667495728}, "5": {"mean": -0.28682616353034973, "variance": 0.017730748280882835, "std_dev": 0.13315685093402863, "median": -0.30028092861175537, "range": 0.6207359433174133, "iq_range": 0.15288102626800537, "density": 0.23535814756511494, "accuracy": -1.0, "distance": 1.209610939025879}, "6": {"mean": -0.2862088084220886, "variance": 0.018084514886140823, "std_dev": 0.13447867333889008, "median": -0.3051574230194092, "range": 0.6288362145423889, "iq_range": 0.15419628098607063, "density": 0.23871877777648784, "accuracy": -1.0, "distance": 1.1524956226348877}, "7": {"mean": -0.29071417450904846, "variance": 0.015485268086194992, "std_dev": 0.12443982064723969, "median": -0.31087443232536316, "range": 0.6135308146476746, "iq_range": 0.13612840697169304, "density": 0.2344204731225663, "accuracy": -1.0, "distance": 0.878510594367981}, "8": {"mean": -0.29247087240219116, "variance": 0.014460796490311623, "std_dev": 0.1202530488371849, "median": -0.3234184980392456, "range": 0.6600216627120972, "iq_range": 0.11543069779872894, "density": 0.2410417252139616, "accuracy": -1.0, "distance": 1.2747464179992676}, "9": {"mean": -0.2854123115539551, "variance": 0.018539803102612495, "std_dev": 0.1361609399318695, "median": -0.29877549409866333, "range": 0.6288362145423889, "iq_range": 0.1610022373497486, "density": 0.23643753272843582, "accuracy": 1.0, "distance": 0.9611064791679382}, "10": {"mean": -0.29207947850227356, "variance": 0.014689573086798191, "std_dev": 0.1212005466222763, "median": -0.32324427366256714, "range": 0.588211178779602, "iq_range": 0.11843730509281158, "density": 0.24394539087820818, "accuracy": -1.0, "distance": 0.9941505193710327}, "11": {"mean": -0.28301098942756653, "variance": 0.01990479789674282, "std_dev": 0.14108435809612274, "median": -0.2980995178222656, "range": 0.6288362145423889, "iq_range": 0.1862458996474743, "density": 0.23299828835574274, "accuracy": 1.0, "distance": 1.291325569152832}, "12": {"mean": -0.2867511510848999, "variance": 0.01777375303208828, "std_dev": 0.1333182454109192, "median": -0.31031283736228943, "range": 0.6600216627120972, "iq_range": 0.14982152730226517, "density": 0.23364884550933174, "accuracy": -1.0, "distance": 1.5175483226776123}, "13": {"mean": -0.28822076320648193, "variance": 0.01692880131304264, "std_dev": 0.1301107257604599, "median": -0.30919140577316284, "range": 0.6191851496696472, "iq_range": 0.14673703163862228, "density": 0.23490959777658396, "accuracy": -1.0, "distance": 1.0351675748825073}, "14": {"mean": -0.2882862687110901, "variance": 0.016891038045287132, "std_dev": 0.12996552884578705, "median": -0.31341585516929626, "range": 0.6600216627120972, "iq_range": 0.13865146413445473, "density": 0.2354472727330578, "accuracy": -1.0, "distance": 0.7564635872840881}}