{"0": {"mean": -0.2867708206176758, "variance": 0.017762498930096626, "std_dev": 0.13327603042125702, "median": -0.30838653445243835, "range": 0.6007345914840698, "iq_range": 0.16083602607250214, "density": 0.23491674818039557, "accuracy": -1.0, "distance": 0.9521705508232117}, "1": {"mean": -0.2900164723396301, "variance": 0.015890443697571754, "std_dev": 0.12605729699134827, "median": -0.318916916847229, "range": 0.5918647646903992, "iq_range": 0.13319702446460724, "density": 0.23843859329719302, "accuracy": -1.0, "distance": 1.177093267440796}, "2": {"mean": -0.2860437333583832, "variance": 0.018178990110754967, "std_dev": 0.13482949137687683, "median": -0.30269789695739746, "range": 0.6600216627120972, "iq_range": 0.1585053652524948, "density": 0.23272977864363228, "accuracy": -1.0, "distance": 0.9687910676002502}, "3": {"mean": -0.2924593389034271, "variance": 0.014467526227235794, "std_dev": 0.12028103321790695, "median": -0.31977298855781555, "range": 0.6007345914840698, "iq_range": 0.11625479906797409, "density": 0.24175827396750707, "accuracy": -1.0, "distance": 1.4027190208435059}, "4": {"mean": -0.29023101925849915, "variance": 0.01576594077050686, "std_dev": 0.12556250393390656, "median": -0.3192533850669861, "range": 0.5918647646903992, "iq_range": 0.1302901953458786, "density": 0.2408080210743327, "accuracy": -1.0, "distance": 1.131363034248352}, "5": {"mean": -0.2908936142921448, "variance": 0.015380905009806156, "std_dev": 0.12401977926492691, "median": -0.31479597091674805, "range": 0.6207359433174133, "iq_range": 0.13146205246448517, "density": 0.23869596054399936, "accuracy": -1.0, "distance": 1.3382319211959839}, "6": {"mean": -0.2851431369781494, "variance": 0.01869339309632778, "std_dev": 0.13672378659248352, "median": -0.30272555351257324, "range": 0.6600216627120972, "iq_range": 0.1682172529399395, "density": 0.23529659841447811, "accuracy": -1.0, "distance": 1.1179317235946655}, "7": {"mean": -0.28585734963417053, "variance": 0.01828557811677456, "std_dev": 0.13522417843341827, "median": -0.3031923174858093, "range": 0.6600216627120972, "iq_range": 0.1589016243815422, "density": 0.23467310218021342, "accuracy": -1.0, "distance": 0.9964300394058228}, "8": {"mean": -0.2918124496936798, "variance": 0.014845496974885464, "std_dev": 0.12184210121631622, "median": -0.3168676793575287, "range": 0.6207359433174133, "iq_range": 0.12371668219566345, "density": 0.23646773581360106, "accuracy": -1.0, "distance": 0.6531721949577332}, "9": {"mean": -0.28755655884742737, "variance": 0.01731124147772789, "std_dev": 0.1315721869468689, "median": -0.3046385645866394, "range": 0.6207359433174133, "iq_range": 0.15479566901922226, "density": 0.23475715246124257, "accuracy": -1.0, "distance": 1.2145750522613525}, "10": {"mean": -0.28349095582962036, "variance": 0.019632874056696892, "std_dev": 0.1401173621416092, "median": -0.2978660464286804, "range": 0.6600216627120972, "iq_range": 0.17645667865872383, "density": 0.23296667429852808, "accuracy": 1.0, "distance": 1.344253659248352}, "11": {"mean": -0.28673791885375977, "variance": 0.017781367525458336, "std_dev": 0.1333467960357666, "median": -0.3015271723270416, "range": 0.6600216627120972, "iq_range": 0.15664848312735558, "density": 0.23471719976108496, "accuracy": -1.0, "distance": 1.2378352880477905}, "12": {"mean": -0.28510940074920654, "variance": 0.018712636083364487, "std_dev": 0.13679413497447968, "median": -0.302773654460907, "range": 0.6600216627120972, "iq_range": 0.1670754738152027, "density": 0.23669940258498096, "accuracy": 1.0, "distance": 1.0670557022094727}, "13": {"mean": -0.2828580439090729, "variance": 0.01999133825302124, "std_dev": 0.14139072597026825, "median": -0.29104602336883545, "range": 0.6288361549377441, "iq_range": 0.16781765595078468, "density": 0.23669738547604552, "accuracy": -1.0, "distance": 0.8947726488113403}, "14": {"mean": -0.28452351689338684, "variance": 0.019046364352107048, "std_dev": 0.13800856471061707, "median": -0.3017042279243469, "range": 0.6288362145423889, "iq_range": 0.17199665680527687, "density": 0.2358395695704706, "accuracy": 1.0, "distance": 1.5142089128494263}}