{
    "0": [
        0.0,
        0
    ],
    "1": [
        2.6912482292774818,
        0
    ],
    "2": [
        2.084960243001897,
        0
    ],
    "3": [
        5.188451861271143,
        0
    ],
    "4": [
        0.0,
        0
    ],
    "5": [
        0.019799480797649937,
        0
    ],
    "6": [
        4.147188975037575,
        0
    ],
    "7": [
        0.0,
        0
    ],
    "8": [
        0.0,
        0
    ],
    "9": [
        2.0332593340655882,
        0
    ],
    "10": [
        0.8374906037617491,
        0
    ],
    "11": [
        0.0,
        0
    ],
    "12": [
        0.0,
        0
    ],
    "13": [
        0.0,
        0
    ],
    "14": [
        1.800608525485966,
        0
    ]
}