{
    "0": [
        5.091773177113583,
        0
    ],
    "1": [
        2.529380200804973,
        0
    ],
    "2": [
        0.0,
        0
    ],
    "3": [
        2.470152983421222,
        0
    ],
    "4": [
        2.5271851408931925,
        0
    ],
    "5": [
        0.0,
        0
    ],
    "6": [
        0.12111455539249594,
        0
    ],
    "7": [
        3.654053965037483,
        0
    ],
    "8": [
        2.244173608100128,
        0
    ],
    "9": [
        0.0,
        0
    ],
    "10": [
        2.6068767834866424,
        0
    ],
    "11": [
        0.0,
        0
    ],
    "12": [
        0.27911594344291063,
        0
    ],
    "13": [
        3.37386446725183,
        0
    ],
    "14": [
        2.8637831791309933,
        0
    ]
}