{
    "0": [
        2.0715394422658897,
        0
    ],
    "1": [
        0.8966931664665657,
        0
    ],
    "2": [
        0.9066436936812635,
        0
    ],
    "3": [
        4.625549244278623,
        0
    ],
    "4": [
        2.769191310350296,
        0
    ],
    "5": [
        2.58535682055744,
        0
    ],
    "6": [
        0.1918179196517407,
        0
    ],
    "7": [
        3.463005828682831,
        0
    ],
    "8": [
        1.4814954915152285,
        0
    ],
    "9": [
        0.5023598894651204,
        0
    ],
    "10": [
        3.5984472630407147,
        0
    ],
    "11": [
        0.8672523157017799,
        0
    ],
    "12": [
        0.0717268372906062,
        0
    ],
    "13": [
        3.519664711503451,
        0
    ],
    "14": [
        0.21744511959794213,
        0
    ]
}