{
    "0": [
        0.0,
        0
    ],
    "1": [
        0.28095268649888233,
        0
    ],
    "2": [
        2.6974368737364744,
        0
    ],
    "3": [
        1.5594110009617594,
        0
    ],
    "4": [
        0.8694271549507108,
        0
    ],
    "5": [
        0.0,
        0
    ],
    "6": [
        3.6436101992056935,
        0
    ],
    "7": [
        4.153897854699866,
        0
    ],
    "8": [
        5.0674120828278415,
        0
    ],
    "9": [
        0.7386392740893646,
        0
    ],
    "10": [
        1.5813459624136532,
        0
    ],
    "11": [
        0.9473291318203966,
        0
    ],
    "12": [
        0.0,
        0
    ],
    "13": [
        2.840881010499772,
        0
    ],
    "14": [
        0.8833642373523672,
        0
    ]
}