{
    "0": [
        3.419675020993953,
        0
    ],
    "1": [
        1.5666907238257788,
        0
    ],
    "2": [
        0.44857296013052067,
        0
    ],
    "3": [
        0.5099547037334508,
        0
    ],
    "4": [
        0.0,
        0
    ],
    "5": [
        1.4635928801187514,
        0
    ],
    "6": [
        0.5654014870425993,
        0
    ],
    "7": [
        0.17240685989785834,
        0
    ],
    "8": [
        4.324827868387199,
        0
    ],
    "9": [
        0.0,
        0
    ],
    "10": [
        2.416754617600439,
        0
    ],
    "11": [
        0.28519770035603204,
        0
    ],
    "12": [
        2.8994210968291028,
        0
    ],
    "13": [
        3.9732231752175693,
        0
    ],
    "14": [
        1.5348976791125466,
        0
    ]
}