{
    "0": [
        1.296757899097831,
        0
    ],
    "1": [
        4.772083608697948,
        0
    ],
    "2": [
        0.01111615078203524,
        0
    ],
    "3": [
        1.2969121009025806,
        0
    ],
    "4": [
        0.9729180752655866,
        0
    ],
    "5": [
        0.0,
        0
    ],
    "6": [
        0.0,
        0
    ],
    "7": [
        0.0,
        0
    ],
    "8": [
        0.46846675781322256,
        0
    ],
    "9": [
        1.2138961843222524,
        0
    ],
    "10": [
        2.9550641775673014,
        0
    ],
    "11": [
        1.8869500150593077,
        0
    ],
    "12": [
        0.533882242459637,
        0
    ],
    "13": [
        0.3664823408258074,
        0
    ],
    "14": [
        3.513171044235346,
        0
    ]
}