{
    "0": [
        2.2809390794274167,
        0
    ],
    "1": [
        0.4630366269231885,
        0
    ],
    "2": [
        0.0,
        0
    ],
    "3": [
        2.2554877263758044,
        0
    ],
    "4": [
        5.630433202316704,
        0
    ],
    "5": [
        2.195373487973719,
        0
    ],
    "6": [
        0.0,
        0
    ],
    "7": [
        3.711012235403837,
        0
    ],
    "8": [
        2.986892240745199,
        0
    ],
    "9": [
        0.731939423337873,
        0
    ],
    "10": [
        0.3269592826305473,
        0
    ],
    "11": [
        0.2679804243471615,
        0
    ],
    "12": [
        1.6216425375282832,
        0
    ],
    "13": [
        5.277984405472321,
        0
    ],
    "14": [
        3.6603413168769428,
        0
    ]
}