{
    "0": [
        0.9893464029776866,
        0
    ],
    "1": [
        0.04061931263076865,
        0
    ],
    "2": [
        3.7159826311262107,
        0
    ],
    "3": [
        0.0,
        0
    ],
    "4": [
        0.0,
        0
    ],
    "5": [
        1.9852508461368126,
        0
    ],
    "6": [
        1.181821885258074,
        0
    ],
    "7": [
        3.648369304094739,
        0
    ],
    "8": [
        2.051469968353694,
        0
    ],
    "9": [
        2.719522029307759,
        0
    ],
    "10": [
        1.549175410246545,
        0
    ],
    "11": [
        2.3356126408937574,
        0
    ],
    "12": [
        0.0,
        0
    ],
    "13": [
        1.9263789596463443,
        0
    ],
    "14": [
        0.7545131685641371,
        0
    ]
}