{
    "0": [
        0.035348111959510854,
        0
    ],
    "1": [
        0.14792224013895797,
        0
    ],
    "2": [
        4.768804110775105,
        0
    ],
    "3": [
        0.6461491142941778,
        0
    ],
    "4": [
        4.129816230296266,
        0
    ],
    "5": [
        3.5261421658390484,
        0
    ],
    "6": [
        0.6458453980679284,
        0
    ],
    "7": [
        1.99655196919921,
        0
    ],
    "8": [
        0.0,
        0
    ],
    "9": [
        1.279130187661898,
        0
    ],
    "10": [
        3.656036999282297,
        0
    ],
    "11": [
        0.21186705512211879,
        0
    ],
    "12": [
        4.305445518996998,
        0
    ],
    "13": [
        0.0,
        0
    ],
    "14": [
        1.2688271975329197,
        0
    ]
}