{
    "0": [
        0.054130688178932136,
        115
    ],
    "1": [
        0.07492516508028761,
        125
    ],
    "2": [
        0.06311450013586045,
        107
    ],
    "3": [
        0.02690147432238346,
        102
    ],
    "4": [
        0.0717160475033943,
        131
    ],
    "5": [
        0.03224784747477646,
        83
    ],
    "6": [
        0.05737796857059142,
        119
    ],
    "7": [
        0.06480181500374335,
        172
    ],
    "8": [
        0.09224437490639294,
        126
    ],
    "9": [
        0.104086454710088,
        137
    ],
    "10": [
        0.07313519353125648,
        135
    ],
    "11": [
        0.026652881733445384,
        99
    ],
    "12": [
        0.11579572256645665,
        130
    ],
    "13": [
        0.07530433357931256,
        130
    ],
    "14": [
        0.06756553270307897,
        96
    ]
}