{
    "0": [
        0.0361692650092853,
        121
    ],
    "1": [
        0.12468292124086951,
        172
    ],
    "2": [
        0.025839737348593513,
        96
    ],
    "3": [
        0.024135164080755438,
        93
    ],
    "4": [
        0.10312505011574569,
        157
    ],
    "5": [
        0.029060411746138954,
        113
    ],
    "6": [
        0.03808074457760376,
        135
    ],
    "7": [
        0.09616947011456642,
        146
    ],
    "8": [
        0.13295779432289417,
        148
    ],
    "9": [
        0.07078506423130655,
        144
    ],
    "10": [
        0.08984512445466984,
        143
    ],
    "11": [
        0.02209779320625324,
        89
    ],
    "12": [
        0.07644148198019579,
        153
    ],
    "13": [
        0.10799633204867565,
        97
    ],
    "14": [
        0.022613645522446248,
        111
    ]
}