{
    "0": [
        0.038366037444838276,
        107
    ],
    "1": [
        0.09446940252437615,
        115
    ],
    "2": [
        0.09665731247582887,
        169
    ],
    "3": [
        0.031276119160924605,
        102
    ],
    "4": [
        0.09080940256869152,
        118
    ],
    "5": [
        0.04355585405613466,
        107
    ],
    "6": [
        0.029031555803572036,
        80
    ],
    "7": [
        0.0308611147136314,
        82
    ],
    "8": [
        0.04361088056310366,
        114
    ],
    "9": [
        0.09461300928519684,
        96
    ],
    "10": [
        0.05688436153951416,
        90
    ],
    "11": [
        0.0618026018878116,
        86
    ],
    "12": [
        0.14026374321569807,
        140
    ],
    "13": [
        0.1196176976782572,
        137
    ],
    "14": [
        0.028180907082420915,
        88
    ]
}