{
    "0": [
        0.1191749769778309,
        169
    ],
    "1": [
        0.08516635264324365,
        154
    ],
    "2": [
        0.010225998069695395,
        57
    ],
    "3": [
        0.11722018141597614,
        133
    ],
    "4": [
        0.05160288864330753,
        94
    ],
    "5": [
        0.039305676317704444,
        102
    ],
    "6": [
        0.10059319070759627,
        72
    ],
    "7": [
        0.09512742005430025,
        149
    ],
    "8": [
        0.10133780888427188,
        127
    ],
    "9": [
        0.07790833898449619,
        98
    ],
    "10": [
        0.05721903093713782,
        126
    ],
    "11": [
        0.02649931839772008,
        70
    ],
    "12": [
        0.0344127626281818,
        108
    ],
    "13": [
        0.032162915170305825,
        106
    ],
    "14": [
        0.052043140168231986,
        104
    ]
}