{
    "0": [
        0.07049991736812662,
        144
    ],
    "1": [
        0.025114024645333074,
        75
    ],
    "2": [
        0.10742119696089295,
        102
    ],
    "3": [
        0.07254746627471984,
        130
    ],
    "4": [
        0.061788932161399454,
        69
    ],
    "5": [
        0.045003230452744784,
        119
    ],
    "6": [
        0.04630027898115003,
        112
    ],
    "7": [
        0.12756356637134927,
        149
    ],
    "8": [
        0.030060582584758085,
        89
    ],
    "9": [
        0.08843822435329185,
        154
    ],
    "10": [
        0.03883813576302874,
        97
    ],
    "11": [
        0.07476527903862917,
        140
    ],
    "12": [
        0.08091171083572304,
        96
    ],
    "13": [
        0.05488681557682711,
        98
    ],
    "14": [
        0.07586063863202601,
        125
    ]
}