{
    "0": [
        0.08133963301656183,
        154
    ],
    "1": [
        0.05308161019392755,
        137
    ],
    "2": [
        0.019770439850483757,
        98
    ],
    "3": [
        0.10969529858748232,
        138
    ],
    "4": [
        0.10781725826637484,
        145
    ],
    "5": [
        0.058952580181710616,
        146
    ],
    "6": [
        0.04609992100395028,
        154
    ],
    "7": [
        0.05818076800110753,
        155
    ],
    "8": [
        0.09856760391002783,
        124
    ],
    "9": [
        0.04338915243197235,
        133
    ],
    "10": [
        0.0744426431026302,
        133
    ],
    "11": [
        0.049628864509339635,
        128
    ],
    "12": [
        0.0646654281101083,
        149
    ],
    "13": [
        0.1030128522531843,
        146
    ],
    "14": [
        0.031355946581138716,
        128
    ]
}