{
    "0": [
        0.07141733374535263,
        125
    ],
    "1": [
        0.03070988708748837,
        123
    ],
    "2": [
        0.05261248765663105,
        142
    ],
    "3": [
        0.059125073702375,
        147
    ],
    "4": [
        0.1145192166866542,
        152
    ],
    "5": [
        0.06404208416678249,
        122
    ],
    "6": [
        0.09500155915582711,
        173
    ],
    "7": [
        0.0949001724586946,
        146
    ],
    "8": [
        0.03871357773067035,
        132
    ],
    "9": [
        0.0592226523914878,
        145
    ],
    "10": [
        0.10483272668207921,
        125
    ],
    "11": [
        0.024600987916089407,
        107
    ],
    "12": [
        0.04012205244496087,
        142
    ],
    "13": [
        0.10347153346020024,
        179
    ],
    "14": [
        0.04670865471470659,
        154
    ]
}