{
    "0": [
        0.053543590390676424,
        115
    ],
    "1": [
        0.08697638935510835,
        98
    ],
    "2": [
        0.09253573404615313,
        118
    ],
    "3": [
        0.0226571290057209,
        101
    ],
    "4": [
        0.08225100413647347,
        139
    ],
    "5": [
        0.038205871148337386,
        117
    ],
    "6": [
        0.07464552283876015,
        171
    ],
    "7": [
        0.09271429649234564,
        139
    ],
    "8": [
        0.03638625140436159,
        116
    ],
    "9": [
        0.08491292585809464,
        154
    ],
    "10": [
        0.06570158696705153,
        152
    ],
    "11": [
        0.0690814060743304,
        109
    ],
    "12": [
        0.08730530248885568,
        180
    ],
    "13": [
        0.05909986320112939,
        176
    ],
    "14": [
        0.05398312659260138,
        126
    ]
}