{
    "0": [
        0.02385606565506342,
        112
    ],
    "1": [
        0.0277677789001606,
        97
    ],
    "2": [
        0.06882360560016117,
        140
    ],
    "3": [
        0.03659588233387731,
        114
    ],
    "4": [
        0.032207734683294346,
        109
    ],
    "5": [
        0.0443407457044635,
        85
    ],
    "6": [
        0.07570243365445198,
        94
    ],
    "7": [
        0.13043470151475586,
        117
    ],
    "8": [
        0.08061404836974503,
        104
    ],
    "9": [
        0.10113700180822031,
        139
    ],
    "10": [
        0.089658864620347,
        131
    ],
    "11": [
        0.0649256113048806,
        150
    ],
    "12": [
        0.0741899407072406,
        144
    ],
    "13": [
        0.04582874894812058,
        106
    ],
    "14": [
        0.1039168361952177,
        135
    ]
}