{
    "0": [
        0.024286674539364395,
        80
    ],
    "1": [
        0.11047769950946819,
        113
    ],
    "2": [
        0.0933282570758143,
        131
    ],
    "3": [
        0.03697110004490242,
        93
    ],
    "4": [
        0.1250856699583529,
        116
    ],
    "5": [
        0.04425147946051088,
        103
    ],
    "6": [
        0.0770658813666194,
        132
    ],
    "7": [
        0.07560378282782566,
        88
    ],
    "8": [
        0.12483976456722397,
        138
    ],
    "9": [
        0.020865154540105808,
        69
    ],
    "10": [
        0.0574677586039978,
        81
    ],
    "11": [
        0.036945840629684014,
        89
    ],
    "12": [
        0.032076500538432993,
        97
    ],
    "13": [
        0.05465158320825326,
        101
    ],
    "14": [
        0.08608285312944386,
        115
    ]
}