{
    "0": [
        0.10872068454532043,
        141
    ],
    "1": [
        0.029236179622627555,
        124
    ],
    "2": [
        0.05468111417184033,
        93
    ],
    "3": [
        0.0836335003884207,
        116
    ],
    "4": [
        0.05341167228219409,
        111
    ],
    "5": [
        0.03206934460851181,
        73
    ],
    "6": [
        0.17776986196450933,
        112
    ],
    "7": [
        0.10132573294949498,
        126
    ],
    "8": [
        0.046051885888006724,
        111
    ],
    "9": [
        0.10298927108051428,
        142
    ],
    "10": [
        0.03500824198028829,
        85
    ],
    "11": [
        0.052678949484280965,
        92
    ],
    "12": [
        0.07614859166124745,
        116
    ],
    "13": [
        0.027301743769192113,
        73
    ],
    "14": [
        0.018973225603550845,
        79
    ]
}