{
    "0": [
        0.014933297755697557,
        67
    ],
    "1": [
        0.020412681721315926,
        82
    ],
    "2": [
        0.10250202376068496,
        148
    ],
    "3": [
        0.10325065603262688,
        113
    ],
    "4": [
        0.04164563338055001,
        105
    ],
    "5": [
        0.10434012988358941,
        164
    ],
    "6": [
        0.03880882835980416,
        118
    ],
    "7": [
        0.06476121256371196,
        132
    ],
    "8": [
        0.030800653187745566,
        114
    ],
    "9": [
        0.12707489325506188,
        119
    ],
    "10": [
        0.05131778550467962,
        128
    ],
    "11": [
        0.11193435215044716,
        99
    ],
    "12": [
        0.07618545642938596,
        145
    ],
    "13": [
        0.05587437373336902,
        87
    ],
    "14": [
        0.05615802228132992,
        87
    ]
}