{
    "0": [
        0.04623272955958769,
        139
    ],
    "1": [
        0.07545765896707476,
        100
    ],
    "2": [
        0.08410293276219363,
        133
    ],
    "3": [
        0.023293138719683016,
        87
    ],
    "4": [
        0.09411560634615203,
        104
    ],
    "5": [
        0.07614475587512959,
        146
    ],
    "6": [
        0.08741135931999022,
        161
    ],
    "7": [
        0.11399435112010779,
        94
    ],
    "8": [
        0.09081252567498575,
        170
    ],
    "9": [
        0.04343961296213623,
        143
    ],
    "10": [
        0.03885198205267538,
        86
    ],
    "11": [
        0.06292878894988581,
        107
    ],
    "12": [
        0.04344998997540999,
        123
    ],
    "13": [
        0.08685953667031689,
        157
    ],
    "14": [
        0.032905031044671004,
        97
    ]
}