{
    "0": [
        0.07788164786931316,
        100
    ],
    "1": [
        0.0568948713872457,
        132
    ],
    "2": [
        0.09037210291058129,
        128
    ],
    "3": [
        0.05868744799269967,
        119
    ],
    "4": [
        0.036784046569002464,
        98
    ],
    "5": [
        0.043264228975410976,
        136
    ],
    "6": [
        0.1516158678779952,
        167
    ],
    "7": [
        0.05868119958088022,
        118
    ],
    "8": [
        0.11441487867523202,
        144
    ],
    "9": [
        0.03553828384720281,
        115
    ],
    "10": [
        0.03437163305482263,
        114
    ],
    "11": [
        0.06540245209307416,
        149
    ],
    "12": [
        0.07215288362093181,
        141
    ],
    "13": [
        0.06947455200726725,
        110
    ],
    "14": [
        0.034463903538340786,
        108
    ]
}