{
    "0": [
        0.0437385163378374,
        84
    ],
    "1": [
        0.05231352444031261,
        129
    ],
    "2": [
        0.055028904969921695,
        121
    ],
    "3": [
        0.03860006256055814,
        118
    ],
    "4": [
        0.029673582500061232,
        101
    ],
    "5": [
        0.014481012495372965,
        69
    ],
    "6": [
        0.12017112094399417,
        116
    ],
    "7": [
        0.06551135768172468,
        117
    ],
    "8": [
        0.08044747401328137,
        137
    ],
    "9": [
        0.1059149976738214,
        139
    ],
    "10": [
        0.07620023226024576,
        131
    ],
    "11": [
        0.039855091220713346,
        115
    ],
    "12": [
        0.04742507138322401,
        108
    ],
    "13": [
        0.10541254908182118,
        133
    ],
    "14": [
        0.12522650243711006,
        131
    ]
}