{
    "0": [
        57.08635824600486,
        0
    ],
    "1": [
        52.78177542941705,
        0
    ],
    "2": [
        49.448897412062216,
        0
    ],
    "3": [
        36.69728815849278,
        0
    ],
    "4": [
        50.978065536617805,
        0
    ],
    "5": [
        44.868056603265416,
        0
    ],
    "6": [
        42.67209941376055,
        0
    ],
    "7": [
        26.81598637991871,
        0
    ],
    "8": [
        42.67379111476374,
        0
    ],
    "9": [
        41.73435080277296,
        0
    ],
    "10": [
        55.75259801576046,
        0
    ],
    "11": [
        47.572150998288855,
        0
    ],
    "12": [
        41.60387535103057,
        0
    ],
    "13": [
        50.41487143880139,
        0
    ],
    "14": [
        52.04506073862207,
        0
    ]
}