{
    "0": [
        65.83653472400125,
        0
    ],
    "1": [
        64.92195303872559,
        0
    ],
    "2": [
        38.97444858147322,
        0
    ],
    "3": [
        26.908362965528028,
        0
    ],
    "4": [
        46.854345757498066,
        0
    ],
    "5": [
        39.64376381243883,
        0
    ],
    "6": [
        38.29456801205798,
        0
    ],
    "7": [
        31.35355687706416,
        0
    ],
    "8": [
        44.72365876856127,
        0
    ],
    "9": [
        46.531701872805165,
        0
    ],
    "10": [
        53.35636225695924,
        0
    ],
    "11": [
        34.24882724815146,
        0
    ],
    "12": [
        45.36094889446793,
        0
    ],
    "13": [
        48.54569045491858,
        0
    ],
    "14": [
        33.633371299676845,
        0
    ]
}