{
    "0": [
        52.77154959269144,
        0
    ],
    "1": [
        35.93514771302415,
        0
    ],
    "2": [
        44.459807507770314,
        0
    ],
    "3": [
        49.35913436289597,
        0
    ],
    "4": [
        50.51966804472585,
        0
    ],
    "5": [
        49.736363332780186,
        0
    ],
    "6": [
        49.466738455033145,
        0
    ],
    "7": [
        39.198359685430134,
        0
    ],
    "8": [
        32.74445694156039,
        0
    ],
    "9": [
        46.38950642205132,
        0
    ],
    "10": [
        43.50558985456309,
        0
    ],
    "11": [
        50.38532702391545,
        0
    ],
    "12": [
        40.01986646504703,
        0
    ],
    "13": [
        37.31830678245327,
        0
    ],
    "14": [
        73.81484250517723,
        0
    ]
}