{
    "0": [
        48.701038415340754,
        0
    ],
    "1": [
        46.227603915576964,
        0
    ],
    "2": [
        35.200785786588156,
        0
    ],
    "3": [
        44.619178759688694,
        0
    ],
    "4": [
        52.84659166393098,
        0
    ],
    "5": [
        41.73697861392987,
        0
    ],
    "6": [
        47.037882659288954,
        0
    ],
    "7": [
        52.568215546105115,
        0
    ],
    "8": [
        52.79422559567817,
        0
    ],
    "9": [
        41.60613639699074,
        0
    ],
    "10": [
        41.073093953518004,
        0
    ],
    "11": [
        39.165197892956115,
        0
    ],
    "12": [
        63.82781440649465,
        0
    ],
    "13": [
        31.004733608005694,
        0
    ],
    "14": [
        60.0853174437633,
        0
    ]
}