{
    "0": [
        35.165651758275715,
        0
    ],
    "1": [
        49.58624555911598,
        0
    ],
    "2": [
        65.71885794182239,
        0
    ],
    "3": [
        68.73181228445303,
        0
    ],
    "4": [
        29.85152878004935,
        0
    ],
    "5": [
        26.612246351913715,
        0
    ],
    "6": [
        28.455194916352724,
        0
    ],
    "7": [
        25.7346924568738,
        0
    ],
    "8": [
        60.08058722685133,
        0
    ],
    "9": [
        53.579350178262544,
        0
    ],
    "10": [
        69.44053773616508,
        0
    ],
    "11": [
        35.176378230408986,
        0
    ],
    "12": [
        28.455319692803783,
        0
    ],
    "13": [
        53.10935289422905,
        0
    ],
    "14": [
        37.70361198487413,
        0
    ]
}