{
    "0": [
        42.98348013479718,
        0
    ],
    "1": [
        36.3264835917765,
        0
    ],
    "2": [
        65.97470084549569,
        0
    ],
    "3": [
        61.86139385783498,
        0
    ],
    "4": [
        53.84545334189536,
        0
    ],
    "5": [
        45.5259407561833,
        0
    ],
    "6": [
        42.52520995233714,
        0
    ],
    "7": [
        53.7135389595612,
        0
    ],
    "8": [
        40.592798273557854,
        0
    ],
    "9": [
        35.257989188749214,
        0
    ],
    "10": [
        37.642068084700774,
        0
    ],
    "11": [
        65.5810827220885,
        0
    ],
    "12": [
        57.7026386766113,
        0
    ],
    "13": [
        38.63880508356066,
        0
    ],
    "14": [
        57.32829922184474,
        0
    ]
}