{
    "0": [
        48.06913109374283,
        0
    ],
    "1": [
        69.14927147478737,
        0
    ],
    "2": [
        81.20489075248481,
        0
    ],
    "3": [
        27.19003504262537,
        0
    ],
    "4": [
        30.288375404172935,
        0
    ],
    "5": [
        39.451284508987825,
        0
    ],
    "6": [
        26.047821182540595,
        0
    ],
    "7": [
        38.98249498546769,
        0
    ],
    "8": [
        45.16697278953412,
        0
    ],
    "9": [
        26.582757832165488,
        0
    ],
    "10": [
        31.51726796050213,
        0
    ],
    "11": [
        45.58875377657397,
        0
    ],
    "12": [
        50.88806004807672,
        0
    ],
    "13": [
        51.19460997232958,
        0
    ],
    "14": [
        36.2729049291945,
        0
    ]
}