{
    "0": [
        53.9867405362424,
        0
    ],
    "1": [
        31.322636566041155,
        0
    ],
    "2": [
        36.74065952485451,
        0
    ],
    "3": [
        33.36464456900578,
        0
    ],
    "4": [
        53.493156650507,
        0
    ],
    "5": [
        27.745364478477423,
        0
    ],
    "6": [
        53.942873096206824,
        0
    ],
    "7": [
        48.63188909313665,
        0
    ],
    "8": [
        40.42513103977451,
        0
    ],
    "9": [
        78.81668705175895,
        0
    ],
    "10": [
        57.78883029144281,
        0
    ],
    "11": [
        47.252617592619394,
        0
    ],
    "12": [
        41.55902371554988,
        0
    ],
    "13": [
        48.97605735925657,
        0
    ],
    "14": [
        29.74331986937554,
        0
    ]
}