{
    "0": [
        62.13173731968832,
        0
    ],
    "1": [
        74.7683273226439,
        0
    ],
    "2": [
        46.008050714425266,
        0
    ],
    "3": [
        33.77658298805031,
        0
    ],
    "4": [
        40.25992115446658,
        0
    ],
    "5": [
        47.22626091076104,
        0
    ],
    "6": [
        56.32102636738505,
        0
    ],
    "7": [
        67.4365218521369,
        0
    ],
    "8": [
        45.75692393576809,
        0
    ],
    "9": [
        40.2628708198309,
        0
    ],
    "10": [
        34.78659810236621,
        0
    ],
    "11": [
        58.387467440017154,
        0
    ],
    "12": [
        41.195268022923464,
        0
    ],
    "13": [
        39.63628445336529,
        0
    ],
    "14": [
        37.30662457174201,
        0
    ]
}