{
    "0": [
        0.052467010523546985,
        17333
    ],
    "1": [
        0.05554846049712353,
        19045
    ],
    "2": [
        0.06093137254986212,
        16812
    ],
    "3": [
        0.05300612703063045,
        17775
    ],
    "4": [
        0.09433832461010584,
        18055
    ],
    "5": [
        0.05096094864313911,
        17539
    ],
    "6": [
        0.0652549771489692,
        18031
    ],
    "7": [
        0.06612340033173413,
        18137
    ],
    "8": [
        0.08248289024102033,
        19752
    ],
    "9": [
        0.08224853221938512,
        19608
    ],
    "10": [
        0.06112432091551494,
        18860
    ],
    "11": [
        0.06728552292991051,
        19706
    ],
    "12": [
        0.06084273100956009,
        17723
    ],
    "13": [
        0.06709747810138227,
        17515
    ],
    "14": [
        0.0802879032481151,
        18473
    ]
}