{
    "0": [
        0.07256551882854306,
        20631
    ],
    "1": [
        0.05168448936679341,
        20960
    ],
    "2": [
        0.0651109470647001,
        20256
    ],
    "3": [
        0.07154009753288225,
        22467
    ],
    "4": [
        0.04921766816416163,
        20017
    ],
    "5": [
        0.0832878053962512,
        21876
    ],
    "6": [
        0.05365518777047481,
        19598
    ],
    "7": [
        0.05599411202665638,
        20713
    ],
    "8": [
        0.06270651290278015,
        20469
    ],
    "9": [
        0.07663829385775457,
        23313
    ],
    "10": [
        0.06957847589134505,
        22388
    ],
    "11": [
        0.05578953363760268,
        19268
    ],
    "12": [
        0.08670927972827222,
        21481
    ],
    "13": [
        0.07133279784462057,
        22322
    ],
    "14": [
        0.07418927998716196,
        22704
    ]
}