{
    "0": [
        0.07558767543876534,
        20039
    ],
    "1": [
        0.06654349513286782,
        16613
    ],
    "2": [
        0.05358507839779924,
        16643
    ],
    "3": [
        0.096059975074962,
        20010
    ],
    "4": [
        0.07681050024132871,
        18578
    ],
    "5": [
        0.05352547338066672,
        16766
    ],
    "6": [
        0.0591817516689257,
        19708
    ],
    "7": [
        0.07295064621953105,
        20040
    ],
    "8": [
        0.06346851149362029,
        18788
    ],
    "9": [
        0.0674506381069331,
        18074
    ],
    "10": [
        0.05370186589890146,
        17586
    ],
    "11": [
        0.06257043018704497,
        16787
    ],
    "12": [
        0.05710390905522715,
        16905
    ],
    "13": [
        0.06802609542728139,
        18440
    ],
    "14": [
        0.07343395427614506,
        18894
    ]
}