{
    "0": [
        0.07725009669490239,
        19984
    ],
    "1": [
        0.06770214480125618,
        20276
    ],
    "2": [
        0.05032982420926107,
        18120
    ],
    "3": [
        0.06536192268507496,
        19627
    ],
    "4": [
        0.06790563476153974,
        17762
    ],
    "5": [
        0.07487017984221975,
        17718
    ],
    "6": [
        0.07466204842384806,
        18740
    ],
    "7": [
        0.056791361914315525,
        18443
    ],
    "8": [
        0.06980841162390009,
        18913
    ],
    "9": [
        0.060177228445824425,
        17422
    ],
    "10": [
        0.06944437888828575,
        18399
    ],
    "11": [
        0.05869762788232033,
        18547
    ],
    "12": [
        0.070195718618488,
        18777
    ],
    "13": [
        0.05545254974313654,
        17735
    ],
    "14": [
        0.08135087146562721,
        19462
    ]
}