{
    "0": [
        0.05204637861215472,
        16228
    ],
    "1": [
        0.040682656930004946,
        15827
    ],
    "2": [
        0.0871406393589069,
        19242
    ],
    "3": [
        0.0774946916878472,
        18504
    ],
    "4": [
        0.04720006464704557,
        15474
    ],
    "5": [
        0.0662108533124177,
        17892
    ],
    "6": [
        0.07769828495688463,
        19968
    ],
    "7": [
        0.036260470393344235,
        15134
    ],
    "8": [
        0.09101405697997979,
        19420
    ],
    "9": [
        0.04707432063861119,
        16972
    ],
    "10": [
        0.06375934967495218,
        17720
    ],
    "11": [
        0.08047967084004523,
        17521
    ],
    "12": [
        0.0937526655603269,
        18801
    ],
    "13": [
        0.07927098102654186,
        18547
    ],
    "14": [
        0.05991491538093704,
        16630
    ]
}