{
    "0": [
        0.07136336463300309,
        19438
    ],
    "1": [
        0.06328568479779885,
        19835
    ],
    "2": [
        0.05833327510368536,
        19671
    ],
    "3": [
        0.09671807848862832,
        20984
    ],
    "4": [
        0.0913728000406151,
        19759
    ],
    "5": [
        0.07256607650225536,
        19177
    ],
    "6": [
        0.07356495544386824,
        19449
    ],
    "7": [
        0.0675703401730339,
        20258
    ],
    "8": [
        0.04406916041138256,
        17290
    ],
    "9": [
        0.053234641339566444,
        19084
    ],
    "10": [
        0.06629470888807758,
        19535
    ],
    "11": [
        0.06712173934949019,
        18562
    ],
    "12": [
        0.04487239459529805,
        17357
    ],
    "13": [
        0.08308043851214333,
        20161
    ],
    "14": [
        0.04655234172115378,
        17446
    ]
}