{
    "0": [
        0.07026315975886463,
        20452
    ],
    "1": [
        0.06411534482161707,
        19994
    ],
    "2": [
        0.070923410235314,
        20188
    ],
    "3": [
        0.06640349449377199,
        18457
    ],
    "4": [
        0.05561879338833687,
        20773
    ],
    "5": [
        0.05590825158637297,
        18922
    ],
    "6": [
        0.06063568167979876,
        20033
    ],
    "7": [
        0.08038084495308528,
        20741
    ],
    "8": [
        0.10510952385700666,
        21176
    ],
    "9": [
        0.05374799984615716,
        19878
    ],
    "10": [
        0.0600301078812058,
        19670
    ],
    "11": [
        0.05789362146105954,
        19885
    ],
    "12": [
        0.05976948879753424,
        20041
    ],
    "13": [
        0.06422878244508232,
        19304
    ],
    "14": [
        0.07497149479479276,
        19945
    ]
}