{
    "0": [
        0.060571158107230835,
        17742
    ],
    "1": [
        0.06684603337587322,
        17510
    ],
    "2": [
        0.06942377829193895,
        18831
    ],
    "3": [
        0.049573584713873055,
        16372
    ],
    "4": [
        0.07208598623851263,
        17675
    ],
    "5": [
        0.06143460502372769,
        18430
    ],
    "6": [
        0.0647462649981508,
        17796
    ],
    "7": [
        0.07409360590518942,
        18930
    ],
    "8": [
        0.06392838782437724,
        17398
    ],
    "9": [
        0.05893644623677413,
        16797
    ],
    "10": [
        0.059657124463901576,
        17218
    ],
    "11": [
        0.07218977839384585,
        17164
    ],
    "12": [
        0.0615806120418636,
        17141
    ],
    "13": [
        0.053915710073456385,
        16734
    ],
    "14": [
        0.11101692431128458,
        20672
    ]
}