{
    "0": [
        0.05573432789084576,
        19249
    ],
    "1": [
        0.06854114677692599,
        19796
    ],
    "2": [
        0.05499633952726387,
        16871
    ],
    "3": [
        0.10088397586416482,
        20059
    ],
    "4": [
        0.07239692246117052,
        19631
    ],
    "5": [
        0.0551612788545003,
        16692
    ],
    "6": [
        0.07609855211038746,
        20613
    ],
    "7": [
        0.0656224996274415,
        18664
    ],
    "8": [
        0.08588823799552575,
        20482
    ],
    "9": [
        0.048356813588631954,
        17122
    ],
    "10": [
        0.06601057024212542,
        18851
    ],
    "11": [
        0.047680993199578206,
        17309
    ],
    "12": [
        0.088393476211127,
        20230
    ],
    "13": [
        0.049179965885457894,
        17176
    ],
    "14": [
        0.06505489976485362,
        18495
    ]
}