{
    "0": [
        0.07976785328957524,
        19283
    ],
    "1": [
        0.043044390530568355,
        16659
    ],
    "2": [
        0.09290687236470357,
        20030
    ],
    "3": [
        0.07385506364248208,
        19474
    ],
    "4": [
        0.09325082887355603,
        20022
    ],
    "5": [
        0.04138788822950286,
        17010
    ],
    "6": [
        0.06672118672879472,
        18450
    ],
    "7": [
        0.04637608588850196,
        17534
    ],
    "8": [
        0.074095266511208,
        17844
    ],
    "9": [
        0.06595296707207707,
        19228
    ],
    "10": [
        0.06320703947442059,
        17245
    ],
    "11": [
        0.08212746073245811,
        19349
    ],
    "12": [
        0.0580427434215536,
        17464
    ],
    "13": [
        0.06347700243536526,
        17913
    ],
    "14": [
        0.055787350805232484,
        18298
    ]
}