{
    "0": [
        0.06691610158600221,
        17886
    ],
    "1": [
        0.0644457754493196,
        18939
    ],
    "2": [
        0.04688861660974656,
        17408
    ],
    "3": [
        0.05107942218697123,
        16609
    ],
    "4": [
        0.0880776750237605,
        18414
    ],
    "5": [
        0.06427927829724807,
        18233
    ],
    "6": [
        0.06390814327811181,
        19720
    ],
    "7": [
        0.06325204834239861,
        16201
    ],
    "8": [
        0.08122178628923339,
        19271
    ],
    "9": [
        0.07350280712509716,
        18281
    ],
    "10": [
        0.05751533470980824,
        19102
    ],
    "11": [
        0.06187876207719072,
        16502
    ],
    "12": [
        0.062115373250511446,
        18733
    ],
    "13": [
        0.08630519983889204,
        20076
    ],
    "14": [
        0.06861367593570857,
        17098
    ]
}