{
    "0": [
        0.0849659931666995,
        18244
    ],
    "1": [
        0.06769226910888679,
        19009
    ],
    "2": [
        0.054796222585501035,
        17332
    ],
    "3": [
        0.06865943057519394,
        19249
    ],
    "4": [
        0.056497366611781695,
        17102
    ],
    "5": [
        0.06038103121371034,
        16780
    ],
    "6": [
        0.08496370436625354,
        19499
    ],
    "7": [
        0.05697670603282126,
        17675
    ],
    "8": [
        0.09063261499069604,
        18707
    ],
    "9": [
        0.06447033372040026,
        19964
    ],
    "10": [
        0.07456858832532424,
        17835
    ],
    "11": [
        0.05314199785055668,
        18670
    ],
    "12": [
        0.06657191300668773,
        18704
    ],
    "13": [
        0.058113318447835786,
        18152
    ],
    "14": [
        0.057568509997651285,
        17424
    ]
}