{
    "0": [
        151.49856186285854,
        0
    ],
    "1": [
        162.24821764448873,
        0
    ],
    "2": [
        138.11973725379136,
        0
    ],
    "3": [
        73.60647634601332,
        0
    ],
    "4": [
        198.67668990733307,
        0
    ],
    "5": [
        107.75869684638072,
        0
    ],
    "6": [
        145.78658781135567,
        0
    ],
    "7": [
        195.7197245552162,
        0
    ],
    "8": [
        73.57800829358169,
        0
    ],
    "9": [
        168.36164215491803,
        0
    ],
    "10": [
        196.3484056141891,
        0
    ],
    "11": [
        107.74797815932725,
        0
    ],
    "12": [
        140.0690396653406,
        0
    ],
    "13": [
        166.27479295766773,
        0
    ],
    "14": [
        193.48983777651546,
        0
    ]
}