{
    "0": [
        158.1056359360586,
        0
    ],
    "1": [
        98.37683557243447,
        0
    ],
    "2": [
        132.0487222797973,
        0
    ],
    "3": [
        99.72314530882828,
        0
    ],
    "4": [
        176.68191562520397,
        0
    ],
    "5": [
        92.30481029034765,
        0
    ],
    "6": [
        159.6874832841817,
        0
    ],
    "7": [
        160.60066970065728,
        0
    ],
    "8": [
        121.74107600861501,
        0
    ],
    "9": [
        253.52245185851626,
        0
    ],
    "10": [
        161.95867984677813,
        0
    ],
    "11": [
        128.7806622339949,
        0
    ],
    "12": [
        124.13534127547696,
        0
    ],
    "13": [
        144.8187543785569,
        0
    ],
    "14": [
        104.82255931490313,
        0
    ]
}