{
    "0": [
        160.19031117809445,
        0
    ],
    "1": [
        129.1863763738521,
        0
    ],
    "2": [
        103.73974230934687,
        0
    ],
    "3": [
        153.92749101938693,
        0
    ],
    "4": [
        106.74698850513995,
        0
    ],
    "5": [
        106.84785645899262,
        0
    ],
    "6": [
        164.02003953631265,
        0
    ],
    "7": [
        124.71957527166693,
        0
    ],
    "8": [
        178.36876640644195,
        0
    ],
    "9": [
        179.4749824278436,
        0
    ],
    "10": [
        167.1294514800778,
        0
    ],
    "11": [
        161.8923553249855,
        0
    ],
    "12": [
        168.72178803859563,
        0
    ],
    "13": [
        157.06877317577812,
        0
    ],
    "14": [
        116.19070310784532,
        0
    ]
}