{
    "0": [
        128.24015779887864,
        0
    ],
    "1": [
        122.40448334516395,
        0
    ],
    "2": [
        118.39556692044891,
        0
    ],
    "3": [
        145.45310317563272,
        0
    ],
    "4": [
        123.72716537748335,
        0
    ],
    "5": [
        117.05732181108013,
        0
    ],
    "6": [
        74.50512149652587,
        0
    ],
    "7": [
        183.20053520790975,
        0
    ],
    "8": [
        136.03294303714392,
        0
    ],
    "9": [
        172.8568807359559,
        0
    ],
    "10": [
        148.24947474331526,
        0
    ],
    "11": [
        87.26880569057461,
        0
    ],
    "12": [
        72.49652787179957,
        0
    ],
    "13": [
        208.6517617714401,
        0
    ],
    "14": [
        112.77261046441852,
        0
    ]
}