{
    "0": [
        94.79785957964256,
        0
    ],
    "1": [
        123.97439667073313,
        0
    ],
    "2": [
        168.07489792415248,
        0
    ],
    "3": [
        138.96884290502445,
        0
    ],
    "4": [
        112.43140093645786,
        0
    ],
    "5": [
        121.40539484933382,
        0
    ],
    "6": [
        137.1202467057902,
        0
    ],
    "7": [
        143.391900025912,
        0
    ],
    "8": [
        177.67018675935677,
        0
    ],
    "9": [
        136.8532195605214,
        0
    ],
    "10": [
        137.72072247716392,
        0
    ],
    "11": [
        108.58770775866276,
        0
    ],
    "12": [
        143.53402698904756,
        0
    ],
    "13": [
        151.2675676402292,
        0
    ],
    "14": [
        136.36856158908034,
        0
    ]
}