{
    "0": [
        150.84921887255024,
        0
    ],
    "1": [
        153.01818103069505,
        0
    ],
    "2": [
        150.94854237910988,
        0
    ],
    "3": [
        110.97197546374001,
        0
    ],
    "4": [
        132.40564079636923,
        0
    ],
    "5": [
        169.60585906427906,
        0
    ],
    "6": [
        174.06294880677464,
        0
    ],
    "7": [
        110.4570456541887,
        0
    ],
    "8": [
        75.23397921278374,
        0
    ],
    "9": [
        214.5344048666251,
        0
    ],
    "10": [
        123.0890963143655,
        0
    ],
    "11": [
        154.4988859098083,
        0
    ],
    "12": [
        122.93026479616707,
        0
    ],
    "13": [
        199.64892192404193,
        0
    ],
    "14": [
        109.4809664686916,
        0
    ]
}