{
    "0": [
        154.37426124986794,
        0
    ],
    "1": [
        135.5289091427784,
        0
    ],
    "2": [
        101.53325877509302,
        0
    ],
    "3": [
        118.31959708971429,
        0
    ],
    "4": [
        123.63963535931201,
        0
    ],
    "5": [
        104.16123898846213,
        0
    ],
    "6": [
        130.69970267204525,
        0
    ],
    "7": [
        184.3368008341918,
        0
    ],
    "8": [
        140.43669612041393,
        0
    ],
    "9": [
        195.27966271337976,
        0
    ],
    "10": [
        128.6453048829893,
        0
    ],
    "11": [
        149.36476039257002,
        0
    ],
    "12": [
        130.93315779721786,
        0
    ],
    "13": [
        175.65250548401767,
        0
    ],
    "14": [
        127.7016592638374,
        0
    ]
}