{
    "0": [
        0.03038269281387329,
        2138
    ],
    "1": [
        0.044933684170246124,
        2294
    ],
    "2": [
        0.036289285868406296,
        2586
    ],
    "3": [
        0.034195732325315475,
        2291
    ],
    "4": [
        0.0321168452501297,
        2377
    ],
    "5": [
        0.07278502732515335,
        2519
    ],
    "6": [
        0.10174021124839783,
        2623
    ],
    "7": [
        0.07192163914442062,
        2491
    ],
    "8": [
        0.069991335272789,
        1747
    ],
    "9": [
        0.0991637110710144,
        2934
    ],
    "10": [
        0.05949733406305313,
        2340
    ],
    "11": [
        0.10987789928913116,
        2229
    ],
    "12": [
        0.14366541802883148,
        2142
    ],
    "13": [
        0.049074746668338776,
        2104
    ],
    "14": [
        0.04436451196670532,
        2377
    ]
}