{
    "0": [
        0.050441525876522064,
        2505
    ],
    "1": [
        0.05969419330358505,
        2913
    ],
    "2": [
        0.04328112304210663,
        1492
    ],
    "3": [
        0.10051525384187698,
        3071
    ],
    "4": [
        0.07640556246042252,
        2905
    ],
    "5": [
        0.059202492237091064,
        1424
    ],
    "6": [
        0.09030693024396896,
        3128
    ],
    "7": [
        0.0768706351518631,
        2457
    ],
    "8": [
        0.07322616130113602,
        2749
    ],
    "9": [
        0.058795999735593796,
        2537
    ],
    "10": [
        0.04172172024846077,
        2297
    ],
    "11": [
        0.052906036376953125,
        1850
    ],
    "12": [
        0.09048625826835632,
        2859
    ],
    "13": [
        0.036808036267757416,
        223
    ],
    "14": [
        0.08933807909488678,
        2055
    ]
}