{
    "0": [
        0.05201484262943268,
        2212
    ],
    "1": [
        0.06310272961854935,
        2731
    ],
    "2": [
        0.04214903339743614,
        2225
    ],
    "3": [
        0.10610949248075485,
        1862
    ],
    "4": [
        0.09608358889818192,
        3084
    ],
    "5": [
        0.07424522936344147,
        2467
    ],
    "6": [
        0.035313330590724945,
        1625
    ],
    "7": [
        0.0671948716044426,
        2405
    ],
    "8": [
        0.037348516285419464,
        1828
    ],
    "9": [
        0.06907127797603607,
        2341
    ],
    "10": [
        0.08168751746416092,
        2833
    ],
    "11": [
        0.026084113866090775,
        1475
    ],
    "12": [
        0.07590916752815247,
        2032
    ],
    "13": [
        0.07375899702310562,
        2426
    ],
    "14": [
        0.09992729127407074,
        2704
    ]
}