{"0": {"mean": -0.2896652817726135, "variance": 0.016094040125608444, "std_dev": 0.1268622875213623, "median": -0.316946804523468, "range": 0.6191851496696472, "iq_range": 0.12419150397181511, "density": 0.2400073715624005, "accuracy": -1.0, "distance": 1.525067925453186}, "1": {"mean": -0.28948163986206055, "variance": 0.016200389713048935, "std_dev": 0.12728075683116913, "median": -0.3071344494819641, "range": 0.6600216627120972, "iq_range": 0.136980839073658, "density": 0.23614327500731797, "accuracy": -1.0, "distance": 0.5573525428771973}, "2": {"mean": -0.2841857969760895, "variance": 0.0192384272813797, "std_dev": 0.1387026607990265, "median": -0.29617273807525635, "range": 0.6288362145423889, "iq_range": 0.18009140342473984, "density": 0.2379043714772758, "accuracy": 1.0, "distance": 0.8507983684539795}, "3": {"mean": -0.2877595126628876, "variance": 0.017194464802742004, "std_dev": 0.13112767040729523, "median": -0.30881765484809875, "range": 0.6191851496696472, "iq_range": 0.14052961394190788, "density": 0.23865898425884138, "accuracy": 1.0, "distance": 0.6420704126358032}, "4": {"mean": -0.29173657298088074, "variance": 0.014889780431985855, "std_dev": 0.12202368676662445, "median": -0.3215676546096802, "range": 0.6179154515266418, "iq_range": 0.1161177009344101, "density": 0.24307966723318447, "accuracy": -1.0, "distance": 0.9898326992988586}, "5": {"mean": -0.28646141290664673, "variance": 0.017939860001206398, "std_dev": 0.13393975794315338, "median": -0.30542540550231934, "range": 0.6179154515266418, "iq_range": 0.17506038025021553, "density": 0.23763652558609194, "accuracy": -1.0, "distance": 0.742352306842804}, "6": {"mean": -0.2891845703125, "variance": 0.016372283920645714, "std_dev": 0.12795422971248627, "median": -0.3090933561325073, "range": 0.6600216627120972, "iq_range": 0.1383843943476677, "density": 0.2336472747837841, "accuracy": -1.0, "distance": 0.9852803945541382}, "7": {"mean": -0.29399555921554565, "variance": 0.013566617853939533, "std_dev": 0.11647582799196243, "median": -0.3238977789878845, "range": 0.588211178779602, "iq_range": 0.10943867266178131, "density": 0.24411443046966208, "accuracy": 1.0, "distance": 0.2545245289802551}, "8": {"mean": -0.28729507327079773, "variance": 0.017461543902754784, "std_dev": 0.13214214146137238, "median": -0.30655479431152344, "range": 0.6179154515266418, "iq_range": 0.16727466508746147, "density": 0.2376072296341925, "accuracy": 1.0, "distance": 0.4207427203655243}, "9": {"mean": -0.2843835949897766, "variance": 0.019125964492559433, "std_dev": 0.13829664885997772, "median": -0.29504454135894775, "range": 0.6288362145423889, "iq_range": 0.16965162009000778, "density": 0.237238659124591, "accuracy": 1.0, "distance": 0.9969232082366943}, "10": {"mean": -0.2897336781024933, "variance": 0.016054389998316765, "std_dev": 0.12670591473579407, "median": -0.30923759937286377, "range": 0.6207359433174133, "iq_range": 0.13611572608351707, "density": 0.2353333705443435, "accuracy": -1.0, "distance": 0.6972280144691467}, "11": {"mean": -0.2871460020542145, "variance": 0.017547177150845528, "std_dev": 0.13246576488018036, "median": -0.3067522644996643, "range": 0.5961215496063232, "iq_range": 0.16314561292529106, "density": 0.2344324428447198, "accuracy": 1.0, "distance": 0.40941551327705383}, "12": {"mean": -0.28739482164382935, "variance": 0.01740420237183571, "std_dev": 0.13192498683929443, "median": -0.30890434980392456, "range": 0.6207359433174133, "iq_range": 0.1560158170759678, "density": 0.23763375200131226, "accuracy": -1.0, "distance": 0.5006800293922424}, "13": {"mean": -0.285555362701416, "variance": 0.01845814473927021, "std_dev": 0.13586075603961945, "median": -0.3056753873825073, "range": 0.6600216627120972, "iq_range": 0.16472861543297768, "density": 0.23506309212967683, "accuracy": -1.0, "distance": 0.9774603843688965}, "14": {"mean": -0.2884310185909271, "variance": 0.01680753380060196, "std_dev": 0.12964387238025665, "median": -0.30897319316864014, "range": 0.6600216627120972, "iq_range": 0.1321764811873436, "density": 0.23426409998218828, "accuracy": 1.0, "distance": 0.28467732667922974}}