{"0": {"mean": -0.28415507078170776, "variance": 0.01925589330494404, "std_dev": 0.1387656033039093, "median": -0.29640263319015503, "range": 0.6288362145423889, "iq_range": 0.1817767582833767, "density": 0.235060102002025, "accuracy": -1.0, "distance": 0.578680157661438}, "1": {"mean": -0.2868959903717041, "variance": 0.017690686509013176, "std_dev": 0.13300633430480957, "median": -0.30735504627227783, "range": 0.6179154515266418, "iq_range": 0.15473267436027527, "density": 0.23470169023199147, "accuracy": -1.0, "distance": 0.6130253672599792}, "2": {"mean": -0.28563523292541504, "variance": 0.0184125155210495, "std_dev": 0.13569273054599762, "median": -0.30628278851509094, "range": 0.6007345914840698, "iq_range": 0.16513895243406296, "density": 0.2345268309544756, "accuracy": 1.0, "distance": 1.0060890913009644}, "3": {"mean": -0.2874992787837982, "variance": 0.017344173043966293, "std_dev": 0.13169728219509125, "median": -0.3068840205669403, "range": 0.6207359433174133, "iq_range": 0.1485716663300991, "density": 0.23656397435475543, "accuracy": 1.0, "distance": 0.8138992190361023}, "4": {"mean": -0.28741082549095154, "variance": 0.01739501953125, "std_dev": 0.1318901777267456, "median": -0.31130486726760864, "range": 0.6146379113197327, "iq_range": 0.1443416252732277, "density": 0.2358673824787539, "accuracy": 1.0, "distance": 0.6365112662315369}, "5": {"mean": -0.2867165505886078, "variance": 0.017793621867895126, "std_dev": 0.13339273631572723, "median": -0.2996712923049927, "range": 0.6288362145423889, "iq_range": 0.15470512956380844, "density": 0.2339488639796959, "accuracy": 1.0, "distance": 0.30779343843460083}, "6": {"mean": -0.2875515818595886, "variance": 0.01731407828629017, "std_dev": 0.13158297538757324, "median": -0.3037927746772766, "range": 0.6600216627120972, "iq_range": 0.14484278857707977, "density": 0.23664420720958482, "accuracy": -1.0, "distance": 0.5638834238052368}, "7": {"mean": -0.2895551919937134, "variance": 0.016157785430550575, "std_dev": 0.12711328268051147, "median": -0.30819371342658997, "range": 0.6207359433174133, "iq_range": 0.13733533397316933, "density": 0.23643887020870352, "accuracy": -1.0, "distance": 1.326979637145996}, "8": {"mean": -0.28770744800567627, "variance": 0.01722441427409649, "std_dev": 0.1312418133020401, "median": -0.3068104088306427, "range": 0.6600216627120972, "iq_range": 0.1528109833598137, "density": 0.23969918483500913, "accuracy": -1.0, "distance": 1.02652108669281}, "9": {"mean": -0.2898901700973511, "variance": 0.015963692218065262, "std_dev": 0.12634751200675964, "median": -0.3068278133869171, "range": 0.6135308146476746, "iq_range": 0.13915852829813957, "density": 0.2356113667478436, "accuracy": -1.0, "distance": 0.823986291885376}, "10": {"mean": -0.28572484850883484, "variance": 0.01836131513118744, "std_dev": 0.13550393283367157, "median": -0.30250120162963867, "range": 0.6288362145423889, "iq_range": 0.14941872656345367, "density": 0.2352325341813392, "accuracy": -1.0, "distance": 0.8052176237106323}, "11": {"mean": -0.28738918900489807, "variance": 0.017407463863492012, "std_dev": 0.13193735480308533, "median": -0.30307868123054504, "range": 0.6600216627120972, "iq_range": 0.14781979471445084, "density": 0.2349815152395058, "accuracy": -1.0, "distance": 0.5770071148872375}, "12": {"mean": -0.2835437059402466, "variance": 0.01960296928882599, "std_dev": 0.14001061022281647, "median": -0.29342687129974365, "range": 0.6600216627120972, "iq_range": 0.1850764863193035, "density": 0.23540676154901702, "accuracy": -1.0, "distance": 1.0766032934188843}, "13": {"mean": -0.2893257439136505, "variance": 0.01629059948027134, "std_dev": 0.12763462960720062, "median": -0.3131519556045532, "range": 0.6600216627120972, "iq_range": 0.13236096128821373, "density": 0.23588347337005094, "accuracy": 1.0, "distance": 0.8122562766075134}, "14": {"mean": -0.29122084379196167, "variance": 0.015190412290394306, "std_dev": 0.12324938923120499, "median": -0.3184276819229126, "range": 0.6600216627120972, "iq_range": 0.11701782047748566, "density": 0.2428073980760741, "accuracy": -1.0, "distance": 0.9383639693260193}}