{"0": {"mean": -0.28649476170539856, "variance": 0.017920756712555885, "std_dev": 0.13386842608451843, "median": -0.3072029948234558, "range": 0.6207359433174133, "iq_range": 0.15987038239836693, "density": 0.23749625701028546, "accuracy": 1.0, "distance": 1.2031633853912354}, "1": {"mean": -0.29155004024505615, "variance": 0.01499856822192669, "std_dev": 0.12246864289045334, "median": -0.31758978962898254, "range": 0.6079211831092834, "iq_range": 0.11255428194999695, "density": 0.2448298377004919, "accuracy": 1.0, "distance": 1.2669984102249146}, "2": {"mean": -0.28960204124450684, "variance": 0.016130652278661728, "std_dev": 0.12700650095939636, "median": -0.3148903250694275, "range": 0.5961215496063232, "iq_range": 0.14562742039561272, "density": 0.2384601209842486, "accuracy": 1.0, "distance": 0.39458897709846497}, "3": {"mean": -0.28600013256073, "variance": 0.018203912302851677, "std_dev": 0.1349218785762787, "median": -0.3066680133342743, "range": 0.6600216627120972, "iq_range": 0.1632809415459633, "density": 0.23605785273389973, "accuracy": 1.0, "distance": 0.6335472464561462}, "4": {"mean": -0.2869515120983124, "variance": 0.017658833414316177, "std_dev": 0.13288654386997223, "median": -0.31127142906188965, "range": 0.6207359433174133, "iq_range": 0.15724287927150726, "density": 0.2365305215188153, "accuracy": -1.0, "distance": 0.9164018630981445}, "5": {"mean": -0.285739928483963, "variance": 0.018352694809436798, "std_dev": 0.1354721188545227, "median": -0.3019171953201294, "range": 0.6600216627120972, "iq_range": 0.17380006611347198, "density": 0.2382872311322148, "accuracy": 1.0, "distance": 0.7001864910125732}, "6": {"mean": -0.2869006395339966, "variance": 0.017688030377030373, "std_dev": 0.1329963505268097, "median": -0.2991606295108795, "range": 0.6288362145423889, "iq_range": 0.15250566974282265, "density": 0.23344878779088865, "accuracy": -1.0, "distance": 0.7989925742149353}, "7": {"mean": -0.2905837297439575, "variance": 0.015561094507575035, "std_dev": 0.12474411725997925, "median": -0.31943535804748535, "range": 0.6179154515266418, "iq_range": 0.13539527356624603, "density": 0.23548615940262363, "accuracy": 1.0, "distance": 0.6250263452529907}, "8": {"mean": -0.2880057990550995, "variance": 0.017052676528692245, "std_dev": 0.13058589398860931, "median": -0.3042181730270386, "range": 0.6600216627120972, "iq_range": 0.1493290588259697, "density": 0.23779480359061636, "accuracy": -1.0, "distance": 1.3782198429107666}, "9": {"mean": -0.28776493668556213, "variance": 0.01719135232269764, "std_dev": 0.13111579418182373, "median": -0.30899718403816223, "range": 0.6288362145423889, "iq_range": 0.15355528891086578, "density": 0.23621396773503692, "accuracy": 1.0, "distance": 0.5978835821151733}, "10": {"mean": -0.2845190465450287, "variance": 0.019048910588026047, "std_dev": 0.13801778852939606, "median": -0.3016536235809326, "range": 0.6288362145423889, "iq_range": 0.16610771790146828, "density": 0.23350838873603383, "accuracy": 1.0, "distance": 0.9494245052337646}, "11": {"mean": -0.29143470525741577, "variance": 0.015065817162394524, "std_dev": 0.12274289131164551, "median": -0.319923460483551, "range": 0.6207359433174133, "iq_range": 0.12474117800593376, "density": 0.23779027755586604, "accuracy": 1.0, "distance": 0.40033531188964844}, "12": {"mean": -0.28447309136390686, "variance": 0.019075078889727592, "std_dev": 0.13811255991458893, "median": -0.29965221881866455, "range": 0.6207359433174133, "iq_range": 0.1639813929796219, "density": 0.23570072575583706, "accuracy": 1.0, "distance": 0.9356159567832947}, "13": {"mean": -0.29066717624664307, "variance": 0.015512578189373016, "std_dev": 0.124549500644207, "median": -0.3129388988018036, "range": 0.6600216627120972, "iq_range": 0.13104747608304024, "density": 0.23342698786306632, "accuracy": -1.0, "distance": 0.8919697403907776}, "14": {"mean": -0.28849345445632935, "variance": 0.016771506518125534, "std_dev": 0.12950484454631805, "median": -0.3064318895339966, "range": 0.6600216627120972, "iq_range": 0.13976671546697617, "density": 0.24011767334953726, "accuracy": -1.0, "distance": 0.7032445073127747}}