{"0": {"mean": -0.28536808490753174, "variance": 0.018565064296126366, "std_dev": 0.13625366985797882, "median": -0.3080484867095947, "range": 0.6600216627120972, "iq_range": 0.16444365680217743, "density": 0.23646446666306686, "accuracy": 1.0, "distance": 1.0439597368240356}, "1": {"mean": -0.2915324568748474, "variance": 0.015008816495537758, "std_dev": 0.12251047790050507, "median": -0.31916874647140503, "range": 0.6191850900650024, "iq_range": 0.11861992627382278, "density": 0.2409538098259605, "accuracy": 1.0, "distance": 0.44144579768180847}, "2": {"mean": -0.2895969748497009, "variance": 0.016133584082126617, "std_dev": 0.1270180493593216, "median": -0.31497299671173096, "range": 0.6600216627120972, "iq_range": 0.13524749130010605, "density": 0.23904093854762617, "accuracy": -1.0, "distance": 1.2222073078155518}, "3": {"mean": -0.2861415445804596, "variance": 0.01812301203608513, "std_dev": 0.1346217393875122, "median": -0.3026987612247467, "range": 0.6179154515266418, "iq_range": 0.16778656840324402, "density": 0.23449430748758066, "accuracy": 1.0, "distance": 0.24546408653259277}, "4": {"mean": -0.28376567363739014, "variance": 0.019477039575576782, "std_dev": 0.13956016302108765, "median": -0.2968076467514038, "range": 0.6191851496696472, "iq_range": 0.1716836392879486, "density": 0.23505878937097455, "accuracy": 1.0, "distance": 0.982357919216156}, "5": {"mean": -0.28603801131248474, "variance": 0.018182242289185524, "std_dev": 0.13484154641628265, "median": -0.3039027750492096, "range": 0.6600216627120972, "iq_range": 0.17358249053359032, "density": 0.23571604346566596, "accuracy": -1.0, "distance": 0.8616830706596375}, "6": {"mean": -0.2935253381729126, "variance": 0.013842877000570297, "std_dev": 0.11765575408935547, "median": -0.322547972202301, "range": 0.6079211831092834, "iq_range": 0.10731310397386551, "density": 0.24040604423755627, "accuracy": 1.0, "distance": 0.5079981684684753}, "7": {"mean": -0.2865932881832123, "variance": 0.01786429062485695, "std_dev": 0.13365736603736877, "median": -0.30630022287368774, "range": 0.6600216627120972, "iq_range": 0.14464076980948448, "density": 0.23559858597803826, "accuracy": -1.0, "distance": 1.2132283449172974}, "8": {"mean": -0.29050537943840027, "variance": 0.015606611035764217, "std_dev": 0.12492642551660538, "median": -0.3157002329826355, "range": 0.5961215496063232, "iq_range": 0.13133876398205757, "density": 0.23780074707685533, "accuracy": -1.0, "distance": 1.0843586921691895}, "9": {"mean": -0.2886016368865967, "variance": 0.016709113493561745, "std_dev": 0.1292637288570404, "median": -0.3060101866722107, "range": 0.6191851496696472, "iq_range": 0.13855042308568954, "density": 0.23562668811323284, "accuracy": 1.0, "distance": 0.31483352184295654}, "10": {"mean": -0.28815656900405884, "variance": 0.01696578972041607, "std_dev": 0.13025279343128204, "median": -0.3076218366622925, "range": 0.6600216627120972, "iq_range": 0.1474192850291729, "density": 0.23466384748504443, "accuracy": 1.0, "distance": 0.440536230802536}, "11": {"mean": -0.2875124514102936, "variance": 0.01733657345175743, "std_dev": 0.13166841864585876, "median": -0.31093674898147583, "range": 0.6179154515266418, "iq_range": 0.16184044629335403, "density": 0.23610462519195727, "accuracy": 1.0, "distance": 0.29575446248054504}, "12": {"mean": -0.28835582733154297, "variance": 0.016850918531417847, "std_dev": 0.129811093211174, "median": -0.3142337501049042, "range": 0.6288362145423889, "iq_range": 0.14068372175097466, "density": 0.2399672791692224, "accuracy": 1.0, "distance": 0.8750953674316406}, "13": {"mean": -0.28693944215774536, "variance": 0.017665740102529526, "std_dev": 0.1329125314950943, "median": -0.3008785843849182, "range": 0.6207359433174133, "iq_range": 0.16122552752494812, "density": 0.23585810928238127, "accuracy": -1.0, "distance": 0.5185506343841553}, "14": {"mean": -0.28665170073509216, "variance": 0.017830798402428627, "std_dev": 0.13353201746940613, "median": -0.3034645915031433, "range": 0.6600216627120972, "iq_range": 0.14979825913906097, "density": 0.23422998740317355, "accuracy": -1.0, "distance": 0.8589344620704651}}