{"0": {"mean": -0.29379966855049133, "variance": 0.013681753538548946, "std_dev": 0.1169690266251564, "median": -0.3239983916282654, "range": 0.5784083008766174, "iq_range": 0.1086779534816742, "density": 0.24389912838062286, "accuracy": -1.0, "distance": 0.48379260301589966}, "1": {"mean": -0.2927265763282776, "variance": 0.014311155304312706, "std_dev": 0.11962924152612686, "median": -0.3204940855503082, "range": 0.6191851496696472, "iq_range": 0.11519097536802292, "density": 0.24489825730409143, "accuracy": -1.0, "distance": 1.2087925672531128}, "2": {"mean": -0.2885812520980835, "variance": 0.016720855608582497, "std_dev": 0.12930914759635925, "median": -0.30621108412742615, "range": 0.6207359433174133, "iq_range": 0.14636550471186638, "density": 0.23630163495548834, "accuracy": -1.0, "distance": 1.2276068925857544}, "3": {"mean": -0.29031580686569214, "variance": 0.015716729685664177, "std_dev": 0.12536637485027313, "median": -0.3166656792163849, "range": 0.6600216627120972, "iq_range": 0.12051482871174812, "density": 0.2426837404240894, "accuracy": 1.0, "distance": 0.9334554076194763}, "4": {"mean": -0.28979572653770447, "variance": 0.016018440946936607, "std_dev": 0.12656398117542267, "median": -0.31350451707839966, "range": 0.6207359433174133, "iq_range": 0.12968875840306282, "density": 0.23692277734951198, "accuracy": -1.0, "distance": 1.3914387226104736}, "5": {"mean": -0.29211828112602234, "variance": 0.014666921459138393, "std_dev": 0.1211070641875267, "median": -0.32043176889419556, "range": 0.6288362145423889, "iq_range": 0.11869602650403976, "density": 0.24579266583093692, "accuracy": 1.0, "distance": 0.5758873820304871}, "6": {"mean": -0.28338325023651123, "variance": 0.019693946465849876, "std_dev": 0.14033512771129608, "median": -0.2994954586029053, "range": 0.6288361549377441, "iq_range": 0.17134177312254906, "density": 0.2342646132607598, "accuracy": 1.0, "distance": 1.04951810836792}, "7": {"mean": -0.2905862331390381, "variance": 0.015559655614197254, "std_dev": 0.12473835051059723, "median": -0.31712883710861206, "range": 0.6179154515266418, "iq_range": 0.12918821349740028, "density": 0.23999146873967805, "accuracy": -1.0, "distance": 0.9186356663703918}, "8": {"mean": -0.2898358106613159, "variance": 0.015995217487215996, "std_dev": 0.12647220492362976, "median": -0.3157653212547302, "range": 0.6600216627120972, "iq_range": 0.13295335322618484, "density": 0.2381689802417134, "accuracy": -1.0, "distance": 0.985916793346405}, "9": {"mean": -0.29304683208465576, "variance": 0.01412353478372097, "std_dev": 0.1188424825668335, "median": -0.3236252963542938, "range": 0.588211178779602, "iq_range": 0.11369656771421432, "density": 0.24620103594973286, "accuracy": 1.0, "distance": 0.5917159914970398}, "10": {"mean": -0.28478649258613586, "variance": 0.018896663561463356, "std_dev": 0.13746513426303864, "median": -0.29770833253860474, "range": 0.6191851496696472, "iq_range": 0.17109853401780128, "density": 0.23502229478567033, "accuracy": 1.0, "distance": 1.27559494972229}, "11": {"mean": -0.2898504436016083, "variance": 0.01598672941327095, "std_dev": 0.12643863260746002, "median": -0.3131321966648102, "range": 0.6079211831092834, "iq_range": 0.14135364443063736, "density": 0.23548687309849314, "accuracy": 1.0, "distance": 0.7427738308906555}, "12": {"mean": -0.28818967938423157, "variance": 0.016946714371442795, "std_dev": 0.1301795393228531, "median": -0.30694663524627686, "range": 0.6600216627120972, "iq_range": 0.15260881930589676, "density": 0.2375840238896532, "accuracy": -1.0, "distance": 0.5701351165771484}, "13": {"mean": -0.2855565845966339, "variance": 0.01845744624733925, "std_dev": 0.1358581781387329, "median": -0.29797089099884033, "range": 0.6013028025627136, "iq_range": 0.1650591418147087, "density": 0.23680758116327336, "accuracy": 1.0, "distance": 0.8275706171989441}, "14": {"mean": -0.28464990854263306, "variance": 0.01897442154586315, "std_dev": 0.13774767518043518, "median": -0.296128511428833, "range": 0.6179154515266418, "iq_range": 0.17721175774931908, "density": 0.23618675239433842, "accuracy": 1.0, "distance": 0.7053270936012268}}