{"0": {"mean": -0.2856111228466034, "variance": 0.018426302820444107, "std_dev": 0.13574351370334625, "median": -0.30076003074645996, "range": 0.6600216627120972, "iq_range": 0.15657484531402588, "density": 0.2348641463588345, "accuracy": -1.0, "distance": 1.1510666608810425}, "1": {"mean": -0.2878789007663727, "variance": 0.017125749960541725, "std_dev": 0.13086539506912231, "median": -0.31045907735824585, "range": 0.6079211831092834, "iq_range": 0.1479143537580967, "density": 0.2374108608070357, "accuracy": 1.0, "distance": 1.0092658996582031}, "2": {"mean": -0.2923566699028015, "variance": 0.014527590945363045, "std_dev": 0.12053045630455017, "median": -0.3167908489704132, "range": 0.578887403011322, "iq_range": 0.12442713230848312, "density": 0.23500287571606768, "accuracy": -1.0, "distance": 0.6378512978553772}, "3": {"mean": -0.2873334586620331, "variance": 0.017439477145671844, "std_dev": 0.13205860555171967, "median": -0.3080883026123047, "range": 0.6207359433174133, "iq_range": 0.15493616089224815, "density": 0.2360526661175575, "accuracy": 1.0, "distance": 0.20411796867847443}, "4": {"mean": -0.2840181291103363, "variance": 0.019333701580762863, "std_dev": 0.13904568552970886, "median": -0.2975553870201111, "range": 0.6191851496696472, "iq_range": 0.1770653948187828, "density": 0.23308069446087487, "accuracy": 1.0, "distance": 0.7278172373771667}, "5": {"mean": -0.2873334586620331, "variance": 0.017439477145671844, "std_dev": 0.13205860555171967, "median": -0.3080883026123047, "range": 0.6207359433174133, "iq_range": 0.15493616089224815, "density": 0.23605266611755749, "accuracy": 1.0, "distance": 0.20385658740997314}, "6": {"mean": -0.28828662633895874, "variance": 0.016890818253159523, "std_dev": 0.129964679479599, "median": -0.3093804121017456, "range": 0.6207359433174133, "iq_range": 0.1475290134549141, "density": 0.2324120403767052, "accuracy": -1.0, "distance": 1.1326099634170532}, "7": {"mean": -0.2856568694114685, "variance": 0.018400141969323158, "std_dev": 0.13564711809158325, "median": -0.3012557029724121, "range": 0.6013028025627136, "iq_range": 0.16119220480322838, "density": 0.23410482685876327, "accuracy": 1.0, "distance": 0.9422014951705933}, "8": {"mean": -0.28676116466522217, "variance": 0.01776801608502865, "std_dev": 0.13329672813415527, "median": -0.302120566368103, "range": 0.6600216627120972, "iq_range": 0.1640954129397869, "density": 0.2333296039325187, "accuracy": -1.0, "distance": 0.6117165684700012}, "9": {"mean": -0.2897416353225708, "variance": 0.016049770638346672, "std_dev": 0.126687690615654, "median": -0.3115083575248718, "range": 0.6600216627120972, "iq_range": 0.1324787475168705, "density": 0.23788361023310264, "accuracy": -1.0, "distance": 0.8979016542434692}, "10": {"mean": -0.29204413294792175, "variance": 0.014710234478116035, "std_dev": 0.12128575891256332, "median": -0.3215676546096802, "range": 0.588631808757782, "iq_range": 0.11638053506612778, "density": 0.24300456807086712, "accuracy": 1.0, "distance": 0.5287785530090332}, "11": {"mean": -0.2881948947906494, "variance": 0.016943711787462234, "std_dev": 0.13016802072525024, "median": -0.30545365810394287, "range": 0.6207359433174133, "iq_range": 0.1380080282688141, "density": 0.2363797997829975, "accuracy": -1.0, "distance": 0.787061333656311}, "12": {"mean": -0.28901317715644836, "variance": 0.01647138223052025, "std_dev": 0.12834088504314423, "median": -0.30483531951904297, "range": 0.6207359433174133, "iq_range": 0.14203905686736107, "density": 0.23598247506509132, "accuracy": -1.0, "distance": 1.0522606372833252}, "13": {"mean": -0.2873425781726837, "variance": 0.017434226348996162, "std_dev": 0.13203872740268707, "median": -0.30540597438812256, "range": 0.6600216627120972, "iq_range": 0.14846040681004524, "density": 0.23645406461314622, "accuracy": -1.0, "distance": 0.8563951253890991}, "14": {"mean": -0.29027417302131653, "variance": 0.01574091799557209, "std_dev": 0.12546281516551971, "median": -0.3160059452056885, "range": 0.6288360953330994, "iq_range": 0.12701047956943512, "density": 0.2449255695224644, "accuracy": 1.0, "distance": 0.4888121783733368}}