{"0": {"mean": -0.28573906421661377, "variance": 0.018353190273046494, "std_dev": 0.13547395169734955, "median": -0.3075512647628784, "range": 0.6207359433174133, "iq_range": 0.17278147861361504, "density": 0.23889986768132007, "accuracy": 1.0, "distance": 1.0907821655273438}, "1": {"mean": -0.2854367196559906, "variance": 0.018525894731283188, "std_dev": 0.136109858751297, "median": -0.29825735092163086, "range": 0.6179154515266418, "iq_range": 0.1632700264453888, "density": 0.236341274096458, "accuracy": 1.0, "distance": 0.8610162138938904}, "2": {"mean": -0.2883898913860321, "variance": 0.01683126948773861, "std_dev": 0.12973538041114807, "median": -0.3055970072746277, "range": 0.6207359433174133, "iq_range": 0.14270107448101044, "density": 0.23599808250081367, "accuracy": -1.0, "distance": 1.0186266899108887}, "3": {"mean": -0.2829311490058899, "variance": 0.01994997449219227, "std_dev": 0.14124438166618347, "median": -0.28990477323532104, "range": 0.6288362145423889, "iq_range": 0.1680072732269764, "density": 0.2343073282441067, "accuracy": -1.0, "distance": 0.9061466455459595}, "4": {"mean": -0.28759679198265076, "variance": 0.017288081347942352, "std_dev": 0.13148415088653564, "median": -0.3073546290397644, "range": 0.6288362145423889, "iq_range": 0.1575871929526329, "density": 0.2380909139459973, "accuracy": -1.0, "distance": 1.1695395708084106}, "5": {"mean": -0.2894389033317566, "variance": 0.016225112602114677, "std_dev": 0.12737783789634705, "median": -0.316426157951355, "range": 0.6007345914840698, "iq_range": 0.13259931653738022, "density": 0.23960511908225599, "accuracy": 1.0, "distance": 1.0015218257904053}, "6": {"mean": -0.28872087597846985, "variance": 0.01664026640355587, "std_dev": 0.12899716198444366, "median": -0.30655917525291443, "range": 0.6600216627120972, "iq_range": 0.14177513495087624, "density": 0.23750925848356852, "accuracy": -1.0, "distance": 1.1770702600479126}, "7": {"mean": -0.28939929604530334, "variance": 0.01624804362654686, "std_dev": 0.1274678111076355, "median": -0.3075728416442871, "range": 0.6207359433174133, "iq_range": 0.14280088618397713, "density": 0.23864205483033665, "accuracy": -1.0, "distance": 0.7079154253005981}, "8": {"mean": -0.2908656597137451, "variance": 0.015397170558571815, "std_dev": 0.12408533692359924, "median": -0.31874722242355347, "range": 0.6079211831092834, "iq_range": 0.11629953980445862, "density": 0.24180652701447763, "accuracy": 1.0, "distance": 0.675016462802887}, "9": {"mean": -0.28877678513526917, "variance": 0.01660795882344246, "std_dev": 0.1288718730211258, "median": -0.3090933561325073, "range": 0.6007345914840698, "iq_range": 0.14150071516633034, "density": 0.2319806328054657, "accuracy": -1.0, "distance": 0.8921823501586914}, "10": {"mean": -0.29064276814460754, "variance": 0.01552679855376482, "std_dev": 0.12460657209157944, "median": -0.3116590976715088, "range": 0.6207359433174133, "iq_range": 0.13321537151932716, "density": 0.23332395492560526, "accuracy": 1.0, "distance": 0.5230384469032288}, "11": {"mean": -0.28939929604530334, "variance": 0.01624804362654686, "std_dev": 0.1274678111076355, "median": -0.3075728416442871, "range": 0.6207359433174133, "iq_range": 0.14280088618397713, "density": 0.23864205483033663, "accuracy": -1.0, "distance": 0.7081143856048584}, "12": {"mean": -0.2876565456390381, "variance": 0.017253711819648743, "std_dev": 0.13135337829589844, "median": -0.30381447076797485, "range": 0.6600216627120972, "iq_range": 0.14732617512345314, "density": 0.23579062335799372, "accuracy": -1.0, "distance": 1.1150505542755127}, "13": {"mean": -0.28831174969673157, "variance": 0.016876334324479103, "std_dev": 0.129908949136734, "median": -0.3107452988624573, "range": 0.6288361549377441, "iq_range": 0.142044335603714, "density": 0.24052644658503014, "accuracy": -1.0, "distance": 1.362541675567627}, "14": {"mean": -0.28627628087997437, "variance": 0.018045907840132713, "std_dev": 0.13433505594730377, "median": -0.29823076725006104, "range": 0.6288362145423889, "iq_range": 0.16329355537891388, "density": 0.23491510613631392, "accuracy": 1.0, "distance": 0.9803091287612915}}