{"0": {"mean": -0.28376486897468567, "variance": 0.01947750151157379, "std_dev": 0.13956181704998016, "median": -0.2943611741065979, "range": 0.6288362145423889, "iq_range": 0.16786877065896988, "density": 0.23289685692936984, "accuracy": -1.0, "distance": 0.698764443397522}, "1": {"mean": -0.2867495119571686, "variance": 0.017774730920791626, "std_dev": 0.13332191109657288, "median": -0.3053954243659973, "range": 0.6179154515266418, "iq_range": 0.16849150508642197, "density": 0.2400403327275016, "accuracy": 1.0, "distance": 0.8286452293395996}, "2": {"mean": -0.2896614074707031, "variance": 0.016096265986561775, "std_dev": 0.12687106430530548, "median": -0.31449636816978455, "range": 0.6600216627120972, "iq_range": 0.13122772797942162, "density": 0.2373283905266869, "accuracy": -1.0, "distance": 0.6733929514884949}, "3": {"mean": -0.28818798065185547, "variance": 0.016947688534855843, "std_dev": 0.13018329441547394, "median": -0.31277817487716675, "range": 0.6288362145423889, "iq_range": 0.14181164652109146, "density": 0.2355832700528926, "accuracy": -1.0, "distance": 1.210821509361267}, "4": {"mean": -0.28510913252830505, "variance": 0.018712790682911873, "std_dev": 0.13679470121860504, "median": -0.29512375593185425, "range": 0.6191851496696472, "iq_range": 0.15948067232966423, "density": 0.23464776436967422, "accuracy": -1.0, "distance": 0.4793785512447357}, "5": {"mean": -0.28712543845176697, "variance": 0.017558986321091652, "std_dev": 0.13251031935214996, "median": -0.3049646019935608, "range": 0.6600216627120972, "iq_range": 0.14601294323801994, "density": 0.23415195851689297, "accuracy": 1.0, "distance": 0.9866002798080444}, "6": {"mean": -0.2910897731781006, "variance": 0.015266727656126022, "std_dev": 0.12355860322713852, "median": -0.3175848722457886, "range": 0.6288362145423889, "iq_range": 0.11768417060375214, "density": 0.24408450872021853, "accuracy": -1.0, "distance": 0.9893036484718323}, "7": {"mean": -0.29053398966789246, "variance": 0.015589997172355652, "std_dev": 0.12485990673303604, "median": -0.3187260627746582, "range": 0.6288362145423889, "iq_range": 0.1251782327890396, "density": 0.24455923714671518, "accuracy": 1.0, "distance": 1.2766870260238647}, "8": {"mean": -0.28538891673088074, "variance": 0.01855316385626793, "std_dev": 0.13620999455451965, "median": -0.30753231048583984, "range": 0.6600216627120972, "iq_range": 0.17455318570137024, "density": 0.23857624389153162, "accuracy": 1.0, "distance": 0.9278568029403687}, "9": {"mean": -0.2910640835762024, "variance": 0.015281702391803265, "std_dev": 0.1236191838979721, "median": -0.3149636387825012, "range": 0.588211178779602, "iq_range": 0.12943591177463531, "density": 0.23355360938515604, "accuracy": 1.0, "distance": 0.11097431182861328}, "10": {"mean": -0.285999059677124, "variance": 0.018204543739557266, "std_dev": 0.13492421805858612, "median": -0.29954594373703003, "range": 0.6288362145423889, "iq_range": 0.1637810692191124, "density": 0.2339186547096386, "accuracy": 1.0, "distance": 0.3741866648197174}, "11": {"mean": -0.2888912260532379, "variance": 0.016541842371225357, "std_dev": 0.1286150962114334, "median": -0.3127222955226898, "range": 0.5967985987663269, "iq_range": 0.13764124363660812, "density": 0.2348393511057997, "accuracy": 1.0, "distance": 0.18801413476467133}, "12": {"mean": -0.2843727469444275, "variance": 0.019132152199745178, "std_dev": 0.13831903040409088, "median": -0.29825735092163086, "range": 0.6191851496696472, "iq_range": 0.1757916659116745, "density": 0.23485263590718847, "accuracy": -1.0, "distance": 1.0013456344604492}, "13": {"mean": -0.2895645797252655, "variance": 0.016152366995811462, "std_dev": 0.12709195911884308, "median": -0.3086659014225006, "range": 0.6600216627120972, "iq_range": 0.13098806887865067, "density": 0.2361749504685728, "accuracy": -1.0, "distance": 0.8974383473396301}, "14": {"mean": -0.28945106267929077, "variance": 0.01621808297932148, "std_dev": 0.12735024094581604, "median": -0.31089848279953003, "range": 0.6079211831092834, "iq_range": 0.13870803266763687, "density": 0.2355720170025508, "accuracy": -1.0, "distance": 0.9847424626350403}}