{"0": {"mean": -0.2843702435493469, "variance": 0.01913355477154255, "std_dev": 0.1383240967988968, "median": -0.2984354496002197, "range": 0.6288362145423889, "iq_range": 0.166993610560894, "density": 0.2331673295009852, "accuracy": 1.0, "distance": 1.297926425933838}, "1": {"mean": -0.2895796000957489, "variance": 0.016143662855029106, "std_dev": 0.12705771625041962, "median": -0.3133206069469452, "range": 0.6600216627120972, "iq_range": 0.12065067514777184, "density": 0.24145540374638622, "accuracy": -1.0, "distance": 1.4433172941207886}, "2": {"mean": -0.2858807444572449, "variance": 0.018272215500473976, "std_dev": 0.13517476618289948, "median": -0.30476340651512146, "range": 0.6288361549377441, "iq_range": 0.1583850160241127, "density": 0.2351748744333609, "accuracy": -1.0, "distance": 1.185728907585144}, "3": {"mean": -0.2877122163772583, "variance": 0.01722167618572712, "std_dev": 0.1312313824892044, "median": -0.31067174673080444, "range": 0.6191851496696472, "iq_range": 0.14409925416111946, "density": 0.23814809849262678, "accuracy": 1.0, "distance": 0.7955101728439331}, "4": {"mean": -0.28914621472358704, "variance": 0.016394473612308502, "std_dev": 0.12804090976715088, "median": -0.31068897247314453, "range": 0.6600216627120972, "iq_range": 0.13369251042604446, "density": 0.2365255358104165, "accuracy": -1.0, "distance": 1.34134042263031}, "5": {"mean": -0.28688541054725647, "variance": 0.01769675314426422, "std_dev": 0.13302914798259735, "median": -0.30513671040534973, "range": 0.6600216627120972, "iq_range": 0.15763987228274345, "density": 0.23469019969222532, "accuracy": -1.0, "distance": 1.055809497833252}, "6": {"mean": -0.29280421137809753, "variance": 0.014265701174736023, "std_dev": 0.11943911015987396, "median": -0.32030612230300903, "range": 0.6079211831092834, "iq_range": 0.11273638904094696, "density": 0.24639447863512876, "accuracy": 1.0, "distance": 0.6701922416687012}, "7": {"mean": -0.2849552035331726, "variance": 0.01880052126944065, "std_dev": 0.1371149867773056, "median": -0.29913488030433655, "range": 0.6207359433174133, "iq_range": 0.17062843590974808, "density": 0.23608653883988845, "accuracy": -1.0, "distance": 1.1457233428955078}, "8": {"mean": -0.2852603793144226, "variance": 0.018626518547534943, "std_dev": 0.13647900521755219, "median": -0.29768240451812744, "range": 0.6288362145423889, "iq_range": 0.16847915202379227, "density": 0.2347373951910152, "accuracy": -1.0, "distance": 1.1058504581451416}, "9": {"mean": -0.28572171926498413, "variance": 0.01836310513317585, "std_dev": 0.13551053404808044, "median": -0.30436572432518005, "range": 0.6191851496696472, "iq_range": 0.15597447007894516, "density": 0.2376679695296543, "accuracy": -1.0, "distance": 1.2458531856536865}, "10": {"mean": -0.2895447611808777, "variance": 0.01616382598876953, "std_dev": 0.12713703513145447, "median": -0.31617534160614014, "range": 0.6600216627120972, "iq_range": 0.1344086118042469, "density": 0.23755713556673055, "accuracy": 1.0, "distance": 1.1979694366455078}, "11": {"mean": -0.2903650999069214, "variance": 0.015688104555010796, "std_dev": 0.1252521574497223, "median": -0.31611838936805725, "range": 0.6600216627120972, "iq_range": 0.1288548856973648, "density": 0.2375215694521027, "accuracy": -1.0, "distance": 0.569959819316864}, "12": {"mean": -0.2886864244937897, "variance": 0.01666012965142727, "std_dev": 0.1290741264820099, "median": -0.30989307165145874, "range": 0.6191849708557129, "iq_range": 0.14021039009094238, "density": 0.23777901009354988, "accuracy": -1.0, "distance": 0.6748548746109009}, "13": {"mean": -0.2865816056728363, "variance": 0.017870990559458733, "std_dev": 0.13368242979049683, "median": -0.3087579011917114, "range": 0.6600216627120972, "iq_range": 0.15602584928274155, "density": 0.23919458318895837, "accuracy": 1.0, "distance": 0.8820858597755432}, "14": {"mean": -0.2848409414291382, "variance": 0.018865639343857765, "std_dev": 0.13735224306583405, "median": -0.2971552610397339, "range": 0.6179154515266418, "iq_range": 0.1712634675204754, "density": 0.23580558064313484, "accuracy": 1.0, "distance": 0.7063055038452148}}