{
    "0": [
        3.9608084196509505,
        0
    ],
    "1": [
        0.6154010400938335,
        0
    ],
    "2": [
        0.0,
        0
    ],
    "3": [
        2.0038530839001294,
        0
    ],
    "4": [
        0.0,
        0
    ],
    "5": [
        0.0,
        0
    ],
    "6": [
        2.0782486346700364,
        0
    ],
    "7": [
        2.6427368599460785,
        0
    ],
    "8": [
        2.0301998646742603,
        0
    ],
    "9": [
        2.4323495123525682,
        0
    ],
    "10": [
        0.0,
        0
    ],
    "11": [
        2.531362602521334,
        0
    ],
    "12": [
        0.0,
        0
    ],
    "13": [
        0.0,
        0
    ],
    "14": [
        0.7617968948914748,
        0
    ]
}