{
    "0": [
        0.0,
        0
    ],
    "1": [
        0.8679666680664967,
        0
    ],
    "2": [
        3.869544276997524,
        0
    ],
    "3": [
        0.24618551927163174,
        0
    ],
    "4": [
        0.48774491034214634,
        0
    ],
    "5": [
        0.7477764774849028,
        0
    ],
    "6": [
        1.3252734050605979,
        0
    ],
    "7": [
        6.00248086120864,
        0
    ],
    "8": [
        1.9578122943007907,
        0
    ],
    "9": [
        0.6803171163658406,
        0
    ],
    "10": [
        2.153639311728154,
        0
    ],
    "11": [
        1.5149489364447788,
        0
    ],
    "12": [
        1.2379476753855334,
        0
    ],
    "13": [
        0.012202494313326243,
        0
    ],
    "14": [
        0.0,
        0
    ]
}