{
    "0": [
        0.7817219161429148,
        0
    ],
    "1": [
        0.0,
        0
    ],
    "2": [
        3.332650868298761,
        0
    ],
    "3": [
        3.080782239745415,
        0
    ],
    "4": [
        0.0,
        0
    ],
    "5": [
        1.4536717320971306,
        0
    ],
    "6": [
        0.7645488994823174,
        0
    ],
    "7": [
        0.09221564439899879,
        0
    ],
    "8": [
        3.3345764463234326,
        0
    ],
    "9": [
        0.1381796936334735,
        0
    ],
    "10": [
        0.49749427312588673,
        0
    ],
    "11": [
        0.7638852099464267,
        0
    ],
    "12": [
        2.4301998807826046,
        0
    ],
    "13": [
        3.3883684327111534,
        0
    ],
    "14": [
        0.4614493698761005,
        0
    ]
}