{
    "0": [
        2.2994858761956127,
        0
    ],
    "1": [
        1.3500463543216967,
        0
    ],
    "2": [
        0.8900442977913849,
        0
    ],
    "3": [
        3.750738363248127,
        0
    ],
    "4": [
        2.72742002469451,
        0
    ],
    "5": [
        0.3776230498124802,
        0
    ],
    "6": [
        0.0,
        0
    ],
    "7": [
        0.9464443571647803,
        0
    ],
    "8": [
        0.0,
        0
    ],
    "9": [
        2.5528197289411914,
        0
    ],
    "10": [
        0.4549816389595207,
        0
    ],
    "11": [
        2.2414702486505327,
        0
    ],
    "12": [
        1.5420878252863228,
        0
    ],
    "13": [
        5.560990619580132,
        0
    ],
    "14": [
        1.8054510254028628,
        0
    ]
}