{
    "0": [
        0.8738220213951087,
        0
    ],
    "1": [
        4.07849343424834,
        0
    ],
    "2": [
        1.74969594811471,
        0
    ],
    "3": [
        0.7435276749650903,
        0
    ],
    "4": [
        0.3400213890566232,
        0
    ],
    "5": [
        0.0,
        0
    ],
    "6": [
        2.3618526286557033,
        0
    ],
    "7": [
        4.40918843636798,
        0
    ],
    "8": [
        4.074680265073153,
        0
    ],
    "9": [
        0.0,
        0
    ],
    "10": [
        1.5946364150736438,
        0
    ],
    "11": [
        1.308520649843646,
        0
    ],
    "12": [
        0.0,
        0
    ],
    "13": [
        0.8733245073544168,
        0
    ],
    "14": [
        1.4951782892784407,
        0
    ]
}