{
    "0": [
        0.021137477390440678,
        99
    ],
    "1": [
        0.07263225294147287,
        141
    ],
    "2": [
        0.10324860386086476,
        118
    ],
    "3": [
        0.0691022909337396,
        91
    ],
    "4": [
        0.17909781361845492,
        131
    ],
    "5": [
        0.015384748104907045,
        79
    ],
    "6": [
        0.027989893661504197,
        83
    ],
    "7": [
        0.01722537659609205,
        91
    ],
    "8": [
        0.05311523522641614,
        81
    ],
    "9": [
        0.13316633329064081,
        153
    ],
    "10": [
        0.10183397994161457,
        129
    ],
    "11": [
        0.048075706749915764,
        95
    ],
    "12": [
        0.08368606711631159,
        120
    ],
    "13": [
        0.049899381643859694,
        111
    ],
    "14": [
        0.02440483892376542,
        93
    ]
}