{
    "0": [
        0.12029173053839423,
        176
    ],
    "1": [
        0.031063378046153275,
        118
    ],
    "2": [
        0.024669196571483778,
        119
    ],
    "3": [
        0.08866401186935378,
        112
    ],
    "4": [
        0.10922424489121435,
        132
    ],
    "5": [
        0.05307440652930969,
        115
    ],
    "6": [
        0.08219499041078492,
        138
    ],
    "7": [
        0.1315864798193292,
        172
    ],
    "8": [
        0.018656572688673597,
        101
    ],
    "9": [
        0.048369960703019785,
        178
    ],
    "10": [
        0.07757274368239432,
        137
    ],
    "11": [
        0.0677259816674937,
        125
    ],
    "12": [
        0.04812637378256778,
        137
    ],
    "13": [
        0.017894040420144093,
        79
    ],
    "14": [
        0.08088588837968357,
        156
    ]
}