{
    "0": [
        0.01781970878463586,
        115
    ],
    "1": [
        0.10156041200981694,
        133
    ],
    "2": [
        0.039395370065730156,
        144
    ],
    "3": [
        0.1023850933583831,
        143
    ],
    "4": [
        0.0779963543473165,
        208
    ],
    "5": [
        0.04673670013846754,
        131
    ],
    "6": [
        0.056763154584943215,
        168
    ],
    "7": [
        0.07761046348488149,
        177
    ],
    "8": [
        0.10720361609314158,
        173
    ],
    "9": [
        0.05963079030491433,
        143
    ],
    "10": [
        0.09873076241580103,
        168
    ],
    "11": [
        0.04992213551937187,
        158
    ],
    "12": [
        0.04030313671487159,
        166
    ],
    "13": [
        0.04214017890129131,
        138
    ],
    "14": [
        0.08180212327643349,
        137
    ]
}