{
    "0": [
        0.11282408192442724,
        177
    ],
    "1": [
        0.06976474669575243,
        140
    ],
    "2": [
        0.0203262553272685,
        98
    ],
    "3": [
        0.0827501198356174,
        103
    ],
    "4": [
        0.11123520097333282,
        183
    ],
    "5": [
        0.053624630478567976,
        151
    ],
    "6": [
        0.060153722101957026,
        145
    ],
    "7": [
        0.051375494965311026,
        183
    ],
    "8": [
        0.11389642484868549,
        128
    ],
    "9": [
        0.08610510207906497,
        150
    ],
    "10": [
        0.052717483330836847,
        142
    ],
    "11": [
        0.05440312907476243,
        137
    ],
    "12": [
        0.06605034157774105,
        110
    ],
    "13": [
        0.026380775013512218,
        107
    ],
    "14": [
        0.03839249177316287,
        139
    ]
}