{
    "0": [
        28.676556924068603,
        0
    ],
    "1": [
        37.9835976856192,
        0
    ],
    "2": [
        36.34312872255457,
        0
    ],
    "3": [
        45.509207308775764,
        0
    ],
    "4": [
        42.88505268914898,
        0
    ],
    "5": [
        33.160697792626834,
        0
    ],
    "6": [
        33.23604368916699,
        0
    ],
    "7": [
        47.129269143301194,
        0
    ],
    "8": [
        48.60065179845874,
        0
    ],
    "9": [
        33.16346851124496,
        0
    ],
    "10": [
        49.554541205151985,
        0
    ],
    "11": [
        60.1335313044422,
        0
    ],
    "12": [
        28.67744728723245,
        0
    ],
    "13": [
        39.82060548341972,
        0
    ],
    "14": [
        41.30213153076213,
        0
    ]
}