{
    "0": [
        76.84270561061251,
        0
    ],
    "1": [
        47.03225626376393,
        0
    ],
    "2": [
        25.164781238555555,
        0
    ],
    "3": [
        58.3500980426279,
        0
    ],
    "4": [
        61.05031198747403,
        0
    ],
    "5": [
        30.753366187500596,
        0
    ],
    "6": [
        24.065151096157127,
        0
    ],
    "7": [
        44.04755256650004,
        0
    ],
    "8": [
        46.456270453744025,
        0
    ],
    "9": [
        60.73493113141952,
        0
    ],
    "10": [
        29.912804134811235,
        0
    ],
    "11": [
        39.878702192332526,
        0
    ],
    "12": [
        28.88034907030972,
        0
    ],
    "13": [
        39.38750662417774,
        0
    ],
    "14": [
        35.653777644837845,
        0
    ]
}