{
    "0": [
        50.154911343893154,
        0
    ],
    "1": [
        28.391106649914825,
        0
    ],
    "2": [
        37.3270701475126,
        0
    ],
    "3": [
        20.06448009847159,
        0
    ],
    "4": [
        44.618784068532676,
        0
    ],
    "5": [
        49.62511489864146,
        0
    ],
    "6": [
        49.074206377985035,
        0
    ],
    "7": [
        31.43828164887633,
        0
    ],
    "8": [
        44.23161586032928,
        0
    ],
    "9": [
        45.89210155130946,
        0
    ],
    "10": [
        39.58074714688087,
        0
    ],
    "11": [
        70.19529531406415,
        0
    ],
    "12": [
        55.97636679881492,
        0
    ],
    "13": [
        37.93563701060129,
        0
    ],
    "14": [
        61.61863365116216,
        0
    ]
}