{
    "0": [
        37.90668642906296,
        0
    ],
    "1": [
        46.20765892449377,
        0
    ],
    "2": [
        27.478989783610313,
        0
    ],
    "3": [
        68.90120300898059,
        0
    ],
    "4": [
        39.66469754717657,
        0
    ],
    "5": [
        43.384861123001734,
        0
    ],
    "6": [
        51.514664910737025,
        0
    ],
    "7": [
        29.894350807894,
        0
    ],
    "8": [
        27.98205878984697,
        0
    ],
    "9": [
        59.124619384370405,
        0
    ],
    "10": [
        59.00824751705263,
        0
    ],
    "11": [
        50.738057206971455,
        0
    ],
    "12": [
        35.57119909575033,
        0
    ],
    "13": [
        27.35065462601513,
        0
    ],
    "14": [
        54.47150970208196,
        0
    ]
}