{
    "0": [
        43.617293595506425,
        0
    ],
    "1": [
        36.11774520547125,
        0
    ],
    "2": [
        29.292859989044622,
        0
    ],
    "3": [
        61.912649942572784,
        0
    ],
    "4": [
        62.20813349758744,
        0
    ],
    "5": [
        41.60740806846625,
        0
    ],
    "6": [
        39.977185165081686,
        0
    ],
    "7": [
        33.247280285461024,
        0
    ],
    "8": [
        41.45394040004276,
        0
    ],
    "9": [
        36.774736817124484,
        0
    ],
    "10": [
        55.780313858220836,
        0
    ],
    "11": [
        30.088519941646734,
        0
    ],
    "12": [
        38.29396371284185,
        0
    ],
    "13": [
        50.455405393863686,
        0
    ],
    "14": [
        53.18747400181004,
        0
    ]
}