{
    "0": [
        44.01904811596733,
        0
    ],
    "1": [
        41.154458790105096,
        0
    ],
    "2": [
        38.20907476953235,
        0
    ],
    "3": [
        39.67855958549086,
        0
    ],
    "4": [
        51.388389655561426,
        0
    ],
    "5": [
        47.71891429994922,
        0
    ],
    "6": [
        41.24534365328796,
        0
    ],
    "7": [
        65.0481242274403,
        0
    ],
    "8": [
        66.82506416258657,
        0
    ],
    "9": [
        59.49160974843853,
        0
    ],
    "10": [
        34.9549073523431,
        0
    ],
    "11": [
        33.52041719353441,
        0
    ],
    "12": [
        41.63104332752568,
        0
    ],
    "13": [
        49.16130923571103,
        0
    ],
    "14": [
        45.50939246272456,
        0
    ]
}