{
    "0": [
        70.44888417803155,
        0
    ],
    "1": [
        44.37983372192953,
        0
    ],
    "2": [
        30.272196566100305,
        0
    ],
    "3": [
        43.06454751799251,
        0
    ],
    "4": [
        47.10690095229574,
        0
    ],
    "5": [
        30.266057479065147,
        0
    ],
    "6": [
        31.045956378718987,
        0
    ],
    "7": [
        35.493247020540394,
        0
    ],
    "8": [
        50.78219425028973,
        0
    ],
    "9": [
        48.87607858889015,
        0
    ],
    "10": [
        36.78147575088671,
        0
    ],
    "11": [
        46.35722426030145,
        0
    ],
    "12": [
        44.350510252113466,
        0
    ],
    "13": [
        69.82662781406836,
        0
    ],
    "14": [
        35.49046555824732,
        0
    ]
}