{
    "0": [
        0.06404498701800217,
        17278
    ],
    "1": [
        0.07951090817746445,
        18678
    ],
    "2": [
        0.07389242012902736,
        18732
    ],
    "3": [
        0.05280808138065091,
        17268
    ],
    "4": [
        0.06908373069606545,
        17701
    ],
    "5": [
        0.04781432157912374,
        16735
    ],
    "6": [
        0.048895873512774655,
        17485
    ],
    "7": [
        0.059192975893663166,
        16352
    ],
    "8": [
        0.07268215232310453,
        18611
    ],
    "9": [
        0.08159765830585515,
        17774
    ],
    "10": [
        0.07607269762350122,
        20140
    ],
    "11": [
        0.07067156406800378,
        17817
    ],
    "12": [
        0.06578391742691372,
        18489
    ],
    "13": [
        0.08139006148535925,
        18599
    ],
    "14": [
        0.05655865038049053,
        18223
    ]
}