{
    "0": [
        0.05174128409442214,
        19536
    ],
    "1": [
        0.08428123729601095,
        19460
    ],
    "2": [
        0.07358281773075509,
        19068
    ],
    "3": [
        0.04379805284777239,
        18400
    ],
    "4": [
        0.059974574081137176,
        20076
    ],
    "5": [
        0.05450354721143616,
        17263
    ],
    "6": [
        0.09270735266611957,
        21935
    ],
    "7": [
        0.05459296735168324,
        17366
    ],
    "8": [
        0.08750808869225905,
        21918
    ],
    "9": [
        0.07483729392906063,
        20470
    ],
    "10": [
        0.06023918878014876,
        19685
    ],
    "11": [
        0.05887125891848632,
        19869
    ],
    "12": [
        0.07790943670015818,
        18859
    ],
    "13": [
        0.07019874375203966,
        18607
    ],
    "14": [
        0.05525415594851073,
        17543
    ]
}