{
    "0": [
        0.05741481088183874,
        17434
    ],
    "1": [
        0.041718493674630826,
        16946
    ],
    "2": [
        0.07532277415056576,
        18234
    ],
    "3": [
        0.06839823613235431,
        17929
    ],
    "4": [
        0.06484347262324905,
        16939
    ],
    "5": [
        0.0953362737002919,
        19678
    ],
    "6": [
        0.07774940057834143,
        19814
    ],
    "7": [
        0.051369886359341074,
        16341
    ],
    "8": [
        0.061876393013904685,
        18704
    ],
    "9": [
        0.062252532351708634,
        17748
    ],
    "10": [
        0.05725357441222013,
        16707
    ],
    "11": [
        0.07345128709847633,
        19176
    ],
    "12": [
        0.06059591945122794,
        17784
    ],
    "13": [
        0.070144124254384,
        19703
    ],
    "14": [
        0.0822728213174653,
        18893
    ]
}