{
    "0": [
        0.04398195770977334,
        17054
    ],
    "1": [
        0.07533589507689292,
        20022
    ],
    "2": [
        0.0680585340810124,
        20144
    ],
    "3": [
        0.07640044887385891,
        20437
    ],
    "4": [
        0.06143878981738136,
        18745
    ],
    "5": [
        0.05093393549086394,
        18615
    ],
    "6": [
        0.06804564252768473,
        18840
    ],
    "7": [
        0.04078051107264173,
        16551
    ],
    "8": [
        0.10279227723759256,
        20802
    ],
    "9": [
        0.053448126333102655,
        18519
    ],
    "10": [
        0.04909596987618911,
        18814
    ],
    "11": [
        0.05653653488402901,
        17770
    ],
    "12": [
        0.08938119091016268,
        22202
    ],
    "13": [
        0.08042491832596302,
        20248
    ],
    "14": [
        0.08334526778285153,
        20999
    ]
}