{
    "0": [
        0.05747100242065935,
        19979
    ],
    "1": [
        0.07975827695019624,
        21477
    ],
    "2": [
        0.05802753262391264,
        19145
    ],
    "3": [
        0.06219285720306301,
        17620
    ],
    "4": [
        0.05728625749267964,
        18027
    ],
    "5": [
        0.061823284734237594,
        20075
    ],
    "6": [
        0.09110060988764485,
        22939
    ],
    "7": [
        0.07708613647492107,
        20549
    ],
    "8": [
        0.07666944454792975,
        20504
    ],
    "9": [
        0.0975604323072316,
        19400
    ],
    "10": [
        0.05462206249869189,
        18527
    ],
    "11": [
        0.05843447456030212,
        18942
    ],
    "12": [
        0.052766632903357195,
        19234
    ],
    "13": [
        0.062009796705663256,
        18790
    ],
    "14": [
        0.05319119868950957,
        19312
    ]
}