{
    "0": [
        0.07122864824712861,
        18774
    ],
    "1": [
        0.0693281206583876,
        18664
    ],
    "2": [
        0.10734115260838473,
        20338
    ],
    "3": [
        0.05968179893102148,
        18314
    ],
    "4": [
        0.06908741182746125,
        18214
    ],
    "5": [
        0.06417098122087558,
        17844
    ],
    "6": [
        0.06782542608844684,
        17991
    ],
    "7": [
        0.05319822702168683,
        18416
    ],
    "8": [
        0.0856751302620912,
        20388
    ],
    "9": [
        0.056150464241623003,
        18001
    ],
    "10": [
        0.055785975502108044,
        17684
    ],
    "11": [
        0.0612812053142056,
        18311
    ],
    "12": [
        0.07394129128600285,
        18313
    ],
    "13": [
        0.04999419974271988,
        17837
    ],
    "14": [
        0.055309967047856616,
        17893
    ]
}