{
    "0": [
        0.08656227539680213,
        21287
    ],
    "1": [
        0.08930553197629765,
        21353
    ],
    "2": [
        0.07665342346253977,
        19239
    ],
    "3": [
        0.05876044625163943,
        18012
    ],
    "4": [
        0.06039475590617257,
        17818
    ],
    "5": [
        0.06675956561929208,
        19430
    ],
    "6": [
        0.057387402445193095,
        17811
    ],
    "7": [
        0.049125090969586976,
        18749
    ],
    "8": [
        0.07657904716106811,
        19195
    ],
    "9": [
        0.0602073993877515,
        18827
    ],
    "10": [
        0.05351677608765019,
        17224
    ],
    "11": [
        0.0705663281970542,
        18236
    ],
    "12": [
        0.059415152174511085,
        18222
    ],
    "13": [
        0.05989561885248903,
        18361
    ],
    "14": [
        0.07487118611195225,
        17521
    ]
}