{
    "0": [
        0.05804554559908378,
        16591
    ],
    "1": [
        0.047675397872353614,
        16014
    ],
    "2": [
        0.08015588035298091,
        18637
    ],
    "3": [
        0.06557349443170556,
        19053
    ],
    "4": [
        0.055923981061523194,
        17503
    ],
    "5": [
        0.0764610996946337,
        18940
    ],
    "6": [
        0.08976468292732953,
        20624
    ],
    "7": [
        0.07810217333904033,
        19080
    ],
    "8": [
        0.05594703920775025,
        17178
    ],
    "9": [
        0.0513191685190218,
        16334
    ],
    "10": [
        0.08292811405186379,
        18647
    ],
    "11": [
        0.05355477410665971,
        17522
    ],
    "12": [
        0.09331396283623099,
        17914
    ],
    "13": [
        0.061397125937560346,
        18966
    ],
    "14": [
        0.0498375600622625,
        18121
    ]
}