{
    "0": [
        121.78963909300383,
        0
    ],
    "1": [
        146.67602076780713,
        0
    ],
    "2": [
        128.90484872753876,
        0
    ],
    "3": [
        120.95626138996235,
        0
    ],
    "4": [
        141.3446778712024,
        0
    ],
    "5": [
        158.93776757037313,
        0
    ],
    "6": [
        137.37689525843967,
        0
    ],
    "7": [
        125.45666597887424,
        0
    ],
    "8": [
        100.92902571910352,
        0
    ],
    "9": [
        129.36435089456313,
        0
    ],
    "10": [
        95.50195286692752,
        0
    ],
    "11": [
        134.40614318686002,
        0
    ],
    "12": [
        160.7053498619882,
        0
    ],
    "13": [
        149.67500215297494,
        0
    ],
    "14": [
        145.98223219131637,
        0
    ]
}