{
    "0": [
        106.6128581841463,
        0
    ],
    "1": [
        183.98167177420245,
        0
    ],
    "2": [
        111.40113229375282,
        0
    ],
    "3": [
        225.38059458021257,
        0
    ],
    "4": [
        136.18262045026685,
        0
    ],
    "5": [
        145.0161147281981,
        0
    ],
    "6": [
        171.22360180760222,
        0
    ],
    "7": [
        121.93074885420155,
        0
    ],
    "8": [
        187.2430044421834,
        0
    ],
    "9": [
        150.23203686177865,
        0
    ],
    "10": [
        130.31427947103137,
        0
    ],
    "11": [
        84.3608712811596,
        0
    ],
    "12": [
        143.6633109406289,
        0
    ],
    "13": [
        126.02505085146724,
        0
    ],
    "14": [
        119.28238474089096,
        0
    ]
}