{
    "0": [
        106.44567952138547,
        0
    ],
    "1": [
        156.41822449267147,
        0
    ],
    "2": [
        144.03995239797447,
        0
    ],
    "3": [
        193.54912929000443,
        0
    ],
    "4": [
        113.42465589098524,
        0
    ],
    "5": [
        127.11567364266674,
        0
    ],
    "6": [
        95.75036714924255,
        0
    ],
    "7": [
        130.80844499121372,
        0
    ],
    "8": [
        106.93904655517588,
        0
    ],
    "9": [
        138.7387382126786,
        0
    ],
    "10": [
        105.83035561479775,
        0
    ],
    "11": [
        179.73504606058347,
        0
    ],
    "12": [
        146.2457459443592,
        0
    ],
    "13": [
        112.96741916870181,
        0
    ],
    "14": [
        142.81429795904643,
        0
    ]
}