{
    "0": [
        139.85689364086565,
        0
    ],
    "1": [
        116.67264202495943,
        0
    ],
    "2": [
        222.91322164382515,
        0
    ],
    "3": [
        138.25560523040713,
        0
    ],
    "4": [
        171.46826930150743,
        0
    ],
    "5": [
        144.10848623395094,
        0
    ],
    "6": [
        171.1579766495348,
        0
    ],
    "7": [
        214.36061547187023,
        0
    ],
    "8": [
        115.42932528066176,
        0
    ],
    "9": [
        79.42719945782255,
        0
    ],
    "10": [
        105.4263055832465,
        0
    ],
    "11": [
        127.85843544137713,
        0
    ],
    "12": [
        71.76996917959019,
        0
    ],
    "13": [
        87.60980307841616,
        0
    ],
    "14": [
        145.32565669022785,
        0
    ]
}