{
    "0": [
        213.60995018250574,
        0
    ],
    "1": [
        104.30701651158898,
        0
    ],
    "2": [
        103.78245909971041,
        0
    ],
    "3": [
        89.91210480817652,
        0
    ],
    "4": [
        130.4019890412422,
        0
    ],
    "5": [
        184.45360083321867,
        0
    ],
    "6": [
        126.84523938992403,
        0
    ],
    "7": [
        154.30397168469696,
        0
    ],
    "8": [
        111.60268413227367,
        0
    ],
    "9": [
        115.01976785932297,
        0
    ],
    "10": [
        173.5141993983696,
        0
    ],
    "11": [
        115.66314530793404,
        0
    ],
    "12": [
        191.81098165030616,
        0
    ],
    "13": [
        149.62737505600572,
        0
    ],
    "14": [
        151.58176889099258,
        0
    ]
}