{
    "0": [
        88.07243085567761,
        0
    ],
    "1": [
        117.14042533094708,
        0
    ],
    "2": [
        140.21385213141488,
        0
    ],
    "3": [
        112.44871227480812,
        0
    ],
    "4": [
        150.31023556273658,
        0
    ],
    "5": [
        160.5583293350958,
        0
    ],
    "6": [
        168.78523930346213,
        0
    ],
    "7": [
        77.63254146132195,
        0
    ],
    "8": [
        149.84650293562814,
        0
    ],
    "9": [
        106.48112252504609,
        0
    ],
    "10": [
        98.50135242166135,
        0
    ],
    "11": [
        139.0002544152614,
        0
    ],
    "12": [
        141.11776001326706,
        0
    ],
    "13": [
        238.09135946622783,
        0
    ],
    "14": [
        158.00890427454925,
        0
    ]
}