{
    "0": [
        125.26725008931619,
        0
    ],
    "1": [
        186.45919761783367,
        0
    ],
    "2": [
        137.64908289107817,
        0
    ],
    "3": [
        114.77228876341344,
        0
    ],
    "4": [
        113.15149189489792,
        0
    ],
    "5": [
        125.94248385741477,
        0
    ],
    "6": [
        133.463116675586,
        0
    ],
    "7": [
        99.44445384110468,
        0
    ],
    "8": [
        82.27644431730852,
        0
    ],
    "9": [
        125.19773387203665,
        0
    ],
    "10": [
        110.19184099278866,
        0
    ],
    "11": [
        171.27169717998243,
        0
    ],
    "12": [
        165.1020396536726,
        0
    ],
    "13": [
        136.05267611733774,
        0
    ],
    "14": [
        188.58110919831066,
        0
    ]
}