{
    "0": [
        0.06245875358581543,
        2780
    ],
    "1": [
        0.08285984396934509,
        2420
    ],
    "2": [
        0.09336182475090027,
        3071
    ],
    "3": [
        0.12102274596691132,
        2567
    ],
    "4": [
        0.05779162421822548,
        2746
    ],
    "5": [
        0.06606829166412354,
        2458
    ],
    "6": [
        0.03198470547795296,
        2292
    ],
    "7": [
        0.025091184303164482,
        1473
    ],
    "8": [
        0.05474243685603142,
        1907
    ],
    "9": [
        0.08003350347280502,
        2430
    ],
    "10": [
        0.08816664665937424,
        2996
    ],
    "11": [
        0.03666318580508232,
        1934
    ],
    "12": [
        0.08959702402353287,
        485
    ],
    "13": [
        0.042690299451351166,
        1953
    ],
    "14": [
        0.06746800243854523,
        2995
    ]
}