{
    "0": [
        0.05436358228325844,
        1697
    ],
    "1": [
        0.08305621147155762,
        2835
    ],
    "2": [
        0.05991058796644211,
        1981
    ],
    "3": [
        0.0290773157030344,
        1424
    ],
    "4": [
        0.05315516144037247,
        2236
    ],
    "5": [
        0.06654534488916397,
        2932
    ],
    "6": [
        0.07089860737323761,
        2913
    ],
    "7": [
        0.12442884594202042,
        2758
    ],
    "8": [
        0.0916309505701065,
        2737
    ],
    "9": [
        0.044079046696424484,
        2042
    ],
    "10": [
        0.053814779967069626,
        1992
    ],
    "11": [
        0.05280440300703049,
        2066
    ],
    "12": [
        0.04846487194299698,
        2118
    ],
    "13": [
        0.09498384594917297,
        2309
    ],
    "14": [
        0.07278639823198318,
        2669
    ]
}