{
    "0": [
        0.09984990954399109,
        2270
    ],
    "1": [
        0.06446870416402817,
        2694
    ],
    "2": [
        0.07475250959396362,
        2177
    ],
    "3": [
        0.06278026103973389,
        2609
    ],
    "4": [
        0.04191141203045845,
        2173
    ],
    "5": [
        0.025060180574655533,
        1880
    ],
    "6": [
        0.07181061059236526,
        3566
    ],
    "7": [
        0.09082978218793869,
        2286
    ],
    "8": [
        0.08972040563821793,
        2402
    ],
    "9": [
        0.06131311506032944,
        2936
    ],
    "10": [
        0.058690331876277924,
        1902
    ],
    "11": [
        0.04468303546309471,
        2511
    ],
    "12": [
        0.06315810978412628,
        2572
    ],
    "13": [
        0.02400287427008152,
        1295
    ],
    "14": [
        0.12696877121925354,
        1527
    ]
}