{
    "0": [
        0.05739154666662216,
        2457
    ],
    "1": [
        0.08544117212295532,
        2572
    ],
    "2": [
        0.07362455129623413,
        2549
    ],
    "3": [
        0.09671689569950104,
        1604
    ],
    "4": [
        0.03195534646511078,
        2297
    ],
    "5": [
        0.05776464566588402,
        2151
    ],
    "6": [
        0.0729241594672203,
        2479
    ],
    "7": [
        0.08381526172161102,
        2756
    ],
    "8": [
        0.04891767352819443,
        2005
    ],
    "9": [
        0.05336947739124298,
        2167
    ],
    "10": [
        0.036571621894836426,
        2311
    ],
    "11": [
        0.05622100457549095,
        2033
    ],
    "12": [
        0.11130286753177643,
        2744
    ],
    "13": [
        0.030980832874774933,
        2096
    ],
    "14": [
        0.10300295799970627,
        2140
    ]
}