{
    "0": [
        0.05505402758717537,
        2789
    ],
    "1": [
        0.03890123590826988,
        1999
    ],
    "2": [
        0.0446556955575943,
        1619
    ],
    "3": [
        0.09126391261816025,
        1660
    ],
    "4": [
        0.10285448282957077,
        2183
    ],
    "5": [
        0.027199795469641685,
        2649
    ],
    "6": [
        0.07625871896743774,
        2407
    ],
    "7": [
        0.0647662952542305,
        3100
    ],
    "8": [
        0.04998350143432617,
        2837
    ],
    "9": [
        0.12311767786741257,
        3233
    ],
    "10": [
        0.08021816611289978,
        1842
    ],
    "11": [
        0.10035065561532974,
        3262
    ],
    "12": [
        0.05411083996295929,
        2921
    ],
    "13": [
        0.03861495852470398,
        1747
    ],
    "14": [
        0.052650079131126404,
        388
    ]
}