{
    "0": [
        0.05200425907969475,
        2284
    ],
    "1": [
        0.10647641867399216,
        2407
    ],
    "2": [
        0.08625595271587372,
        2826
    ],
    "3": [
        0.09676507860422134,
        3101
    ],
    "4": [
        0.054025594145059586,
        2408
    ],
    "5": [
        0.049561914056539536,
        2704
    ],
    "6": [
        0.062367942184209824,
        1286
    ],
    "7": [
        0.07248809933662415,
        2807
    ],
    "8": [
        0.04938662424683571,
        1825
    ],
    "9": [
        0.0430632159113884,
        2516
    ],
    "10": [
        0.027104711160063744,
        1486
    ],
    "11": [
        0.04897676780819893,
        2589
    ],
    "12": [
        0.09621942043304443,
        2480
    ],
    "13": [
        0.049619778990745544,
        2243
    ],
    "14": [
        0.10568425059318542,
        2340
    ]
}