{
    "0": [
        0.06711047142744064,
        2998
    ],
    "1": [
        0.09030625969171524,
        2398
    ],
    "2": [
        0.06560172885656357,
        2326
    ],
    "3": [
        0.07338828593492508,
        2849
    ],
    "4": [
        0.04700212925672531,
        2383
    ],
    "5": [
        0.02555844746530056,
        1613
    ],
    "6": [
        0.068974070250988,
        2697
    ],
    "7": [
        0.05481966957449913,
        1948
    ],
    "8": [
        0.040745001286268234,
        1701
    ],
    "9": [
        0.10558617860078812,
        1978
    ],
    "10": [
        0.05226409435272217,
        2630
    ],
    "11": [
        0.06490915268659592,
        2650
    ],
    "12": [
        0.05902770161628723,
        2560
    ],
    "13": [
        0.11869631707668304,
        2640
    ],
    "14": [
        0.0660104900598526,
        2633
    ]
}