{"0": {"mean": -0.28839218616485596, "variance": 0.016829954460263252, "std_dev": 0.12973031401634216, "median": -0.30798518657684326, "range": 0.6207359433174133, "iq_range": 0.1451854594051838, "density": 0.2374556216507253, "accuracy": -1.0, "distance": 0.774461030960083}, "1": {"mean": -0.28466442227363586, "variance": 0.018966160714626312, "std_dev": 0.13771767914295197, "median": -0.2973365783691406, "range": 0.6288362145423889, "iq_range": 0.17993009462952614, "density": 0.2379347329485454, "accuracy": 1.0, "distance": 0.43111151456832886}, "2": {"mean": -0.2871186435222626, "variance": 0.017562896013259888, "std_dev": 0.13252507150173187, "median": -0.31333404779434204, "range": 0.6600216627120972, "iq_range": 0.16302720084786415, "density": 0.23376734343031694, "accuracy": 1.0, "distance": 0.5330586433410645}, "3": {"mean": -0.2878871560096741, "variance": 0.017120998352766037, "std_dev": 0.13084723055362701, "median": -0.304093599319458, "range": 0.6600216627120972, "iq_range": 0.15475889295339584, "density": 0.23532383513955898, "accuracy": -1.0, "distance": 0.4296809136867523}, "4": {"mean": -0.2858447730541229, "variance": 0.018292758613824844, "std_dev": 0.1352507323026657, "median": -0.300869882106781, "range": 0.6288362145423889, "iq_range": 0.15586194396018982, "density": 0.23472580391646403, "accuracy": 1.0, "distance": 0.7440789341926575}, "5": {"mean": -0.28767141699790955, "variance": 0.01724516600370407, "std_dev": 0.13132084906101227, "median": -0.30522671341896057, "range": 0.5804135203361511, "iq_range": 0.16354837268590927, "density": 0.2355497864054617, "accuracy": 1.0, "distance": 0.14068908989429474}, "6": {"mean": -0.2850359380245209, "variance": 0.018754493445158005, "std_dev": 0.13694705069065094, "median": -0.30104976892471313, "range": 0.6600216627120972, "iq_range": 0.17345302179455757, "density": 0.23496651275644506, "accuracy": 1.0, "distance": 0.7536512017250061}, "7": {"mean": -0.2840377688407898, "variance": 0.019322531297802925, "std_dev": 0.13900551199913025, "median": -0.29459327459335327, "range": 0.6191850900650024, "iq_range": 0.16590172424912453, "density": 0.23558068152080855, "accuracy": 1.0, "distance": 0.519159197807312}, "8": {"mean": -0.28542560338974, "variance": 0.018532223999500275, "std_dev": 0.1361331045627594, "median": -0.3013840317726135, "range": 0.6207359433174133, "iq_range": 0.17154166474938393, "density": 0.23548146516913152, "accuracy": -1.0, "distance": 1.2195574045181274}, "9": {"mean": -0.2908247709274292, "variance": 0.015420963987708092, "std_dev": 0.12418117374181747, "median": -0.32034313678741455, "range": 0.6146379113197327, "iq_range": 0.1258665919303894, "density": 0.23868375069433945, "accuracy": 1.0, "distance": 0.34951236844062805}, "10": {"mean": -0.2892460823059082, "variance": 0.016336705535650253, "std_dev": 0.1278151273727417, "median": -0.31157249212265015, "range": 0.5901098251342773, "iq_range": 0.1386864185333252, "density": 0.2342396902519125, "accuracy": 1.0, "distance": 0.7729312181472778}, "11": {"mean": -0.28846991062164307, "variance": 0.016785122454166412, "std_dev": 0.12955741584300995, "median": -0.31006261706352234, "range": 0.6191851496696472, "iq_range": 0.13784606382250786, "density": 0.23796052667353154, "accuracy": 1.0, "distance": 0.3352912664413452}, "12": {"mean": -0.2879284918308258, "variance": 0.01709718257188797, "std_dev": 0.1307561993598938, "median": -0.30229777097702026, "range": 0.6135308146476746, "iq_range": 0.1519363708794117, "density": 0.2340723684118647, "accuracy": -1.0, "distance": 0.7195847034454346}, "13": {"mean": -0.28587689995765686, "variance": 0.01827438734471798, "std_dev": 0.13518279790878296, "median": -0.3013991713523865, "range": 0.6288362145423889, "iq_range": 0.16359413042664528, "density": 0.23467361729469338, "accuracy": -1.0, "distance": 0.8339857459068298}, "14": {"mean": -0.2839854955673218, "variance": 0.019352221861481667, "std_dev": 0.13911226391792297, "median": -0.2984093427658081, "range": 0.6191851496696472, "iq_range": 0.167799424380064, "density": 0.2338420747826382, "accuracy": -1.0, "distance": 0.9230743050575256}}