{"0": {"mean": -0.28765955567359924, "variance": 0.017251990735530853, "std_dev": 0.13134683668613434, "median": -0.301066517829895, "range": 0.6191851496696472, "iq_range": 0.14566144719719887, "density": 0.23472728254624312, "accuracy": -1.0, "distance": 0.39129438996315}, "1": {"mean": -0.2884824872016907, "variance": 0.01677786558866501, "std_dev": 0.12952940165996552, "median": -0.3031318783760071, "range": 0.6207359433174133, "iq_range": 0.15185505896806717, "density": 0.23478726209785733, "accuracy": -1.0, "distance": 0.47807714343070984}, "2": {"mean": -0.289646178483963, "variance": 0.016105078160762787, "std_dev": 0.12690578401088715, "median": -0.3121272325515747, "range": 0.6600216627120972, "iq_range": 0.12670307606458664, "density": 0.23886465409294336, "accuracy": -1.0, "distance": 0.8082634210586548}, "3": {"mean": -0.2863515615463257, "variance": 0.018002772703766823, "std_dev": 0.1341744065284729, "median": -0.30377650260925293, "range": 0.6600216627120972, "iq_range": 0.16016511619091034, "density": 0.235142756508398, "accuracy": 1.0, "distance": 0.9723249077796936}, "4": {"mean": -0.2862027585506439, "variance": 0.018087971955537796, "std_dev": 0.13449153304100037, "median": -0.29955941438674927, "range": 0.6600216627120972, "iq_range": 0.16679013893008232, "density": 0.2347346196905588, "accuracy": 1.0, "distance": 0.5929017066955566}, "5": {"mean": -0.2880193591117859, "variance": 0.01704486273229122, "std_dev": 0.13055597245693207, "median": -0.3119429647922516, "range": 0.6288362145423889, "iq_range": 0.14303096383810043, "density": 0.23454896803047606, "accuracy": -1.0, "distance": 0.5071156024932861}, "6": {"mean": -0.28823670744895935, "variance": 0.01691959798336029, "std_dev": 0.1300753504037857, "median": -0.3120791018009186, "range": 0.6288362145423889, "iq_range": 0.13683737069368362, "density": 0.24103727520834853, "accuracy": 1.0, "distance": 0.7128894925117493}, "7": {"mean": -0.2903904318809509, "variance": 0.01567338965833187, "std_dev": 0.12519340217113495, "median": -0.31287455558776855, "range": 0.6079211831092834, "iq_range": 0.1310785859823227, "density": 0.238027484417224, "accuracy": -1.0, "distance": 1.0915321111679077}, "8": {"mean": -0.29104310274124146, "variance": 0.015293935313820839, "std_dev": 0.12366864830255508, "median": -0.3151531219482422, "range": 0.581667423248291, "iq_range": 0.1256125271320343, "density": 0.23803981241040714, "accuracy": 1.0, "distance": 0.4064996838569641}, "9": {"mean": -0.2852417528629303, "variance": 0.01863713189959526, "std_dev": 0.13651788234710693, "median": -0.29874008893966675, "range": 0.6191851496696472, "iq_range": 0.17427723482251167, "density": 0.23560815086156686, "accuracy": -1.0, "distance": 0.5747881531715393}, "10": {"mean": -0.28722333908081055, "variance": 0.01750275492668152, "std_dev": 0.13229797780513763, "median": -0.30635151267051697, "range": 0.6600216627120972, "iq_range": 0.1561731956899166, "density": 0.23550274714285557, "accuracy": -1.0, "distance": 0.9232715964317322}, "11": {"mean": -0.2886078953742981, "variance": 0.01670546643435955, "std_dev": 0.12924963235855103, "median": -0.3054850399494171, "range": 0.6207359433174133, "iq_range": 0.13694673776626587, "density": 0.23536744888296085, "accuracy": -1.0, "distance": 0.4184366762638092}, "12": {"mean": -0.2923832833766937, "variance": 0.014512025751173496, "std_dev": 0.12046586722135544, "median": -0.31993240118026733, "range": 0.6179154515266418, "iq_range": 0.11224915832281113, "density": 0.2439289684340069, "accuracy": -1.0, "distance": 1.0047557353973389}, "13": {"mean": -0.2877752184867859, "variance": 0.017185423523187637, "std_dev": 0.13109318912029266, "median": -0.3111826777458191, "range": 0.6207359433174133, "iq_range": 0.15375448390841484, "density": 0.237975711715276, "accuracy": 1.0, "distance": 0.3881681561470032}, "14": {"mean": -0.2879824936389923, "variance": 0.017066093161702156, "std_dev": 0.1306372582912445, "median": -0.31122297048568726, "range": 0.6179154515266418, "iq_range": 0.15473269671201706, "density": 0.23527872450627932, "accuracy": 1.0, "distance": 0.31700190901756287}}