{"0": {"mean": -0.289707213640213, "variance": 0.016069725155830383, "std_dev": 0.1267664134502411, "median": -0.313271701335907, "range": 0.6079211831092834, "iq_range": 0.12411949783563614, "density": 0.23584628681164033, "accuracy": 1.0, "distance": 0.5523715615272522}, "1": {"mean": -0.2871474325656891, "variance": 0.017546359449625015, "std_dev": 0.13246266543865204, "median": -0.30360034108161926, "range": 0.6600216627120972, "iq_range": 0.14518103003501892, "density": 0.23512253134822517, "accuracy": -1.0, "distance": 1.2231037616729736}, "2": {"mean": -0.2873010039329529, "variance": 0.01745813712477684, "std_dev": 0.1321292370557785, "median": -0.30152902007102966, "range": 0.6600216627120972, "iq_range": 0.15447698161005974, "density": 0.23488145353138698, "accuracy": -1.0, "distance": 1.1303181648254395}, "3": {"mean": -0.2882671058177948, "variance": 0.016902070492506027, "std_dev": 0.13000796735286713, "median": -0.3057084083557129, "range": 0.6600216627120972, "iq_range": 0.14153806865215302, "density": 0.23900141661345164, "accuracy": -1.0, "distance": 0.6225706934928894}, "4": {"mean": -0.2867828905582428, "variance": 0.01775556243956089, "std_dev": 0.13324999809265137, "median": -0.3002816438674927, "range": 0.6600216627120972, "iq_range": 0.16200051084160805, "density": 0.237755294791139, "accuracy": 1.0, "distance": 0.6114495992660522}, "5": {"mean": -0.2868381440639496, "variance": 0.017723876982927322, "std_dev": 0.13313105702400208, "median": -0.3062673807144165, "range": 0.6600216627120972, "iq_range": 0.14415281638503075, "density": 0.2347182988481202, "accuracy": -1.0, "distance": 1.079664945602417}, "6": {"mean": -0.29059603810310364, "variance": 0.01555393636226654, "std_dev": 0.1247154250741005, "median": -0.31712883710861206, "range": 0.6079211831092834, "iq_range": 0.11706755310297012, "density": 0.24346798362822641, "accuracy": -1.0, "distance": 1.2507810592651367}, "7": {"mean": -0.28777942061424255, "variance": 0.01718299835920334, "std_dev": 0.13108393549919128, "median": -0.3059985041618347, "range": 0.6600216627120972, "iq_range": 0.1440715305507183, "density": 0.2362718793742549, "accuracy": -1.0, "distance": 0.5782448053359985}, "8": {"mean": -0.29082605242729187, "variance": 0.015420213341712952, "std_dev": 0.12417814880609512, "median": -0.3197241425514221, "range": 0.6600216627120972, "iq_range": 0.12487601116299629, "density": 0.2384501794072699, "accuracy": -1.0, "distance": 0.8945651054382324}, "9": {"mean": -0.28709229826927185, "variance": 0.01757803000509739, "std_dev": 0.1325821578502655, "median": -0.303014874458313, "range": 0.6600216627120972, "iq_range": 0.15360341221094131, "density": 0.23678795560340557, "accuracy": 1.0, "distance": 0.9182046055793762}, "10": {"mean": -0.2889478802680969, "variance": 0.016509132459759712, "std_dev": 0.12848787009716034, "median": -0.30600786209106445, "range": 0.6288362145423889, "iq_range": 0.1390078067779541, "density": 0.23726825276086577, "accuracy": -1.0, "distance": 0.8006978034973145}, "11": {"mean": -0.289707213640213, "variance": 0.016069725155830383, "std_dev": 0.1267664134502411, "median": -0.313271701335907, "range": 0.6079211831092834, "iq_range": 0.12411949783563614, "density": 0.23584628681164033, "accuracy": 1.0, "distance": 0.5523198246955872}, "12": {"mean": -0.2942396104335785, "variance": 0.013423053547739983, "std_dev": 0.11585789918899536, "median": -0.32577699422836304, "range": 0.5231228470802307, "iq_range": 0.11077145487070084, "density": 0.23977412195550496, "accuracy": -1.0, "distance": 0.5289826393127441}, "13": {"mean": -0.29032811522483826, "variance": 0.015709571540355682, "std_dev": 0.12533782422542572, "median": -0.3198211193084717, "range": 0.6079211831092834, "iq_range": 0.12746697664260864, "density": 0.24157713375444392, "accuracy": 1.0, "distance": 1.261483073234558}, "14": {"mean": -0.2888939380645752, "variance": 0.0165402814745903, "std_dev": 0.12860903143882751, "median": -0.31050214171409607, "range": 0.6207359433174133, "iq_range": 0.14829985424876213, "density": 0.23384718457658446, "accuracy": -1.0, "distance": 1.3645344972610474}}