{"0": {"mean": -0.29238489270210266, "variance": 0.014511071145534515, "std_dev": 0.12046191096305847, "median": -0.3181799054145813, "range": 0.6191851496696472, "iq_range": 0.11409072577953339, "density": 0.2431007742061264, "accuracy": -1.0, "distance": 0.8108835816383362}, "1": {"mean": -0.28882354497909546, "variance": 0.01658097840845585, "std_dev": 0.12876714766025543, "median": -0.30357277393341064, "range": 0.6207359433174133, "iq_range": 0.14740964397788048, "density": 0.23540547765412956, "accuracy": -1.0, "distance": 0.6862282156944275}, "2": {"mean": -0.2857227027416229, "variance": 0.018362512812018394, "std_dev": 0.13550834357738495, "median": -0.30075329542160034, "range": 0.6600216627120972, "iq_range": 0.16244744881987572, "density": 0.2355063867981657, "accuracy": 1.0, "distance": 0.9192255735397339}, "3": {"mean": -0.2908933758735657, "variance": 0.01538104098290205, "std_dev": 0.12402032315731049, "median": -0.32101011276245117, "range": 0.6191851496696472, "iq_range": 0.13450803607702255, "density": 0.24253832513149404, "accuracy": -1.0, "distance": 0.8381898999214172}, "4": {"mean": -0.28879493474960327, "variance": 0.016597481444478035, "std_dev": 0.12883120775222778, "median": -0.3056613802909851, "range": 0.6600216627120972, "iq_range": 0.14162781834602356, "density": 0.23762806092563407, "accuracy": -1.0, "distance": 0.593695878982544}, "5": {"mean": -0.2898249626159668, "variance": 0.016001509502530098, "std_dev": 0.1264970749616623, "median": -0.3144085705280304, "range": 0.6288362145423889, "iq_range": 0.12701678648591042, "density": 0.24338783382267754, "accuracy": 1.0, "distance": 0.6612424850463867}, "6": {"mean": -0.28737860918045044, "variance": 0.017413552850484848, "std_dev": 0.1319604218006134, "median": -0.3095095157623291, "range": 0.6600216627120972, "iq_range": 0.14773473888635635, "density": 0.23486502712977217, "accuracy": -1.0, "distance": 0.9474517107009888}, "7": {"mean": -0.2923486828804016, "variance": 0.014532248489558697, "std_dev": 0.120549775660038, "median": -0.32127702236175537, "range": 0.6079211831092834, "iq_range": 0.11384005844593048, "density": 0.2448052038384306, "accuracy": 1.0, "distance": 1.1234999895095825}, "8": {"mean": -0.2913588285446167, "variance": 0.015110032632946968, "std_dev": 0.1229228749871254, "median": -0.32075679302215576, "range": 0.6288362145423889, "iq_range": 0.1235673539340496, "density": 0.2383413352893048, "accuracy": 1.0, "distance": 0.7761203050613403}, "9": {"mean": -0.2888278067111969, "variance": 0.016578473150730133, "std_dev": 0.12875741720199585, "median": -0.31322675943374634, "range": 0.6600216627120972, "iq_range": 0.13042831420898438, "density": 0.23845981132821994, "accuracy": -1.0, "distance": 0.8299233317375183}, "10": {"mean": -0.28686246275901794, "variance": 0.017709925770759583, "std_dev": 0.1330786496400833, "median": -0.30437207221984863, "range": 0.6600216627120972, "iq_range": 0.15960921719670296, "density": 0.23646464866638423, "accuracy": -1.0, "distance": 0.833943247795105}, "11": {"mean": -0.2830297350883484, "variance": 0.019894173368811607, "std_dev": 0.1410467028617859, "median": -0.29455846548080444, "range": 0.6288361549377441, "iq_range": 0.17059993743896484, "density": 0.2351350028606581, "accuracy": 1.0, "distance": 0.6674399375915527}, "12": {"mean": -0.28680381178855896, "variance": 0.01774357631802559, "std_dev": 0.13320501148700714, "median": -0.3042263984680176, "range": 0.6207359433174133, "iq_range": 0.16790352761745453, "density": 0.2381998990812537, "accuracy": 1.0, "distance": 0.854225218296051}, "13": {"mean": -0.28598856925964355, "variance": 0.01821054331958294, "std_dev": 0.13494645059108734, "median": -0.3022002875804901, "range": 0.6288362145423889, "iq_range": 0.16119937971234322, "density": 0.23599578150262052, "accuracy": -1.0, "distance": 1.0067577362060547}, "14": {"mean": -0.2855070233345032, "variance": 0.018485743552446365, "std_dev": 0.13596229255199432, "median": -0.30586832761764526, "range": 0.6600216627120972, "iq_range": 0.16912563517689705, "density": 0.2350692937454167, "accuracy": -1.0, "distance": 0.8429303765296936}}