{"0": {"mean": -0.2851370871067047, "variance": 0.0186968594789505, "std_dev": 0.1367364525794983, "median": -0.3071445822715759, "range": 0.6007345914840698, "iq_range": 0.17630211263895035, "density": 0.23461678448393908, "accuracy": 1.0, "distance": 1.0610629320144653}, "1": {"mean": -0.29240983724594116, "variance": 0.014496490359306335, "std_dev": 0.12040137499570847, "median": -0.3203350305557251, "range": 0.6191851496696472, "iq_range": 0.11810047924518585, "density": 0.24394043339151641, "accuracy": 1.0, "distance": 0.32507526874542236}, "2": {"mean": -0.29243382811546326, "variance": 0.014482444152235985, "std_dev": 0.12034302949905396, "median": -0.32014623284339905, "range": 0.5784083008766174, "iq_range": 0.12362854927778244, "density": 0.23747679271641806, "accuracy": -1.0, "distance": 0.5598633885383606}, "3": {"mean": -0.2892889976501465, "variance": 0.01631186529994011, "std_dev": 0.12771791219711304, "median": -0.3064318895339966, "range": 0.6207359433174133, "iq_range": 0.13834939897060394, "density": 0.23830577796024838, "accuracy": -1.0, "distance": 0.23352600634098053}, "4": {"mean": -0.29016822576522827, "variance": 0.015802396461367607, "std_dev": 0.12570758163928986, "median": -0.31645506620407104, "range": 0.6288362145423889, "iq_range": 0.1268966943025589, "density": 0.2453014688145607, "accuracy": 1.0, "distance": 1.3315534591674805}, "5": {"mean": -0.28457674384117126, "variance": 0.019016075879335403, "std_dev": 0.137898787856102, "median": -0.2944711148738861, "range": 0.6288362145423889, "iq_range": 0.17250143364071846, "density": 0.2366807902910409, "accuracy": 1.0, "distance": 0.6573182344436646}, "6": {"mean": -0.28680065274238586, "variance": 0.017745381221175194, "std_dev": 0.13321179151535034, "median": -0.3097255229949951, "range": 0.6179154515266418, "iq_range": 0.1559339128434658, "density": 0.234509360204481, "accuracy": 1.0, "distance": 0.5834925174713135}, "7": {"mean": -0.28715142607688904, "variance": 0.017544051632285118, "std_dev": 0.13245396316051483, "median": -0.3081325888633728, "range": 0.6600216627120972, "iq_range": 0.1432078443467617, "density": 0.23462191885360345, "accuracy": 1.0, "distance": 0.7813482880592346}, "8": {"mean": -0.285060852766037, "variance": 0.018740316852927208, "std_dev": 0.1368952840566635, "median": -0.3022480607032776, "range": 0.6288362145423889, "iq_range": 0.1620141565799713, "density": 0.23468343265104763, "accuracy": -1.0, "distance": 1.040393352508545}, "9": {"mean": -0.2899297773838043, "variance": 0.015940727666020393, "std_dev": 0.12625660002231598, "median": -0.31350451707839966, "range": 0.6600216627120972, "iq_range": 0.13130222633481026, "density": 0.23706613332146692, "accuracy": -1.0, "distance": 0.7383704781532288}, "10": {"mean": -0.2887529730796814, "variance": 0.016621729359030724, "std_dev": 0.12892527878284454, "median": -0.31009641289711, "range": 0.6288362145423889, "iq_range": 0.13833674043416977, "density": 0.2364356300230378, "accuracy": -1.0, "distance": 1.236013650894165}, "11": {"mean": -0.29137271642684937, "variance": 0.015101934783160686, "std_dev": 0.1228899285197258, "median": -0.3181799054145813, "range": 0.6288362145423889, "iq_range": 0.12126410380005836, "density": 0.24268330063169122, "accuracy": -1.0, "distance": 1.303437352180481}, "12": {"mean": -0.29360082745552063, "variance": 0.013798548839986324, "std_dev": 0.11746722459793091, "median": -0.3243182897567749, "range": 0.6079211831092834, "iq_range": 0.11079820990562439, "density": 0.24294457438425338, "accuracy": 1.0, "distance": 1.0312182903289795}, "13": {"mean": -0.2879859209060669, "variance": 0.017064105719327927, "std_dev": 0.13062964379787445, "median": -0.30422502756118774, "range": 0.6600216627120972, "iq_range": 0.1414925642311573, "density": 0.2383747952953875, "accuracy": -1.0, "distance": 0.6732938289642334}, "14": {"mean": -0.28666210174560547, "variance": 0.01782483235001564, "std_dev": 0.13350966572761536, "median": -0.30694741010665894, "range": 0.6600216627120972, "iq_range": 0.1509854793548584, "density": 0.23437918374011646, "accuracy": -1.0, "distance": 1.098259449005127}}