{"0": {"mean": -0.2885218858718872, "variance": 0.016755135729908943, "std_dev": 0.12944163382053375, "median": -0.30926886200904846, "range": 0.6600216627120972, "iq_range": 0.1418272778391838, "density": 0.23527566607456127, "accuracy": -1.0, "distance": 0.8223152756690979}, "1": {"mean": -0.29071781039237976, "variance": 0.015483162365853786, "std_dev": 0.12443135678768158, "median": -0.3149228096008301, "range": 0.6207359433174133, "iq_range": 0.13125256821513176, "density": 0.23936977244786128, "accuracy": -1.0, "distance": 0.7301919460296631}, "2": {"mean": -0.286372572183609, "variance": 0.017990749329328537, "std_dev": 0.134129598736763, "median": -0.30400216579437256, "range": 0.6600216627120972, "iq_range": 0.1679055280983448, "density": 0.2357908018931583, "accuracy": 1.0, "distance": 0.5367342829704285}, "3": {"mean": -0.28891775012016296, "variance": 0.01652652770280838, "std_dev": 0.1285555362701416, "median": -0.3136810064315796, "range": 0.6600216627120972, "iq_range": 0.12909744307398796, "density": 0.23756612328321075, "accuracy": 1.0, "distance": 0.4828883111476898}, "4": {"mean": -0.2862168550491333, "variance": 0.018079889938235283, "std_dev": 0.13446147739887238, "median": -0.297728955745697, "range": 0.6207359433174133, "iq_range": 0.15318384021520615, "density": 0.23615674081488375, "accuracy": -1.0, "distance": 0.7332070469856262}, "5": {"mean": -0.2852405607700348, "variance": 0.01863781549036503, "std_dev": 0.1365203857421875, "median": -0.3066352307796478, "range": 0.6207359433174133, "iq_range": 0.16691828146576881, "density": 0.2359099520993009, "accuracy": -1.0, "distance": 1.303239345550537}, "6": {"mean": -0.28717461228370667, "variance": 0.01753072440624237, "std_dev": 0.1324036419391632, "median": -0.30690938234329224, "range": 0.6179154515266418, "iq_range": 0.16573582589626312, "density": 0.23816757829162283, "accuracy": 1.0, "distance": 0.5292864441871643}, "7": {"mean": -0.2858567237854004, "variance": 0.018285926431417465, "std_dev": 0.13522545993328094, "median": -0.309844970703125, "range": 0.6600216627120972, "iq_range": 0.15855270251631737, "density": 0.23412598747136265, "accuracy": -1.0, "distance": 0.9499523639678955}, "8": {"mean": -0.2904667258262634, "variance": 0.01562906987965107, "std_dev": 0.12501627206802368, "median": -0.30905881524086, "range": 0.6207359433174133, "iq_range": 0.13220494240522385, "density": 0.23698320284445223, "accuracy": -1.0, "distance": 0.6710503101348877}, "9": {"mean": -0.2896999418735504, "variance": 0.01607394404709339, "std_dev": 0.12678305804729462, "median": -0.3152698278427124, "range": 0.6288362145423889, "iq_range": 0.13599612936377525, "density": 0.23633911733257104, "accuracy": -1.0, "distance": 0.7680409550666809}, "10": {"mean": -0.2857930362224579, "variance": 0.01832234114408493, "std_dev": 0.13536004722118378, "median": -0.3022002875804901, "range": 0.6288362145423889, "iq_range": 0.16802779212594032, "density": 0.23472255645956655, "accuracy": -1.0, "distance": 0.6962852478027344}, "11": {"mean": -0.28921782970428467, "variance": 0.016353046521544456, "std_dev": 0.12787902355194092, "median": -0.3058185875415802, "range": 0.6207359433174133, "iq_range": 0.14514438062906265, "density": 0.23567262344189022, "accuracy": -1.0, "distance": 1.149308681488037}, "12": {"mean": -0.2875554859638214, "variance": 0.01731184311211109, "std_dev": 0.13157448172569275, "median": -0.3058185875415802, "range": 0.6288362145423889, "iq_range": 0.157128743827343, "density": 0.23498099259646016, "accuracy": -1.0, "distance": 0.40089431405067444}, "13": {"mean": -0.2842639088630676, "variance": 0.01919403113424778, "std_dev": 0.1385425180196762, "median": -0.29617273807525635, "range": 0.6288361549377441, "iq_range": 0.16351009160280228, "density": 0.2368319194567822, "accuracy": 1.0, "distance": 1.2518240213394165}, "14": {"mean": -0.2861407995223999, "variance": 0.018123455345630646, "std_dev": 0.13462337851524353, "median": -0.3056817650794983, "range": 0.6288362145423889, "iq_range": 0.15511739626526833, "density": 0.23746795518876881, "accuracy": 1.0, "distance": 1.0750772953033447}}