{"0": {"mean": -0.2876451313495636, "variance": 0.017260286957025528, "std_dev": 0.1313784122467041, "median": -0.3029661178588867, "range": 0.6600216627120972, "iq_range": 0.14624760299921036, "density": 0.23496002941012362, "accuracy": -1.0, "distance": 0.7304120659828186}, "1": {"mean": -0.28826624155044556, "variance": 0.016902592033147812, "std_dev": 0.1300099641084671, "median": -0.3035406470298767, "range": 0.6207359433174133, "iq_range": 0.15688390657305717, "density": 0.2360485953767552, "accuracy": 1.0, "distance": 0.24279381334781647}, "2": {"mean": -0.28520068526268005, "variance": 0.01866057515144348, "std_dev": 0.1366037130355835, "median": -0.3022242784500122, "range": 0.6600216627120972, "iq_range": 0.16551761701703072, "density": 0.23344592233036676, "accuracy": 1.0, "distance": 1.133315920829773}, "3": {"mean": -0.28832292556762695, "variance": 0.016869891434907913, "std_dev": 0.12988415360450745, "median": -0.30167317390441895, "range": 0.6207359433174133, "iq_range": 0.14145740121603012, "density": 0.23649963886750985, "accuracy": -1.0, "distance": 0.9224568605422974}, "4": {"mean": -0.2870289385318756, "variance": 0.01761438325047493, "std_dev": 0.13271918892860413, "median": -0.30143919587135315, "range": 0.5990521907806396, "iq_range": 0.15628840029239655, "density": 0.23520828998935886, "accuracy": 1.0, "distance": 0.9508994221687317}, "5": {"mean": -0.2887360155582428, "variance": 0.01663152128458023, "std_dev": 0.12896326184272766, "median": -0.3064318895339966, "range": 0.6600216627120972, "iq_range": 0.13894010335206985, "density": 0.238503096648758, "accuracy": -1.0, "distance": 1.0588359832763672}, "6": {"mean": -0.2842350900173187, "variance": 0.019210413098335266, "std_dev": 0.1386016309261322, "median": -0.2982102632522583, "range": 0.6191850900650024, "iq_range": 0.1647515892982483, "density": 0.234863286820689, "accuracy": 1.0, "distance": 0.45994558930397034}, "7": {"mean": -0.2908780574798584, "variance": 0.01538995373994112, "std_dev": 0.12405624985694885, "median": -0.3180575370788574, "range": 0.6207359433174133, "iq_range": 0.13354124501347542, "density": 0.23552939950533217, "accuracy": 1.0, "distance": 0.5402958989143372}, "8": {"mean": -0.28947487473487854, "variance": 0.016204295679926872, "std_dev": 0.1272960901260376, "median": -0.3150561451911926, "range": 0.6207359433174133, "iq_range": 0.13393203914165497, "density": 0.23659568755570717, "accuracy": 1.0, "distance": 0.550161600112915}, "9": {"mean": -0.2928159236907959, "variance": 0.014258827082812786, "std_dev": 0.11941032856702805, "median": -0.32043176889419556, "range": 0.6079211831092834, "iq_range": 0.11550543457269669, "density": 0.2433298060046403, "accuracy": 1.0, "distance": 0.30178073048591614}, "10": {"mean": -0.2835937440395355, "variance": 0.01957458071410656, "std_dev": 0.13990919291973114, "median": -0.29430338740348816, "range": 0.6288362145423889, "iq_range": 0.18565737083554268, "density": 0.23739381528719256, "accuracy": 1.0, "distance": 0.34711626172065735}, "11": {"mean": -0.2858198285102844, "variance": 0.01830701157450676, "std_dev": 0.13530340790748596, "median": -0.3019171953201294, "range": 0.5990521907806396, "iq_range": 0.17321646958589554, "density": 0.23487948215660398, "accuracy": 1.0, "distance": 0.7771651744842529}, "12": {"mean": -0.2876412272453308, "variance": 0.01726253144443035, "std_dev": 0.13138695061206818, "median": -0.30574172735214233, "range": 0.6600216627120972, "iq_range": 0.14881928637623787, "density": 0.2364690584417027, "accuracy": 1.0, "distance": 0.9749007225036621}, "13": {"mean": -0.28866466879844666, "variance": 0.016672713682055473, "std_dev": 0.12912286818027496, "median": -0.303729772567749, "range": 0.6600216627120972, "iq_range": 0.14256424829363823, "density": 0.2354350780617049, "accuracy": -1.0, "distance": 0.8428804874420166}, "14": {"mean": -0.2884434461593628, "variance": 0.016800377517938614, "std_dev": 0.12961627542972565, "median": -0.31261390447616577, "range": 0.5918647646903992, "iq_range": 0.13966462761163712, "density": 0.23672241183350526, "accuracy": 1.0, "distance": 0.7126434445381165}}