{"0": {"mean": -0.2882997691631317, "variance": 0.0168832428753376, "std_dev": 0.12993553280830383, "median": -0.3030698299407959, "range": 0.6600216627120972, "iq_range": 0.1478080339729786, "density": 0.23484818854955955, "accuracy": -1.0, "distance": 0.2727145850658417}, "1": {"mean": -0.28520411252975464, "variance": 0.018658608198165894, "std_dev": 0.13659651577472687, "median": -0.3015880584716797, "range": 0.6191851496696472, "iq_range": 0.16993124410510063, "density": 0.23731521898113464, "accuracy": 1.0, "distance": 1.0286871194839478}, "2": {"mean": -0.2855161130428314, "variance": 0.018480539321899414, "std_dev": 0.13594314455986023, "median": -0.2949041724205017, "range": 0.6207359433174133, "iq_range": 0.1586420089006424, "density": 0.23514803733783846, "accuracy": -1.0, "distance": 0.7076129913330078}, "3": {"mean": -0.28424960374832153, "variance": 0.019202174618840218, "std_dev": 0.13857191801071167, "median": -0.29541176557540894, "range": 0.6288362145423889, "iq_range": 0.16706135496497154, "density": 0.23672394618828616, "accuracy": -1.0, "distance": 0.67530357837677}, "4": {"mean": -0.28627198934555054, "variance": 0.018048351630568504, "std_dev": 0.1343441605567932, "median": -0.30104976892471313, "range": 0.6179154515266418, "iq_range": 0.17008601129055023, "density": 0.23947070612086155, "accuracy": 1.0, "distance": 0.4886665642261505}, "5": {"mean": -0.28866034746170044, "variance": 0.016675209626555443, "std_dev": 0.12913252413272858, "median": -0.30594250559806824, "range": 0.6600216627120972, "iq_range": 0.14319655671715736, "density": 0.2371504398005467, "accuracy": -1.0, "distance": 1.3250977993011475}, "6": {"mean": -0.2888667583465576, "variance": 0.016555992886424065, "std_dev": 0.1286700963973999, "median": -0.3057788610458374, "range": 0.6600216627120972, "iq_range": 0.1419651210308075, "density": 0.2356334664477315, "accuracy": -1.0, "distance": 1.0054465532302856}, "7": {"mean": -0.28684312105178833, "variance": 0.017721028998494148, "std_dev": 0.1331203579902649, "median": -0.3048354387283325, "range": 0.6600216627120972, "iq_range": 0.159077700227499, "density": 0.23627483924222317, "accuracy": -1.0, "distance": 0.6948672533035278}, "8": {"mean": -0.28755083680152893, "variance": 0.017314506694674492, "std_dev": 0.13158459961414337, "median": -0.3046385645866394, "range": 0.6600216627120972, "iq_range": 0.157378900796175, "density": 0.23549385495721017, "accuracy": -1.0, "distance": 0.7671117782592773}, "9": {"mean": -0.28645750880241394, "variance": 0.017942095175385475, "std_dev": 0.13394810259342194, "median": -0.3037681579589844, "range": 0.6600216627120972, "iq_range": 0.14907164126634598, "density": 0.23388781286193164, "accuracy": -1.0, "distance": 0.734157919883728}, "10": {"mean": -0.28305691480636597, "variance": 0.019878780469298363, "std_dev": 0.14099213480949402, "median": -0.2892288863658905, "range": 0.6288362145423889, "iq_range": 0.18124505132436752, "density": 0.23466954815938024, "accuracy": -1.0, "distance": 0.6931177377700806}, "11": {"mean": -0.29001519083976746, "variance": 0.015891192480921745, "std_dev": 0.12606027722358704, "median": -0.3155903220176697, "range": 0.6288361549377441, "iq_range": 0.12679476290941238, "density": 0.24295939272645223, "accuracy": -1.0, "distance": 0.6965821981430054}, "12": {"mean": -0.28917762637138367, "variance": 0.016376303508877754, "std_dev": 0.12796993553638458, "median": -0.31242990493774414, "range": 0.6600216627120972, "iq_range": 0.13120009377598763, "density": 0.23492612602498342, "accuracy": 1.0, "distance": 0.4425387382507324}, "13": {"mean": -0.28464752435684204, "variance": 0.018975799903273582, "std_dev": 0.1377526819705963, "median": -0.29883041977882385, "range": 0.6600216627120972, "iq_range": 0.16315103694796562, "density": 0.23228839594187944, "accuracy": -1.0, "distance": 1.2887067794799805}, "14": {"mean": -0.2888276278972626, "variance": 0.016578588634729385, "std_dev": 0.12875786423683167, "median": -0.313132107257843, "range": 0.6007345914840698, "iq_range": 0.1525563858449459, "density": 0.2328329389034411, "accuracy": -1.0, "distance": 0.43671053647994995}}