{"0": {"mean": -0.2822050154209137, "variance": 0.02036033198237419, "std_dev": 0.14268963038921356, "median": -0.29190725088119507, "range": 0.6288359761238098, "iq_range": 0.16993100941181183, "density": 0.23546248389227192, "accuracy": 1.0, "distance": 0.4299752712249756}, "1": {"mean": -0.2879895269870758, "variance": 0.017062027007341385, "std_dev": 0.13062170147895813, "median": -0.3068278133869171, "range": 0.6600216627120972, "iq_range": 0.1501256823539734, "density": 0.23752079989552152, "accuracy": -1.0, "distance": 0.6925181150436401}, "2": {"mean": -0.29148828983306885, "variance": 0.015034589916467667, "std_dev": 0.12261562049388885, "median": -0.3163394331932068, "range": 0.6600216627120972, "iq_range": 0.1265251524746418, "density": 0.23733014649272277, "accuracy": -1.0, "distance": 0.6375593543052673}, "3": {"mean": -0.2919218838214874, "variance": 0.014781618490815163, "std_dev": 0.12157967686653137, "median": -0.3195796608924866, "range": 0.6288362145423889, "iq_range": 0.12220495194196701, "density": 0.23921164756707755, "accuracy": 1.0, "distance": 0.4244883060455322}, "4": {"mean": -0.29026415944099426, "variance": 0.015746716409921646, "std_dev": 0.12548592686653137, "median": -0.3132346272468567, "range": 0.6207359433174133, "iq_range": 0.1341238021850586, "density": 0.2347238784164052, "accuracy": 1.0, "distance": 0.3292175829410553}, "5": {"mean": -0.290983110666275, "variance": 0.015328822657465935, "std_dev": 0.12380962073802948, "median": -0.31674253940582275, "range": 0.6600216627120972, "iq_range": 0.11777278780937195, "density": 0.23850731622938193, "accuracy": 1.0, "distance": 0.40402674674987793}, "6": {"mean": -0.2902807593345642, "variance": 0.015737082809209824, "std_dev": 0.12544752657413483, "median": -0.3133634328842163, "range": 0.6207359433174133, "iq_range": 0.13026051223278046, "density": 0.23603469810376598, "accuracy": -1.0, "distance": 0.5180590748786926}, "7": {"mean": -0.2869586646556854, "variance": 0.017654728144407272, "std_dev": 0.1328710913658142, "median": -0.30431175231933594, "range": 0.6288362145423889, "iq_range": 0.1482517272233963, "density": 0.23808029516375112, "accuracy": 1.0, "distance": 0.6746759414672852}, "8": {"mean": -0.28686389327049255, "variance": 0.01770910620689392, "std_dev": 0.1330755650997162, "median": -0.30573415756225586, "range": 0.6179154515266418, "iq_range": 0.17268101498484612, "density": 0.23797312268908094, "accuracy": 1.0, "distance": 0.46083933115005493}, "9": {"mean": -0.28692859411239624, "variance": 0.0176719818264246, "std_dev": 0.1329360008239746, "median": -0.30304276943206787, "range": 0.6135308146476746, "iq_range": 0.1593240238726139, "density": 0.2369809464851011, "accuracy": 1.0, "distance": 0.44401633739471436}, "10": {"mean": -0.2878296971321106, "variance": 0.01715405471622944, "std_dev": 0.13097348809242249, "median": -0.31182199716567993, "range": 0.6007345914840698, "iq_range": 0.1364825814962387, "density": 0.2363234071969011, "accuracy": 1.0, "distance": 0.863990306854248}, "11": {"mean": -0.283488392829895, "variance": 0.019634317606687546, "std_dev": 0.14012250304222107, "median": -0.2929471731185913, "range": 0.6288362145423889, "iq_range": 0.17712318524718285, "density": 0.23495053081557793, "accuracy": -1.0, "distance": 1.155336618423462}, "12": {"mean": -0.2883707880973816, "variance": 0.016842292621731758, "std_dev": 0.12977786362171173, "median": -0.30183088779449463, "range": 0.6600216627120972, "iq_range": 0.14566883072257042, "density": 0.23545474350321682, "accuracy": 1.0, "distance": 0.7359324097633362}, "13": {"mean": -0.28700709342956543, "variance": 0.017626924440264702, "std_dev": 0.13276642560958862, "median": -0.3067706227302551, "range": 0.6179154515266418, "iq_range": 0.171714648604393, "density": 0.23776139694716428, "accuracy": 1.0, "distance": 0.3215160071849823}, "14": {"mean": -0.29324084520339966, "variance": 0.014009812846779823, "std_dev": 0.11836305260658264, "median": -0.32362109422683716, "range": 0.5790396928787231, "iq_range": 0.11166709661483765, "density": 0.2448372705141768, "accuracy": 1.0, "distance": 0.7990700006484985}}