{"0": {"mean": -0.2924114763736725, "variance": 0.014495518989861012, "std_dev": 0.12039733678102493, "median": -0.31791287660598755, "range": 0.6191851496696472, "iq_range": 0.11537686735391617, "density": 0.24230852216151166, "accuracy": 1.0, "distance": 0.6508926749229431}, "1": {"mean": -0.2871083915233612, "variance": 0.017568767070770264, "std_dev": 0.13254722952842712, "median": -0.31207340955734253, "range": 0.6207359433174133, "iq_range": 0.1579432636499405, "density": 0.2390715994532229, "accuracy": 1.0, "distance": 0.8205451369285583}, "2": {"mean": -0.28739073872566223, "variance": 0.01740656979382038, "std_dev": 0.13193395733833313, "median": -0.31242990493774414, "range": 0.6007345914840698, "iq_range": 0.15365033224225044, "density": 0.2356841807617549, "accuracy": 1.0, "distance": 0.5128313302993774}, "3": {"mean": -0.28871485590934753, "variance": 0.01664375700056553, "std_dev": 0.12901069223880768, "median": -0.31207340955734253, "range": 0.6600216627120972, "iq_range": 0.14371804147958755, "density": 0.23648808298548477, "accuracy": -1.0, "distance": 0.8546676635742188}, "4": {"mean": -0.2875714600086212, "variance": 0.017302649095654488, "std_dev": 0.13153953850269318, "median": -0.3110755383968353, "range": 0.6191851496696472, "iq_range": 0.14169559255242348, "density": 0.23785770652204052, "accuracy": -1.0, "distance": 1.076755166053772}, "5": {"mean": -0.28443169593811035, "variance": 0.01909860223531723, "std_dev": 0.13819769024848938, "median": -0.30007266998291016, "range": 0.6288361549377441, "iq_range": 0.168438870459795, "density": 0.23575279456700318, "accuracy": 1.0, "distance": 0.8598390221595764}, "6": {"mean": -0.2850533425807953, "variance": 0.01874457485973835, "std_dev": 0.1369108259677887, "median": -0.3010293245315552, "range": 0.6288362145423889, "iq_range": 0.15646853297948837, "density": 0.23541589161011364, "accuracy": 1.0, "distance": 0.28853198885917664}, "7": {"mean": -0.2872886061668396, "variance": 0.0174652561545372, "std_dev": 0.13215617835521698, "median": -0.3022242784500122, "range": 0.6600216627120972, "iq_range": 0.1599453166127205, "density": 0.23443562929911774, "accuracy": 1.0, "distance": 0.23871605098247528}, "8": {"mean": -0.2891666889190674, "variance": 0.016382623463869095, "std_dev": 0.1279946267604828, "median": -0.31224799156188965, "range": 0.6207359433174133, "iq_range": 0.13648145273327827, "density": 0.23864520108960321, "accuracy": 1.0, "distance": 0.382656067609787}, "9": {"mean": -0.28832653164863586, "variance": 0.016867801547050476, "std_dev": 0.12987610697746277, "median": -0.3073901832103729, "range": 0.6600216627120972, "iq_range": 0.14197779446840286, "density": 0.2374837557191134, "accuracy": 1.0, "distance": 0.28621140122413635}, "10": {"mean": -0.2932320237159729, "variance": 0.01401497796177864, "std_dev": 0.11838487535715103, "median": -0.3221451938152313, "range": 0.6079211831092834, "iq_range": 0.1138422042131424, "density": 0.24055582802577175, "accuracy": -1.0, "distance": 1.0056917667388916}, "11": {"mean": -0.28925466537475586, "variance": 0.016331737861037254, "std_dev": 0.12779568135738373, "median": -0.31327205896377563, "range": 0.6600216627120972, "iq_range": 0.13561198487877846, "density": 0.23267106268071586, "accuracy": -1.0, "distance": 1.0412925481796265}, "12": {"mean": -0.28487005829811096, "variance": 0.018849056214094162, "std_dev": 0.13729186356067657, "median": -0.29877299070358276, "range": 0.6600216627120972, "iq_range": 0.1738639958202839, "density": 0.2318072170084136, "accuracy": -1.0, "distance": 1.2100129127502441}, "13": {"mean": -0.2894448935985565, "variance": 0.0162216667085886, "std_dev": 0.12736430764198303, "median": -0.3116844892501831, "range": 0.6600216627120972, "iq_range": 0.12676116079092026, "density": 0.23531150646205934, "accuracy": -1.0, "distance": 0.6926926970481873}, "14": {"mean": -0.28898754715919495, "variance": 0.01648620143532753, "std_dev": 0.128398597240448, "median": -0.31068897247314453, "range": 0.6079211831092834, "iq_range": 0.1327926553785801, "density": 0.23472320049175271, "accuracy": 1.0, "distance": 0.9471292495727539}}