{
    "0": [
        2.1784617619426174,
        0
    ],
    "1": [
        0.0,
        0
    ],
    "2": [
        2.2425937178878987,
        0
    ],
    "3": [
        0.10589534766802859,
        0
    ],
    "4": [
        2.7112579902862537,
        0
    ],
    "5": [
        0.9274151241894828,
        0
    ],
    "6": [
        2.4557617423401963,
        0
    ],
    "7": [
        0.0,
        0
    ],
    "8": [
        0.0,
        0
    ],
    "9": [
        0.6931969558278678,
        0
    ],
    "10": [
        0.0,
        0
    ],
    "11": [
        0.0,
        0
    ],
    "12": [
        1.5857099231195046,
        0
    ],
    "13": [
        3.93027847560179,
        0
    ],
    "14": [
        1.9596586405764074,
        0
    ]
}