{
    "0": [
        1.2355764218813317,
        0
    ],
    "1": [
        0.17074166865660906,
        0
    ],
    "2": [
        0.8865404613866353,
        0
    ],
    "3": [
        1.743100205501661,
        0
    ],
    "4": [
        2.7907019966002973,
        0
    ],
    "5": [
        1.8074688985306842,
        0
    ],
    "6": [
        6.64130326410146,
        0
    ],
    "7": [
        0.0,
        0
    ],
    "8": [
        0.0,
        0
    ],
    "9": [
        0.0,
        0
    ],
    "10": [
        3.1500183365885865,
        0
    ],
    "11": [
        0.0,
        0
    ],
    "12": [
        2.6255823276060055,
        0
    ],
    "13": [
        1.1854945167464441,
        0
    ],
    "14": [
        0.37378447182649505,
        0
    ]
}