{
    "0": [
        3.0246098210681214,
        0
    ],
    "1": [
        0.07989955514884843,
        0
    ],
    "2": [
        1.181182069325434,
        0
    ],
    "3": [
        6.178772683590756,
        0
    ],
    "4": [
        0.6553187798930292,
        0
    ],
    "5": [
        3.6983271985133284,
        0
    ],
    "6": [
        0.0,
        0
    ],
    "7": [
        0.696742366618865,
        0
    ],
    "8": [
        3.406929216953882,
        0
    ],
    "9": [
        0.811273926842565,
        0
    ],
    "10": [
        2.040595663862067,
        0
    ],
    "11": [
        1.5202728027263557,
        0
    ],
    "12": [
        0.0,
        0
    ],
    "13": [
        0.0,
        0
    ],
    "14": [
        1.062477819639797,
        0
    ]
}