{
    "0": [
        1.0162726951368541,
        0
    ],
    "1": [
        4.198466080542645,
        0
    ],
    "2": [
        1.5842037439547645,
        0
    ],
    "3": [
        3.2047888508374496,
        0
    ],
    "4": [
        2.1708051275789733,
        0
    ],
    "5": [
        0.0,
        0
    ],
    "6": [
        0.5367677729446007,
        0
    ],
    "7": [
        1.017346096789605,
        0
    ],
    "8": [
        0.0,
        0
    ],
    "9": [
        0.9429825812529369,
        0
    ],
    "10": [
        0.014583890140756171,
        0
    ],
    "11": [
        0.0489498620998923,
        0
    ],
    "12": [
        2.1714667031524404,
        0
    ],
    "13": [
        1.7223032841752912,
        0
    ],
    "14": [
        0.0,
        0
    ]
}