{
    "0": [
        0.0,
        0
    ],
    "1": [
        1.4812898365489378,
        0
    ],
    "2": [
        2.246405684335601,
        0
    ],
    "3": [
        2.686205565465226,
        0
    ],
    "4": [
        0.0,
        0
    ],
    "5": [
        1.8840832062880866,
        0
    ],
    "6": [
        0.0,
        0
    ],
    "7": [
        1.8181536640046925,
        0
    ],
    "8": [
        0.14597580381435166,
        0
    ],
    "9": [
        1.6790606508464327,
        0
    ],
    "10": [
        3.707453707205876,
        0
    ],
    "11": [
        0.3362086620468899,
        0
    ],
    "12": [
        4.5897007515851875,
        0
    ],
    "13": [
        3.639374079683166,
        0
    ],
    "14": [
        0.0,
        0
    ]
}