{
    "0": [
        0.0,
        0
    ],
    "1": [
        0.08000967584182461,
        0
    ],
    "2": [
        0.11914689716529688,
        0
    ],
    "3": [
        0.0,
        0
    ],
    "4": [
        3.903007950598862,
        0
    ],
    "5": [
        4.666634292373735,
        0
    ],
    "6": [
        1.8305521446922601,
        0
    ],
    "7": [
        0.9083934081305717,
        0
    ],
    "8": [
        5.276781327849625,
        0
    ],
    "9": [
        0.3920728065373454,
        0
    ],
    "10": [
        0.8543949556829025,
        0
    ],
    "11": [
        0.0,
        0
    ],
    "12": [
        0.0,
        0
    ],
    "13": [
        0.3974316686722252,
        0
    ],
    "14": [
        3.9646793911385503,
        0
    ]
}