{
    "0": [
        3.5028705649321936,
        0
    ],
    "1": [
        0.11104325123798703,
        0
    ],
    "2": [
        0.0,
        0
    ],
    "3": [
        2.270634717634079,
        0
    ],
    "4": [
        2.6133582993714346,
        0
    ],
    "5": [
        0.6278280020704925,
        0
    ],
    "6": [
        0.5070420340385441,
        0
    ],
    "7": [
        0.0,
        0
    ],
    "8": [
        0.0,
        0
    ],
    "9": [
        0.9311938903663428,
        0
    ],
    "10": [
        1.2924254025263742,
        0
    ],
    "11": [
        2.2000776200073893,
        0
    ],
    "12": [
        0.0,
        0
    ],
    "13": [
        0.46574691404309154,
        0
    ],
    "14": [
        4.267301110351472,
        0
    ]
}