{
    "0": [
        1.432964422916363,
        0
    ],
    "1": [
        3.255351585979226,
        0
    ],
    "2": [
        0.49255332304337024,
        0
    ],
    "3": [
        1.3515843252068431,
        0
    ],
    "4": [
        1.434976419315166,
        0
    ],
    "5": [
        1.3760386254480563,
        0
    ],
    "6": [
        0.5147034198954634,
        0
    ],
    "7": [
        3.324387881338906,
        0
    ],
    "8": [
        0.6897767097137568,
        0
    ],
    "9": [
        4.1014925625183825,
        0
    ],
    "10": [
        0.5923981612397057,
        0
    ],
    "11": [
        3.309536530003276,
        0
    ],
    "12": [
        0.9713415160254778,
        0
    ],
    "13": [
        1.9881285397808988,
        0
    ],
    "14": [
        1.441211051610837,
        0
    ]
}