{
    "0": [
        4.156662835051395,
        0
    ],
    "1": [
        4.006967618962273,
        0
    ],
    "2": [
        4.370559606838099,
        0
    ],
    "3": [
        1.341762641095631,
        0
    ],
    "4": [
        1.6261163507111258,
        0
    ],
    "5": [
        0.8040054284561166,
        0
    ],
    "6": [
        0.040851236172389234,
        0
    ],
    "7": [
        0.10993274866688192,
        0
    ],
    "8": [
        0.0,
        0
    ],
    "9": [
        0.9070954423808149,
        0
    ],
    "10": [
        0.40969076344509814,
        0
    ],
    "11": [
        1.236594326518374,
        0
    ],
    "12": [
        0.0,
        0
    ],
    "13": [
        0.6296560026614938,
        0
    ],
    "14": [
        1.4164172295661555,
        0
    ]
}