{
    "0": [
        1.6544807077669272,
        0
    ],
    "1": [
        0.226662228127995,
        0
    ],
    "2": [
        0.07482843516150668,
        0
    ],
    "3": [
        0.4029619500166315,
        0
    ],
    "4": [
        0.8367746844565768,
        0
    ],
    "5": [
        4.62660229157261,
        0
    ],
    "6": [
        2.5012125229047655,
        0
    ],
    "7": [
        0.9025111119417749,
        0
    ],
    "8": [
        3.2177885110673206,
        0
    ],
    "9": [
        4.835048501907223,
        0
    ],
    "10": [
        1.7964226836047785,
        0
    ],
    "11": [
        2.567530436260267,
        0
    ],
    "12": [
        1.1426288293263227,
        0
    ],
    "13": [
        0.831718966194402,
        0
    ],
    "14": [
        0.0,
        0
    ]
}