{
    "0": [
        3.3037546147201082,
        0
    ],
    "1": [
        1.1138340504841218,
        0
    ],
    "2": [
        2.0623821168970333,
        0
    ],
    "3": [
        0.0,
        0
    ],
    "4": [
        2.4022336187562794,
        0
    ],
    "5": [
        1.0449592416543914,
        0
    ],
    "6": [
        2.5801449610410563,
        0
    ],
    "7": [
        2.7809416706745154,
        0
    ],
    "8": [
        0.0,
        0
    ],
    "9": [
        1.9817274484995526,
        0
    ],
    "10": [
        0.43021384835210863,
        0
    ],
    "11": [
        0.8657782526679502,
        0
    ],
    "12": [
        3.45674381836826,
        0
    ],
    "13": [
        1.880877666036795,
        0
    ],
    "14": [
        0.0,
        0
    ]
}