{
    "0": [
        1.5234107063524875,
        0
    ],
    "1": [
        0.6763421078776712,
        0
    ],
    "2": [
        0.13482961294822618,
        0
    ],
    "3": [
        0.29905222737823267,
        0
    ],
    "4": [
        3.3642824844217225,
        0
    ],
    "5": [
        0.9391811918260271,
        0
    ],
    "6": [
        1.2571180964720798,
        0
    ],
    "7": [
        2.2383571940504647,
        0
    ],
    "8": [
        0.004524963530335314,
        0
    ],
    "9": [
        0.7524106620493235,
        0
    ],
    "10": [
        0.0,
        0
    ],
    "11": [
        2.1317835317467044,
        0
    ],
    "12": [
        3.1113120375878,
        0
    ],
    "13": [
        4.248963485496072,
        0
    ],
    "14": [
        1.765624591024986,
        0
    ]
}