{
    "0": [
        0.0,
        0
    ],
    "1": [
        1.5477095949497843,
        0
    ],
    "2": [
        2.7841019669985414,
        0
    ],
    "3": [
        4.327226805153999,
        0
    ],
    "4": [
        2.5065884010908306,
        0
    ],
    "5": [
        0.0,
        0
    ],
    "6": [
        1.4369849628094518,
        0
    ],
    "7": [
        2.9629767903635496,
        0
    ],
    "8": [
        0.0,
        0
    ],
    "9": [
        5.257506241336443,
        0
    ],
    "10": [
        0.11844588404106973,
        0
    ],
    "11": [
        1.0561941837439186,
        0
    ],
    "12": [
        1.1988065890933384,
        0
    ],
    "13": [
        2.960162295703982,
        0
    ],
    "14": [
        0.0,
        0
    ]
}