{
    "0": [
        0.9439109837098223,
        0
    ],
    "1": [
        0.131443960986466,
        0
    ],
    "2": [
        0.7142722053566319,
        0
    ],
    "3": [
        0.5692302303732667,
        0
    ],
    "4": [
        2.9633435802824932,
        0
    ],
    "5": [
        0.5801734138995586,
        0
    ],
    "6": [
        0.21201136278417884,
        0
    ],
    "7": [
        2.480714925988288,
        0
    ],
    "8": [
        3.05399545007119,
        0
    ],
    "9": [
        3.5153088276756472,
        0
    ],
    "10": [
        1.9723022809315547,
        0
    ],
    "11": [
        0.41863684040492644,
        0
    ],
    "12": [
        0.314503118129447,
        0
    ],
    "13": [
        0.733201150984377,
        0
    ],
    "14": [
        0.8644633533394056,
        0
    ]
}