{
    "0": [
        0.9025560576427349,
        0
    ],
    "1": [
        3.7644739726804537,
        0
    ],
    "2": [
        0.44413983481284713,
        0
    ],
    "3": [
        7.20786280775235,
        0
    ]
}