{
    "0": [
        0.06873170495272907,
        210
    ],
    "1": [
        0.016662778135145467,
        169
    ],
    "2": [
        0.01181188188952893,
        114
    ],
    "3": [
        0.02637352478291512,
        183
    ],
    "4": [
        0.11220582583692025,
        278
    ],
    "5": [
        0.016706714081330076,
        151
    ],
    "6": [
        0.0947097679820406,
        222
    ],
    "7": [
        0.03624626312901475,
        173
    ],
    "8": [
        0.047453338709938384,
        234
    ],
    "9": [
        0.12048127496078433,
        198
    ],
    "10": [
        0.06094428391751903,
        241
    ],
    "11": [
        0.09668334272728414,
        183
    ],
    "12": [
        0.05252331417611317,
        191
    ],
    "13": [
        0.09626488990292799,
        301
    ],
    "14": [
        0.14220109481580873,
        218
    ]
}