{
    "0": [
        0.07874165853760742,
        184
    ],
    "1": [
        0.06465690449957687,
        234
    ],
    "2": [
        0.06142856343490859,
        175
    ],
    "3": [
        0.04231097577089725,
        176
    ],
    "4": [
        0.03973135767994007,
        169
    ],
    "5": [
        0.16953854791552994,
        183
    ],
    "6": [
        0.04010539388642026,
        206
    ],
    "7": [
        0.12425722458779011,
        231
    ],
    "8": [
        0.04865867299461303,
        169
    ],
    "9": [
        0.03485058896942155,
        184
    ],
    "10": [
        0.07332961031211697,
        201
    ],
    "11": [
        0.018642743067049664,
        179
    ],
    "12": [
        0.03441387370830358,
        193
    ],
    "13": [
        0.08782769437179276,
        249
    ],
    "14": [
        0.08150619026403205,
        220
    ]
}