{
    "0": [
        0.06292383860829215,
        236
    ],
    "1": [
        0.07289862347836058,
        222
    ],
    "2": [
        0.07460410045991589,
        318
    ],
    "3": [
        0.083161365168722,
        176
    ],
    "4": [
        0.032679321651962516,
        214
    ],
    "5": [
        0.10088812520246636,
        330
    ],
    "6": [
        0.07011372653867033,
        187
    ],
    "7": [
        0.11753658453406023,
        250
    ],
    "8": [
        0.03665331667045525,
        154
    ],
    "9": [
        0.05379582291309741,
        223
    ],
    "10": [
        0.0627566004389487,
        186
    ],
    "11": [
        0.03013727214304705,
        167
    ],
    "12": [
        0.050584148290127064,
        240
    ],
    "13": [
        0.022697260364736564,
        209
    ],
    "14": [
        0.1285698935371378,
        363
    ]
}