{
    "0": [
        0.07038645658995026,
        220
    ],
    "1": [
        0.11332446341578899,
        233
    ],
    "2": [
        0.03400045409036697,
        192
    ],
    "3": [
        0.05622870206222614,
        161
    ],
    "4": [
        0.05065907017026226,
        171
    ],
    "5": [
        0.03866325265331577,
        179
    ],
    "6": [
        0.07660641304317332,
        213
    ],
    "7": [
        0.10283346657552479,
        290
    ],
    "8": [
        0.07102792121633728,
        265
    ],
    "9": [
        0.06153687519112375,
        194
    ],
    "10": [
        0.09937214907661412,
        233
    ],
    "11": [
        0.026267834589389256,
        177
    ],
    "12": [
        0.12446293158323687,
        275
    ],
    "13": [
        0.04509311103531713,
        309
    ],
    "14": [
        0.029536898707373124,
        179
    ]
}