{
    "0": [
        0.104683221527794,
        243
    ],
    "1": [
        0.022445728160431576,
        202
    ],
    "2": [
        0.09127312225881472,
        252
    ],
    "3": [
        0.03884330618367087,
        202
    ],
    "4": [
        0.1560930804149521,
        208
    ],
    "5": [
        0.05600686827781503,
        277
    ],
    "6": [
        0.06774469168473427,
        300
    ],
    "7": [
        0.026637881489251374,
        191
    ],
    "8": [
        0.023106376824900885,
        221
    ],
    "9": [
        0.101624850711428,
        247
    ],
    "10": [
        0.09533408612453059,
        293
    ],
    "11": [
        0.05975752422792635,
        241
    ],
    "12": [
        0.046579764471154125,
        191
    ],
    "13": [
        0.061936343458482694,
        166
    ],
    "14": [
        0.04793315418411343,
        212
    ]
}