{
    "0": [
        0.07276861087953043,
        214
    ],
    "1": [
        0.06638583275055383,
        148
    ],
    "2": [
        0.03527838206190969,
        239
    ],
    "3": [
        0.13993664282205504,
        312
    ],
    "4": [
        0.02900400295107222,
        195
    ],
    "5": [
        0.18782277568525035,
        202
    ],
    "6": [
        0.019794235832781226,
        156
    ],
    "7": [
        0.10313258189336753,
        267
    ],
    "8": [
        0.09027627900395838,
        229
    ],
    "9": [
        0.019149316374737345,
        130
    ],
    "10": [
        0.039903811384431206,
        210
    ],
    "11": [
        0.04102270076059163,
        192
    ],
    "12": [
        0.013125731356620832,
        188
    ],
    "13": [
        0.028468794254186053,
        191
    ],
    "14": [
        0.11393030198895417,
        253
    ]
}