{
    "0": [
        0.03621814213186679,
        185
    ],
    "1": [
        0.02262149466082873,
        159
    ],
    "2": [
        0.0429000939442122,
        210
    ],
    "3": [
        0.03800906844428883,
        233
    ],
    "4": [
        0.09782267512667189,
        267
    ],
    "5": [
        0.034500799719807414,
        199
    ],
    "6": [
        0.08991547797058637,
        250
    ],
    "7": [
        0.06969957450901519,
        177
    ],
    "8": [
        0.1449548045373217,
        198
    ],
    "9": [
        0.07996374924538929,
        185
    ],
    "10": [
        0.10009344790669446,
        227
    ],
    "11": [
        0.04561452753222919,
        227
    ],
    "12": [
        0.0699629955357443,
        290
    ],
    "13": [
        0.031194669480877138,
        170
    ],
    "14": [
        0.09652847925446657,
        216
    ]
}