{
    "0": [
        0.10989445853470041,
        205
    ],
    "1": [
        0.0781361535060603,
        201
    ],
    "2": [
        0.05155676718930414,
        163
    ],
    "3": [
        0.030840376728201172,
        203
    ],
    "4": [
        0.17316120051601186,
        283
    ],
    "5": [
        0.11343465457286252,
        283
    ],
    "6": [
        0.026453853128855856,
        169
    ],
    "7": [
        0.13364544630030345,
        294
    ],
    "8": [
        0.011624937091643316,
        147
    ],
    "9": [
        0.018739096278132916,
        179
    ],
    "10": [
        0.017687845051073958,
        160
    ],
    "11": [
        0.03226131883830922,
        211
    ],
    "12": [
        0.14942223904820057,
        208
    ],
    "13": [
        0.030896793210868627,
        173
    ],
    "14": [
        0.02224486000547157,
        169
    ]
}