{
    "0": [
        0.030532590865648676,
        156
    ],
    "1": [
        0.049957679767157134,
        169
    ],
    "2": [
        0.04891919377420183,
        204
    ],
    "3": [
        0.0241052087715979,
        122
    ],
    "4": [
        0.03728281400745433,
        182
    ],
    "5": [
        0.04623986931757554,
        161
    ],
    "6": [
        0.04848192290757656,
        145
    ],
    "7": [
        0.04078485549373955,
        169
    ],
    "8": [
        0.09926955507732255,
        228
    ],
    "9": [
        0.08478094576727785,
        212
    ],
    "10": [
        0.05799818145365444,
        157
    ],
    "11": [
        0.07019639109111114,
        158
    ],
    "12": [
        0.17387075773203414,
        224
    ],
    "13": [
        0.08918453939112088,
        200
    ],
    "14": [
        0.0983954945825273,
        219
    ]
}