{
    "0": [
        0.0957282521360445,
        333
    ],
    "1": [
        0.0644921103279381,
        191
    ],
    "2": [
        0.017514111693520344,
        171
    ],
    "3": [
        0.05743468402753729,
        250
    ],
    "4": [
        0.04730913355803085,
        239
    ],
    "5": [
        0.04317686178481624,
        169
    ],
    "6": [
        0.07952711659907989,
        210
    ],
    "7": [
        0.09333405977644858,
        315
    ],
    "8": [
        0.11492858096746326,
        326
    ],
    "9": [
        0.025159933715542582,
        188
    ],
    "10": [
        0.02960723047562244,
        155
    ],
    "11": [
        0.1498691417759961,
        347
    ],
    "12": [
        0.06616532409870649,
        248
    ],
    "13": [
        0.023718288407416434,
        265
    ],
    "14": [
        0.09203517065583686,
        289
    ]
}