{
    "0": [
        0.011412472645302072,
        147
    ],
    "1": [
        0.12216764521683172,
        281
    ],
    "2": [
        0.08348948366274746,
        196
    ],
    "3": [
        0.06116592853986647,
        256
    ],
    "4": [
        0.013437984032599612,
        156
    ],
    "5": [
        0.0338173334104753,
        187
    ],
    "6": [
        0.11608735603924797,
        317
    ],
    "7": [
        0.10983818679103452,
        215
    ],
    "8": [
        0.03681478433168497,
        306
    ],
    "9": [
        0.03735822481370454,
        211
    ],
    "10": [
        0.09155615286990394,
        297
    ],
    "11": [
        0.09036118514300787,
        263
    ],
    "12": [
        0.06661448847870129,
        204
    ],
    "13": [
        0.03151278348965878,
        223
    ],
    "14": [
        0.09436599053523353,
        242
    ]
}