{
    "0": [
        0.07929708399931244,
        236
    ],
    "1": [
        0.04011755931065706,
        234
    ],
    "2": [
        0.06531910755138846,
        206
    ],
    "3": [
        0.04807744462995027,
        195
    ],
    "4": [
        0.07605922198840778,
        240
    ],
    "5": [
        0.07779279976578204,
        223
    ],
    "6": [
        0.10169879850583341,
        225
    ],
    "7": [
        0.15631937270363766,
        177
    ],
    "8": [
        0.03275718625022763,
        177
    ],
    "9": [
        0.030540570252105954,
        168
    ],
    "10": [
        0.11324006202026188,
        191
    ],
    "11": [
        0.060164047282604584,
        208
    ],
    "12": [
        0.019991678175360614,
        162
    ],
    "13": [
        0.040094062374421494,
        204
    ],
    "14": [
        0.05853100519004895,
        231
    ]
}