{
    "0": [
        0.023139564219862768,
        181
    ],
    "1": [
        0.10292628856107738,
        282
    ],
    "2": [
        0.0708526241209545,
        236
    ],
    "3": [
        0.04615405491134859,
        223
    ],
    "4": [
        0.008934059408577964,
        132
    ],
    "5": [
        0.11184010477547553,
        239
    ],
    "6": [
        0.07219513167554922,
        196
    ],
    "7": [
        0.05657037474456214,
        241
    ],
    "8": [
        0.12149862876738365,
        203
    ],
    "9": [
        0.07324442253914945,
        258
    ],
    "10": [
        0.010703701411365172,
        129
    ],
    "11": [
        0.16756224749794682,
        316
    ],
    "12": [
        0.01978660048479479,
        124
    ],
    "13": [
        0.1011486083271249,
        238
    ],
    "14": [
        0.01344358855482716,
        163
    ]
}