{
    "0": [
        0.07956903505483616,
        233
    ],
    "1": [
        0.07392645073707614,
        184
    ],
    "2": [
        0.11679036919458091,
        247
    ],
    "3": [
        0.03344866874703879,
        206
    ],
    "4": [
        0.04638906642250826,
        216
    ],
    "5": [
        0.03147730035663474,
        169
    ],
    "6": [
        0.06383817048206958,
        200
    ],
    "7": [
        0.05180951347186796,
        214
    ],
    "8": [
        0.16654836600384623,
        221
    ],
    "9": [
        0.012970516417832867,
        162
    ],
    "10": [
        0.04662680298415315,
        232
    ],
    "11": [
        0.0711177820539439,
        183
    ],
    "12": [
        0.05903453416015027,
        263
    ],
    "13": [
        0.055870506913491255,
        217
    ],
    "14": [
        0.09058291699996969,
        176
    ]
}