{
    "0": [
        0.11408115874430344,
        285
    ],
    "1": [
        0.09369734835671563,
        322
    ],
    "2": [
        0.11382768196551116,
        328
    ],
    "3": [
        0.03407676357149886,
        232
    ],
    "4": [
        0.032119914976202917,
        269
    ],
    "5": [
        0.04438110941285944,
        266
    ],
    "6": [
        0.09924606615895451,
        253
    ],
    "7": [
        0.026064171218762353,
        235
    ],
    "8": [
        0.0752546693746364,
        235
    ],
    "9": [
        0.06802892740355003,
        295
    ],
    "10": [
        0.06608836562329908,
        248
    ],
    "11": [
        0.05594442910597351,
        222
    ],
    "12": [
        0.07646364239354071,
        285
    ],
    "13": [
        0.08013116391713276,
        281
    ],
    "14": [
        0.020594587777059095,
        196
    ]
}