{
    "0": [
        0.04374950750840957,
        207
    ],
    "1": [
        0.14210565165745243,
        220
    ],
    "2": [
        0.11086233303234358,
        275
    ],
    "3": [
        0.06676196962488078,
        231
    ],
    "4": [
        0.027223033143973365,
        140
    ],
    "5": [
        0.035014676808739424,
        227
    ],
    "6": [
        0.05218240919594415,
        239
    ],
    "7": [
        0.04537397565281692,
        177
    ],
    "8": [
        0.02331534106121436,
        221
    ],
    "9": [
        0.03386658066544548,
        206
    ],
    "10": [
        0.0708085462230649,
        185
    ],
    "11": [
        0.08910233952922106,
        236
    ],
    "12": [
        0.019305023811238196,
        161
    ],
    "13": [
        0.17978453515484108,
        200
    ],
    "14": [
        0.06054407693041475,
        241
    ]
}