{
    "0": [
        0.10094794087921263,
        290
    ],
    "1": [
        0.06892682985271804,
        197
    ],
    "2": [
        0.09626390074723025,
        197
    ],
    "3": [
        0.05243083140248603,
        255
    ],
    "4": [
        0.0807996209350285,
        258
    ],
    "5": [
        0.11072184416219934,
        266
    ],
    "6": [
        0.07853003527628799,
        290
    ],
    "7": [
        0.039505193732282035,
        172
    ],
    "8": [
        0.041016212323591504,
        212
    ],
    "9": [
        0.045663662846740796,
        220
    ],
    "10": [
        0.06376049551153534,
        200
    ],
    "11": [
        0.014521093023365425,
        142
    ],
    "12": [
        0.07265237172002109,
        247
    ],
    "13": [
        0.0924365173056133,
        265
    ],
    "14": [
        0.0418234502816878,
        237
    ]
}