{
    "0": [
        0.09534333653924769,
        354
    ],
    "1": [
        0.04299049142705118,
        188
    ],
    "2": [
        0.02680089215617057,
        267
    ],
    "3": [
        0.034146272908967185,
        305
    ],
    "4": [
        0.12023817409842541,
        346
    ],
    "5": [
        0.03420569757825535,
        229
    ],
    "6": [
        0.012121273338108446,
        143
    ],
    "7": [
        0.09932424827419055,
        307
    ],
    "8": [
        0.07091063773071993,
        255
    ],
    "9": [
        0.05444853947753885,
        202
    ],
    "10": [
        0.10438710151668106,
        296
    ],
    "11": [
        0.053793799635466336,
        235
    ],
    "12": [
        0.11078867623578458,
        164
    ],
    "13": [
        0.057018349262178414,
        247
    ],
    "14": [
        0.08348250982121436,
        180
    ]
}