{
    "0": [
        0.13106670682303873,
        207
    ],
    "1": [
        0.09674549835681202,
        275
    ],
    "2": [
        0.09137113006269539,
        193
    ],
    "3": [
        0.09355080249944668,
        216
    ],
    "4": [
        0.06981515688656893,
        191
    ],
    "5": [
        0.015354506497346234,
        100
    ],
    "6": [
        0.05274900147543055,
        167
    ],
    "7": [
        0.04566514581303305,
        199
    ],
    "8": [
        0.05429525271524766,
        143
    ],
    "9": [
        0.10796247113317359,
        156
    ],
    "10": [
        0.043882100246375795,
        194
    ],
    "11": [
        0.036095491452500794,
        198
    ],
    "12": [
        0.0470392565326756,
        178
    ],
    "13": [
        0.02189606257791678,
        159
    ],
    "14": [
        0.09251141692773805,
        194
    ]
}