{
    "0": [
        0.021192512043199895,
        243
    ],
    "1": [
        0.14547810920696871,
        257
    ],
    "2": [
        0.09653209006265785,
        288
    ],
    "3": [
        0.027629165905486655,
        164
    ],
    "4": [
        0.029023078720857676,
        270
    ],
    "5": [
        0.083915787082648,
        186
    ],
    "6": [
        0.020262479513798146,
        193
    ],
    "7": [
        0.11040315610175562,
        332
    ],
    "8": [
        0.08486103521997353,
        319
    ],
    "9": [
        0.04991143309355294,
        261
    ],
    "10": [
        0.03328705386001837,
        238
    ],
    "11": [
        0.12401927814244351,
        307
    ],
    "12": [
        0.07381791406772675,
        247
    ],
    "13": [
        0.05475538810224882,
        257
    ],
    "14": [
        0.04491151887666344,
        206
    ]
}