{
    "0": [
        0.04538807576850179,
        238
    ],
    "1": [
        0.021333191687690004,
        197
    ],
    "2": [
        0.05833101364455939,
        252
    ],
    "3": [
        0.11857885627174984,
        296
    ],
    "4": [
        0.06133281310309004,
        246
    ],
    "5": [
        0.07680810436819822,
        230
    ],
    "6": [
        0.12806937922819084,
        321
    ],
    "7": [
        0.05748169081090011,
        179
    ],
    "8": [
        0.04781013064402207,
        194
    ],
    "9": [
        0.05724641942246088,
        266
    ],
    "10": [
        0.030753632409930627,
        180
    ],
    "11": [
        0.026209552158310546,
        168
    ],
    "12": [
        0.1092598860843055,
        213
    ],
    "13": [
        0.02357351828849368,
        175
    ],
    "14": [
        0.13782373610959633,
        204
    ]
}