{
    "0": [
        69.01761691886428,
        0
    ],
    "1": [
        76.42619612325105,
        0
    ],
    "2": [
        58.59293838973716,
        0
    ],
    "3": [
        70.54151850407041,
        0
    ],
    "4": [
        54.13390713355431,
        0
    ],
    "5": [
        67.39613180877924,
        0
    ],
    "6": [
        98.20213269288188,
        0
    ],
    "7": [
        65.59491943878265,
        0
    ],
    "8": [
        59.95487583076735,
        0
    ],
    "9": [
        55.21505196049847,
        0
    ],
    "10": [
        53.857348594081394,
        0
    ],
    "11": [
        38.0693059849594,
        0
    ],
    "12": [
        45.402341067109845,
        0
    ],
    "13": [
        40.9011821628346,
        0
    ],
    "14": [
        59.12916341599179,
        0
    ]
}