{
    "0": [
        34.595488164125896,
        0
    ],
    "1": [
        72.20054412193451,
        0
    ],
    "2": [
        80.2840810297676,
        0
    ],
    "3": [
        60.11335056585857,
        0
    ],
    "4": [
        77.35470827924821,
        0
    ],
    "5": [
        63.91118467242789,
        0
    ],
    "6": [
        35.97704289429856,
        0
    ],
    "7": [
        36.87828115737899,
        0
    ],
    "8": [
        55.05918077611429,
        0
    ],
    "9": [
        70.15732550836007,
        0
    ],
    "10": [
        82.45208377117523,
        0
    ],
    "11": [
        56.023630473214226,
        0
    ],
    "12": [
        60.55556055066458,
        0
    ],
    "13": [
        56.1168526838251,
        0
    ],
    "14": [
        63.38084543771227,
        0
    ]
}