{
    "0": [
        80.96027321992327,
        0
    ],
    "1": [
        52.361451430148726,
        0
    ],
    "2": [
        51.60110417196214,
        0
    ],
    "3": [
        79.14014507489104,
        0
    ],
    "4": [
        64.1801999879895,
        0
    ],
    "5": [
        57.80962390526582,
        0
    ],
    "6": [
        95.74594403571027,
        0
    ],
    "7": [
        77.6281670991161,
        0
    ],
    "8": [
        61.134232029073765,
        0
    ],
    "9": [
        70.48352997442213,
        0
    ],
    "10": [
        45.13549168944005,
        0
    ],
    "11": [
        63.405092837736284,
        0
    ],
    "12": [
        65.94067733086476,
        0
    ],
    "13": [
        73.48213675649822,
        0
    ],
    "14": [
        65.09258021176994,
        0
    ]
}