{
    "0": [
        58.8228040223044,
        0
    ],
    "1": [
        62.43255024438683,
        0
    ],
    "2": [
        78.23956845849371,
        0
    ],
    "3": [
        62.78540151692392,
        0
    ],
    "4": [
        43.491395712306556,
        0
    ],
    "5": [
        67.7159515366375,
        0
    ],
    "6": [
        60.19152840620678,
        0
    ],
    "7": [
        66.58793360162674,
        0
    ],
    "8": [
        53.64897860052821,
        0
    ],
    "9": [
        54.657700471943514,
        0
    ],
    "10": [
        57.22942702742484,
        0
    ],
    "11": [
        72.2651852810336,
        0
    ],
    "12": [
        91.25607613191428,
        0
    ],
    "13": [
        23.16082799815172,
        0
    ],
    "14": [
        75.37728615147755,
        0
    ]
}