{
    "0": [
        83.64069425017655,
        0
    ],
    "1": [
        72.96711335131126,
        0
    ],
    "2": [
        53.2226570803109,
        0
    ],
    "3": [
        44.79878871732417,
        0
    ],
    "4": [
        87.03932793373873,
        0
    ],
    "5": [
        60.98258755749513,
        0
    ],
    "6": [
        93.53139379570068,
        0
    ],
    "7": [
        70.89286967229552,
        0
    ],
    "8": [
        54.473215151395095,
        0
    ],
    "9": [
        57.682639055016985,
        0
    ],
    "10": [
        25.888332576542513,
        0
    ],
    "11": [
        59.266387063297,
        0
    ],
    "12": [
        79.6402268012958,
        0
    ],
    "13": [
        32.81371712610758,
        0
    ],
    "14": [
        66.38086170888263,
        0
    ]
}