{
    "0": [
        35.174457262559024,
        0
    ],
    "1": [
        80.98276674468626,
        0
    ],
    "2": [
        63.50192261953506,
        0
    ],
    "3": [
        41.462485126248176,
        0
    ],
    "4": [
        77.13317260783354,
        0
    ],
    "5": [
        107.24945844566692,
        0
    ],
    "6": [
        57.74355286339305,
        0
    ],
    "7": [
        41.46666835792969,
        0
    ],
    "8": [
        63.66710879705357,
        0
    ],
    "9": [
        42.814850015812986,
        0
    ],
    "10": [
        53.49294600479102,
        0
    ],
    "11": [
        66.91813610035766,
        0
    ],
    "12": [
        41.42730628183014,
        0
    ],
    "13": [
        29.120856876105258,
        0
    ],
    "14": [
        85.58551824854997,
        0
    ]
}