{
    "0": [
        76.16138687841067,
        0
    ],
    "1": [
        55.84104893695051,
        0
    ],
    "2": [
        53.547185765134564,
        0
    ],
    "3": [
        75.95389215282893,
        0
    ],
    "4": [
        71.08738665470342,
        0
    ],
    "5": [
        32.022272337920704,
        0
    ],
    "6": [
        60.041028389441024,
        0
    ],
    "7": [
        101.83199858187365,
        0
    ],
    "8": [
        68.5707268268991,
        0
    ],
    "9": [
        43.700402300929476,
        0
    ],
    "10": [
        53.57811869623973,
        0
    ],
    "11": [
        64.26219467989542,
        0
    ],
    "12": [
        32.794423550527775,
        0
    ],
    "13": [
        76.95393399818622,
        0
    ],
    "14": [
        39.256540722271836,
        0
    ]
}