{
    "0": [
        91.47290230412034,
        0
    ],
    "1": [
        73.64433777844324,
        0
    ],
    "2": [
        45.41880576384112,
        0
    ],
    "3": [
        64.65971256492985,
        0
    ],
    "4": [
        75.45685167259086,
        0
    ],
    "5": [
        89.85422811860848,
        0
    ],
    "6": [
        41.15993195731062,
        0
    ],
    "7": [
        41.234420912894656,
        0
    ],
    "8": [
        41.23386639940721,
        0
    ],
    "9": [
        48.07441338236205,
        0
    ],
    "10": [
        61.01254774259016,
        0
    ],
    "11": [
        52.78324824922162,
        0
    ],
    "12": [
        74.06983255828813,
        0
    ],
    "13": [
        64.84721454965387,
        0
    ],
    "14": [
        72.55873052180763,
        0
    ]
}