{
    "0": [
        59.3659329552666,
        0
    ],
    "1": [
        64.43170465890039,
        0
    ],
    "2": [
        62.60383764647875,
        0
    ],
    "3": [
        47.734997658504426,
        0
    ],
    "4": [
        48.33398074425353,
        0
    ],
    "5": [
        67.3367218309123,
        0
    ],
    "6": [
        50.350830452746585,
        0
    ],
    "7": [
        39.01051538110596,
        0
    ],
    "8": [
        99.05624309227957,
        0
    ],
    "9": [
        52.393074934826004,
        0
    ],
    "10": [
        62.63672097062215,
        0
    ],
    "11": [
        92.9470794268917,
        0
    ],
    "12": [
        53.82661119167646,
        0
    ],
    "13": [
        46.50759238292386,
        0
    ],
    "14": [
        67.41297804471468,
        0
    ]
}