{
    "0": [
        80.02727464878859,
        0
    ],
    "1": [
        80.8058286328706,
        0
    ],
    "2": [
        25.95196689772393,
        0
    ],
    "3": [
        88.34165900831522,
        0
    ],
    "4": [
        48.05772537620601,
        0
    ],
    "5": [
        56.1935980798678,
        0
    ],
    "6": [
        57.65961390749254,
        0
    ],
    "7": [
        76.27092491260474,
        0
    ],
    "8": [
        60.08097658573315,
        0
    ],
    "9": [
        71.70167690158182,
        0
    ],
    "10": [
        66.56397639753389,
        0
    ],
    "11": [
        78.77520190503046,
        0
    ],
    "12": [
        53.00193250886596,
        0
    ],
    "13": [
        61.70611397291832,
        0
    ],
    "14": [
        38.27910639156312,
        0
    ]
}