{
    "0": [
        36.944165230931475,
        0
    ],
    "1": [
        53.40235021390718,
        0
    ],
    "2": [
        87.16112302712544,
        0
    ],
    "3": [
        33.16700513824136,
        0
    ],
    "4": [
        40.18205308973703,
        0
    ],
    "5": [
        86.66716219748639,
        0
    ],
    "6": [
        46.30408112471389,
        0
    ],
    "7": [
        81.16159565746169,
        0
    ],
    "8": [
        68.22093438133228,
        0
    ],
    "9": [
        83.78862431884602,
        0
    ],
    "10": [
        63.31978913654062,
        0
    ],
    "11": [
        93.65250363508369,
        0
    ],
    "12": [
        63.18753672975574,
        0
    ],
    "13": [
        40.49453554779133,
        0
    ],
    "14": [
        50.1339608279978,
        0
    ]
}