{
    "0": [
        63.980244610068716,
        0
    ],
    "1": [
        39.89716661765039,
        0
    ],
    "2": [
        32.50760606620641,
        0
    ],
    "3": [
        63.733559208432446,
        0
    ],
    "4": [
        66.57595483761862,
        0
    ],
    "5": [
        30.869275207954274,
        0
    ],
    "6": [
        80.3398130131368,
        0
    ],
    "7": [
        43.33183391912879,
        0
    ],
    "8": [
        58.84395108440682,
        0
    ],
    "9": [
        39.17177878193001,
        0
    ],
    "10": [
        102.99976806409363,
        0
    ],
    "11": [
        52.508448657392044,
        0
    ],
    "12": [
        64.0568653482511,
        0
    ],
    "13": [
        87.0623522475384,
        0
    ],
    "14": [
        75.18177294758053,
        0
    ]
}