{
    "0": [
        52.95045414096843,
        0
    ],
    "1": [
        85.7734838430418,
        0
    ],
    "2": [
        63.48754104287999,
        0
    ],
    "3": [
        40.34711005018712,
        0
    ],
    "4": [
        36.99155996339108,
        0
    ],
    "5": [
        78.18335400379682,
        0
    ],
    "6": [
        48.7748181719503,
        0
    ],
    "7": [
        65.85025488964396,
        0
    ],
    "8": [
        67.71584582312501,
        0
    ],
    "9": [
        74.95720665784765,
        0
    ],
    "10": [
        45.0815491307397,
        0
    ],
    "11": [
        73.23713798488508,
        0
    ],
    "12": [
        80.22426703025222,
        0
    ],
    "13": [
        48.30987127206434,
        0
    ],
    "14": [
        83.0589579790192,
        0
    ]
}