{
    "0": [
        33.7495199941404,
        0
    ],
    "1": [
        52.86682888999114,
        0
    ],
    "2": [
        106.10346954159543,
        0
    ],
    "3": [
        50.6882611226433,
        0
    ],
    "4": [
        85.88174347377742,
        0
    ],
    "5": [
        75.31951438125782,
        0
    ],
    "6": [
        68.75100904045593,
        0
    ],
    "7": [
        92.66532983318024,
        0
    ],
    "8": [
        44.589979187130915,
        0
    ],
    "9": [
        69.27433315935221,
        0
    ],
    "10": [
        48.40126585581204,
        0
    ],
    "11": [
        44.85225377441929,
        0
    ],
    "12": [
        83.83328517586682,
        0
    ],
    "13": [
        30.774834747038824,
        0
    ],
    "14": [
        73.8388640323644,
        0
    ]
}