{
    "0": [
        0.05937404965530155,
        47961
    ],
    "1": [
        0.046262432315896725,
        45231
    ],
    "2": [
        0.055970863414667074,
        49224
    ],
    "3": [
        0.07881160260870598,
        51473
    ],
    "4": [
        0.04496229369253246,
        45794
    ],
    "5": [
        0.05598904284989956,
        50179
    ],
    "6": [
        0.07656135197225347,
        47662
    ],
    "7": [
        0.06663892028334663,
        47902
    ],
    "8": [
        0.06933844682023652,
        48258
    ],
    "9": [
        0.05950826140771361,
        45901
    ],
    "10": [
        0.09579099654226653,
        55232
    ],
    "11": [
        0.08057005505378358,
        54627
    ],
    "12": [
        0.0923943750781024,
        49759
    ],
    "13": [
        0.04200542741417073,
        45583
    ],
    "14": [
        0.07582188089112324,
        48197
    ]
}