{
    "0": [
        0.06252963671102123,
        50761
    ],
    "1": [
        0.057304363138203675,
        49795
    ],
    "2": [
        0.06815501124362197,
        47283
    ],
    "3": [
        0.0617356195535274,
        52611
    ],
    "4": [
        0.06358784279449944,
        47865
    ],
    "5": [
        0.06113621589118665,
        47395
    ],
    "6": [
        0.06452646547227514,
        46708
    ],
    "7": [
        0.07231740240928036,
        51620
    ],
    "8": [
        0.07794917489165329,
        50105
    ],
    "9": [
        0.07197131753265738,
        51750
    ],
    "10": [
        0.06966277345569696,
        49140
    ],
    "11": [
        0.07560622613968031,
        53877
    ],
    "12": [
        0.07880424257817893,
        52866
    ],
    "13": [
        0.05846356902694597,
        45157
    ],
    "14": [
        0.05625013916157145,
        44840
    ]
}