{
    "0": [
        0.07270409597708592,
        46705
    ],
    "1": [
        0.08440439666329866,
        51860
    ],
    "2": [
        0.062252738837020205,
        46107
    ],
    "3": [
        0.07814690712830998,
        47447
    ],
    "4": [
        0.07032111579490835,
        51498
    ],
    "5": [
        0.055535089073696434,
        44559
    ],
    "6": [
        0.06557174166074345,
        48206
    ],
    "7": [
        0.050786457525162865,
        45422
    ],
    "8": [
        0.06043219823910524,
        47615
    ],
    "9": [
        0.06713758866808389,
        51563
    ],
    "10": [
        0.09355953376015998,
        49000
    ],
    "11": [
        0.07000446264678142,
        46593
    ],
    "12": [
        0.06818891035265685,
        44978
    ],
    "13": [
        0.05769063902323662,
        46896
    ],
    "14": [
        0.04326412464975034,
        45597
    ]
}