{
    "0": [
        0.05460929796132757,
        44322
    ],
    "1": [
        0.06483782290386328,
        49157
    ],
    "2": [
        0.08612462936996797,
        50061
    ],
    "3": [
        0.0750591100876953,
        49585
    ],
    "4": [
        0.09281925725380105,
        51160
    ],
    "5": [
        0.04624511302818517,
        44939
    ],
    "6": [
        0.05587515676104022,
        46346
    ],
    "7": [
        0.05155558156362496,
        43803
    ],
    "8": [
        0.09584423015499262,
        50783
    ],
    "9": [
        0.06425194246798302,
        44022
    ],
    "10": [
        0.06265151346414845,
        46558
    ],
    "11": [
        0.05813278522111624,
        44200
    ],
    "12": [
        0.058753331507223734,
        42111
    ],
    "13": [
        0.06952814733032746,
        48216
    ],
    "14": [
        0.06371208092470303,
        46249
    ]
}