{
    "0": [
        0.07484456259572506,
        48303
    ],
    "1": [
        0.04837499085438163,
        45539
    ],
    "2": [
        0.06277433491793386,
        49164
    ],
    "3": [
        0.08096491691794055,
        55181
    ],
    "4": [
        0.091448432301977,
        51476
    ],
    "5": [
        0.06453854827001491,
        53965
    ],
    "6": [
        0.07100881845868194,
        51085
    ],
    "7": [
        0.06351669317465024,
        49715
    ],
    "8": [
        0.07076156075284906,
        51531
    ],
    "9": [
        0.08857504623654648,
        51797
    ],
    "10": [
        0.046335264057641774,
        46392
    ],
    "11": [
        0.08020158846703669,
        55713
    ],
    "12": [
        0.046049421067090195,
        45623
    ],
    "13": [
        0.03991723608261828,
        45940
    ],
    "14": [
        0.07068858584491229,
        46299
    ]
}