{
    "0": [
        0.055043606418859845,
        46682
    ],
    "1": [
        0.08600513819636851,
        52171
    ],
    "2": [
        0.052618283384173715,
        44956
    ],
    "3": [
        0.08517092368960087,
        54711
    ],
    "4": [
        0.06778393410643356,
        47753
    ],
    "5": [
        0.11255925977007566,
        57048
    ],
    "6": [
        0.05491141438133531,
        46856
    ],
    "7": [
        0.07598573926330346,
        49390
    ],
    "8": [
        0.07977294137452154,
        49786
    ],
    "9": [
        0.07093208630957051,
        50117
    ],
    "10": [
        0.045393357086211755,
        44668
    ],
    "11": [
        0.04899075602458101,
        43716
    ],
    "12": [
        0.07427240185497981,
        49119
    ],
    "13": [
        0.04249492399063573,
        43682
    ],
    "14": [
        0.04806523414934869,
        44683
    ]
}