{
    "0": [
        0.044288455969392966,
        44126
    ],
    "1": [
        0.06884062114104113,
        44827
    ],
    "2": [
        0.07749654511180944,
        48195
    ],
    "3": [
        0.0609370057149825,
        49755
    ],
    "4": [
        0.06721188066438083,
        47857
    ],
    "5": [
        0.053688207516329134,
        44337
    ],
    "6": [
        0.06888756867790091,
        46689
    ],
    "7": [
        0.06676245519783765,
        47623
    ],
    "8": [
        0.04779896566093059,
        47489
    ],
    "9": [
        0.08590338668384821,
        51763
    ],
    "10": [
        0.08101425814259418,
        50962
    ],
    "11": [
        0.0712706435345931,
        50029
    ],
    "12": [
        0.043616884343763734,
        47713
    ],
    "13": [
        0.07029389963588764,
        49306
    ],
    "14": [
        0.09198922200470798,
        52625
    ]
}