{
    "0": [
        0.056693636510302875,
        41915
    ],
    "1": [
        0.04860923775700076,
        45329
    ],
    "2": [
        0.08859799673008811,
        50795
    ],
    "3": [
        0.07073624882737757,
        49555
    ],
    "4": [
        0.04960256613655149,
        46374
    ],
    "5": [
        0.06355370648116489,
        42150
    ],
    "6": [
        0.07123440902669932,
        46007
    ],
    "7": [
        0.054175539779964525,
        41148
    ],
    "8": [
        0.09598755330881525,
        49048
    ],
    "9": [
        0.09126499551001965,
        50888
    ],
    "10": [
        0.047918099287539935,
        45209
    ],
    "11": [
        0.05657137376186169,
        43355
    ],
    "12": [
        0.07091788671811189,
        43509
    ],
    "13": [
        0.08657089582854421,
        47513
    ],
    "14": [
        0.04756585433595771,
        44038
    ]
}