{
    "0": [
        0.05919240270933318,
        46604
    ],
    "1": [
        0.06125095911710932,
        43297
    ],
    "2": [
        0.05804700034260682,
        44132
    ],
    "3": [
        0.06824052950999243,
        49882
    ],
    "4": [
        0.07906548822422008,
        48449
    ],
    "5": [
        0.07464772268246957,
        51481
    ],
    "6": [
        0.08867359094943429,
        52302
    ],
    "7": [
        0.06670667819520376,
        42921
    ],
    "8": [
        0.057191365409568796,
        48010
    ],
    "9": [
        0.0695386452438946,
        42385
    ],
    "10": [
        0.06841213157183083,
        46338
    ],
    "11": [
        0.07023890538132073,
        51047
    ],
    "12": [
        0.061337204648690316,
        46353
    ],
    "13": [
        0.04364384252627896,
        45933
    ],
    "14": [
        0.0738135334880463,
        49548
    ]
}