{
    "0": [
        0.05385155289710411,
        46076
    ],
    "1": [
        0.07534871702296614,
        51438
    ],
    "2": [
        0.06797534061050407,
        51033
    ],
    "3": [
        0.0759952505372366,
        52054
    ],
    "4": [
        0.08579950092736961,
        50254
    ],
    "5": [
        0.05906881985312007,
        50662
    ],
    "6": [
        0.0622229904339896,
        44723
    ],
    "7": [
        0.06753166442603857,
        51001
    ],
    "8": [
        0.04454101575570205,
        44761
    ],
    "9": [
        0.05322305487381591,
        51658
    ],
    "10": [
        0.07354497598966231,
        50444
    ],
    "11": [
        0.08295952090436089,
        47487
    ],
    "12": [
        0.08326546354495322,
        46112
    ],
    "13": [
        0.04815022017582277,
        43621
    ],
    "14": [
        0.0665219120473542,
        48401
    ]
}