{
    "0": [
        0.09464378381290174,
        54302
    ],
    "1": [
        0.0717380172921899,
        45572
    ],
    "2": [
        0.07652178549581755,
        47563
    ],
    "3": [
        0.07075462778788086,
        51180
    ],
    "4": [
        0.050555848737099875,
        43963
    ],
    "5": [
        0.06784093531169895,
        49631
    ],
    "6": [
        0.04557563039554223,
        45652
    ],
    "7": [
        0.0707130278014998,
        47956
    ],
    "8": [
        0.06696896088527016,
        48208
    ],
    "9": [
        0.060733710978493886,
        53109
    ],
    "10": [
        0.05657917253714574,
        44799
    ],
    "11": [
        0.07391113377084879,
        51940
    ],
    "12": [
        0.09634070019825151,
        52160
    ],
    "13": [
        0.047224819834000405,
        43824
    ],
    "14": [
        0.04989784516135862,
        48769
    ]
}