{
    "0": [
        0.06111248525196387,
        45590
    ],
    "1": [
        0.07137569135795556,
        50169
    ],
    "2": [
        0.055059431297712555,
        46167
    ],
    "3": [
        0.07578089206152393,
        49690
    ],
    "4": [
        0.10090647843425563,
        52175
    ],
    "5": [
        0.052301838037172636,
        45942
    ],
    "6": [
        0.05288686452295744,
        44146
    ],
    "7": [
        0.08937419432290943,
        48504
    ],
    "8": [
        0.06709704504672599,
        48782
    ],
    "9": [
        0.06409241664708593,
        48869
    ],
    "10": [
        0.06236279707526287,
        44894
    ],
    "11": [
        0.06523197716031764,
        46770
    ],
    "12": [
        0.06311139990881796,
        44100
    ],
    "13": [
        0.05447505058289328,
        43943
    ],
    "14": [
        0.06483143829244527,
        48275
    ]
}