{
    "0": [
        0.06384359650640613,
        44650
    ],
    "1": [
        0.06429103232806789,
        42303
    ],
    "2": [
        0.05132272054891646,
        43788
    ],
    "3": [
        0.057737433931415276,
        45322
    ],
    "4": [
        0.05484285564847263,
        43635
    ],
    "5": [
        0.0804585792645272,
        50657
    ],
    "6": [
        0.08652121301692192,
        47079
    ],
    "7": [
        0.07423419129502613,
        48208
    ],
    "8": [
        0.07345903295818905,
        47271
    ],
    "9": [
        0.08033709916066843,
        49030
    ],
    "10": [
        0.061504773043915925,
        46988
    ],
    "11": [
        0.08581823217715968,
        47501
    ],
    "12": [
        0.05615284714915192,
        45785
    ],
    "13": [
        0.04297068384355238,
        43315
    ],
    "14": [
        0.06650570912760902,
        47663
    ]
}