{
    "0": [
        0.07669130897435077,
        49621
    ],
    "1": [
        0.0644365577574712,
        44831
    ],
    "2": [
        0.07640911857256609,
        48726
    ],
    "3": [
        0.07305906716961516,
        46977
    ],
    "4": [
        0.054896989450694135,
        46432
    ],
    "5": [
        0.05676007052725221,
        46654
    ],
    "6": [
        0.07703873379907278,
        48048
    ],
    "7": [
        0.05582293467553454,
        47662
    ],
    "8": [
        0.045115730664919154,
        47596
    ],
    "9": [
        0.06657841432957357,
        46740
    ],
    "10": [
        0.07795523827993901,
        47755
    ],
    "11": [
        0.08678547476364444,
        51250
    ],
    "12": [
        0.05942450844887884,
        47286
    ],
    "13": [
        0.04792078744699316,
        44770
    ],
    "14": [
        0.08110506513949504,
        45660
    ]
}