{
    "0": [
        0.03669355602843694,
        40661
    ],
    "1": [
        0.07577391405647489,
        49451
    ],
    "2": [
        0.04054873964750664,
        43508
    ],
    "3": [
        0.07634592491946861,
        43052
    ],
    "4": [
        0.06870910522447825,
        45367
    ],
    "5": [
        0.07489925557621568,
        46620
    ],
    "6": [
        0.07147422112934124,
        43911
    ],
    "7": [
        0.0576182395164865,
        41853
    ],
    "8": [
        0.07519013651189863,
        46911
    ],
    "9": [
        0.07024834719026377,
        49910
    ],
    "10": [
        0.05124017342884723,
        44659
    ],
    "11": [
        0.07213677811626884,
        48777
    ],
    "12": [
        0.08100707711155254,
        51062
    ],
    "13": [
        0.06440134590271622,
        42956
    ],
    "14": [
        0.08371318564004404,
        49939
    ]
}