{
    "0": [
        0.06415116105644535,
        49595
    ],
    "1": [
        0.08199834336478079,
        56007
    ],
    "2": [
        0.07156293315717736,
        49603
    ],
    "3": [
        0.04416492973867652,
        47565
    ],
    "4": [
        0.06062377480256397,
        49509
    ],
    "5": [
        0.09706681802216863,
        55381
    ],
    "6": [
        0.05160808774857029,
        50857
    ],
    "7": [
        0.050758691738430124,
        50445
    ],
    "8": [
        0.0890845568221088,
        54090
    ],
    "9": [
        0.06326486657521856,
        51826
    ],
    "10": [
        0.08415158498766745,
        53213
    ],
    "11": [
        0.05447909982678744,
        45391
    ],
    "12": [
        0.06315946401910338,
        51380
    ],
    "13": [
        0.06987087103736872,
        49658
    ],
    "14": [
        0.054054817102932355,
        48075
    ]
}