{
    "0": [
        203.5219054512188,
        0
    ],
    "1": [
        185.03369090643375,
        0
    ],
    "2": [
        190.53220557368283,
        0
    ],
    "3": [
        128.50723586394687,
        0
    ],
    "4": [
        248.69802964021704,
        0
    ],
    "5": [
        192.92866277115422,
        0
    ],
    "6": [
        218.2170977111913,
        0
    ],
    "7": [
        186.51626944260573,
        0
    ],
    "8": [
        252.58588091155474,
        0
    ],
    "9": [
        158.85955903889322,
        0
    ],
    "10": [
        281.5703833502308,
        0
    ],
    "11": [
        162.69919543784553,
        0
    ],
    "12": [
        252.74726142097776,
        0
    ],
    "13": [
        215.58005910225884,
        0
    ],
    "14": [
        160.60931671090407,
        0
    ]
}