{
    "0": [
        198.6998624671858,
        0
    ],
    "1": [
        124.03141590157797,
        0
    ],
    "2": [
        120.03073578992566,
        0
    ],
    "3": [
        225.49230886111638,
        0
    ],
    "4": [
        162.86086527008933,
        0
    ],
    "5": [
        229.5291805438014,
        0
    ],
    "6": [
        188.29837439583753,
        0
    ],
    "7": [
        241.23504129101647,
        0
    ],
    "8": [
        127.24741467815461,
        0
    ],
    "9": [
        235.92251629941626,
        0
    ],
    "10": [
        170.44581437012607,
        0
    ],
    "11": [
        139.60094627887773,
        0
    ],
    "12": [
        213.53341396251733,
        0
    ],
    "13": [
        128.42280627664263,
        0
    ],
    "14": [
        174.84372770648253,
        0
    ]
}