{
    "0": [
        272.7003564229876,
        0
    ],
    "1": [
        173.63610833083396,
        0
    ],
    "2": [
        104.79702613255051,
        0
    ],
    "3": [
        227.86782587816975,
        0
    ],
    "4": [
        248.39780029622165,
        0
    ],
    "5": [
        165.8189241274504,
        0
    ],
    "6": [
        177.2459187552226,
        0
    ],
    "7": [
        153.74617827517443,
        0
    ],
    "8": [
        192.01455696475685,
        0
    ],
    "9": [
        156.50724524737157,
        0
    ],
    "10": [
        247.58951537890516,
        0
    ],
    "11": [
        297.8946962079488,
        0
    ],
    "12": [
        138.75178820825562,
        0
    ],
    "13": [
        167.89507776761855,
        0
    ],
    "14": [
        178.8660756599844,
        0
    ]
}