{
    "0": [
        175.196497776377,
        0
    ],
    "1": [
        232.45511502537633,
        0
    ],
    "2": [
        95.85385548121329,
        0
    ],
    "3": [
        166.5308369425484,
        0
    ],
    "4": [
        263.29742079213895,
        0
    ],
    "5": [
        207.63000366941188,
        0
    ],
    "6": [
        92.76535596221966,
        0
    ],
    "7": [
        166.4858548812134,
        0
    ],
    "8": [
        226.77389309789456,
        0
    ],
    "9": [
        238.54744474027802,
        0
    ],
    "10": [
        187.3292497755556,
        0
    ],
    "11": [
        255.153977694097,
        0
    ],
    "12": [
        149.16726090360459,
        0
    ],
    "13": [
        237.52611228225112,
        0
    ],
    "14": [
        248.55644242344368,
        0
    ]
}