{
    "0": [
        147.50578603167054,
        0
    ],
    "1": [
        243.46818562812217,
        0
    ],
    "2": [
        162.9284444716816,
        0
    ],
    "3": [
        199.50559133761254,
        0
    ],
    "4": [
        219.27489088043131,
        0
    ],
    "5": [
        261.2663424059169,
        0
    ],
    "6": [
        135.64524141506118,
        0
    ],
    "7": [
        209.94157522079294,
        0
    ],
    "8": [
        163.25079105965693,
        0
    ],
    "9": [
        154.04751145837525,
        0
    ],
    "10": [
        166.42230876844883,
        0
    ],
    "11": [
        132.94107463493842,
        0
    ],
    "12": [
        262.92299657537137,
        0
    ],
    "13": [
        192.2829268703809,
        0
    ],
    "14": [
        286.59458345429846,
        0
    ]
}