{
    "0": [
        173.61242545279677,
        0
    ],
    "1": [
        172.05884574756556,
        0
    ],
    "2": [
        235.01178405655276,
        0
    ],
    "3": [
        185.70336275302833,
        0
    ],
    "4": [
        199.99571647401046,
        0
    ],
    "5": [
        206.9373030646315,
        0
    ],
    "6": [
        165.65882659656623,
        0
    ],
    "7": [
        148.2508139190397,
        0
    ],
    "8": [
        259.82114468568557,
        0
    ],
    "9": [
        193.9105203824334,
        0
    ],
    "10": [
        172.44857675229915,
        0
    ],
    "11": [
        279.71794493715623,
        0
    ],
    "12": [
        127.31016831850977,
        0
    ],
    "13": [
        151.33836046814804,
        0
    ],
    "14": [
        229.27670673914017,
        0
    ]
}