{
    "0": [
        260.32596527237973,
        0
    ],
    "1": [
        164.05799800342916,
        0
    ],
    "2": [
        225.30898589056252,
        0
    ],
    "3": [
        177.42308998553946,
        0
    ],
    "4": [
        202.0383572864689,
        0
    ],
    "5": [
        240.7477274284407,
        0
    ],
    "6": [
        249.1349332477645,
        0
    ],
    "7": [
        188.59608717592278,
        0
    ],
    "8": [
        161.02645062428178,
        0
    ],
    "9": [
        101.66532987901155,
        0
    ],
    "10": [
        96.67292717798287,
        0
    ],
    "11": [
        161.20507632438662,
        0
    ],
    "12": [
        205.07684016727347,
        0
    ],
    "13": [
        140.2785837495976,
        0
    ],
    "14": [
        295.4711222246314,
        0
    ]
}