{
    "0": [
        243.34247017880054,
        0
    ],
    "1": [
        150.56164093269152,
        0
    ],
    "2": [
        322.9014624966279,
        0
    ],
    "3": [
        238.70678273222822,
        0
    ],
    "4": [
        150.68626380193612,
        0
    ],
    "5": [
        268.65696883585315,
        0
    ],
    "6": [
        227.98489772362856,
        0
    ],
    "7": [
        239.8557377638585,
        0
    ],
    "8": [
        230.85244899818358,
        0
    ],
    "9": [
        204.77750850857404,
        0
    ],
    "10": [
        182.65138215324325,
        0
    ],
    "11": [
        230.6398520020962,
        0
    ],
    "12": [
        179.5526653503806,
        0
    ],
    "13": [
        186.87183229483108,
        0
    ],
    "14": [
        184.98445050198146,
        0
    ]
}