{
    "0": [
        223.8291891303555,
        0
    ],
    "1": [
        234.10386714600537,
        0
    ],
    "2": [
        213.1163705719409,
        0
    ],
    "3": [
        145.88346132359626,
        0
    ],
    "4": [
        179.487037880308,
        0
    ],
    "5": [
        131.92543561265154,
        0
    ],
    "6": [
        137.72838371021936,
        0
    ],
    "7": [
        162.50724172381953,
        0
    ],
    "8": [
        160.81318168329932,
        0
    ],
    "9": [
        132.64475202186782,
        0
    ],
    "10": [
        169.66988792380005,
        0
    ],
    "11": [
        229.88676703518448,
        0
    ],
    "12": [
        215.84574709995,
        0
    ],
    "13": [
        131.93643986404913,
        0
    ],
    "14": [
        174.76884065063464,
        0
    ]
}