{
    "0": [
        133.5602156474327,
        0
    ],
    "1": [
        195.3992794136741,
        0
    ],
    "2": [
        229.65423100488988,
        0
    ],
    "3": [
        161.18318464612702,
        0
    ],
    "4": [
        187.16766275883367,
        0
    ],
    "5": [
        233.6984943464439,
        0
    ],
    "6": [
        170.52573140794755,
        0
    ],
    "7": [
        100.18888670558431,
        0
    ],
    "8": [
        232.02610925357772,
        0
    ],
    "9": [
        221.66141679237893,
        0
    ],
    "10": [
        232.42020503330826,
        0
    ],
    "11": [
        100.34289587163454,
        0
    ],
    "12": [
        143.13752565950043,
        0
    ],
    "13": [
        162.69954918951595,
        0
    ],
    "14": [
        247.00867603650914,
        0
    ]
}