{
    "0": [
        164.92215807294974,
        0
    ],
    "1": [
        168.53710451810738,
        0
    ],
    "2": [
        179.5856666144406,
        0
    ],
    "3": [
        255.55002119993918,
        0
    ],
    "4": [
        122.94807684604721,
        0
    ],
    "5": [
        205.1764807978353,
        0
    ],
    "6": [
        172.84173171400244,
        0
    ],
    "7": [
        175.1263741751846,
        0
    ],
    "8": [
        225.30815981869802,
        0
    ],
    "9": [
        132.6953754499811,
        0
    ],
    "10": [
        188.62774325606193,
        0
    ],
    "11": [
        149.51063512166647,
        0
    ],
    "12": [
        231.2755609528861,
        0
    ],
    "13": [
        190.2099592044592,
        0
    ],
    "14": [
        228.01674086776146,
        0
    ]
}