{
    "0": [
        0.07211995124816895,
        1857
    ],
    "1": [
        0.03157806023955345,
        2016
    ],
    "2": [
        0.07315041124820709,
        2440
    ],
    "3": [
        0.029819808900356293,
        1992
    ],
    "4": [
        0.08228833973407745,
        3944
    ],
    "5": [
        0.07780085504055023,
        3749
    ],
    "6": [
        0.06354349106550217,
        1979
    ],
    "7": [
        0.07833076268434525,
        3060
    ],
    "8": [
        0.10417284071445465,
        2628
    ],
    "9": [
        0.030545128509402275,
        2112
    ],
    "10": [
        0.07779064774513245,
        3410
    ],
    "11": [
        0.06711693108081818,
        3742
    ],
    "12": [
        0.0865466520190239,
        3712
    ],
    "13": [
        0.027849655598402023,
        2106
    ],
    "14": [
        0.09734656661748886,
        3635
    ]
}