{
    "0": [
        0.05730390176177025,
        2599
    ],
    "1": [
        0.024230293929576874,
        2311
    ],
    "2": [
        0.09547361731529236,
        3773
    ],
    "3": [
        0.04607835412025452,
        2504
    ],
    "4": [
        0.08394912630319595,
        3729
    ],
    "5": [
        0.0923987552523613,
        3165
    ],
    "6": [
        0.10162019729614258,
        1811
    ],
    "7": [
        0.05521179735660553,
        3145
    ],
    "8": [
        0.06495457142591476,
        3513
    ],
    "9": [
        0.04637221619486809,
        3118
    ],
    "10": [
        0.09645526856184006,
        3656
    ],
    "11": [
        0.07668109238147736,
        2327
    ],
    "12": [
        0.04276154935359955,
        2060
    ],
    "13": [
        0.0419309027493,
        2348
    ],
    "14": [
        0.07457831501960754,
        3300
    ]
}