{
    "0": [
        0.03130248934030533,
        2537
    ],
    "1": [
        0.07411118596792221,
        3094
    ],
    "2": [
        0.0340568907558918,
        3017
    ],
    "3": [
        0.051051609218120575,
        3068
    ],
    "4": [
        0.10903260856866837,
        3387
    ],
    "5": [
        0.06459932774305344,
        2353
    ],
    "6": [
        0.05120210349559784,
        2921
    ],
    "7": [
        0.031011134386062622,
        3657
    ],
    "8": [
        0.04109370708465576,
        1583
    ],
    "9": [
        0.0807495266199112,
        3481
    ],
    "10": [
        0.1761704683303833,
        2796
    ],
    "11": [
        0.06247541680932045,
        2551
    ],
    "12": [
        0.09129226952791214,
        4020
    ],
    "13": [
        0.07758206874132156,
        3117
    ],
    "14": [
        0.024269219487905502,
        2194
    ]
}