{
    "0": [
        0.05293669179081917,
        2471
    ],
    "1": [
        0.0445699505507946,
        2777
    ],
    "2": [
        0.0830434188246727,
        3012
    ],
    "3": [
        0.041347913444042206,
        3003
    ],
    "4": [
        0.07067633420228958,
        2931
    ],
    "5": [
        0.062352024018764496,
        2465
    ],
    "6": [
        0.02905554510653019,
        1840
    ],
    "7": [
        0.05339545011520386,
        2690
    ],
    "8": [
        0.07970557361841202,
        3860
    ],
    "9": [
        0.03550419956445694,
        2536
    ],
    "10": [
        0.07749910652637482,
        3435
    ],
    "11": [
        0.08773454278707504,
        3504
    ],
    "12": [
        0.05333656072616577,
        2753
    ],
    "13": [
        0.10049748420715332,
        3900
    ],
    "14": [
        0.12834516167640686,
        2800
    ]
}