{
    "0": [
        0.06973942369222641,
        3971
    ],
    "1": [
        0.07065232843160629,
        2491
    ],
    "2": [
        0.028382878750562668,
        1417
    ],
    "3": [
        0.11693321913480759,
        2353
    ],
    "4": [
        0.05469099432229996,
        4197
    ],
    "5": [
        0.05607101321220398,
        2263
    ],
    "6": [
        0.045874230563640594,
        3078
    ],
    "7": [
        0.07654842734336853,
        2790
    ],
    "8": [
        0.06372570246458054,
        2246
    ],
    "9": [
        0.03709324449300766,
        2720
    ],
    "10": [
        0.08954381197690964,
        3591
    ],
    "11": [
        0.051095496863126755,
        3183
    ],
    "12": [
        0.06017521396279335,
        2132
    ],
    "13": [
        0.10044052451848984,
        3041
    ],
    "14": [
        0.0790335163474083,
        3911
    ]
}