{
    "0": [
        0.06239139661192894,
        2748
    ],
    "1": [
        0.056222014129161835,
        2614
    ],
    "2": [
        0.09142839908599854,
        1893
    ],
    "3": [
        0.048116832971572876,
        2822
    ],
    "4": [
        0.052887532860040665,
        3630
    ],
    "5": [
        0.046842560172080994,
        3136
    ],
    "6": [
        0.07925156503915787,
        3777
    ],
    "7": [
        0.028136340901255608,
        2988
    ],
    "8": [
        0.049957528710365295,
        3134
    ],
    "9": [
        0.06070752069354057,
        2341
    ],
    "10": [
        0.05753025785088539,
        3366
    ],
    "11": [
        0.057097215205430984,
        3538
    ],
    "12": [
        0.04323899373412132,
        3210
    ],
    "13": [
        0.04122115299105644,
        3014
    ],
    "14": [
        0.2249707579612732,
        360
    ]
}