{
    "0": [
        0.08536393940448761,
        3300
    ],
    "1": [
        0.06671763956546783,
        3972
    ],
    "2": [
        0.041147053241729736,
        2099
    ],
    "3": [
        0.030183272436261177,
        2114
    ],
    "4": [
        0.08145323395729065,
        3027
    ],
    "5": [
        0.0627749040722847,
        3342
    ],
    "6": [
        0.02731289528310299,
        2400
    ],
    "7": [
        0.055137187242507935,
        2404
    ],
    "8": [
        0.11760121583938599,
        3270
    ],
    "9": [
        0.04566832631826401,
        3695
    ],
    "10": [
        0.08778606355190277,
        3197
    ],
    "11": [
        0.11708402633666992,
        3058
    ],
    "12": [
        0.06574787199497223,
        2429
    ],
    "13": [
        0.055323876440525055,
        3198
    ],
    "14": [
        0.06069864332675934,
        2634
    ]
}