{
    "0": [
        0.04110853746533394,
        2914
    ],
    "1": [
        0.09330815821886063,
        3951
    ],
    "2": [
        0.09708786755800247,
        2049
    ],
    "3": [
        0.07372560352087021,
        2213
    ],
    "4": [
        0.06941383332014084,
        3259
    ],
    "5": [
        0.047756392508745193,
        1965
    ],
    "6": [
        0.05629868432879448,
        2592
    ],
    "7": [
        0.06878014653921127,
        3363
    ],
    "8": [
        0.05521164461970329,
        2728
    ],
    "9": [
        0.04788566008210182,
        2976
    ],
    "10": [
        0.03595452755689621,
        2930
    ],
    "11": [
        0.06727618724107742,
        3263
    ],
    "12": [
        0.08307592570781708,
        3362
    ],
    "13": [
        0.07734712958335876,
        3163
    ],
    "14": [
        0.0857696533203125,
        3579
    ]
}