{
    "0": [
        0.03939605876803398,
        2547
    ],
    "1": [
        0.0654079020023346,
        3192
    ],
    "2": [
        0.13145260512828827,
        3107
    ],
    "3": [
        0.08403412997722626,
        2765
    ],
    "4": [
        0.05343335121870041,
        3010
    ],
    "5": [
        0.07182517647743225,
        3855
    ],
    "6": [
        0.04472489282488823,
        2364
    ],
    "7": [
        0.0670214295387268,
        2580
    ],
    "8": [
        0.04539475962519646,
        2741
    ],
    "9": [
        0.023908216506242752,
        2620
    ],
    "10": [
        0.03783540427684784,
        2709
    ],
    "11": [
        0.04091918468475342,
        3385
    ],
    "12": [
        0.07352276891469955,
        3341
    ],
    "13": [
        0.11125212907791138,
        2178
    ],
    "14": [
        0.10987203568220139,
        3054
    ]
}