{
    "0": [
        0.035235822200775146,
        2148
    ],
    "1": [
        0.056700725108385086,
        3113
    ],
    "2": [
        0.08057554811239243,
        2588
    ],
    "3": [
        0.032560236752033234,
        3416
    ],
    "4": [
        0.02572522684931755,
        2076
    ],
    "5": [
        0.04231061041355133,
        3317
    ],
    "6": [
        0.02747320756316185,
        1751
    ],
    "7": [
        0.09721533954143524,
        3173
    ],
    "8": [
        0.07511655241250992,
        2865
    ],
    "9": [
        0.05843553692102432,
        2852
    ],
    "10": [
        0.11416132748126984,
        3435
    ],
    "11": [
        0.18362651765346527,
        3052
    ],
    "12": [
        0.034865301102399826,
        2795
    ],
    "13": [
        0.07425577938556671,
        3213
    ],
    "14": [
        0.06174232438206673,
        2754
    ]
}