{
    "0": [
        0.059289176017045975,
        2118
    ],
    "1": [
        0.06947015225887299,
        2942
    ],
    "2": [
        0.05122425779700279,
        3472
    ],
    "3": [
        0.09272796660661697,
        2775
    ],
    "4": [
        0.025913525372743607,
        2051
    ],
    "5": [
        0.05240211635828018,
        2986
    ],
    "6": [
        0.06750216335058212,
        3380
    ],
    "7": [
        0.06958220154047012,
        3018
    ],
    "8": [
        0.09128689765930176,
        3161
    ],
    "9": [
        0.05379310995340347,
        3478
    ],
    "10": [
        0.05956367775797844,
        2989
    ],
    "11": [
        0.038478314876556396,
        2678
    ],
    "12": [
        0.06104380637407303,
        3690
    ],
    "13": [
        0.12365791946649551,
        2622
    ],
    "14": [
        0.08406473696231842,
        2644
    ]
}