{
    "0": [
        0.08737879991531372,
        3798
    ],
    "1": [
        0.043027013540267944,
        2892
    ],
    "2": [
        0.05611797794699669,
        2943
    ],
    "3": [
        0.04855189472436905,
        2761
    ],
    "4": [
        0.030370477586984634,
        2584
    ],
    "5": [
        0.1058928519487381,
        2873
    ],
    "6": [
        0.07952150702476501,
        4292
    ],
    "7": [
        0.04131998121738434,
        3000
    ],
    "8": [
        0.055274590849876404,
        2445
    ],
    "9": [
        0.090156689286232,
        3025
    ],
    "10": [
        0.024704907089471817,
        2416
    ],
    "11": [
        0.08637022227048874,
        2905
    ],
    "12": [
        0.12644198536872864,
        2111
    ],
    "13": [
        0.0990704596042633,
        2569
    ],
    "14": [
        0.025800637900829315,
        2396
    ]
}