{
    "0": [
        0.06276514381170273,
        2982
    ],
    "1": [
        0.10098003596067429,
        2488
    ],
    "2": [
        0.0887545794248581,
        3107
    ],
    "3": [
        0.04062420874834061,
        2971
    ],
    "4": [
        0.06675280630588531,
        3268
    ],
    "5": [
        0.0785212516784668,
        3234
    ],
    "6": [
        0.060243602842092514,
        2023
    ],
    "7": [
        0.08039528131484985,
        3637
    ],
    "8": [
        0.0338604710996151,
        2461
    ],
    "9": [
        0.05358938127756119,
        3698
    ],
    "10": [
        0.0791831836104393,
        3410
    ],
    "11": [
        0.039281196892261505,
        2706
    ],
    "12": [
        0.10509909689426422,
        2928
    ],
    "13": [
        0.03576752543449402,
        2808
    ],
    "14": [
        0.07418222725391388,
        2504
    ]
}