{
    "0": [
        0.06694833934307098,
        3565
    ],
    "1": [
        0.09285997599363327,
        2851
    ],
    "2": [
        0.06944334506988525,
        3048
    ],
    "3": [
        0.023876624181866646,
        2699
    ],
    "4": [
        0.02795305848121643,
        1514
    ],
    "5": [
        0.03612445294857025,
        3291
    ],
    "6": [
        0.08311375230550766,
        2098
    ],
    "7": [
        0.042635004967451096,
        2479
    ],
    "8": [
        0.10439667850732803,
        3264
    ],
    "9": [
        0.09722153842449188,
        3579
    ],
    "10": [
        0.04375967010855675,
        2200
    ],
    "11": [
        0.0645957812666893,
        3557
    ],
    "12": [
        0.11747818440198898,
        2895
    ],
    "13": [
        0.08307509124279022,
        3469
    ],
    "14": [
        0.04651844874024391,
        3296
    ]
}