{
    "0": [
        0.137910395860672,
        3436
    ],
    "1": [
        0.07889629155397415,
        2957
    ],
    "2": [
        0.06373448669910431,
        2497
    ],
    "3": [
        0.08017885684967041,
        4066
    ],
    "4": [
        0.09871940314769745,
        3305
    ],
    "5": [
        0.04797033220529556,
        2336
    ],
    "6": [
        0.05156119167804718,
        2638
    ],
    "7": [
        0.03523709997534752,
        2959
    ],
    "8": [
        0.05684082210063934,
        2928
    ],
    "9": [
        0.03846960514783859,
        3246
    ],
    "10": [
        0.06614828109741211,
        3130
    ],
    "11": [
        0.0811920166015625,
        2631
    ],
    "12": [
        0.025745142251253128,
        2246
    ],
    "13": [
        0.04084697738289833,
        2506
    ],
    "14": [
        0.0965491309762001,
        2818
    ]
}