{
    "0": [
        0.05411996692419052,
        3098
    ],
    "1": [
        0.05733994394540787,
        2995
    ],
    "2": [
        0.06872501969337463,
        3344
    ],
    "3": [
        0.10457329452037811,
        3508
    ],
    "4": [
        0.04548189043998718,
        2883
    ],
    "5": [
        0.029438458383083344,
        2986
    ],
    "6": [
        0.07249178737401962,
        2355
    ],
    "7": [
        0.09286211431026459,
        3725
    ],
    "8": [
        0.12034343183040619,
        328
    ],
    "9": [
        0.0647163912653923,
        2630
    ],
    "10": [
        0.05506175383925438,
        3259
    ],
    "11": [
        0.03660539165139198,
        2783
    ],
    "12": [
        0.07149730622768402,
        3458
    ],
    "13": [
        0.06285540014505386,
        2675
    ],
    "14": [
        0.06388786435127258,
        2951
    ]
}