{
    "0": [
        0.046416476368904114,
        2790
    ],
    "1": [
        0.041709575802087784,
        3195
    ],
    "2": [
        0.07034604251384735,
        3659
    ],
    "3": [
        0.04471113160252571,
        3360
    ],
    "4": [
        0.044705893844366074,
        2542
    ],
    "5": [
        0.06201852485537529,
        3809
    ],
    "6": [
        0.07072657346725464,
        3742
    ],
    "7": [
        0.06676025688648224,
        1508
    ],
    "8": [
        0.06216070428490639,
        2842
    ],
    "9": [
        0.08862260729074478,
        2010
    ],
    "10": [
        0.13622784614562988,
        2366
    ],
    "11": [
        0.05581650882959366,
        3169
    ],
    "12": [
        0.07044215500354767,
        2932
    ],
    "13": [
        0.08017191290855408,
        2666
    ],
    "14": [
        0.05916367098689079,
        3574
    ]
}