{
    "0": [
        0.08267416805028915,
        4008
    ],
    "1": [
        0.0734780877828598,
        3740
    ],
    "2": [
        0.10243847966194153,
        2721
    ],
    "3": [
        0.06123174726963043,
        3536
    ],
    "4": [
        0.022584302350878716,
        2899
    ],
    "5": [
        0.05887799337506294,
        3244
    ],
    "6": [
        0.08647748082876205,
        2985
    ],
    "7": [
        0.06306535005569458,
        2811
    ],
    "8": [
        0.04252517968416214,
        2679
    ],
    "9": [
        0.08281005918979645,
        2567
    ],
    "10": [
        0.023694291710853577,
        1842
    ],
    "11": [
        0.12948814034461975,
        2802
    ],
    "12": [
        0.029640262946486473,
        1899
    ],
    "13": [
        0.048916347324848175,
        2611
    ],
    "14": [
        0.09209813177585602,
        2878
    ]
}