{
    "0": [
        0.0807984247803688,
        3289
    ],
    "1": [
        0.07914508879184723,
        2654
    ],
    "2": [
        0.0602697879076004,
        3437
    ],
    "3": [
        0.04335712641477585,
        2860
    ],
    "4": [
        0.10560596734285355,
        3634
    ],
    "5": [
        0.03126927837729454,
        2901
    ],
    "6": [
        0.04863281920552254,
        524
    ],
    "7": [
        0.05314118042588234,
        3187
    ],
    "8": [
        0.06415603309869766,
        2753
    ],
    "9": [
        0.06183892861008644,
        3644
    ],
    "10": [
        0.10364117473363876,
        3723
    ],
    "11": [
        0.07573604583740234,
        4130
    ],
    "12": [
        0.11382903158664703,
        303
    ],
    "13": [
        0.03874747455120087,
        3183
    ],
    "14": [
        0.03983163461089134,
        3401
    ]
}