{
    "0": [
        0.09807683527469635,
        2618
    ],
    "1": [
        0.04658786952495575,
        2737
    ],
    "2": [
        0.06939903646707535,
        2893
    ],
    "3": [
        0.09252944588661194,
        3675
    ],
    "4": [
        0.10321278125047684,
        2745
    ],
    "5": [
        0.07392320781946182,
        3023
    ],
    "6": [
        0.04039151594042778,
        2507
    ],
    "7": [
        0.03682531788945198,
        2051
    ],
    "8": [
        0.06585086137056351,
        3508
    ],
    "9": [
        0.07407929748296738,
        3156
    ],
    "10": [
        0.044019345194101334,
        3112
    ],
    "11": [
        0.05682205781340599,
        2816
    ],
    "12": [
        0.07836900651454926,
        2507
    ],
    "13": [
        0.06253024935722351,
        2821
    ],
    "14": [
        0.05738307163119316,
        2725
    ]
}