{
    "0": [
        0.06482565402984619,
        2787
    ],
    "1": [
        0.09563067555427551,
        3464
    ],
    "2": [
        0.0825597420334816,
        2840
    ],
    "3": [
        0.036121681332588196,
        2928
    ],
    "4": [
        0.0403609573841095,
        3093
    ],
    "5": [
        0.08913496881723404,
        2771
    ],
    "6": [
        0.12401172518730164,
        3511
    ],
    "7": [
        0.06158492714166641,
        2930
    ],
    "8": [
        0.048214610666036606,
        2958
    ],
    "9": [
        0.057767290621995926,
        3403
    ],
    "10": [
        0.03810085356235504,
        2253
    ],
    "11": [
        0.11609701812267303,
        2682
    ],
    "12": [
        0.035523079335689545,
        2003
    ],
    "13": [
        0.04737238213419914,
        3241
    ],
    "14": [
        0.06269437819719315,
        2895
    ]
}