{"0": {"mean": -0.28948524594306946, "variance": 0.016198286786675453, "std_dev": 0.12727248668670654, "median": -0.31513822078704834, "range": 0.6600216627120972, "iq_range": 0.13009147346019745, "density": 0.2397811409787798, "accuracy": -1.0, "distance": 0.8725228309631348, "coherence": 25.49542236328125, "separation": 53.517417907714844, "information_gain": 0.5350000262260437}, "1": {"mean": -0.2915014624595642, "variance": 0.015026905573904514, "std_dev": 0.1225842759013176, "median": -0.31712397933006287, "range": 0.6207359433174133, "iq_range": 0.12539103254675865, "density": 0.23585037418943122, "accuracy": 1.0, "distance": 0.4421597421169281, "coherence": 111.5682144165039, "separation": 56.75601577758789, "information_gain": 0.4000000059604645}, "2": {"mean": -0.2847893536090851, "variance": 0.01889500766992569, "std_dev": 0.13745911419391632, "median": -0.3013840317726135, "range": 0.6600216627120972, "iq_range": 0.17469628900289536, "density": 0.2357109579698563, "accuracy": -1.0, "distance": 0.9851571917533875, "coherence": 2.968567132949829, "separation": 58.26210021972656, "information_gain": 0.4099999964237213}, "3": {"mean": -0.2842240631580353, "variance": 0.019216692075133324, "std_dev": 0.13862428069114685, "median": -0.29477015137672424, "range": 0.6288361549377441, "iq_range": 0.16367490589618683, "density": 0.23654071004590962, "accuracy": 1.0, "distance": 0.4923464357852936, "coherence": 101.53065490722656, "separation": 36.68018341064453, "information_gain": 0.49000000953674316}, "4": {"mean": -0.28629636764526367, "variance": 0.018034396693110466, "std_dev": 0.13429220020771027, "median": -0.3053620755672455, "range": 0.6179154515266418, "iq_range": 0.1564742922782898, "density": 0.23544732265975468, "accuracy": 1.0, "distance": 0.7218899130821228, "coherence": 55.6220588684082, "separation": 48.80988311767578, "information_gain": 0.3400000035762787}, "5": {"mean": -0.28885596990585327, "variance": 0.016562240198254585, "std_dev": 0.12869437038898468, "median": -0.3086542785167694, "range": 0.6207359433174133, "iq_range": 0.1383383646607399, "density": 0.2381966431938794, "accuracy": -1.0, "distance": 1.0867602825164795, "coherence": -17.352048873901367, "separation": 60.03314971923828, "information_gain": 0.4350000023841858}, "6": {"mean": -0.28860989212989807, "variance": 0.01670432649552822, "std_dev": 0.12924522161483765, "median": -0.3092089891433716, "range": 0.6146379113197327, "iq_range": 0.1365768015384674, "density": 0.23866776145514987, "accuracy": 1.0, "distance": 0.21139319241046906, "coherence": 157.72109985351562, "separation": 46.19630813598633, "information_gain": 0.4749999940395355}, "7": {"mean": -0.28797271847724915, "variance": 0.017071714624762535, "std_dev": 0.13065877556800842, "median": -0.3025261461734772, "range": 0.6207359433174133, "iq_range": 0.149976197630167, "density": 0.23630745359652966, "accuracy": -1.0, "distance": 0.47666677832603455, "coherence": 104.66661834716797, "separation": 39.12144470214844, "information_gain": 0.39500001072883606}, "8": {"mean": -0.2864190340042114, "variance": 0.01796412654221058, "std_dev": 0.1340303122997284, "median": -0.30487531423568726, "range": 0.6179154515266418, "iq_range": 0.16511012986302376, "density": 0.23902887475670373, "accuracy": 1.0, "distance": 0.39843055605888367, "coherence": 120.3139419555664, "separation": 48.92679214477539, "information_gain": 0.4399999976158142}, "9": {"mean": -0.2866862118244171, "variance": 0.017811013385653496, "std_dev": 0.13345791399478912, "median": -0.3110414743423462, "range": 0.6007345914840698, "iq_range": 0.1593780294060707, "density": 0.2353888884664344, "accuracy": 1.0, "distance": 0.6686495542526245, "coherence": 66.27021789550781, "separation": 48.58769989013672, "information_gain": 0.4350000023841858}, "10": {"mean": -0.2874119281768799, "variance": 0.017394375056028366, "std_dev": 0.13188773393630981, "median": -0.3085804581642151, "range": 0.6600216627120972, "iq_range": 0.15099648386240005, "density": 0.23238582446199446, "accuracy": 1.0, "distance": 0.8631628751754761, "coherence": 27.367368698120117, "separation": 46.18472671508789, "information_gain": 0.4050000011920929}, "11": {"mean": -0.28766554594039917, "variance": 0.017248526215553284, "std_dev": 0.13133364915847778, "median": -0.3102181553840637, "range": 0.6600216627120972, "iq_range": 0.14803484827280045, "density": 0.23652445511299172, "accuracy": 1.0, "distance": 0.4409220516681671, "coherence": 111.81573486328125, "separation": 38.7425422668457, "information_gain": 0.3400000035762787}, "12": {"mean": -0.286289244890213, "variance": 0.018038470298051834, "std_dev": 0.1343073695898056, "median": -0.3109937608242035, "range": 0.6207359433174133, "iq_range": 0.16601236909627914, "density": 0.23852438886721028, "accuracy": 1.0, "distance": 0.5100418925285339, "coherence": 97.99156188964844, "separation": 43.32661819458008, "information_gain": 0.4350000023841858}, "13": {"mean": -0.29075080156326294, "variance": 0.015463972464203835, "std_dev": 0.12435422092676163, "median": -0.31890976428985596, "range": 0.6288362145423889, "iq_range": 0.12887884676456451, "density": 0.24076451333284096, "accuracy": 1.0, "distance": 0.37465882301330566, "coherence": 125.06835174560547, "separation": 41.474517822265625, "information_gain": 0.6150000095367432}, "14": {"mean": -0.2936876714229584, "variance": 0.013747544959187508, "std_dev": 0.11724992841482162, "median": -0.3236252963542938, "range": 0.596330463886261, "iq_range": 0.11030042916536331, "density": 0.239940586407976, "accuracy": 1.0, "distance": 0.8011940717697144, "coherence": 39.76122283935547, "separation": 62.958492279052734, "information_gain": 0.5849999785423279}}