{"0": {"mean": -0.2872040867805481, "variance": 0.0175138171762228, "std_dev": 0.13233977556228638, "median": -0.3057343363761902, "range": 0.6600216627120972, "iq_range": 0.1596648469567299, "density": 0.2394961255398038, "accuracy": 1.0, "distance": 0.5252393484115601, "coherence": 94.95201110839844, "separation": 45.21605682373047, "information_gain": 0.5350000262260437}, "1": {"mean": -0.2894345819950104, "variance": 0.016227634623646736, "std_dev": 0.12738773226737976, "median": -0.3096400499343872, "range": 0.5705426335334778, "iq_range": 0.13364532217383385, "density": 0.23473018736581788, "accuracy": 1.0, "distance": 0.6966081261634827, "coherence": 60.678443908691406, "separation": 44.684547424316406, "information_gain": 0.3199999928474426}, "2": {"mean": -0.2871675491333008, "variance": 0.017534812912344933, "std_dev": 0.13241907954216003, "median": -0.31045907735824585, "range": 0.6600216627120972, "iq_range": 0.15274933353066444, "density": 0.2382320543258957, "accuracy": 1.0, "distance": 0.8622077107429504, "coherence": 27.558454513549805, "separation": 24.94485092163086, "information_gain": 0.4000000059604645}, "3": {"mean": -0.2864838242530823, "variance": 0.017927035689353943, "std_dev": 0.13389188051223755, "median": -0.31015878915786743, "range": 0.6288362145423889, "iq_range": 0.15350716188549995, "density": 0.23612746063106524, "accuracy": 1.0, "distance": 0.8732640147209167, "coherence": 25.347179412841797, "separation": 49.050601959228516, "information_gain": 0.41999998688697815}, "4": {"mean": -0.28683438897132874, "variance": 0.017726043239235878, "std_dev": 0.13313919305801392, "median": -0.3046804666519165, "range": 0.6600216627120972, "iq_range": 0.1518811695277691, "density": 0.23693659188698862, "accuracy": -1.0, "distance": 0.4686730206012726, "coherence": 106.2654800415039, "separation": 49.440765380859375, "information_gain": 0.41999998688697815}, "5": {"mean": -0.286128968000412, "variance": 0.01813020184636116, "std_dev": 0.13464844226837158, "median": -0.3011223077774048, "range": 0.6288362145423889, "iq_range": 0.16279355809092522, "density": 0.23468609810341096, "accuracy": 1.0, "distance": 0.48010802268981934, "coherence": 103.9784927368164, "separation": 34.275577545166016, "information_gain": 0.5400000214576721}, "6": {"mean": -0.2927953898906708, "variance": 0.01427086815237999, "std_dev": 0.11946073919534683, "median": -0.32133424282073975, "range": 0.6079211831092834, "iq_range": 0.11121567338705063, "density": 0.242233779838122, "accuracy": -1.0, "distance": 0.465830534696579, "coherence": 106.8339614868164, "separation": 61.988792419433594, "information_gain": 0.6150000095367432}, "7": {"mean": -0.28920629620552063, "variance": 0.01635969989001751, "std_dev": 0.12790504097938538, "median": -0.317021906375885, "range": 0.6079211831092834, "iq_range": 0.14020682126283646, "density": 0.23997987592661382, "accuracy": 1.0, "distance": 0.8073036670684814, "coherence": 38.539188385009766, "separation": 50.303951263427734, "information_gain": 0.4000000059604645}, "8": {"mean": -0.2927016019821167, "variance": 0.014325778931379318, "std_dev": 0.11969034373760223, "median": -0.3212173581123352, "range": 0.6288362145423889, "iq_range": 0.11616790294647217, "density": 0.24268561563171623, "accuracy": 1.0, "distance": 0.6310371160507202, "coherence": 73.79270935058594, "separation": 52.624351501464844, "information_gain": 0.6200000047683716}, "9": {"mean": -0.2831352949142456, "variance": 0.019834408536553383, "std_dev": 0.14083468914031982, "median": -0.29397350549697876, "range": 0.6600216627120972, "iq_range": 0.1706905961036682, "density": 0.23484158640981775, "accuracy": 1.0, "distance": 1.2164757251739502, "coherence": -43.2950325012207, "separation": 51.71610641479492, "information_gain": 0.4399999976158142}, "10": {"mean": -0.29194721579551697, "variance": 0.014766834676265717, "std_dev": 0.12151886522769928, "median": -0.318220317363739, "range": 0.6207359433174133, "iq_range": 0.1273653618991375, "density": 0.2366052268131553, "accuracy": -1.0, "distance": 0.5725705623626709, "coherence": 85.48609161376953, "separation": 48.249080657958984, "information_gain": 0.4350000023841858}, "11": {"mean": -0.2906494736671448, "variance": 0.015522889792919159, "std_dev": 0.12459088861942291, "median": -0.31277817487716675, "range": 0.588211178779602, "iq_range": 0.1275048442184925, "density": 0.23703460829122772, "accuracy": 1.0, "distance": 0.36963796615600586, "coherence": 126.07230377197266, "separation": 41.78138732910156, "information_gain": 0.41999998688697815}, "12": {"mean": -0.2851283848285675, "variance": 0.018701812252402306, "std_dev": 0.13675457239151, "median": -0.29617273807525635, "range": 0.6600216627120972, "iq_range": 0.16917474940419197, "density": 0.23547804817540893, "accuracy": -1.0, "distance": 0.6098026633262634, "coherence": 78.03929901123047, "separation": 52.0628547668457, "information_gain": 0.36500000953674316}, "13": {"mean": -0.2871606945991516, "variance": 0.017538724467158318, "std_dev": 0.13243384659290314, "median": -0.3112006187438965, "range": 0.6288362145423889, "iq_range": 0.14423639327287674, "density": 0.23526525135246681, "accuracy": 1.0, "distance": 0.5682874321937561, "coherence": 86.3425521850586, "separation": 58.11209487915039, "information_gain": 0.49000000953674316}, "14": {"mean": -0.28818634152412415, "variance": 0.016948627308011055, "std_dev": 0.13018690049648285, "median": -0.3038114309310913, "range": 0.6600216627120972, "iq_range": 0.14445270225405693, "density": 0.23681112042330302, "accuracy": -1.0, "distance": 0.6376224756240845, "coherence": 72.47557067871094, "separation": 51.177001953125, "information_gain": 0.42500001192092896}}