{"0": {"mean": -0.28585973381996155, "variance": 0.018284212797880173, "std_dev": 0.13521912693977356, "median": -0.3007909059524536, "range": 0.6179154515266418, "iq_range": 0.16659057140350342, "density": 0.23324990859996445, "accuracy": 1.0, "distance": 0.471464604139328, "coherence": 105.70703887939453, "separation": 46.24176025390625, "information_gain": 0.27000001072883606}, "1": {"mean": -0.28745749592781067, "variance": 0.01736818253993988, "std_dev": 0.13178840279579163, "median": -0.3022002875804901, "range": 0.5990521907806396, "iq_range": 0.16000398993492126, "density": 0.23478057183237433, "accuracy": 1.0, "distance": 0.4991595447063446, "coherence": 100.1679916381836, "separation": 52.205501556396484, "information_gain": 0.5049999952316284}, "2": {"mean": -0.28892040252685547, "variance": 0.016524996608495712, "std_dev": 0.12854959070682526, "median": -0.3160399794578552, "range": 0.5790396928787231, "iq_range": 0.1374625340104103, "density": 0.2377382334838145, "accuracy": 1.0, "distance": 0.6989138722419739, "coherence": 60.217124938964844, "separation": 28.041015625, "information_gain": 0.5249999761581421}, "3": {"mean": -0.28817638754844666, "variance": 0.016954371705651283, "std_dev": 0.13020895421504974, "median": -0.31076979637145996, "range": 0.6207359433174133, "iq_range": 0.15045598149299622, "density": 0.23561308258241687, "accuracy": 1.0, "distance": 0.4632246494293213, "coherence": 107.35529327392578, "separation": 44.53646469116211, "information_gain": 0.4350000023841858}, "4": {"mean": -0.2931765913963318, "variance": 0.014047473669052124, "std_dev": 0.1185220405459404, "median": -0.322258323431015, "range": 0.6079211831092834, "iq_range": 0.11050963401794434, "density": 0.2444724168433682, "accuracy": -1.0, "distance": 0.3989257216453552, "coherence": 120.21485137939453, "separation": 31.818635940551758, "information_gain": 0.6299999952316284}, "5": {"mean": -0.2862999141216278, "variance": 0.018032334744930267, "std_dev": 0.13428452610969543, "median": -0.2992679476737976, "range": 0.6288362145423889, "iq_range": 0.16460616886615753, "density": 0.23421813465820485, "accuracy": 1.0, "distance": 0.24415361881256104, "coherence": 151.16949462890625, "separation": 40.57294464111328, "information_gain": 0.4650000035762787}, "6": {"mean": -0.288474440574646, "variance": 0.016782505437731743, "std_dev": 0.12954731285572052, "median": -0.31268763542175293, "range": 0.6079211831092834, "iq_range": 0.14394675567746162, "density": 0.23538704382326323, "accuracy": 1.0, "distance": 0.5774716138839722, "coherence": 84.50579833984375, "separation": 48.07673263549805, "information_gain": 0.38999998569488525}, "7": {"mean": -0.28646302223205566, "variance": 0.017938945442438126, "std_dev": 0.13393634557724, "median": -0.3031114339828491, "range": 0.6288362145423889, "iq_range": 0.15436363220214844, "density": 0.2349620055361825, "accuracy": 1.0, "distance": 0.8134216666221619, "coherence": 37.3155632019043, "separation": 47.774105072021484, "information_gain": 0.25}, "8": {"mean": -0.28883233666419983, "variance": 0.01657588966190815, "std_dev": 0.1287473887205124, "median": -0.30650752782821655, "range": 0.6600216627120972, "iq_range": 0.13652539998292923, "density": 0.23839257307759623, "accuracy": -1.0, "distance": 0.9297704696655273, "coherence": 14.045899391174316, "separation": 52.351016998291016, "information_gain": 0.42500001192092896}, "9": {"mean": -0.28571394085884094, "variance": 0.018367556855082512, "std_dev": 0.13552695512771606, "median": -0.2967725396156311, "range": 0.6191851496696472, "iq_range": 0.16028379276394844, "density": 0.233254244673021, "accuracy": -1.0, "distance": 0.496209055185318, "coherence": 100.75799560546875, "separation": 44.47505187988281, "information_gain": 0.3400000035762787}, "10": {"mean": -0.2878116965293884, "variance": 0.017164437100291252, "std_dev": 0.13101312518119812, "median": -0.3027111887931824, "range": 0.6207359433174133, "iq_range": 0.14446661621332169, "density": 0.23704170176586917, "accuracy": -1.0, "distance": 0.9463043212890625, "coherence": 10.739128112792969, "separation": 46.482093811035156, "information_gain": 0.42500001192092896}, "11": {"mean": -0.29066112637519836, "variance": 0.015516112558543682, "std_dev": 0.12456368654966354, "median": -0.31821364164352417, "range": 0.6079211831092834, "iq_range": 0.11756420135498047, "density": 0.23909574545154666, "accuracy": 1.0, "distance": 0.7605449557304382, "coherence": 47.891014099121094, "separation": 57.25628662109375, "information_gain": 0.4300000071525574}, "12": {"mean": -0.2878490686416626, "variance": 0.017142921686172485, "std_dev": 0.13093097507953644, "median": -0.3111826777458191, "range": 0.6600216627120972, "iq_range": 0.14667224884033203, "density": 0.23595574768996605, "accuracy": 1.0, "distance": 1.048880934715271, "coherence": -9.776152610778809, "separation": 48.95563888549805, "information_gain": 0.4300000071525574}, "13": {"mean": -0.2856423556804657, "variance": 0.018408438190817833, "std_dev": 0.13567769527435303, "median": -0.2993200719356537, "range": 0.6288362145423889, "iq_range": 0.16392483934760094, "density": 0.23567903593187767, "accuracy": 1.0, "distance": 0.8195046782493591, "coherence": 36.09909439086914, "separation": 53.62495803833008, "information_gain": 0.4449999928474426}, "14": {"mean": -0.29048722982406616, "variance": 0.015617153607308865, "std_dev": 0.12496861070394516, "median": -0.3155903220176697, "range": 0.5961214900016785, "iq_range": 0.12810464575886726, "density": 0.24408462713560133, "accuracy": 1.0, "distance": 0.584806501865387, "coherence": 83.0388412475586, "separation": 60.60683822631836, "information_gain": 0.46000000834465027}}