{
    "0": [
        3.314496239899723,
        0
    ],
    "1": [
        0.919700889278374,
        0
    ],
    "2": [
        0.4831662451454816,
        0
    ],
    "3": [
        0.0,
        0
    ],
    "4": [
        2.644398698525882,
        0
    ],
    "5": [
        0.18037182158084802,
        0
    ],
    "6": [
        0.21615731879508437,
        0
    ],
    "7": [
        1.2563322911501988,
        0
    ],
    "8": [
        4.052331289434087,
        0
    ],
    "9": [
        0.0,
        0
    ],
    "10": [
        3.6849797926553145,
        0
    ],
    "11": [
        1.2881463447072152,
        0
    ],
    "12": [
        2.766434571497882,
        0
    ],
    "13": [
        0.5876433765070671,
        0
    ],
    "14": [
        1.6830342545818004,
        0
    ]
}