{
    "0": [
        1.9410194379225443,
        0
    ],
    "1": [
        1.534065698990967,
        0
    ],
    "2": [
        1.7471448237689136,
        0
    ],
    "3": [
        2.8959319914562727,
        0
    ],
    "4": [
        0.0,
        0
    ],
    "5": [
        0.0,
        0
    ],
    "6": [
        1.516433157717605,
        0
    ],
    "7": [
        0.48572182747297066,
        0
    ],
    "8": [
        2.005171303432247,
        0
    ],
    "9": [
        3.448351607198979,
        0
    ],
    "10": [
        0.6837381706665604,
        0
    ],
    "11": [
        1.1023158718560004,
        0
    ],
    "12": [
        0.31206261044168015,
        0
    ],
    "13": [
        3.0817767046586675,
        0
    ],
    "14": [
        3.551989007326781,
        0
    ]
}