{
    "0": [
        3.0405346367923505,
        0
    ],
    "1": [
        1.9824903446325464,
        0
    ],
    "2": [
        1.3938062215094014,
        0
    ],
    "3": [
        3.08983977995267,
        0
    ],
    "4": [
        3.547745727187158,
        0
    ],
    "5": [
        0.7352790449866413,
        0
    ],
    "6": [
        0.4249222937858713,
        0
    ],
    "7": [
        1.538327687698483,
        0
    ],
    "8": [
        1.6951492172319529,
        0
    ],
    "9": [
        2.5614857741697916,
        0
    ],
    "10": [
        0.21946381525165395,
        0
    ],
    "11": [
        0.30844023400033427,
        0
    ],
    "12": [
        2.704303883026661,
        0
    ],
    "13": [
        0.36064796656009895,
        0
    ],
    "14": [
        0.22876368251279228,
        0
    ]
}