{
    "0": [
        3.407465416064394,
        0
    ],
    "1": [
        1.641932729869538,
        0
    ],
    "2": [
        4.9845776541502405,
        0
    ],
    "3": [
        0.8675615871092078,
        0
    ],
    "4": [
        2.514313212832087,
        0
    ],
    "5": [
        2.1862173045675632,
        0
    ],
    "6": [
        0.8416609079850762,
        0
    ],
    "7": [
        0.7217283516176959,
        0
    ],
    "8": [
        0.0,
        0
    ],
    "9": [
        3.8893950277984906,
        0
    ],
    "10": [
        3.5392762212389686,
        0
    ],
    "11": [
        0.2824280089348537,
        0
    ],
    "12": [
        1.2471800166264573,
        0
    ],
    "13": [
        0.17364215247164883,
        0
    ],
    "14": [
        0.14678890893643912,
        0
    ]
}