{
    "0": [
        51.774527751254944,
        0
    ],
    "1": [
        52.71048199075428,
        0
    ],
    "2": [
        31.979223645191187,
        0
    ],
    "3": [
        31.912201293261052,
        0
    ],
    "4": [
        51.666819634563765,
        0
    ],
    "5": [
        40.86114808573906,
        0
    ],
    "6": [
        55.01731108461206,
        0
    ],
    "7": [
        44.396302828917655,
        0
    ],
    "8": [
        29.999738185027557,
        0
    ],
    "9": [
        51.2222647284878,
        0
    ],
    "10": [
        45.35140840339643,
        0
    ],
    "11": [
        44.39394562057235,
        0
    ],
    "12": [
        42.148090949421274,
        0
    ],
    "13": [
        43.62093713834562,
        0
    ],
    "14": [
        44.53887722679263,
        0
    ]
}