{
    "0": [
        0.1533839699485087,
        0
    ],
    "1": [
        0.10307308312618368,
        0
    ],
    "2": [
        0.1538444590849035,
        0
    ],
    "3": [
        0.04818983379163236,
        0
    ],
    "4": [
        0.14937554249864948,
        0
    ],
    "5": [
        0.218928818211411,
        0
    ],
    "6": [
        0.17929583129882803,
        0
    ],
    "7": [
        0.08347293774834995,
        0
    ],
    "8": [
        0.11810987981160488,
        0
    ],
    "9": [
        0.14755280761718753,
        0
    ],
    "10": [
        0.04665006267490672,
        0
    ],
    "11": [
        0.07783002839265052,
        0
    ],
    "12": [
        0.07798563404572322,
        0
    ],
    "13": [
        0.12485345591669506,
        0
    ],
    "14": [
        0.07381153340242351,
        0
    ]
}