{
    "0": [
        0.06554566705977988,
        19370
    ],
    "1": [
        0.0526688650370209,
        17992
    ],
    "2": [
        0.0644302048778285,
        19416
    ],
    "3": [
        0.05534980734955595,
        18239
    ],
    "4": [
        0.06399378588834563,
        17839
    ],
    "5": [
        0.054631655816770666,
        18642
    ],
    "6": [
        0.07605336173986743,
        18591
    ],
    "7": [
        0.058224101125449935,
        19424
    ],
    "8": [
        0.06409117464511643,
        18321
    ],
    "9": [
        0.09424379792629889,
        21833
    ],
    "10": [
        0.05714092960118663,
        17998
    ],
    "11": [
        0.08382611196051151,
        21519
    ],
    "12": [
        0.0798838865551613,
        19053
    ],
    "13": [
        0.06570786835411187,
        19002
    ],
    "14": [
        0.06420878206299449,
        19399
    ]
}