{
    "0": [
        0.06109272682203684,
        18940
    ],
    "1": [
        0.04962926573543375,
        17045
    ],
    "2": [
        0.046203243969218835,
        18031
    ],
    "3": [
        0.07829080055352101,
        19144
    ],
    "4": [
        0.0645042845056856,
        18306
    ],
    "5": [
        0.09470651828296402,
        18543
    ],
    "6": [
        0.0678884902643189,
        17993
    ],
    "7": [
        0.06561730620751743,
        17850
    ],
    "8": [
        0.07398964681321203,
        18870
    ],
    "9": [
        0.0593691688610057,
        18274
    ],
    "10": [
        0.07980510587660561,
        19494
    ],
    "11": [
        0.06188295367629311,
        18450
    ],
    "12": [
        0.0639153878441727,
        17137
    ],
    "13": [
        0.0749798041362519,
        19110
    ],
    "14": [
        0.05812529645176247,
        17838
    ]
}