{
    "0": [
        0.05256202158900221,
        17863
    ],
    "1": [
        0.06948362021679241,
        19374
    ],
    "2": [
        0.04788009258984161,
        16143
    ],
    "3": [
        0.043136483116278816,
        16737
    ],
    "4": [
        0.04955557338188998,
        17396
    ],
    "5": [
        0.05225424454986661,
        17994
    ],
    "6": [
        0.05934045387517292,
        19151
    ],
    "7": [
        0.0761426131864342,
        19550
    ],
    "8": [
        0.07407363987839659,
        18240
    ],
    "9": [
        0.08043524855034571,
        19002
    ],
    "10": [
        0.06395426403929104,
        18391
    ],
    "11": [
        0.07117070069934484,
        19920
    ],
    "12": [
        0.06092997945855863,
        17099
    ],
    "13": [
        0.11331921458339765,
        19525
    ],
    "14": [
        0.0857618502853868,
        20028
    ]
}