{
    "7": 0.1795105519480519,
    "1": 0.08295691954414797,
    "13": 0.09612874348958321,
    "4": 0.0809072205786612,
    "12": 0.1445400437575119,
    "9": 0.10325502483661353,
    "3": 0.1443875978704084,
    "14": 0.11161651426373098,
    "2": 0.09772037521063108,
    "10": 0.2556225662231446,
    "11": 0.10723405838012695,
    "6": 0.13902620697021484,
    "5": 0.16840005118386786,
    "8": 0.1035525672787526,
    "0": 0.0950811818440755
}