{
    "0": [
        188.19291366389973,
        0
    ],
    "1": [
        170.80497127889322,
        0
    ],
    "2": [
        136.03753183627987,
        0
    ],
    "3": [
        102.36144783594943,
        0
    ],
    "4": [
        150.50660292911556,
        0
    ],
    "5": [
        114.89096503459709,
        0
    ],
    "6": [
        109.27642660730973,
        0
    ],
    "7": [
        176.38827511486008,
        0
    ],
    "8": [
        134.59733537670377,
        0
    ],
    "9": [
        225.1794346117033,
        0
    ],
    "10": [
        144.4151864595612,
        0
    ],
    "11": [
        112.98951219402731,
        0
    ],
    "12": [
        130.55105478215302,
        0
    ],
    "13": [
        176.90002480947615,
        0
    ],
    "14": [
        124.31777146581963,
        0
    ]
}