{
    "0": [
        167.16769756892685,
        0
    ],
    "1": [
        126.56803195706878,
        0
    ],
    "2": [
        121.23230804334725,
        0
    ],
    "3": [
        153.5910337730106,
        0
    ],
    "4": [
        201.85603867579542,
        0
    ],
    "5": [
        195.6505009640298,
        0
    ],
    "6": [
        96.32150171311321,
        0
    ],
    "7": [
        106.73466170808284,
        0
    ],
    "8": [
        115.99426975510904,
        0
    ],
    "9": [
        81.47746035006584,
        0
    ],
    "10": [
        198.80195471549894,
        0
    ],
    "11": [
        181.4069040348896,
        0
    ],
    "12": [
        77.16711825701034,
        0
    ],
    "13": [
        128.97232041957608,
        0
    ],
    "14": [
        79.87077756808226,
        0
    ]
}