{
    "0": [
        220.03642992924037,
        0
    ],
    "1": [
        145.97049102887163,
        0
    ],
    "2": [
        140.99344616210786,
        0
    ],
    "3": [
        181.33842287264233,
        0
    ],
    "4": [
        158.36800387362447,
        0
    ],
    "5": [
        131.1014255958429,
        0
    ],
    "6": [
        158.69673768976048,
        0
    ],
    "7": [
        73.45017769901621,
        0
    ],
    "8": [
        118.22694782521997,
        0
    ],
    "9": [
        145.19062457248293,
        0
    ],
    "10": [
        97.51900681383538,
        0
    ],
    "11": [
        143.58009347586642,
        0
    ],
    "12": [
        107.47356229790994,
        0
    ],
    "13": [
        135.1895975796014,
        0
    ],
    "14": [
        161.11276165979734,
        0
    ]
}