{
    "0": [
        135.01392931794388,
        0
    ],
    "1": [
        138.9828617781866,
        0
    ],
    "2": [
        116.17639777113953,
        0
    ],
    "3": [
        160.66390353488774,
        0
    ],
    "4": [
        104.01362316280743,
        0
    ],
    "5": [
        138.4417705369474,
        0
    ],
    "6": [
        149.2894827099058,
        0
    ],
    "7": [
        129.5079069938616,
        0
    ],
    "8": [
        178.1928601504054,
        0
    ],
    "9": [
        104.02230367898392,
        0
    ],
    "10": [
        137.7106809476088,
        0
    ],
    "11": [
        137.41856457968126,
        0
    ],
    "12": [
        160.50131502019215,
        0
    ],
    "13": [
        77.25493461024891,
        0
    ],
    "14": [
        98.05232653231948,
        0
    ]
}