{
    "0": [
        156.0454610127806,
        0
    ],
    "1": [
        140.17785128377832,
        0
    ],
    "2": [
        147.45657957996417,
        0
    ],
    "3": [
        185.4317200135023,
        0
    ],
    "4": [
        131.27955959066497,
        0
    ],
    "5": [
        126.20090333378185,
        0
    ],
    "6": [
        140.94180207142762,
        0
    ],
    "7": [
        169.15821419038883,
        0
    ],
    "8": [
        158.42741373005725,
        0
    ],
    "9": [
        150.5838380976657,
        0
    ],
    "10": [
        165.36258972067168,
        0
    ],
    "11": [
        139.30974116385593,
        0
    ],
    "12": [
        103.33764853280266,
        0
    ],
    "13": [
        118.94984201904164,
        0
    ],
    "14": [
        93.5235490887239,
        0
    ]
}