{
    "0": [
        0.07712513953447342,
        1650
    ],
    "1": [
        0.07215683162212372,
        2986
    ],
    "2": [
        0.03406749665737152,
        2001
    ],
    "3": [
        0.10917317867279053,
        2831
    ],
    "4": [
        0.02655961364507675,
        1982
    ],
    "5": [
        0.12191978096961975,
        3377
    ],
    "6": [
        0.06150392070412636,
        2585
    ],
    "7": [
        0.077016182243824,
        2243
    ],
    "8": [
        0.06140800565481186,
        1760
    ],
    "9": [
        0.0415884405374527,
        2183
    ],
    "10": [
        0.04644125699996948,
        2266
    ],
    "11": [
        0.06151014566421509,
        1807
    ],
    "12": [
        0.0824463739991188,
        2639
    ],
    "13": [
        0.08209394663572311,
        2337
    ],
    "14": [
        0.0449896864593029,
        1849
    ]
}