{
    "0": [
        0.027927566319704056,
        1748
    ],
    "1": [
        0.10302224010229111,
        3036
    ],
    "2": [
        0.036140862852334976,
        1587
    ],
    "3": [
        0.05962131917476654,
        3002
    ],
    "4": [
        0.09898849576711655,
        2734
    ],
    "5": [
        0.06460548937320709,
        1978
    ],
    "6": [
        0.02583479881286621,
        1926
    ],
    "7": [
        0.06756870448589325,
        2525
    ],
    "8": [
        0.03089185617864132,
        1996
    ],
    "9": [
        0.09760064631700516,
        2565
    ],
    "10": [
        0.03482586890459061,
        1639
    ],
    "11": [
        0.13959017395973206,
        2735
    ],
    "12": [
        0.047141991555690765,
        3000
    ],
    "13": [
        0.08171378821134567,
        2468
    ],
    "14": [
        0.08452624827623367,
        1796
    ]
}