{"random": {"mean": 0.020328544080257416, "variance": 0.0009915699483826756, "std_dev": 0.03148920461535454, "median": 0.0, "range": 0.5216795802116394, "iq_range": 0.03829620126634836, "density": 0.20842693461395798, "accuracy": -1.0, "distance": 0.7963559890632494}, "goal_in_front": {"mean": 0.0583965927362442, "variance": 0.008279959671199322, "std_dev": 0.09099428355693817, "median": 0.011499316431581974, "range": 0.7508805394172668, "iq_range": 0.08744688518345356, "density": 0.15562589301226304, "accuracy": 1.0, "distance": 9.316617172017217}, "goal_in_view": {"mean": 0.02813265100121498, "variance": 0.002208006102591753, "std_dev": 0.046989426016807556, "median": 0.0, "range": 0.5321090817451477, "iq_range": 0.04619276523590088, "density": 0.1197979393215959, "accuracy": 1.0, "distance": 10.204271066749834}, "goal_to_left": {"mean": 0.021669620648026466, "variance": 0.0011204099282622337, "std_dev": 0.03347252681851387, "median": 0.0, "range": 0.2841319143772125, "iq_range": 0.03841354325413704, "density": 0.14323563067592837, "accuracy": -1.0, "distance": 11.355546591646352}, "goal_to_right": {"mean": 0.02844531089067459, "variance": 0.001905750366859138, "std_dev": 0.043654900044202805, "median": 0.0, "range": 0.46246138215065, "iq_range": 0.04865515977144241, "density": 0.1362133406984234, "accuracy": 1.0, "distance": 9.262802554383336}, "wall_in_view": {"mean": 0.019936390221118927, "variance": 0.0009144307696260512, "std_dev": 0.03023955598473549, "median": 0.0, "range": 0.5321090817451477, "iq_range": 0.037526458501815796, "density": 0.22876981829258577, "accuracy": -1.0, "distance": 5.602345132112784}, "agent_in_view": {"mean": 0.020745716989040375, "variance": 0.0011086496524512768, "std_dev": 0.03329639136791229, "median": 0.0, "range": 0.5517802238464355, "iq_range": 0.038651362992823124, "density": 0.21424724364316064, "accuracy": 1.0, "distance": 4.069665545625}, "agent_in_front": {"mean": 0.02062523365020752, "variance": 0.0010674451477825642, "std_dev": 0.03267177939414978, "median": 0.0, "range": 0.5456476211547852, "iq_range": 0.038744508288800716, "density": 0.21335220351124232, "accuracy": -1.0, "distance": 2.498818286450986}, "agent_to_left": {"mean": 0.02028786391019821, "variance": 0.0009688085410743952, "std_dev": 0.031125688925385475, "median": 0.0, "range": 0.4293256103992462, "iq_range": 0.03850885480642319, "density": 0.23167988116529611, "accuracy": 1.0, "distance": 2.855682922223051}, "agent_to_right": {"mean": 0.020504646003246307, "variance": 0.001015707035548985, "std_dev": 0.03187016025185585, "median": 0.0, "range": 0.5235507488250732, "iq_range": 0.03853330574929714, "density": 0.2100347210565043, "accuracy": 1.0, "distance": 2.508842400470237}}