{"0.33;0.33;0.33": {"decision_tree": [0.81, 0.7822, 0.8043, 0.7787, 0.7933, 0.8026, 0.7949, 0.7956, 0.8087, 0.7876, 0.7833, 0.7981, 0.7815, 0.8077, 0.7985, 0.7911, 0.7777, 0.8059, 0.8095, 0.8055], "xgboost": [0.9029, 0.8878, 0.9008, 0.8993, 0.8972, 0.9005, 0.8969, 0.8944, 0.8958, 0.8913, 0.894, 0.8922, 0.8875, 0.9087, 0.8908, 0.8901, 0.8911, 0.9035, 0.8951, 0.8986], "random_forest": [0.8841, 0.8706, 0.8826, 0.8796, 0.8756, 0.8919, 0.8804, 0.8791, 0.8805, 0.8658, 0.8723, 0.8806, 0.866, 0.8911, 0.8815, 0.877, 0.8669, 0.8892, 0.8831, 0.884], "elasticnet": [0.0927, 0.0875, 0.1087, 0.1146, 0.1142, 0.0978, 0.0822, 0.1005, 0.0984, 0.1036, 0.0969, 0.1015, 0.0907, 0.1073, 0.1087, 0.0724, 0.0997, 0.1048, 0.0881, 0.1007], "svm_linear": [0.867, 0.8423, 0.8685, 0.8555, 0.8613, 0.8627, 0.8545, 0.8562, 0.8577, 0.8499, 0.856, 0.8579, 0.8509, 0.8705, 0.8551, 0.8494, 0.853, 0.8607, 0.8547, 0.8605], "logistic_regesssion": [0.8396, 0.8187, 0.8389, 0.8224, 0.8341, 0.8343, 0.8291, 0.8318, 0.8339, 0.8227, 0.8309, 0.8347, 0.8291, 0.8431, 0.8244, 0.8225, 0.8242, 0.839, 0.8299, 0.8362], "nn": [0.9026666666666666, 0.887, 0.9065, 0.8970833333333333, 0.8950833333333333, 0.9016666666666666, 0.8955833333333333, 0.8913333333333333, 0.891, 0.8949166666666667, 0.8941666666666667, 0.8860833333333333, 0.88575, 0.9106666666666666, 0.8888333333333334, 0.8946666666666667, 0.8873333333333333, 0.9005, 0.8845833333333334, 0.89225]}}