{
    "0": [
        0.01678594561501953,
        190
    ],
    "1": [
        0.09606824038756666,
        276
    ],
    "2": [
        0.04349315162621272,
        231
    ],
    "3": [
        0.04197517258605741,
        251
    ],
    "4": [
        0.10413089816482361,
        244
    ],
    "5": [
        0.038607024903521026,
        228
    ],
    "6": [
        0.08917692280211668,
        287
    ],
    "7": [
        0.11098299461230232,
        233
    ],
    "8": [
        0.05040208340125084,
        211
    ],
    "9": [
        0.10927964225250558,
        234
    ],
    "10": [
        0.03585430458229471,
        258
    ],
    "11": [
        0.057970003475690306,
        205
    ],
    "12": [
        0.07646812747008894,
        236
    ],
    "13": [
        0.07638362722424151,
        268
    ],
    "14": [
        0.05242186089630835,
        201
    ]
}