{
    "0": [
        50.04463445998961,
        0
    ],
    "1": [
        46.365084730917296,
        0
    ],
    "2": [
        34.671845606844485,
        0
    ],
    "3": [
        55.19372061381413,
        0
    ],
    "4": [
        44.75766501832475,
        0
    ],
    "5": [
        55.52329430303567,
        0
    ],
    "6": [
        36.315146130757384,
        0
    ],
    "7": [
        36.966044196321874,
        0
    ],
    "8": [
        54.088868148577404,
        0
    ],
    "9": [
        41.710109079182615,
        0
    ],
    "10": [
        54.64207881750972,
        0
    ],
    "11": [
        33.07946540133832,
        0
    ],
    "12": [
        36.72859804945724,
        0
    ],
    "13": [
        26.325891267170764,
        0
    ],
    "14": [
        69.39022388561726,
        0
    ]
}