{
    "0": [
        162.95086070405046,
        0
    ],
    "1": [
        155.8220479152573,
        0
    ],
    "2": [
        108.02411228220261,
        0
    ],
    "3": [
        172.14360686689574,
        0
    ],
    "4": [
        118.8197648036497,
        0
    ],
    "5": [
        194.5200941043237,
        0
    ],
    "6": [
        112.06567873697482,
        0
    ],
    "7": [
        119.16563093469289,
        0
    ],
    "8": [
        155.9102877488181,
        0
    ],
    "9": [
        125.38767170498559,
        0
    ],
    "10": [
        187.24255752021318,
        0
    ],
    "11": [
        121.38547271882963,
        0
    ],
    "12": [
        122.21513006805912,
        0
    ],
    "13": [
        82.46671981709022,
        0
    ],
    "14": [
        209.62022662599782,
        0
    ]
}