{
    "0": [
        138.78370849185927,
        0
    ],
    "1": [
        202.97488692607322,
        0
    ],
    "2": [
        141.80198211526817,
        0
    ],
    "3": [
        110.39299941773997,
        0
    ],
    "4": [
        92.31658274192868,
        0
    ],
    "5": [
        141.54985261669162,
        0
    ],
    "6": [
        127.01522802041384,
        0
    ],
    "7": [
        108.77450910003708,
        0
    ],
    "8": [
        129.28555759841993,
        0
    ],
    "9": [
        148.7772869954525,
        0
    ],
    "10": [
        212.51882570742848,
        0
    ],
    "11": [
        133.36386004322802,
        0
    ],
    "12": [
        144.64216318891363,
        0
    ],
    "13": [
        93.53886099265073,
        0
    ],
    "14": [
        137.1368336732012,
        0
    ]
}