{
    "0": [
        197.15316002747588,
        0
    ],
    "1": [
        206.833709014487,
        0
    ],
    "2": [
        64.9497270550641,
        0
    ],
    "3": [
        165.85211138442185,
        0
    ],
    "4": [
        132.00038475873376,
        0
    ],
    "5": [
        180.6011677930201,
        0
    ],
    "6": [
        158.3908410353782,
        0
    ],
    "7": [
        121.41152129847674,
        0
    ],
    "8": [
        94.64022302068398,
        0
    ],
    "9": [
        167.58190255165425,
        0
    ],
    "10": [
        124.11083344725697,
        0
    ],
    "11": [
        135.06648268974283,
        0
    ],
    "12": [
        127.09422821529911,
        0
    ],
    "13": [
        68.12421343373963,
        0
    ],
    "14": [
        206.41082651069007,
        0
    ]
}