{
    "0": [
        0.08051952719688416,
        2445
    ],
    "1": [
        0.09536349028348923,
        1539
    ],
    "2": [
        0.10003562271595001,
        3056
    ],
    "3": [
        0.05075617879629135,
        2664
    ],
    "4": [
        0.03695031628012657,
        1474
    ],
    "5": [
        0.03738037496805191,
        1637
    ],
    "6": [
        0.0863177552819252,
        2925
    ],
    "7": [
        0.07019873708486557,
        3272
    ],
    "8": [
        0.04833349213004112,
        2170
    ],
    "9": [
        0.06179463863372803,
        3185
    ],
    "10": [
        0.06955119967460632,
        2071
    ],
    "11": [
        0.05770738795399666,
        2014
    ],
    "12": [
        0.038072485476732254,
        1707
    ],
    "13": [
        0.0989183634519577,
        2543
    ],
    "14": [
        0.06810048222541809,
        1831
    ]
}