{
    "decision_tree": 0.73425,
    "xgboost": 0.86575,
    "random_forest": 0.8405,
    "elasticnet": 0.11125,
    "svm_linear": 0.81125,
    "logistic_regesssion": 0.78475,
    "nn": 0.85525
}