{
    "decision_tree": 0.7445,
    "xgboost": 0.86875,
    "random_forest": 0.85575,
    "elasticnet": 0.1155,
    "svm_linear": 0.82225,
    "logistic_regesssion": 0.79925,
    "nn": 0.863
}