{
    "decision_tree": 0.75575,
    "xgboost": 0.868,
    "random_forest": 0.84875,
    "elasticnet": 0.108,
    "svm_linear": 0.81625,
    "logistic_regesssion": 0.8015,
    "nn": 0.85975
}