{
    "decision_tree": 0.7485,
    "xgboost": 0.86125,
    "random_forest": 0.8435,
    "elasticnet": 0.11825,
    "svm_linear": 0.8115,
    "logistic_regesssion": 0.783,
    "nn": 0.84425
}