{
    "decision_tree": 0.74275,
    "xgboost": 0.85575,
    "random_forest": 0.83375,
    "elasticnet": 0.1025,
    "svm_linear": 0.804,
    "logistic_regesssion": 0.7845,
    "nn": 0.8345
}