{
    "decision_tree": 0.7395,
    "xgboost": 0.86025,
    "random_forest": 0.8415,
    "elasticnet": 0.1105,
    "svm_linear": 0.81125,
    "logistic_regesssion": 0.785,
    "nn": 0.84475
}