{
    "decision_tree": 0.74075,
    "xgboost": 0.867,
    "random_forest": 0.83425,
    "elasticnet": 0.1115,
    "svm_linear": 0.80625,
    "logistic_regesssion": 0.77975,
    "nn": 0.85325
}