{
    "decision_tree": 0.72625,
    "xgboost": 0.85875,
    "random_forest": 0.8315,
    "elasticnet": 0.12625,
    "svm_linear": 0.806,
    "logistic_regesssion": 0.77675,
    "nn": 0.85475
}