{
    "decision_tree": 0.74975,
    "xgboost": 0.85925,
    "random_forest": 0.84125,
    "elasticnet": 0.1125,
    "svm_linear": 0.821,
    "logistic_regesssion": 0.804,
    "nn": 0.85925
}