{
    "decision_tree": 0.73575,
    "xgboost": 0.86225,
    "random_forest": 0.83825,
    "elasticnet": 0.108,
    "svm_linear": 0.8115,
    "logistic_regesssion": 0.78575,
    "nn": 0.83775
}