{
    "decision_tree": 0.74725,
    "xgboost": 0.858,
    "random_forest": 0.837,
    "elasticnet": 0.10975,
    "svm_linear": 0.80725,
    "logistic_regesssion": 0.78525,
    "nn": 0.85925
}