{
    "decision_tree": 0.73675,
    "xgboost": 0.8595,
    "random_forest": 0.84225,
    "elasticnet": 0.11675,
    "svm_linear": 0.80825,
    "logistic_regesssion": 0.791,
    "nn": 0.848
}