{
    "decision_tree": 0.75425,
    "xgboost": 0.8535,
    "random_forest": 0.83325,
    "elasticnet": 0.10425,
    "svm_linear": 0.804,
    "logistic_regesssion": 0.7845,
    "nn": 0.84825
}