{
    "decision_tree": 0.7585,
    "xgboost": 0.8755,
    "random_forest": 0.8485,
    "elasticnet": 0.11975,
    "svm_linear": 0.81425,
    "logistic_regesssion": 0.7885,
    "nn": 0.8535
}