{
    "decision_tree": 0.7535,
    "xgboost": 0.8695,
    "random_forest": 0.85575,
    "elasticnet": 0.10825,
    "svm_linear": 0.82325,
    "logistic_regesssion": 0.80125,
    "nn": 0.8395
}