{
    "decision_tree": 0.75725,
    "xgboost": 0.8795,
    "random_forest": 0.85225,
    "elasticnet": 0.10475,
    "svm_linear": 0.8275,
    "logistic_regesssion": 0.79525,
    "nn": 0.86775
}