{"0": {"mean": -0.2883963882923126, "variance": 0.016827521845698357, "std_dev": 0.12972094118595123, "median": -0.3069838881492615, "range": 0.6207359433174133, "iq_range": 0.14868782833218575, "density": 0.23499504695671272, "accuracy": 1.0, "distance": 0.8525046706199646}, "1": {"mean": -0.28733110427856445, "variance": 0.01744082011282444, "std_dev": 0.13206370174884796, "median": -0.306087851524353, "range": 0.6600216627120972, "iq_range": 0.15774108469486237, "density": 0.23569432917103186, "accuracy": -1.0, "distance": 1.0225083827972412}, "2": {"mean": -0.28762128949165344, "variance": 0.017274009063839912, "std_dev": 0.13143062591552734, "median": -0.30626213550567627, "range": 0.6600216627120972, "iq_range": 0.1491970270872116, "density": 0.2356356863203663, "accuracy": -1.0, "distance": 0.9560838341712952}, "3": {"mean": -0.2859370708465576, "variance": 0.01823999360203743, "std_dev": 0.1350555270910263, "median": -0.2999524474143982, "range": 0.6288362145423889, "iq_range": 0.16075048968195915, "density": 0.23528921604751124, "accuracy": -1.0, "distance": 1.19253408908844}, "4": {"mean": -0.2871602773666382, "variance": 0.01753898337483406, "std_dev": 0.13243483006954193, "median": -0.30078738927841187, "range": 0.6600216627120972, "iq_range": 0.1522768810391426, "density": 0.23576780094228364, "accuracy": -1.0, "distance": 1.4326046705245972}, "5": {"mean": -0.2863347828388214, "variance": 0.018012402579188347, "std_dev": 0.13421028852462769, "median": -0.3073546290397644, "range": 0.6288361549377441, "iq_range": 0.15029490739107132, "density": 0.2339751441055403, "accuracy": -1.0, "distance": 1.404046893119812}, "6": {"mean": -0.28814807534217834, "variance": 0.016970684751868248, "std_dev": 0.13027158379554749, "median": -0.3066951036453247, "range": 0.6600216627120972, "iq_range": 0.14126375317573547, "density": 0.23602003427463475, "accuracy": -1.0, "distance": 0.9410754442214966}, "7": {"mean": -0.28596752882003784, "variance": 0.018222568556666374, "std_dev": 0.13499099016189575, "median": -0.30326855182647705, "range": 0.6207358837127686, "iq_range": 0.14916444569826126, "density": 0.23719188152871915, "accuracy": -1.0, "distance": 0.9701188206672668}, "8": {"mean": -0.29080963134765625, "variance": 0.015429763123393059, "std_dev": 0.12421660125255585, "median": -0.3129388988018036, "range": 0.6600216627120972, "iq_range": 0.13480303436517715, "density": 0.2336756097648551, "accuracy": -1.0, "distance": 1.0532829761505127}, "9": {"mean": -0.2881835401058197, "variance": 0.01695026084780693, "std_dev": 0.13019317388534546, "median": -0.31277817487716675, "range": 0.6288362145423889, "iq_range": 0.14025400206446648, "density": 0.23750930699165437, "accuracy": -1.0, "distance": 1.2392487525939941}, "10": {"mean": -0.285370796918869, "variance": 0.018563510850071907, "std_dev": 0.13624797761440277, "median": -0.2979215979576111, "range": 0.6600216627120972, "iq_range": 0.16157488897442818, "density": 0.23201242794711377, "accuracy": -1.0, "distance": 1.2061225175857544}, "11": {"mean": -0.2848706543445587, "variance": 0.018848706036806107, "std_dev": 0.1372905969619751, "median": -0.3037383556365967, "range": 0.6288362145423889, "iq_range": 0.17897112295031548, "density": 0.23742614367576226, "accuracy": 1.0, "distance": 1.3108563423156738}, "12": {"mean": -0.2893902361392975, "variance": 0.01625329628586769, "std_dev": 0.1274884194135666, "median": -0.31770825386047363, "range": 0.5918647646903992, "iq_range": 0.13300054520368576, "density": 0.23908657288020888, "accuracy": -1.0, "distance": 1.3454934358596802}, "13": {"mean": -0.2859370708465576, "variance": 0.01823999360203743, "std_dev": 0.1350555270910263, "median": -0.2999524474143982, "range": 0.6288362145423889, "iq_range": 0.16075048968195915, "density": 0.2352892160475112, "accuracy": -1.0, "distance": 1.1926923990249634}, "14": {"mean": -0.2863863408565521, "variance": 0.01798287220299244, "std_dev": 0.13410022854804993, "median": -0.30651941895484924, "range": 0.6079211831092834, "iq_range": 0.16431662812829018, "density": 0.23761104241755668, "accuracy": 1.0, "distance": 1.0631077289581299}}