{"0": {"mean": -0.28313472867012024, "variance": 0.01983472891151905, "std_dev": 0.14083582162857056, "median": -0.29347866773605347, "range": 0.6288361549377441, "iq_range": 0.16907411068677902, "density": 0.23611498529554145, "accuracy": -1.0, "distance": 1.0976860523223877}, "1": {"mean": -0.28954821825027466, "variance": 0.016161831095814705, "std_dev": 0.1271291971206665, "median": -0.3149023652076721, "range": 0.6600216627120972, "iq_range": 0.12766766548156738, "density": 0.2382636639710817, "accuracy": -1.0, "distance": 1.2997225522994995}, "2": {"mean": -0.2896381914615631, "variance": 0.01610972173511982, "std_dev": 0.1269240826368332, "median": -0.3076012432575226, "range": 0.6135308146476746, "iq_range": 0.1427597999572754, "density": 0.234449336584196, "accuracy": -1.0, "distance": 1.090509295463562}, "3": {"mean": -0.28476953506469727, "variance": 0.018906326964497566, "std_dev": 0.13750028610229492, "median": -0.2998695373535156, "range": 0.6288362145423889, "iq_range": 0.16463755816221237, "density": 0.2331119809711633, "accuracy": 1.0, "distance": 1.3578343391418457}, "4": {"mean": -0.28663599491119385, "variance": 0.017839815467596054, "std_dev": 0.1335657685995102, "median": -0.30121922492980957, "range": 0.6600216627120972, "iq_range": 0.15149517357349396, "density": 0.23695350089712772, "accuracy": -1.0, "distance": 1.0361404418945312}, "5": {"mean": -0.2874099910259247, "variance": 0.0173955000936985, "std_dev": 0.13189199566841125, "median": -0.306601345539093, "range": 0.6600216627120972, "iq_range": 0.15334976837038994, "density": 0.23553561126940603, "accuracy": -1.0, "distance": 1.180465579032898}, "6": {"mean": -0.28580522537231445, "variance": 0.018315358087420464, "std_dev": 0.13533423840999603, "median": -0.3056753873825073, "range": 0.6179154515266418, "iq_range": 0.17448677867650986, "density": 0.2373141402190201, "accuracy": -1.0, "distance": 1.301140308380127}, "7": {"mean": -0.28987181186676025, "variance": 0.01597432605922222, "std_dev": 0.12638957798480988, "median": -0.31404727697372437, "range": 0.6207359433174133, "iq_range": 0.129691731184721, "density": 0.23536828630170198, "accuracy": -1.0, "distance": 1.216639757156372}, "8": {"mean": -0.2852608263492584, "variance": 0.018626263365149498, "std_dev": 0.13647806644439697, "median": -0.305017352104187, "range": 0.6600216627120972, "iq_range": 0.1668713055551052, "density": 0.23398973281268654, "accuracy": -1.0, "distance": 0.955040693283081}, "9": {"mean": -0.2877653241157532, "variance": 0.017191123217344284, "std_dev": 0.1311149299144745, "median": -0.3102766275405884, "range": 0.6007345914840698, "iq_range": 0.14844746515154839, "density": 0.23413064886787746, "accuracy": -1.0, "distance": 0.9795451760292053}, "10": {"mean": -0.2870337665081024, "variance": 0.017611626535654068, "std_dev": 0.13270880281925201, "median": -0.3056584894657135, "range": 0.6600216627120972, "iq_range": 0.14474061876535416, "density": 0.23388476963850333, "accuracy": 1.0, "distance": 1.2449854612350464}, "11": {"mean": -0.2875262498855591, "variance": 0.01732865534722805, "std_dev": 0.13163834810256958, "median": -0.3078222870826721, "range": 0.6600216627120972, "iq_range": 0.14776868000626564, "density": 0.2345830279356796, "accuracy": -1.0, "distance": 1.2366726398468018}, "12": {"mean": -0.2855914831161499, "variance": 0.01843748427927494, "std_dev": 0.13578470051288605, "median": -0.30123239755630493, "range": 0.6179154515266418, "iq_range": 0.1792074255645275, "density": 0.23649583134279759, "accuracy": 1.0, "distance": 1.2457489967346191}, "13": {"mean": -0.28569209575653076, "variance": 0.018380029127001762, "std_dev": 0.13557296991348267, "median": -0.3038250803947449, "range": 0.6600216627120972, "iq_range": 0.1674775891005993, "density": 0.23305403128834432, "accuracy": -1.0, "distance": 1.043674349784851}, "14": {"mean": -0.2901217043399811, "variance": 0.015829408541321754, "std_dev": 0.12581497430801392, "median": -0.31709492206573486, "range": 0.6288360357284546, "iq_range": 0.12670011073350906, "density": 0.24338030221530452, "accuracy": -1.0, "distance": 1.1412500143051147}}