{"0": {"mean": -0.28771862387657166, "variance": 0.017217999324202538, "std_dev": 0.1312173753976822, "median": -0.3030596971511841, "range": 0.6600216627120972, "iq_range": 0.1449248194694519, "density": 0.2360593173082861, "accuracy": -1.0, "distance": 0.5296486020088196}, "1": {"mean": -0.2875121533870697, "variance": 0.017336752265691757, "std_dev": 0.13166910409927368, "median": -0.3075639605522156, "range": 0.6179154515266418, "iq_range": 0.15945876017212868, "density": 0.23837190567732136, "accuracy": 1.0, "distance": 0.3776710331439972}, "2": {"mean": -0.2900603711605072, "variance": 0.01586497388780117, "std_dev": 0.1259562373161316, "median": -0.31264394521713257, "range": 0.588211178779602, "iq_range": 0.13118533790111542, "density": 0.237114912639548, "accuracy": 1.0, "distance": 0.4464859664440155}, "3": {"mean": -0.2882191836833954, "variance": 0.01692972332239151, "std_dev": 0.13011427223682404, "median": -0.3025261461734772, "range": 0.6191851496696472, "iq_range": 0.1525118201971054, "density": 0.23482865125636468, "accuracy": -1.0, "distance": 0.5977824926376343}, "4": {"mean": -0.28745338320732117, "variance": 0.017370548099279404, "std_dev": 0.13179737329483032, "median": -0.3080849051475525, "range": 0.6191851496696472, "iq_range": 0.1452365629374981, "density": 0.23654776559575075, "accuracy": 1.0, "distance": 0.31325048208236694}, "5": {"mean": -0.28695055842399597, "variance": 0.017659377306699753, "std_dev": 0.1328885853290558, "median": -0.303112268447876, "range": 0.6207359433174133, "iq_range": 0.15063029527664185, "density": 0.2360184907983335, "accuracy": -1.0, "distance": 0.7441397309303284}, "6": {"mean": -0.28882479667663574, "variance": 0.016580235213041306, "std_dev": 0.12876425683498383, "median": -0.31067174673080444, "range": 0.6600216627120972, "iq_range": 0.13533060625195503, "density": 0.2350410393370658, "accuracy": -1.0, "distance": 0.5850121378898621}, "7": {"mean": -0.2924806475639343, "variance": 0.01445506326854229, "std_dev": 0.12022921442985535, "median": -0.3182419538497925, "range": 0.578887403011322, "iq_range": 0.11963806301355362, "density": 0.23917494879931442, "accuracy": -1.0, "distance": 0.5941739082336426}, "8": {"mean": -0.28264230489730835, "variance": 0.020113345235586166, "std_dev": 0.14182153344154358, "median": -0.2928021550178528, "range": 0.6288362145423889, "iq_range": 0.17096057534217834, "density": 0.23504653437909978, "accuracy": 1.0, "distance": 0.6195606589317322}, "9": {"mean": -0.29220208525657654, "variance": 0.01461794227361679, "std_dev": 0.12090468406677246, "median": -0.32095038890838623, "range": 0.6288362145423889, "iq_range": 0.11755861341953278, "density": 0.2421755217069333, "accuracy": -1.0, "distance": 0.6929248571395874}, "10": {"mean": -0.2892474830150604, "variance": 0.016335882246494293, "std_dev": 0.12781190872192383, "median": -0.31076979637145996, "range": 0.6600216627120972, "iq_range": 0.13483991473913193, "density": 0.23643152765517308, "accuracy": 1.0, "distance": 0.2128402590751648}, "11": {"mean": -0.28471994400024414, "variance": 0.01893455907702446, "std_dev": 0.13760291039943695, "median": -0.29597732424736023, "range": 0.6288362145423889, "iq_range": 0.15954437479376793, "density": 0.23399101941124614, "accuracy": 1.0, "distance": 0.9831587076187134}, "12": {"mean": -0.2870623767375946, "variance": 0.017595188692212105, "std_dev": 0.1326468586921692, "median": -0.30439865589141846, "range": 0.6600216627120972, "iq_range": 0.1441822312772274, "density": 0.23446487984575465, "accuracy": 1.0, "distance": 0.9064881801605225}, "13": {"mean": -0.28628528118133545, "variance": 0.018040737137198448, "std_dev": 0.13431581854820251, "median": -0.3028540015220642, "range": 0.6191851496696472, "iq_range": 0.15608340874314308, "density": 0.23522425919186837, "accuracy": 1.0, "distance": 0.4010121524333954}, "14": {"mean": -0.2843377888202667, "variance": 0.019152015447616577, "std_dev": 0.13839080929756165, "median": -0.29597991704940796, "range": 0.6179154515266418, "iq_range": 0.17871526256203651, "density": 0.23604287997115456, "accuracy": 1.0, "distance": 0.7331355810165405}}