{"0": {"mean": -0.28939762711524963, "variance": 0.01624901220202446, "std_dev": 0.12747161090373993, "median": -0.3152628540992737, "range": 0.6207359433174133, "iq_range": 0.13144182413816452, "density": 0.2382448749850835, "accuracy": -1.0, "distance": 1.3712239265441895}, "1": {"mean": -0.29026538133621216, "variance": 0.015745991840958595, "std_dev": 0.12548303604125977, "median": -0.3127336800098419, "range": 0.6600216627120972, "iq_range": 0.13214508444070816, "density": 0.23414179018277365, "accuracy": -1.0, "distance": 1.132940649986267}, "2": {"mean": -0.28806066513061523, "variance": 0.0170210562646389, "std_dev": 0.13046477735042572, "median": -0.3081735372543335, "range": 0.6600216627120972, "iq_range": 0.14994742721319199, "density": 0.23510894322416628, "accuracy": 1.0, "distance": 0.8207485675811768}, "3": {"mean": -0.2909556031227112, "variance": 0.015344847925007343, "std_dev": 0.12387432157993317, "median": -0.3199898600578308, "range": 0.6288362145423889, "iq_range": 0.12734240293502808, "density": 0.24438643307948385, "accuracy": 1.0, "distance": 1.07297682762146}, "4": {"mean": -0.28626182675361633, "variance": 0.01805415190756321, "std_dev": 0.1343657374382019, "median": -0.3042141795158386, "range": 0.6600216627120972, "iq_range": 0.15900877118110657, "density": 0.23762095307120223, "accuracy": -1.0, "distance": 0.8436182141304016}, "5": {"mean": -0.2853180468082428, "variance": 0.018593603745102882, "std_dev": 0.1363583654165268, "median": -0.29514819383621216, "range": 0.6288362145423889, "iq_range": 0.16261789575219154, "density": 0.2355571405489102, "accuracy": -1.0, "distance": 1.1418139934539795}, "6": {"mean": -0.28626182675361633, "variance": 0.01805415004491806, "std_dev": 0.1343657374382019, "median": -0.3042141795158386, "range": 0.6600216627120972, "iq_range": 0.15900877118110657, "density": 0.23762095307120223, "accuracy": -1.0, "distance": 0.8431235551834106}, "7": {"mean": -0.2886643707752228, "variance": 0.01667289063334465, "std_dev": 0.12912355363368988, "median": -0.3068920373916626, "range": 0.6207359433174133, "iq_range": 0.1462056301534176, "density": 0.2357485937281734, "accuracy": -1.0, "distance": 0.9596231579780579}, "8": {"mean": -0.28793030977249146, "variance": 0.017096130177378654, "std_dev": 0.13075217604637146, "median": -0.3050619065761566, "range": 0.6135308146476746, "iq_range": 0.14821754023432732, "density": 0.2348552287577798, "accuracy": 1.0, "distance": 1.0616363286972046}, "9": {"mean": -0.2864527106285095, "variance": 0.017944838851690292, "std_dev": 0.1339583545923233, "median": -0.30594250559806824, "range": 0.6600216627120972, "iq_range": 0.1650323010981083, "density": 0.23635449499951142, "accuracy": -1.0, "distance": 1.089201807975769}, "10": {"mean": -0.2820248007774353, "variance": 0.020462000742554665, "std_dev": 0.14304545521736145, "median": -0.2915246784687042, "range": 0.6288362145423889, "iq_range": 0.18162290379405022, "density": 0.23234825020699837, "accuracy": 1.0, "distance": 1.2473865747451782}, "11": {"mean": -0.28843432664871216, "variance": 0.01680564321577549, "std_dev": 0.12963658571243286, "median": -0.31117677688598633, "range": 0.6191851496696472, "iq_range": 0.13953416794538498, "density": 0.23805760827452216, "accuracy": -1.0, "distance": 1.1517506837844849}, "12": {"mean": -0.29193609952926636, "variance": 0.014773332513868809, "std_dev": 0.12154559791088104, "median": -0.32035624980926514, "range": 0.6600216627120972, "iq_range": 0.1216263547539711, "density": 0.24071391943244844, "accuracy": -1.0, "distance": 1.114311933517456}, "13": {"mean": -0.28291288018226624, "variance": 0.0199603158980608, "std_dev": 0.14128097891807556, "median": -0.2984561622142792, "range": 0.6288362145423889, "iq_range": 0.18684889748692513, "density": 0.23226772484811986, "accuracy": 1.0, "distance": 1.5806365013122559}, "14": {"mean": -0.2881329357624054, "variance": 0.016979407519102097, "std_dev": 0.13030505180358887, "median": -0.314944863319397, "range": 0.6600216627120972, "iq_range": 0.14732586592435837, "density": 0.23757106437962544, "accuracy": -1.0, "distance": 1.2421292066574097}}