{"0": {"mean": -0.2847899794578552, "variance": 0.018894679844379425, "std_dev": 0.1374579221010208, "median": -0.2951906621456146, "range": 0.6288362145423889, "iq_range": 0.17941510677337646, "density": 0.23673731916129273, "accuracy": 1.0, "distance": 0.6820038557052612}, "1": {"mean": -0.2865334451198578, "variance": 0.01789858192205429, "std_dev": 0.13378557562828064, "median": -0.29995837807655334, "range": 0.6146379113197327, "iq_range": 0.1582900546491146, "density": 0.23337723946330363, "accuracy": 1.0, "distance": 0.36718425154685974}, "2": {"mean": -0.29266759753227234, "variance": 0.014345669187605381, "std_dev": 0.11977341026067734, "median": -0.32293301820755005, "range": 0.6079211831092834, "iq_range": 0.11506637185811996, "density": 0.2397651485911034, "accuracy": 1.0, "distance": 0.6663592457771301}, "3": {"mean": -0.2862154543399811, "variance": 0.01808072254061699, "std_dev": 0.1344645768404007, "median": -0.3072029948234558, "range": 0.6179154515266418, "iq_range": 0.16635970026254654, "density": 0.23903043776053384, "accuracy": 1.0, "distance": 0.48660650849342346}, "4": {"mean": -0.288879930973053, "variance": 0.016548382118344307, "std_dev": 0.12864051759243011, "median": -0.30582213401794434, "range": 0.6600216627120972, "iq_range": 0.13971630856394768, "density": 0.23807216055735095, "accuracy": -1.0, "distance": 0.9978281855583191}, "5": {"mean": -0.28758376836776733, "variance": 0.017295582219958305, "std_dev": 0.13151267170906067, "median": -0.3010554909706116, "range": 0.6207359433174133, "iq_range": 0.15066499635577202, "density": 0.23482958572718313, "accuracy": 1.0, "distance": 0.4445260465145111}, "6": {"mean": -0.29090210795402527, "variance": 0.015375975519418716, "std_dev": 0.12399990111589432, "median": -0.31686311960220337, "range": 0.6191850900650024, "iq_range": 0.12118709832429886, "density": 0.241941841858072, "accuracy": 1.0, "distance": 0.5189418792724609}, "7": {"mean": -0.29027581214904785, "variance": 0.015739964321255684, "std_dev": 0.12545901536941528, "median": -0.3056613802909851, "range": 0.6600216627120972, "iq_range": 0.1369858682155609, "density": 0.23648174345201442, "accuracy": -1.0, "distance": 0.29754751920700073}, "8": {"mean": -0.28813380002975464, "variance": 0.016978923231363297, "std_dev": 0.13030320405960083, "median": -0.3088923394680023, "range": 0.6600216627120972, "iq_range": 0.1419808529317379, "density": 0.23479576841029665, "accuracy": 1.0, "distance": 0.6957328915596008}, "9": {"mean": -0.28855225443840027, "variance": 0.016737595200538635, "std_dev": 0.12937386333942413, "median": -0.3120712637901306, "range": 0.6179154515266418, "iq_range": 0.1384677290916443, "density": 0.23663767955221385, "accuracy": 1.0, "distance": 0.5107122659683228}, "10": {"mean": -0.2860713005065918, "variance": 0.018163209781050682, "std_dev": 0.1347709596157074, "median": -0.3013960123062134, "range": 0.6600216627120972, "iq_range": 0.16346829757094383, "density": 0.23519564375965746, "accuracy": 1.0, "distance": 0.768365204334259}, "11": {"mean": -0.28714698553085327, "variance": 0.01754661649465561, "std_dev": 0.13246364891529083, "median": -0.30911505222320557, "range": 0.6007345914840698, "iq_range": 0.15905048325657845, "density": 0.2356298857825105, "accuracy": 1.0, "distance": 0.31046566367149353}, "12": {"mean": -0.2852717339992523, "variance": 0.018620047718286514, "std_dev": 0.13645529747009277, "median": -0.3015407919883728, "range": 0.6288362145423889, "iq_range": 0.16243160888552666, "density": 0.23648900716431592, "accuracy": 1.0, "distance": 0.7857718467712402}, "13": {"mean": -0.2888031601905823, "variance": 0.01659274473786354, "std_dev": 0.12881283462047577, "median": -0.3066951036453247, "range": 0.6600216627120972, "iq_range": 0.13685397803783417, "density": 0.23809604713235252, "accuracy": -1.0, "distance": 0.8435925245285034}, "14": {"mean": -0.2871321439743042, "variance": 0.01755513623356819, "std_dev": 0.13249579071998596, "median": -0.3093804121017456, "range": 0.6191851496696472, "iq_range": 0.14414536207914352, "density": 0.2371396002126508, "accuracy": -1.0, "distance": 0.6759659647941589}}