{"0": {"mean": -0.28842541575431824, "variance": 0.016810787841677666, "std_dev": 0.12965641915798187, "median": -0.31210851669311523, "range": 0.6288362145423889, "iq_range": 0.14130743592977524, "density": 0.24118850617138443, "accuracy": -1.0, "distance": 1.4583553075790405}, "1": {"mean": -0.28651583194732666, "variance": 0.017908668145537376, "std_dev": 0.13382327556610107, "median": -0.3063047528266907, "range": 0.6191851496696472, "iq_range": 0.16542156413197517, "density": 0.23429286941392813, "accuracy": 1.0, "distance": 1.073777198791504}, "2": {"mean": -0.28794920444488525, "variance": 0.01708524487912655, "std_dev": 0.13071054220199585, "median": -0.3141845464706421, "range": 0.6288362145423889, "iq_range": 0.14082926884293556, "density": 0.23736132471660326, "accuracy": 1.0, "distance": 1.2218743562698364}, "3": {"mean": -0.28764358162879944, "variance": 0.017261173576116562, "std_dev": 0.1313817799091339, "median": -0.31130486726760864, "range": 0.6207359433174133, "iq_range": 0.14855016022920609, "density": 0.23659397136089746, "accuracy": -1.0, "distance": 1.1039066314697266}, "4": {"mean": -0.2889326214790344, "variance": 0.01651795208454132, "std_dev": 0.12852218747138977, "median": -0.30691003799438477, "range": 0.6600216627120972, "iq_range": 0.13655773177742958, "density": 0.23909337185435348, "accuracy": -1.0, "distance": 1.1415565013885498}, "5": {"mean": -0.2857981324195862, "variance": 0.01831943169236183, "std_dev": 0.13534928858280182, "median": -0.29647964239120483, "range": 0.6600216627120972, "iq_range": 0.1640566661953926, "density": 0.23560061587169287, "accuracy": -1.0, "distance": 1.1537548303604126}, "6": {"mean": -0.2846941351890564, "variance": 0.01894925720989704, "std_dev": 0.1376563012599945, "median": -0.2959953546524048, "range": 0.6600216627120972, "iq_range": 0.1762622408568859, "density": 0.23401833435858704, "accuracy": -1.0, "distance": 1.4148958921432495}, "7": {"mean": -0.28673967719078064, "variance": 0.017780356109142303, "std_dev": 0.13334299623966217, "median": -0.30400916934013367, "range": 0.588631808757782, "iq_range": 0.1641385294497013, "density": 0.23638482790762624, "accuracy": 1.0, "distance": 1.1548315286636353}, "8": {"mean": -0.2884373366832733, "variance": 0.016803905367851257, "std_dev": 0.12962988018989563, "median": -0.31322675943374634, "range": 0.6600216627120972, "iq_range": 0.13776881992816925, "density": 0.23779583707190877, "accuracy": -1.0, "distance": 1.0285922288894653}, "9": {"mean": -0.2883056104183197, "variance": 0.016879871487617493, "std_dev": 0.129922553896904, "median": -0.3077799677848816, "range": 0.6207359433174133, "iq_range": 0.14814872667193413, "density": 0.2359231616310445, "accuracy": 1.0, "distance": 1.0756170749664307}, "10": {"mean": -0.28686434030532837, "variance": 0.017708847299218178, "std_dev": 0.1330745965242386, "median": -0.3043625056743622, "range": 0.6600216627120972, "iq_range": 0.15156091377139091, "density": 0.23666086612900697, "accuracy": -1.0, "distance": 0.9735506772994995}, "11": {"mean": -0.28570815920829773, "variance": 0.018370842561125755, "std_dev": 0.13553908467292786, "median": -0.30321407318115234, "range": 0.6288362145423889, "iq_range": 0.1762947253882885, "density": 0.2404160585339371, "accuracy": 1.0, "distance": 0.8631299734115601}, "12": {"mean": -0.2889609932899475, "variance": 0.016501540318131447, "std_dev": 0.12845832109451294, "median": -0.31157755851745605, "range": 0.6600216627120972, "iq_range": 0.13102592155337334, "density": 0.23739760076827282, "accuracy": -1.0, "distance": 1.4430274963378906}, "13": {"mean": -0.2845326364040375, "variance": 0.019041193649172783, "std_dev": 0.1379898339509964, "median": -0.2947319746017456, "range": 0.6600216627120972, "iq_range": 0.1654442884027958, "density": 0.23348943125925614, "accuracy": -1.0, "distance": 1.2748563289642334}, "14": {"mean": -0.28735870122909546, "variance": 0.01742497645318508, "std_dev": 0.13200369477272034, "median": -0.3109890818595886, "range": 0.6288362145423889, "iq_range": 0.14487501233816147, "density": 0.23647238365006487, "accuracy": 1.0, "distance": 1.3255475759506226}}