{"0": {"mean": -0.2862609326839447, "variance": 0.01805468276143074, "std_dev": 0.13436771929264069, "median": -0.30202096700668335, "range": 0.6191850900650024, "iq_range": 0.1504758521914482, "density": 0.2345483643225029, "accuracy": -1.0, "distance": 0.3702724277973175}, "1": {"mean": -0.285733699798584, "variance": 0.018356239423155785, "std_dev": 0.1354852020740509, "median": -0.3026463985443115, "range": 0.6600216627120972, "iq_range": 0.1657736785709858, "density": 0.23538011288738797, "accuracy": -1.0, "distance": 0.9637901782989502}, "2": {"mean": -0.2915758788585663, "variance": 0.014983517117798328, "std_dev": 0.12240717560052872, "median": -0.3184276819229126, "range": 0.6288362145423889, "iq_range": 0.12172973901033401, "density": 0.23961644851770864, "accuracy": 1.0, "distance": 0.5584253668785095}, "3": {"mean": -0.28905394673347473, "variance": 0.01644781045615673, "std_dev": 0.12824901938438416, "median": -0.3083258271217346, "range": 0.6600216627120972, "iq_range": 0.14575034007430077, "density": 0.2340802937701478, "accuracy": 1.0, "distance": 0.41509294509887695}, "4": {"mean": -0.2866118252277374, "variance": 0.01785367913544178, "std_dev": 0.13361765444278717, "median": -0.3068108856678009, "range": 0.6288361549377441, "iq_range": 0.1532810926437378, "density": 0.23679439849800119, "accuracy": 1.0, "distance": 1.011526346206665}, "5": {"mean": -0.28307878971099854, "variance": 0.019866416230797768, "std_dev": 0.14094828069210052, "median": -0.2913860082626343, "range": 0.6288362145423889, "iq_range": 0.1746756061911583, "density": 0.23580304544523864, "accuracy": 1.0, "distance": 1.0945301055908203}, "6": {"mean": -0.2865303158760071, "variance": 0.017900392413139343, "std_dev": 0.13379234075546265, "median": -0.3048599660396576, "range": 0.6288362145423889, "iq_range": 0.15951194986701012, "density": 0.23473426182731308, "accuracy": 1.0, "distance": 0.5085288882255554}, "7": {"mean": -0.2905232608318329, "variance": 0.015596237033605576, "std_dev": 0.12488489598035812, "median": -0.3147002160549164, "range": 0.6288362145423889, "iq_range": 0.1343529187142849, "density": 0.24143362697583517, "accuracy": 1.0, "distance": 0.558975875377655}, "8": {"mean": -0.286085844039917, "variance": 0.01815488189458847, "std_dev": 0.13474005460739136, "median": -0.3075537085533142, "range": 0.6207359433174133, "iq_range": 0.16154874861240387, "density": 0.23745356258726535, "accuracy": 1.0, "distance": 1.137252688407898}, "9": {"mean": -0.29102271795272827, "variance": 0.015305784530937672, "std_dev": 0.12371654808521271, "median": -0.3198416233062744, "range": 0.6207359433174133, "iq_range": 0.1249040961265564, "density": 0.23733542062773824, "accuracy": 1.0, "distance": 0.9462080597877502}, "10": {"mean": -0.28777846693992615, "variance": 0.017183547839522362, "std_dev": 0.13108603656291962, "median": -0.31019794940948486, "range": 0.5961215496063232, "iq_range": 0.160173237323761, "density": 0.2334087690839534, "accuracy": 1.0, "distance": 0.6511951088905334}, "11": {"mean": -0.28558728098869324, "variance": 0.018439892679452896, "std_dev": 0.1357935667037964, "median": -0.30318683385849, "range": 0.6207359433174133, "iq_range": 0.16598477959632874, "density": 0.23642569497369462, "accuracy": 1.0, "distance": 0.657873272895813}, "12": {"mean": -0.2876540422439575, "variance": 0.017255138605833054, "std_dev": 0.1313588172197342, "median": -0.30899718403816223, "range": 0.6288362145423889, "iq_range": 0.15376803651452065, "density": 0.23617587219945543, "accuracy": -1.0, "distance": 0.739669680595398}, "13": {"mean": -0.2862681448459625, "variance": 0.018050553277134895, "std_dev": 0.13435234129428864, "median": -0.3028777837753296, "range": 0.6600216627120972, "iq_range": 0.15548208355903625, "density": 0.2340069232833358, "accuracy": -1.0, "distance": 1.0450270175933838}, "14": {"mean": -0.2856832444667816, "variance": 0.018385067582130432, "std_dev": 0.1355915516614914, "median": -0.306087851524353, "range": 0.6600216627120972, "iq_range": 0.16639428958296776, "density": 0.23659455968075385, "accuracy": 1.0, "distance": 0.6840073466300964}}