{"0": {"mean": -0.2924245595932007, "variance": 0.014487884938716888, "std_dev": 0.12036562711000443, "median": -0.32061728835105896, "range": 0.5901098251342773, "iq_range": 0.11542002111673355, "density": 0.23923246247258603, "accuracy": 1.0, "distance": 0.3058999180793762}, "1": {"mean": -0.28990694880485535, "variance": 0.015953950583934784, "std_dev": 0.12630894780158997, "median": -0.31517595052719116, "range": 0.6600216627120972, "iq_range": 0.12211703136563301, "density": 0.2389184777873523, "accuracy": 1.0, "distance": 0.8190182447433472}, "2": {"mean": -0.2865963280200958, "variance": 0.01786254532635212, "std_dev": 0.13365083932876587, "median": -0.3036625385284424, "range": 0.6288362145423889, "iq_range": 0.15354077890515327, "density": 0.23879320809114926, "accuracy": 1.0, "distance": 0.9614933729171753}, "3": {"mean": -0.29078778624534607, "variance": 0.015442460775375366, "std_dev": 0.12426769733428955, "median": -0.31448376178741455, "range": 0.6600216627120972, "iq_range": 0.12990698218345642, "density": 0.23800312887904798, "accuracy": -1.0, "distance": 0.7664684057235718}, "4": {"mean": -0.29227888584136963, "variance": 0.014573044143617153, "std_dev": 0.12071886658668518, "median": -0.31930965185165405, "range": 0.6079211831092834, "iq_range": 0.11265484988689423, "density": 0.24287251049934042, "accuracy": 1.0, "distance": 0.3763748109340668}, "5": {"mean": -0.29000958800315857, "variance": 0.01589445397257805, "std_dev": 0.1260732114315033, "median": -0.31068897247314453, "range": 0.6207359433174133, "iq_range": 0.13080056384205818, "density": 0.23596762790398465, "accuracy": 1.0, "distance": 0.5273652672767639}, "6": {"mean": -0.2847582995891571, "variance": 0.018912702798843384, "std_dev": 0.13752345740795135, "median": -0.29947739839553833, "range": 0.6288362145423889, "iq_range": 0.17161349207162857, "density": 0.2335929474661311, "accuracy": 1.0, "distance": 0.7380908727645874}, "7": {"mean": -0.28624847531318665, "variance": 0.0180618017911911, "std_dev": 0.13439419865608215, "median": -0.30029672384262085, "range": 0.6288362145423889, "iq_range": 0.16278229281306267, "density": 0.2336268476978578, "accuracy": 1.0, "distance": 0.5141934752464294}, "8": {"mean": -0.29247209429740906, "variance": 0.014460083097219467, "std_dev": 0.12025008350610733, "median": -0.3207082450389862, "range": 0.6288362145423889, "iq_range": 0.11371296644210815, "density": 0.24422615823676014, "accuracy": 1.0, "distance": 0.7310228943824768}, "9": {"mean": -0.2857607305049896, "variance": 0.01834079995751381, "std_dev": 0.13542820513248444, "median": -0.3037381172180176, "range": 0.6179154515266418, "iq_range": 0.1789703518152237, "density": 0.23708528381357197, "accuracy": 1.0, "distance": 0.8776825666427612}, "10": {"mean": -0.28493452072143555, "variance": 0.018812330439686775, "std_dev": 0.13715805113315582, "median": -0.3040792942047119, "range": 0.6207359433174133, "iq_range": 0.16895773261785507, "density": 0.2324601045497726, "accuracy": -1.0, "distance": 1.6340618133544922}, "11": {"mean": -0.2866595983505249, "variance": 0.01782625913619995, "std_dev": 0.13351501524448395, "median": -0.3001615107059479, "range": 0.6191851496696472, "iq_range": 0.15406309440732002, "density": 0.2344542000355061, "accuracy": 1.0, "distance": 0.45251649618148804}, "12": {"mean": -0.2879275381565094, "variance": 0.017097730189561844, "std_dev": 0.13075828552246094, "median": -0.30538439750671387, "range": 0.6600216627120972, "iq_range": 0.15761962160468102, "density": 0.23732338496140923, "accuracy": 1.0, "distance": 0.44887039065361023}, "13": {"mean": -0.2903156876564026, "variance": 0.015716813504695892, "std_dev": 0.1253667175769806, "median": -0.31215667724609375, "range": 0.6600216627120972, "iq_range": 0.12919627502560616, "density": 0.23929898039269382, "accuracy": 1.0, "distance": 0.6401362419128418}, "14": {"mean": -0.28583016991615295, "variance": 0.018301112577319145, "std_dev": 0.13528160750865936, "median": -0.2995675206184387, "range": 0.6288362145423889, "iq_range": 0.15772585198283195, "density": 0.23605229725044036, "accuracy": -1.0, "distance": 0.9095792770385742}}