{"0": {"mean": -0.288196861743927, "variance": 0.016942569985985756, "std_dev": 0.13016362488269806, "median": -0.30564337968826294, "range": 0.6600216627120972, "iq_range": 0.1410309486091137, "density": 0.23550836612007234, "accuracy": -1.0, "distance": 0.7320371270179749}, "1": {"mean": -0.28702276945114136, "variance": 0.017617937177419662, "std_dev": 0.1327325850725174, "median": -0.3085804581642151, "range": 0.6600216627120972, "iq_range": 0.14938509836792946, "density": 0.2352057458483787, "accuracy": -1.0, "distance": 1.4532760381698608}, "2": {"mean": -0.2895505428314209, "variance": 0.016160503029823303, "std_dev": 0.12712396681308746, "median": -0.31355011463165283, "range": 0.6288362145423889, "iq_range": 0.13422491401433945, "density": 0.2386322781158758, "accuracy": -1.0, "distance": 0.8734869956970215}, "3": {"mean": -0.28692758083343506, "variance": 0.01767256110906601, "std_dev": 0.1329381912946701, "median": -0.30683934688568115, "range": 0.6600216627120972, "iq_range": 0.15159160271286964, "density": 0.23436629703251255, "accuracy": -1.0, "distance": 1.4204034805297852}, "4": {"mean": -0.2923630475997925, "variance": 0.014523852616548538, "std_dev": 0.12051494419574738, "median": -0.32193052768707275, "range": 0.596330463886261, "iq_range": 0.1150171160697937, "density": 0.23935274468137366, "accuracy": -1.0, "distance": 1.1133309602737427}, "5": {"mean": -0.2898750603199005, "variance": 0.015972444787621498, "std_dev": 0.12638214230537415, "median": -0.31529349088668823, "range": 0.6191851496696472, "iq_range": 0.12643510103225708, "density": 0.24129085094558622, "accuracy": 1.0, "distance": 1.0738016366958618}, "6": {"mean": -0.2909364700317383, "variance": 0.015355970710515976, "std_dev": 0.12391921132802963, "median": -0.3169030547142029, "range": 0.6600216627120972, "iq_range": 0.1198224425315857, "density": 0.24007702011554288, "accuracy": -1.0, "distance": 0.9221748113632202}, "7": {"mean": -0.28569740056991577, "variance": 0.018377002328634262, "std_dev": 0.13556180894374847, "median": -0.30553677678108215, "range": 0.6179154515266418, "iq_range": 0.17356635630130768, "density": 0.2362665808752577, "accuracy": 1.0, "distance": 0.8688149452209473}, "8": {"mean": -0.2896426320075989, "variance": 0.016107140108942986, "std_dev": 0.1269139051437378, "median": -0.3105894923210144, "range": 0.6191851496696472, "iq_range": 0.13086293637752533, "density": 0.23922262945036984, "accuracy": 1.0, "distance": 0.6536857485771179}, "9": {"mean": -0.2855575680732727, "variance": 0.018456880003213882, "std_dev": 0.13585610687732697, "median": -0.30458033084869385, "range": 0.6288361549377441, "iq_range": 0.15737883374094963, "density": 0.23608769058494808, "accuracy": -1.0, "distance": 1.2539604902267456}, "10": {"mean": -0.29006052017211914, "variance": 0.015864891931414604, "std_dev": 0.12595590949058533, "median": -0.31640416383743286, "range": 0.596330463886261, "iq_range": 0.12911923602223396, "density": 0.23784018350665545, "accuracy": 1.0, "distance": 0.9652482271194458}, "11": {"mean": -0.2860058546066284, "variance": 0.01820065639913082, "std_dev": 0.13490980863571167, "median": -0.30084866285324097, "range": 0.6600216627120972, "iq_range": 0.17060009017586708, "density": 0.23956402354706777, "accuracy": 1.0, "distance": 1.003584384918213}, "12": {"mean": -0.2855991721153259, "variance": 0.018433094024658203, "std_dev": 0.13576853275299072, "median": -0.30393368005752563, "range": 0.6207359433174133, "iq_range": 0.16723734885454178, "density": 0.23728922634499686, "accuracy": -1.0, "distance": 0.9278894066810608}, "13": {"mean": -0.2871282398700714, "variance": 0.01755736581981182, "std_dev": 0.13250420987606049, "median": -0.3006434440612793, "range": 0.6600216627120972, "iq_range": 0.15258632600307465, "density": 0.23521916439943782, "accuracy": -1.0, "distance": 1.163265347480774}, "14": {"mean": -0.2897525727748871, "variance": 0.016043448820710182, "std_dev": 0.1266627311706543, "median": -0.3110313415527344, "range": 0.6207359433174133, "iq_range": 0.13240232691168785, "density": 0.23751707089914562, "accuracy": -1.0, "distance": 0.9919750094413757}}