{"0": {"mean": -0.2845543324947357, "variance": 0.019028840586543083, "std_dev": 0.13794507086277008, "median": -0.3030596971511841, "range": 0.6600216627120972, "iq_range": 0.17322774976491928, "density": 0.23534113376129007, "accuracy": -1.0, "distance": 1.4434549808502197}, "1": {"mean": -0.28480008244514465, "variance": 0.018888913094997406, "std_dev": 0.13743694126605988, "median": -0.2969881594181061, "range": 0.6207359433174133, "iq_range": 0.16962825134396553, "density": 0.23487425733911127, "accuracy": -1.0, "distance": 1.0140094757080078}, "2": {"mean": -0.2884615957736969, "variance": 0.016789885237812996, "std_dev": 0.12957578897476196, "median": -0.304093599319458, "range": 0.6600216627120972, "iq_range": 0.14318912848830223, "density": 0.23651370395929044, "accuracy": -1.0, "distance": 1.2087438106536865}, "3": {"mean": -0.28371235728263855, "variance": 0.01950729265809059, "std_dev": 0.1396685093641281, "median": -0.29445984959602356, "range": 0.6288362145423889, "iq_range": 0.17298581823706627, "density": 0.23231363959492932, "accuracy": 1.0, "distance": 0.7511029243469238}, "4": {"mean": -0.2889957129955292, "variance": 0.016481462866067886, "std_dev": 0.12838014960289001, "median": -0.31140172481536865, "range": 0.6600216627120972, "iq_range": 0.13584887236356735, "density": 0.23469331131741342, "accuracy": 1.0, "distance": 0.9328707456588745}, "5": {"mean": -0.28633683919906616, "variance": 0.01801120676100254, "std_dev": 0.13420583307743073, "median": -0.2965233623981476, "range": 0.6207359433174133, "iq_range": 0.1578063890337944, "density": 0.23628154693741907, "accuracy": 1.0, "distance": 0.8110070824623108}, "6": {"mean": -0.28486546874046326, "variance": 0.018851658329367638, "std_dev": 0.13730134069919586, "median": -0.29765868186950684, "range": 0.6288362145423889, "iq_range": 0.1728883720934391, "density": 0.23741291983187626, "accuracy": 1.0, "distance": 1.1525813341140747}, "7": {"mean": -0.2905752956867218, "variance": 0.015565999783575535, "std_dev": 0.12476377934217453, "median": -0.32020488381385803, "range": 0.588211178779602, "iq_range": 0.1305110901594162, "density": 0.23761545141787374, "accuracy": -1.0, "distance": 1.2141473293304443}, "8": {"mean": -0.29284152388572693, "variance": 0.0142438393086195, "std_dev": 0.11934755742549896, "median": -0.3202357888221741, "range": 0.6079211831092834, "iq_range": 0.11677039414644241, "density": 0.24013313891959473, "accuracy": 1.0, "distance": 0.67287677526474}, "9": {"mean": -0.28725364804267883, "variance": 0.01748533360660076, "std_dev": 0.13223211467266083, "median": -0.30422502756118774, "range": 0.6600216627120972, "iq_range": 0.14595071971416473, "density": 0.2367065262474803, "accuracy": -1.0, "distance": 1.1344177722930908}, "10": {"mean": -0.28682759404182434, "variance": 0.017729930579662323, "std_dev": 0.1331537812948227, "median": -0.30386966466903687, "range": 0.6600216627120972, "iq_range": 0.15470284596085548, "density": 0.23388752992743916, "accuracy": 1.0, "distance": 0.8970484733581543}, "11": {"mean": -0.2886735796928406, "variance": 0.016667552292346954, "std_dev": 0.12910287082195282, "median": -0.3048251271247864, "range": 0.6007345914840698, "iq_range": 0.139903012663126, "density": 0.23450930806078665, "accuracy": -1.0, "distance": 0.5300184488296509}, "12": {"mean": -0.28500470519065857, "variance": 0.018772320821881294, "std_dev": 0.13701212406158447, "median": -0.303729772567749, "range": 0.6600216627120972, "iq_range": 0.16504358500242233, "density": 0.23506077794267216, "accuracy": -1.0, "distance": 1.312383770942688}, "13": {"mean": -0.28626513481140137, "variance": 0.01805226504802704, "std_dev": 0.1343587189912796, "median": -0.2962626814842224, "range": 0.6207359433174133, "iq_range": 0.15829429402947426, "density": 0.23642095896655996, "accuracy": 1.0, "distance": 0.8097651600837708}, "14": {"mean": -0.2841300666332245, "variance": 0.019270099699497223, "std_dev": 0.13881678879261017, "median": -0.2967725396156311, "range": 0.6288362145423889, "iq_range": 0.16550562530755997, "density": 0.23469409716348502, "accuracy": -1.0, "distance": 1.042790174484253}}