{"0": {"mean": -0.28573858737945557, "variance": 0.018353451043367386, "std_dev": 0.13547490537166595, "median": -0.3082181215286255, "range": 0.6288362145423889, "iq_range": 0.1588788889348507, "density": 0.23640150852195516, "accuracy": 1.0, "distance": 1.3255518674850464}, "1": {"mean": -0.2918902039527893, "variance": 0.01480011735111475, "std_dev": 0.12165573239326477, "median": -0.32293301820755005, "range": 0.5790396928787231, "iq_range": 0.12307891622185707, "density": 0.2418378973581474, "accuracy": -1.0, "distance": 1.1394747495651245}, "2": {"mean": -0.2885987460613251, "variance": 0.016710765659809113, "std_dev": 0.12927012145519257, "median": -0.3115324378013611, "range": 0.6207359433174133, "iq_range": 0.14421271160244942, "density": 0.2366515913697508, "accuracy": -1.0, "distance": 1.2423768043518066}, "3": {"mean": -0.2880145311355591, "variance": 0.017047634348273277, "std_dev": 0.13056659698486328, "median": -0.30564337968826294, "range": 0.6600216627120972, "iq_range": 0.14185424521565437, "density": 0.23974380995549568, "accuracy": -1.0, "distance": 1.157861590385437}, "4": {"mean": -0.28652238845825195, "variance": 0.01790490746498108, "std_dev": 0.13380922377109528, "median": -0.30821752548217773, "range": 0.6079211831092834, "iq_range": 0.15906303748488426, "density": 0.237682274603984, "accuracy": 1.0, "distance": 1.1817619800567627}, "5": {"mean": -0.2862190008163452, "variance": 0.018078694120049477, "std_dev": 0.1344570368528366, "median": -0.2982954978942871, "range": 0.6207359433174133, "iq_range": 0.1605677790939808, "density": 0.23405858576864974, "accuracy": -1.0, "distance": 0.9169399738311768}, "6": {"mean": -0.28833016753196716, "variance": 0.016865702345967293, "std_dev": 0.1298680156469345, "median": -0.3076375126838684, "range": 0.6600216627120972, "iq_range": 0.14795953407883644, "density": 0.23370533216203473, "accuracy": -1.0, "distance": 0.9252812266349792}, "7": {"mean": -0.2824593484401703, "variance": 0.020216720178723335, "std_dev": 0.1421855092048645, "median": -0.28822219371795654, "range": 0.6288361549377441, "iq_range": 0.17106732726097107, "density": 0.23550186880496454, "accuracy": 1.0, "distance": 1.074169635772705}, "8": {"mean": -0.2838057279586792, "variance": 0.019454291090369225, "std_dev": 0.1394786387681961, "median": -0.2984093427658081, "range": 0.6288361549377441, "iq_range": 0.17308979481458664, "density": 0.23350604506662018, "accuracy": -1.0, "distance": 1.123079776763916}, "9": {"mean": -0.28650665283203125, "variance": 0.0179139431566, "std_dev": 0.13384297490119934, "median": -0.3069838881492615, "range": 0.6179154515266418, "iq_range": 0.16685645282268524, "density": 0.23636127907766014, "accuracy": -1.0, "distance": 0.9689518213272095}, "10": {"mean": -0.2876213490962982, "variance": 0.017273956909775734, "std_dev": 0.13143043220043182, "median": -0.3068104088306427, "range": 0.6600216627120972, "iq_range": 0.14406031370162964, "density": 0.2380601868213324, "accuracy": -1.0, "distance": 1.1985722780227661}, "11": {"mean": -0.28821390867233276, "variance": 0.016932744532823563, "std_dev": 0.13012588024139404, "median": -0.304093599319458, "range": 0.6288362145423889, "iq_range": 0.15076833590865135, "density": 0.23492045742495982, "accuracy": -1.0, "distance": 1.3845934867858887}, "12": {"mean": -0.2895536720752716, "variance": 0.01615866646170616, "std_dev": 0.12711673974990845, "median": -0.3133222460746765, "range": 0.5918647646903992, "iq_range": 0.13360371440649033, "density": 0.23480528195385006, "accuracy": -1.0, "distance": 0.965651273727417}, "13": {"mean": -0.2858932912349701, "variance": 0.018265023827552795, "std_dev": 0.13514815270900726, "median": -0.30612677335739136, "range": 0.6179154515266418, "iq_range": 0.17323316261172295, "density": 0.23774062671857354, "accuracy": 1.0, "distance": 1.3053025007247925}, "14": {"mean": -0.2885952889919281, "variance": 0.01671275682747364, "std_dev": 0.12927782535552979, "median": -0.30686402320861816, "range": 0.6288362145423889, "iq_range": 0.13869713991880417, "density": 0.23980985368238236, "accuracy": -1.0, "distance": 1.5046305656433105}}