{"0": {"mean": -0.2879595458507538, "variance": 0.017079319804906845, "std_dev": 0.13068787753582, "median": -0.30525052547454834, "range": 0.6600216627120972, "iq_range": 0.14484278857707977, "density": 0.23707561851610973, "accuracy": -1.0, "distance": 0.9516943693161011}, "1": {"mean": -0.28886938095092773, "variance": 0.01655448228120804, "std_dev": 0.12866422533988953, "median": -0.31178373098373413, "range": 0.6207359433174133, "iq_range": 0.13704993575811386, "density": 0.23665281502796054, "accuracy": 1.0, "distance": 1.1780294179916382}, "2": {"mean": -0.2844827175140381, "variance": 0.019069580361247063, "std_dev": 0.13809265196323395, "median": -0.29800617694854736, "range": 0.6288362145423889, "iq_range": 0.17259928584098816, "density": 0.23829779875032356, "accuracy": 1.0, "distance": 1.437922477722168}, "3": {"mean": -0.2851583659648895, "variance": 0.01868470013141632, "std_dev": 0.13669198751449585, "median": -0.2961727976799011, "range": 0.6179154515266418, "iq_range": 0.1748853214085102, "density": 0.23686049934707107, "accuracy": 1.0, "distance": 1.2734827995300293}, "4": {"mean": -0.2903348505496979, "variance": 0.015705682337284088, "std_dev": 0.12532231211662292, "median": -0.31916874647140503, "range": 0.6288361549377441, "iq_range": 0.12368723005056381, "density": 0.24318974244221905, "accuracy": 1.0, "distance": 1.5937305688858032}, "5": {"mean": -0.28723692893981934, "variance": 0.017494944855570793, "std_dev": 0.13226845860481262, "median": -0.303729772567749, "range": 0.6600216627120972, "iq_range": 0.14723079279065132, "density": 0.2358487673902349, "accuracy": -1.0, "distance": 1.2057275772094727}, "6": {"mean": -0.2843739092350006, "variance": 0.019131483510136604, "std_dev": 0.13831660151481628, "median": -0.2994309663772583, "range": 0.6600216031074524, "iq_range": 0.16957933828234673, "density": 0.23584580928319168, "accuracy": -1.0, "distance": 1.2898218631744385}, "7": {"mean": -0.2910926342010498, "variance": 0.015265079215168953, "std_dev": 0.12355192750692368, "median": -0.31560298800468445, "range": 0.6600216627120972, "iq_range": 0.12792937457561493, "density": 0.2338477323104232, "accuracy": -1.0, "distance": 0.9639264941215515}, "8": {"mean": -0.2897179424762726, "variance": 0.016063492745161057, "std_dev": 0.12674184143543243, "median": -0.3130413293838501, "range": 0.6007345914840698, "iq_range": 0.13574305549263954, "density": 0.23367258729836163, "accuracy": -1.0, "distance": 0.9258122444152832}, "9": {"mean": -0.2907169759273529, "variance": 0.015483641065657139, "std_dev": 0.12443327903747559, "median": -0.31597667932510376, "range": 0.6207359433174133, "iq_range": 0.1293148547410965, "density": 0.23736328461366446, "accuracy": -1.0, "distance": 0.944088876247406}, "10": {"mean": -0.28520992398262024, "variance": 0.018655305728316307, "std_dev": 0.13658443093299866, "median": -0.3007888197898865, "range": 0.6600216627120972, "iq_range": 0.17054959759116173, "density": 0.23320419459670458, "accuracy": -1.0, "distance": 1.1825460195541382}, "11": {"mean": -0.28721198439598083, "variance": 0.017509277909994125, "std_dev": 0.13232262432575226, "median": -0.30054324865341187, "range": 0.6207359433174133, "iq_range": 0.1591925211250782, "density": 0.235077554135165, "accuracy": -1.0, "distance": 0.6562493443489075}, "12": {"mean": -0.2832452654838562, "variance": 0.0197721179574728, "std_dev": 0.1406133621931076, "median": -0.29439252614974976, "range": 0.6288362145423889, "iq_range": 0.1702510416507721, "density": 0.23571485889157823, "accuracy": -1.0, "distance": 1.3345891237258911}, "13": {"mean": -0.28941118717193604, "variance": 0.0162411667406559, "std_dev": 0.12744084000587463, "median": -0.3068104088306427, "range": 0.6600216627120972, "iq_range": 0.1376151219010353, "density": 0.23918114126771906, "accuracy": -1.0, "distance": 0.968956470489502}, "14": {"mean": -0.29118889570236206, "variance": 0.015209016390144825, "std_dev": 0.12332484126091003, "median": -0.3169030547142029, "range": 0.6191851496696472, "iq_range": 0.12193342670798302, "density": 0.23920694774210302, "accuracy": -1.0, "distance": 1.1656774282455444}}