{"0": {"mean": -0.282936155796051, "variance": 0.019947143271565437, "std_dev": 0.1412343531847, "median": -0.29249507188796997, "range": 0.6288362145423889, "iq_range": 0.17165148258209229, "density": 0.2352468326806336, "accuracy": 1.0, "distance": 1.2520227432250977}, "1": {"mean": -0.28518053889274597, "variance": 0.018672063946723938, "std_dev": 0.13664576411247253, "median": -0.3056544065475464, "range": 0.6600216627120972, "iq_range": 0.1709093376994133, "density": 0.23346453727060731, "accuracy": 1.0, "distance": 0.417842298746109}, "2": {"mean": -0.2890683710575104, "variance": 0.016439475119113922, "std_dev": 0.12821651995182037, "median": -0.30694669485092163, "range": 0.6207359433174133, "iq_range": 0.13566631823778152, "density": 0.2338611190821838, "accuracy": -1.0, "distance": 0.4515770673751831}, "3": {"mean": -0.2902640998363495, "variance": 0.015746748074889183, "std_dev": 0.12548604607582092, "median": -0.3174000680446625, "range": 0.6007345914840698, "iq_range": 0.1278410442173481, "density": 0.23451632250546636, "accuracy": -1.0, "distance": 0.9457368850708008}, "4": {"mean": -0.28251656889915466, "variance": 0.020184384658932686, "std_dev": 0.14207175374031067, "median": -0.2890178859233856, "range": 0.6288362145423889, "iq_range": 0.17575999349355698, "density": 0.2358386739467541, "accuracy": 1.0, "distance": 1.2795624732971191}, "5": {"mean": -0.2892759144306183, "variance": 0.01631944626569748, "std_dev": 0.12774759531021118, "median": -0.3151531219482422, "range": 0.6288362145423889, "iq_range": 0.1313854195177555, "density": 0.24045412042286188, "accuracy": 1.0, "distance": 0.4265320301055908}, "6": {"mean": -0.2891787588596344, "variance": 0.01637563668191433, "std_dev": 0.12796732783317566, "median": -0.3130413293838501, "range": 0.6600216627120972, "iq_range": 0.13238542526960373, "density": 0.23546523248831722, "accuracy": 1.0, "distance": 1.106986165046692}, "7": {"mean": -0.28837519884109497, "variance": 0.016839733347296715, "std_dev": 0.1297679990530014, "median": -0.31073635816574097, "range": 0.6207359433174133, "iq_range": 0.15319348499178886, "density": 0.2357954343432782, "accuracy": 1.0, "distance": 0.686488926410675}, "8": {"mean": -0.2855004072189331, "variance": 0.018489522859454155, "std_dev": 0.135976180434227, "median": -0.29808932542800903, "range": 0.6600216627120972, "iq_range": 0.16670792549848557, "density": 0.23337137720326173, "accuracy": -1.0, "distance": 0.9255039691925049}, "9": {"mean": -0.28558892011642456, "variance": 0.018438978120684624, "std_dev": 0.13579019904136658, "median": -0.2966996133327484, "range": 0.6191851496696472, "iq_range": 0.15929559245705605, "density": 0.23347917508350172, "accuracy": -1.0, "distance": 0.5965546369552612}, "10": {"mean": -0.2873692214488983, "variance": 0.01741892471909523, "std_dev": 0.1319807767868042, "median": -0.30367767810821533, "range": 0.6600216627120972, "iq_range": 0.15450454130768776, "density": 0.23507570370728767, "accuracy": 1.0, "distance": 0.7705799341201782}, "11": {"mean": -0.2848619520664215, "variance": 0.018853668123483658, "std_dev": 0.13730865716934204, "median": -0.3010985851287842, "range": 0.6179154515266418, "iq_range": 0.17139491066336632, "density": 0.2354077935360717, "accuracy": 1.0, "distance": 0.6475635170936584}, "12": {"mean": -0.2912813425064087, "variance": 0.015155182220041752, "std_dev": 0.12310638278722763, "median": -0.3171265721321106, "range": 0.6013028025627136, "iq_range": 0.12701597437262535, "density": 0.23813320170524088, "accuracy": -1.0, "distance": 0.9537891149520874}, "13": {"mean": -0.2860310673713684, "variance": 0.01818622276186943, "std_dev": 0.13485629856586456, "median": -0.3016330897808075, "range": 0.6600216627120972, "iq_range": 0.15700046345591545, "density": 0.2350151475592062, "accuracy": -1.0, "distance": 1.371108889579773}, "14": {"mean": -0.288389652967453, "variance": 0.01683141477406025, "std_dev": 0.12973594665527344, "median": -0.3030596971511841, "range": 0.6207359433174133, "iq_range": 0.14489365741610527, "density": 0.23502202748605464, "accuracy": 1.0, "distance": 0.8484121561050415}}