{"0": {"mean": -0.28682705760002136, "variance": 0.017730239778757095, "std_dev": 0.1331549435853958, "median": -0.3039027452468872, "range": 0.6135308146476746, "iq_range": 0.15587643161416054, "density": 0.23244281767701405, "accuracy": 1.0, "distance": 0.4773002862930298}, "1": {"mean": -0.2864277958869934, "variance": 0.017959119752049446, "std_dev": 0.1340116411447525, "median": -0.3019130229949951, "range": 0.6179154515266418, "iq_range": 0.1588049903512001, "density": 0.2377854527576396, "accuracy": 1.0, "distance": 0.3487657904624939}, "2": {"mean": -0.2829267680644989, "variance": 0.019952451810240746, "std_dev": 0.14125314354896545, "median": -0.29029375314712524, "range": 0.6191851496696472, "iq_range": 0.17084059864282608, "density": 0.23393085125879134, "accuracy": 1.0, "distance": 0.3997756838798523}, "3": {"mean": -0.29113420844078064, "variance": 0.015240874141454697, "std_dev": 0.12345393747091293, "median": -0.31993240118026733, "range": 0.6191850900650024, "iq_range": 0.12104066833853722, "density": 0.23892246729764252, "accuracy": 1.0, "distance": 0.5919567942619324}, "4": {"mean": -0.2899264693260193, "variance": 0.015942635014653206, "std_dev": 0.12626415491104126, "median": -0.3098362982273102, "range": 0.6207359433174133, "iq_range": 0.13731133192777634, "density": 0.23420480627348117, "accuracy": 1.0, "distance": 0.3450472950935364}, "5": {"mean": -0.28428915143013, "variance": 0.019179677590727806, "std_dev": 0.1384907066822052, "median": -0.2973365783691406, "range": 0.6013028025627136, "iq_range": 0.16692446544766426, "density": 0.2359400723570153, "accuracy": 1.0, "distance": 1.1802932024002075}, "6": {"mean": -0.28788498044013977, "variance": 0.017122231423854828, "std_dev": 0.13085193932056427, "median": -0.302828848361969, "range": 0.6207359433174133, "iq_range": 0.14870352670550346, "density": 0.23548107277143546, "accuracy": -1.0, "distance": 0.5697135925292969}, "7": {"mean": -0.28737005591392517, "variance": 0.01741844043135643, "std_dev": 0.13197894394397736, "median": -0.30811649560928345, "range": 0.6146379113197327, "iq_range": 0.14541467279195786, "density": 0.23501570658033508, "accuracy": 1.0, "distance": 0.5709519982337952}, "8": {"mean": -0.2902432382106781, "variance": 0.015758853405714035, "std_dev": 0.1255342662334442, "median": -0.317969411611557, "range": 0.6191851496696472, "iq_range": 0.12985479831695557, "density": 0.2400777490766067, "accuracy": 1.0, "distance": 0.6721541881561279}, "9": {"mean": -0.2856920063495636, "variance": 0.018380053341388702, "std_dev": 0.13557305932044983, "median": -0.3058996796607971, "range": 0.6600216627120972, "iq_range": 0.1665271818637848, "density": 0.23308591686547536, "accuracy": 1.0, "distance": 0.4130306839942932}, "10": {"mean": -0.29135286808013916, "variance": 0.015113504603505135, "std_dev": 0.12293699383735657, "median": -0.31931471824645996, "range": 0.6079211831092834, "iq_range": 0.1155071035027504, "density": 0.2411067144521429, "accuracy": 1.0, "distance": 0.45845967531204224}, "11": {"mean": -0.2891448438167572, "variance": 0.016395248472690582, "std_dev": 0.12804393470287323, "median": -0.3142494559288025, "range": 0.6600216627120972, "iq_range": 0.13689034059643745, "density": 0.23711047786531572, "accuracy": -1.0, "distance": 0.7159823179244995}, "12": {"mean": -0.2845667004585266, "variance": 0.01902179792523384, "std_dev": 0.13791953027248383, "median": -0.2984444499015808, "range": 0.6288362145423889, "iq_range": 0.177390955388546, "density": 0.23614859776763247, "accuracy": 1.0, "distance": 0.41651278734207153}, "13": {"mean": -0.28717783093452454, "variance": 0.017528897151350975, "std_dev": 0.13239674270153046, "median": -0.3056967258453369, "range": 0.6288362145423889, "iq_range": 0.15361789986491203, "density": 0.23664746550415725, "accuracy": 1.0, "distance": 0.7022632956504822}, "14": {"mean": -0.28563418984413147, "variance": 0.0184131171554327, "std_dev": 0.1356949359178543, "median": -0.2987865209579468, "range": 0.6288362145423889, "iq_range": 0.16721922904253006, "density": 0.23611034922074273, "accuracy": 1.0, "distance": 0.558239221572876}}