{"0": {"mean": -0.28783026337623596, "variance": 0.017153751105070114, "std_dev": 0.13097232580184937, "median": -0.3060997724533081, "range": 0.6600216627120972, "iq_range": 0.14378084242343903, "density": 0.23406417705644966, "accuracy": -1.0, "distance": 0.4993034601211548}, "1": {"mean": -0.28885528445243835, "variance": 0.016562629491090775, "std_dev": 0.12869587540626526, "median": -0.3058185875415802, "range": 0.6135308146476746, "iq_range": 0.15214771404862404, "density": 0.23412155918177086, "accuracy": 1.0, "distance": 0.3657791316509247}, "2": {"mean": -0.29072344303131104, "variance": 0.015479881316423416, "std_dev": 0.12441816926002502, "median": -0.317021906375885, "range": 0.6288361549377441, "iq_range": 0.12640388309955597, "density": 0.2424537210536369, "accuracy": -1.0, "distance": 0.6854262351989746}, "3": {"mean": -0.2876278758049011, "variance": 0.01727021299302578, "std_dev": 0.1314161866903305, "median": -0.30603718757629395, "range": 0.6288362145423889, "iq_range": 0.14317631721496582, "density": 0.2339369214685873, "accuracy": 1.0, "distance": 0.276403546333313}, "4": {"mean": -0.28989318013191223, "variance": 0.01596194878220558, "std_dev": 0.1263406127691269, "median": -0.3058486878871918, "range": 0.6600216627120972, "iq_range": 0.1364365741610527, "density": 0.2368432945605141, "accuracy": -1.0, "distance": 0.8564844727516174}, "5": {"mean": -0.28751975297927856, "variance": 0.01733238250017166, "std_dev": 0.13165250420570374, "median": -0.3066680133342743, "range": 0.6600216627120972, "iq_range": 0.14704937115311623, "density": 0.23701706090064656, "accuracy": -1.0, "distance": 0.48616188764572144}, "6": {"mean": -0.2861552834510803, "variance": 0.018115144222974777, "std_dev": 0.13459251821041107, "median": -0.29823076725006104, "range": 0.6135308146476746, "iq_range": 0.1689414121210575, "density": 0.23399471921359613, "accuracy": -1.0, "distance": 0.3555850088596344}, "7": {"mean": -0.2914261221885681, "variance": 0.015070822089910507, "std_dev": 0.12276327610015869, "median": -0.32091984152793884, "range": 0.5792906284332275, "iq_range": 0.1347176358103752, "density": 0.23814378515246562, "accuracy": 1.0, "distance": 0.36351099610328674}, "8": {"mean": -0.2908746898174286, "variance": 0.015391923487186432, "std_dev": 0.12406419217586517, "median": -0.31755268573760986, "range": 0.6288362145423889, "iq_range": 0.12597299739718437, "density": 0.24445394445417207, "accuracy": 1.0, "distance": 0.7047533988952637}, "9": {"mean": -0.29148346185684204, "variance": 0.015037395991384983, "std_dev": 0.12262705713510513, "median": -0.3193727731704712, "range": 0.6207359433174133, "iq_range": 0.12146162614226341, "density": 0.23738947821442286, "accuracy": 1.0, "distance": 0.6081582903862}, "10": {"mean": -0.2879398763179779, "variance": 0.017090637236833572, "std_dev": 0.13073116540908813, "median": -0.3042839765548706, "range": 0.6207359433174133, "iq_range": 0.15854305028915405, "density": 0.23897286579755728, "accuracy": 1.0, "distance": 0.42247146368026733}, "11": {"mean": -0.2876894474029541, "variance": 0.01723477989435196, "std_dev": 0.1312813013792038, "median": -0.3066704273223877, "range": 0.6600216627120972, "iq_range": 0.14806872978806496, "density": 0.23488861943403763, "accuracy": 1.0, "distance": 0.6157470941543579}, "12": {"mean": -0.28880611062049866, "variance": 0.01659102365374565, "std_dev": 0.12880614399909973, "median": -0.30410444736480713, "range": 0.6146379113197327, "iq_range": 0.13677851855754852, "density": 0.2352630735823504, "accuracy": -1.0, "distance": 0.3999924063682556}, "13": {"mean": -0.2912188172340393, "variance": 0.015191616490483284, "std_dev": 0.12325427681207657, "median": -0.31795448064804077, "range": 0.6288361549377441, "iq_range": 0.1206696629524231, "density": 0.24227624514528445, "accuracy": -1.0, "distance": 0.6815752983093262}, "14": {"mean": -0.2861356735229492, "variance": 0.018126366659998894, "std_dev": 0.13463419675827026, "median": -0.3004794120788574, "range": 0.6179154515266418, "iq_range": 0.1588759906589985, "density": 0.2379082854424369, "accuracy": -1.0, "distance": 0.6925008893013}}