{"0": {"mean": -0.287010133266449, "variance": 0.017625175416469574, "std_dev": 0.13275983929634094, "median": -0.30846983194351196, "range": 0.6079211831092834, "iq_range": 0.15808365494012833, "density": 0.23352459822104066, "accuracy": 1.0, "distance": 0.5758138298988342}, "1": {"mean": -0.286392480134964, "variance": 0.0179793369024992, "std_dev": 0.13408705592155457, "median": -0.29877549409866333, "range": 0.6179154515266418, "iq_range": 0.16134705394506454, "density": 0.2339757935646458, "accuracy": -1.0, "distance": 0.27451443672180176}, "2": {"mean": -0.287010133266449, "variance": 0.017625175416469574, "std_dev": 0.13275983929634094, "median": -0.30846983194351196, "range": 0.6079211831092834, "iq_range": 0.15808365494012833, "density": 0.2335245982210406, "accuracy": 1.0, "distance": 0.5758255124092102}, "3": {"mean": -0.28988662362098694, "variance": 0.01596575416624546, "std_dev": 0.12635566294193268, "median": -0.31201595067977905, "range": 0.6288362145423889, "iq_range": 0.1346454992890358, "density": 0.24326898779244435, "accuracy": -1.0, "distance": 0.9898788928985596}, "4": {"mean": -0.28972357511520386, "variance": 0.016060257330536842, "std_dev": 0.1267290711402893, "median": -0.313271701335907, "range": 0.6600216627120972, "iq_range": 0.1309194229543209, "density": 0.23587018623957318, "accuracy": 1.0, "distance": 0.7560444474220276}, "5": {"mean": -0.28983181715011597, "variance": 0.015997514128684998, "std_dev": 0.12648127973079681, "median": -0.3147546052932739, "range": 0.6600216627120972, "iq_range": 0.12853723019361496, "density": 0.2372963134029872, "accuracy": -1.0, "distance": 0.8534287214279175}, "6": {"mean": -0.28422868251800537, "variance": 0.01921406388282776, "std_dev": 0.13861480355262756, "median": -0.2987496256828308, "range": 0.6191851496696472, "iq_range": 0.17399536445736885, "density": 0.23368111835309058, "accuracy": 1.0, "distance": 0.5969524383544922}, "7": {"mean": -0.28615474700927734, "variance": 0.018115460872650146, "std_dev": 0.13459369540214539, "median": -0.31042325496673584, "range": 0.6600216627120972, "iq_range": 0.16145280003547668, "density": 0.23594833942646073, "accuracy": -1.0, "distance": 0.8909140229225159}, "8": {"mean": -0.2863095700740814, "variance": 0.018026839941740036, "std_dev": 0.13426406681537628, "median": -0.29885953664779663, "range": 0.6179154515266418, "iq_range": 0.1618429832160473, "density": 0.23391604639193622, "accuracy": -1.0, "distance": 0.274598091840744}, "9": {"mean": -0.2885986566543579, "variance": 0.016710815951228142, "std_dev": 0.12927031517028809, "median": -0.30582213401794434, "range": 0.6600216627120972, "iq_range": 0.13958711177110672, "density": 0.23656758310174222, "accuracy": 1.0, "distance": 0.5118022561073303}, "10": {"mean": -0.2876037657260895, "variance": 0.0172840878367424, "std_dev": 0.1314689666032791, "median": -0.3037927746772766, "range": 0.6600216627120972, "iq_range": 0.1447063684463501, "density": 0.2363277189173508, "accuracy": -1.0, "distance": 0.8024781346321106}, "11": {"mean": -0.29044055938720703, "variance": 0.015644283965229988, "std_dev": 0.12507711350917816, "median": -0.3199958801269531, "range": 0.5918647646903992, "iq_range": 0.1297689452767372, "density": 0.23975215374885775, "accuracy": -1.0, "distance": 0.6134172081947327}, "12": {"mean": -0.2936481833457947, "variance": 0.01377074420452118, "std_dev": 0.117348812520504, "median": -0.3228171765804291, "range": 0.6079211831092834, "iq_range": 0.10723445564508438, "density": 0.24193212200303763, "accuracy": 1.0, "distance": 0.3849656581878662}, "13": {"mean": -0.2868078052997589, "variance": 0.017741285264492035, "std_dev": 0.1331964135169983, "median": -0.3092060685157776, "range": 0.6207359433174133, "iq_range": 0.1634618416428566, "density": 0.23528877338208712, "accuracy": 1.0, "distance": 0.5122472643852234}, "14": {"mean": -0.29044055938720703, "variance": 0.015644283965229988, "std_dev": 0.12507711350917816, "median": -0.3199958801269531, "range": 0.5918647646903992, "iq_range": 0.1297689452767372, "density": 0.23975215374885775, "accuracy": -1.0, "distance": 0.6138729453086853}}