{"0": {"mean": -0.29000476002693176, "variance": 0.015897229313850403, "std_dev": 0.12608420848846436, "median": -0.31606847047805786, "range": 0.6079211831092834, "iq_range": 0.13184304535388947, "density": 0.2385264914992934, "accuracy": 1.0, "distance": 0.8924576044082642}, "1": {"mean": -0.2877978980541229, "variance": 0.017172347754240036, "std_dev": 0.13104330003261566, "median": -0.2999524474143982, "range": 0.6600216627120972, "iq_range": 0.14609597250819206, "density": 0.23484122865425705, "accuracy": -1.0, "distance": 0.4287091791629791}, "2": {"mean": -0.29305633902549744, "variance": 0.014117983169853687, "std_dev": 0.11881911754608154, "median": -0.3194098174571991, "range": 0.6079211831092834, "iq_range": 0.11099518835544586, "density": 0.24268908123726005, "accuracy": 1.0, "distance": 0.2901843190193176}, "3": {"mean": -0.28657636046409607, "variance": 0.017873995006084442, "std_dev": 0.133693665266037, "median": -0.30280280113220215, "range": 0.6288362145423889, "iq_range": 0.15895609557628632, "density": 0.2352785418512907, "accuracy": -1.0, "distance": 0.6199311017990112}, "4": {"mean": -0.28630340099334717, "variance": 0.018030352890491486, "std_dev": 0.13427715003490448, "median": -0.30694741010665894, "range": 0.6600216627120972, "iq_range": 0.1675216518342495, "density": 0.23657304604327156, "accuracy": -1.0, "distance": 0.736735999584198}, "5": {"mean": -0.2870388329029083, "variance": 0.017608733847737312, "std_dev": 0.1326979100704193, "median": -0.30733513832092285, "range": 0.6146379113197327, "iq_range": 0.14895009994506836, "density": 0.23666534943177744, "accuracy": -1.0, "distance": 0.8959434032440186}, "6": {"mean": -0.28336668014526367, "variance": 0.019703328609466553, "std_dev": 0.14036855101585388, "median": -0.28976064920425415, "range": 0.6288362145423889, "iq_range": 0.17322637140750885, "density": 0.2330509909642158, "accuracy": 1.0, "distance": 0.49920710921287537}, "7": {"mean": -0.2860647439956665, "variance": 0.01816696487367153, "std_dev": 0.13478487730026245, "median": -0.30324167013168335, "range": 0.6191851496696472, "iq_range": 0.16092568635940552, "density": 0.2330588091478635, "accuracy": 1.0, "distance": 0.4807422459125519}, "8": {"mean": -0.28822797536849976, "variance": 0.01692464016377926, "std_dev": 0.1300947368144989, "median": -0.3133287727832794, "range": 0.6191851496696472, "iq_range": 0.1397239752113819, "density": 0.2354026377270105, "accuracy": 1.0, "distance": 0.5521823167800903}, "9": {"mean": -0.2899262011051178, "variance": 0.015942804515361786, "std_dev": 0.12626482546329498, "median": -0.3156014084815979, "range": 0.6207359433174133, "iq_range": 0.1273123174905777, "density": 0.238645928540299, "accuracy": 1.0, "distance": 0.4458324611186981}, "10": {"mean": -0.2875120937824249, "variance": 0.01733679138123989, "std_dev": 0.13166925311088562, "median": -0.3079060912132263, "range": 0.6600216627120972, "iq_range": 0.14939677342772484, "density": 0.233820957181898, "accuracy": 1.0, "distance": 0.314997136592865}, "11": {"mean": -0.2899017632007599, "variance": 0.01595696248114109, "std_dev": 0.12632086873054504, "median": -0.3123788833618164, "range": 0.6207359433174133, "iq_range": 0.13240795955061913, "density": 0.2372144137707942, "accuracy": 1.0, "distance": 0.21776831150054932}, "12": {"mean": -0.2858302593231201, "variance": 0.01830105669796467, "std_dev": 0.13528139889240265, "median": -0.298317015171051, "range": 0.6288362145423889, "iq_range": 0.16979314386844635, "density": 0.2340897936159293, "accuracy": 1.0, "distance": 0.4946206212043762}, "13": {"mean": -0.284469336271286, "variance": 0.019077200442552567, "std_dev": 0.13812023401260376, "median": -0.2931300699710846, "range": 0.6288362145423889, "iq_range": 0.167334645986557, "density": 0.23565140528522524, "accuracy": -1.0, "distance": 0.6523101329803467}, "14": {"mean": -0.28891146183013916, "variance": 0.01653015986084938, "std_dev": 0.12856966257095337, "median": -0.3155343532562256, "range": 0.6288360953330994, "iq_range": 0.1303088255226612, "density": 0.2416321194266117, "accuracy": -1.0, "distance": 0.6923381090164185}}