{"0": {"mean": -0.2868061661720276, "variance": 0.017742225900292397, "std_dev": 0.13319994509220123, "median": -0.30573415756225586, "range": 0.6179154515266418, "iq_range": 0.17140550538897514, "density": 0.23913351147681738, "accuracy": 1.0, "distance": 0.40925225615501404}, "1": {"mean": -0.2861256003379822, "variance": 0.01813211478292942, "std_dev": 0.13465553522109985, "median": -0.3046131134033203, "range": 0.6179154515266418, "iq_range": 0.1762947253882885, "density": 0.23928972046630606, "accuracy": 1.0, "distance": 1.0131075382232666}, "2": {"mean": -0.28593114018440247, "variance": 0.018243366852402687, "std_dev": 0.13506801426410675, "median": -0.3009721636772156, "range": 0.6146379113197327, "iq_range": 0.15969282016158104, "density": 0.23231359185480727, "accuracy": 1.0, "distance": 0.5941358804702759}, "3": {"mean": -0.28945422172546387, "variance": 0.016216270625591278, "std_dev": 0.12734311819076538, "median": -0.3126009702682495, "range": 0.6600216627120972, "iq_range": 0.13226797059178352, "density": 0.23536454071729346, "accuracy": -1.0, "distance": 1.3339171409606934}, "4": {"mean": -0.28932926058769226, "variance": 0.016288572922348976, "std_dev": 0.1276266872882843, "median": -0.3130413293838501, "range": 0.6079211831092834, "iq_range": 0.13009348884224892, "density": 0.2356122688084869, "accuracy": 1.0, "distance": 0.6198843717575073}, "5": {"mean": -0.2847898602485657, "variance": 0.018894733861088753, "std_dev": 0.13745811581611633, "median": -0.3004072308540344, "range": 0.6288362145423889, "iq_range": 0.1737648919224739, "density": 0.23217703036378542, "accuracy": -1.0, "distance": 0.9472182393074036}, "6": {"mean": -0.29140520095825195, "variance": 0.015083014033734798, "std_dev": 0.122812919318676, "median": -0.31821364164352417, "range": 0.6007345914840698, "iq_range": 0.11733093112707138, "density": 0.2368735270603323, "accuracy": -1.0, "distance": 0.6065706014633179}, "7": {"mean": -0.2906649708747864, "variance": 0.015513892285525799, "std_dev": 0.12455477565526962, "median": -0.32020488381385803, "range": 0.6207359433174133, "iq_range": 0.13030898943543434, "density": 0.23694086742053902, "accuracy": -1.0, "distance": 0.6251668334007263}, "8": {"mean": -0.28960052132606506, "variance": 0.016131533309817314, "std_dev": 0.12700997292995453, "median": -0.3122574985027313, "range": 0.6600216627120972, "iq_range": 0.12323638424277306, "density": 0.2377074530289188, "accuracy": 1.0, "distance": 0.8413540124893188}, "9": {"mean": -0.28844109177589417, "variance": 0.016801742836833, "std_dev": 0.12962153553962708, "median": -0.3154573440551758, "range": 0.6288359761238098, "iq_range": 0.13699427247047424, "density": 0.24103915745694177, "accuracy": 1.0, "distance": 1.5382381677627563}, "10": {"mean": -0.2892872989177704, "variance": 0.01631285808980465, "std_dev": 0.12772180140018463, "median": -0.31611838936805725, "range": 0.6600216627120972, "iq_range": 0.12937229499220848, "density": 0.23947771376327887, "accuracy": -1.0, "distance": 0.7311452031135559}, "11": {"mean": -0.2854093611240387, "variance": 0.018541499972343445, "std_dev": 0.13616718351840973, "median": -0.30682045221328735, "range": 0.6179154515266418, "iq_range": 0.17153002694249153, "density": 0.23681981485216827, "accuracy": 1.0, "distance": 0.7236166596412659}, "12": {"mean": -0.2878636419773102, "variance": 0.01713450625538826, "std_dev": 0.1308988332748413, "median": -0.3114040493965149, "range": 0.6207359433174133, "iq_range": 0.14612393081188202, "density": 0.23750949788177764, "accuracy": 1.0, "distance": 1.2483742237091064}, "13": {"mean": -0.28586211800575256, "variance": 0.018282830715179443, "std_dev": 0.13521401584148407, "median": -0.3075639605522156, "range": 0.6600216627120972, "iq_range": 0.17153865471482277, "density": 0.23615620677132543, "accuracy": -1.0, "distance": 0.5387053489685059}, "14": {"mean": -0.28865963220596313, "variance": 0.01667560636997223, "std_dev": 0.12913405895233154, "median": -0.3097102642059326, "range": 0.6288362145423889, "iq_range": 0.14790762960910797, "density": 0.23541259030497813, "accuracy": 1.0, "distance": 0.5722548961639404}}