{"0": {"mean": -0.28469595313072205, "variance": 0.018948208540678024, "std_dev": 0.13765248656272888, "median": -0.3029305934906006, "range": 0.6191851496696472, "iq_range": 0.17698298022150993, "density": 0.23511855281653835, "accuracy": 1.0, "distance": 0.9591092467308044}, "1": {"mean": -0.286855548620224, "variance": 0.017713889479637146, "std_dev": 0.13309353590011597, "median": -0.3095518946647644, "range": 0.6079211831092834, "iq_range": 0.160211019217968, "density": 0.23656543347252476, "accuracy": 1.0, "distance": 0.4727572500705719}, "2": {"mean": -0.2916359305381775, "variance": 0.014948485419154167, "std_dev": 0.12226399779319763, "median": -0.32061728835105896, "range": 0.6191851496696472, "iq_range": 0.1231047585606575, "density": 0.24243702860622618, "accuracy": -1.0, "distance": 1.0054097175598145}, "3": {"mean": -0.2908781170845032, "variance": 0.015389916487038136, "std_dev": 0.12405610084533691, "median": -0.31749436259269714, "range": 0.6288361549377441, "iq_range": 0.11813578382134438, "density": 0.24276048344303436, "accuracy": 1.0, "distance": 0.4308522343635559}, "4": {"mean": -0.28394538164138794, "variance": 0.019375022500753403, "std_dev": 0.13919419050216675, "median": -0.29434916377067566, "range": 0.6288362145423889, "iq_range": 0.17655222117900848, "density": 0.2371494575172751, "accuracy": 1.0, "distance": 0.718446671962738}, "5": {"mean": -0.2857015132904053, "variance": 0.018374644219875336, "std_dev": 0.13555310666561127, "median": -0.30311319231987, "range": 0.6600216627120972, "iq_range": 0.15328267216682434, "density": 0.23231311561084764, "accuracy": 1.0, "distance": 0.4265897870063782}, "6": {"mean": -0.28885167837142944, "variance": 0.01656469702720642, "std_dev": 0.12870390713214874, "median": -0.30650752782821655, "range": 0.6600216627120972, "iq_range": 0.139193594455719, "density": 0.23906157701787972, "accuracy": -1.0, "distance": 0.6676123738288879}, "7": {"mean": -0.2923210859298706, "variance": 0.014548394829034805, "std_dev": 0.12061672657728195, "median": -0.3227999210357666, "range": 0.5790396928787231, "iq_range": 0.12041507661342621, "density": 0.23910711159438205, "accuracy": -1.0, "distance": 0.7263931035995483}, "8": {"mean": -0.28883475065231323, "variance": 0.016574488952755928, "std_dev": 0.12874194979667664, "median": -0.30389124155044556, "range": 0.6135308146476746, "iq_range": 0.15056263655424118, "density": 0.2358214172977443, "accuracy": -1.0, "distance": 0.34687942266464233}, "9": {"mean": -0.2889757454395294, "variance": 0.016493022441864014, "std_dev": 0.12842516601085663, "median": -0.30621108412742615, "range": 0.6600216627120972, "iq_range": 0.13766426593065262, "density": 0.23709156605836726, "accuracy": -1.0, "distance": 0.6071944236755371}, "10": {"mean": -0.2909904718399048, "variance": 0.015324532054364681, "std_dev": 0.12379229068756104, "median": -0.31923866271972656, "range": 0.6288361549377441, "iq_range": 0.11910451576113701, "density": 0.24280501986531997, "accuracy": 1.0, "distance": 0.39110082387924194}, "11": {"mean": -0.28974077105522156, "variance": 0.01605028472840786, "std_dev": 0.12668971717357635, "median": -0.3140348196029663, "range": 0.6007345914840698, "iq_range": 0.13002228364348412, "density": 0.23409944768317933, "accuracy": 1.0, "distance": 0.8389171957969666}, "12": {"mean": -0.2869238257408142, "variance": 0.017674697563052177, "std_dev": 0.1329462230205536, "median": -0.30927011370658875, "range": 0.6079211831092834, "iq_range": 0.15993813052773476, "density": 0.23672743038780775, "accuracy": 1.0, "distance": 0.49253329634666443}, "13": {"mean": -0.289795845746994, "variance": 0.01601836271584034, "std_dev": 0.1265636682510376, "median": -0.3157653212547302, "range": 0.6600216627120972, "iq_range": 0.1274813935160637, "density": 0.24082112637796765, "accuracy": -1.0, "distance": 1.1812970638275146}, "14": {"mean": -0.2871326804161072, "variance": 0.01755480468273163, "std_dev": 0.13249453902244568, "median": -0.305975079536438, "range": 0.6207359433174133, "iq_range": 0.14785243570804596, "density": 0.23648052925353005, "accuracy": 1.0, "distance": 0.4259006381034851}}