{"0": {"mean": -0.28844019770622253, "variance": 0.01680225506424904, "std_dev": 0.12962351739406586, "median": -0.30922651290893555, "range": 0.6013028025627136, "iq_range": 0.14843954890966415, "density": 0.23498213060593381, "accuracy": -1.0, "distance": 0.553790271282196}, "1": {"mean": -0.2838946282863617, "variance": 0.019403839483857155, "std_dev": 0.13929766416549683, "median": -0.2960609495639801, "range": 0.6288362145423889, "iq_range": 0.1759759671986103, "density": 0.23320876881136993, "accuracy": 1.0, "distance": 1.2363274097442627}, "2": {"mean": -0.2878035306930542, "variance": 0.01716911420226097, "std_dev": 0.13103096187114716, "median": -0.30410444736480713, "range": 0.6600216627120972, "iq_range": 0.14324073120951653, "density": 0.23747032898021816, "accuracy": -1.0, "distance": 0.8925142288208008}, "3": {"mean": -0.2875669598579407, "variance": 0.017305253073573112, "std_dev": 0.1315494328737259, "median": -0.3049544095993042, "range": 0.6600216627120972, "iq_range": 0.14994632452726364, "density": 0.23535333159381858, "accuracy": -1.0, "distance": 0.9694244265556335}, "4": {"mean": -0.28646910190582275, "variance": 0.017935436218976974, "std_dev": 0.1339232474565506, "median": -0.3060064911842346, "range": 0.6600216627120972, "iq_range": 0.1571982353925705, "density": 0.23543437178293503, "accuracy": 1.0, "distance": 0.9482949376106262}, "5": {"mean": -0.2831017076969147, "variance": 0.01985340565443039, "std_dev": 0.14090211689472198, "median": -0.29588085412979126, "range": 0.6288362145423889, "iq_range": 0.1783403791487217, "density": 0.23235504877764124, "accuracy": 1.0, "distance": 1.2905449867248535}, "6": {"mean": -0.28838610649108887, "variance": 0.016833467409014702, "std_dev": 0.12974385917186737, "median": -0.3130413293838501, "range": 0.6079211831092834, "iq_range": 0.14074625819921494, "density": 0.2336964673087894, "accuracy": 1.0, "distance": 1.4074348211288452}, "7": {"mean": -0.2897239923477173, "variance": 0.01605999283492565, "std_dev": 0.12672802805900574, "median": -0.3064318895339966, "range": 0.6207359433174133, "iq_range": 0.13815289363265038, "density": 0.23461889058297092, "accuracy": -1.0, "distance": 0.8255394101142883}, "8": {"mean": -0.2890750765800476, "variance": 0.016435610130429268, "std_dev": 0.1282014399766922, "median": -0.31485241651535034, "range": 0.578887403011322, "iq_range": 0.14051701873540878, "density": 0.2331121581866653, "accuracy": -1.0, "distance": 1.4658923149108887}, "9": {"mean": -0.2868881821632385, "variance": 0.01769515685737133, "std_dev": 0.13302314281463623, "median": -0.3022480607032776, "range": 0.6191851496696472, "iq_range": 0.14686908200383186, "density": 0.2342425800716802, "accuracy": -1.0, "distance": 1.1146812438964844}, "10": {"mean": -0.2850542664527893, "variance": 0.01874406822025776, "std_dev": 0.13690897822380066, "median": -0.3003060817718506, "range": 0.6207359433174133, "iq_range": 0.1800125613808632, "density": 0.23377706735899864, "accuracy": -1.0, "distance": 0.9667439460754395}, "11": {"mean": -0.2884049117565155, "variance": 0.01682259701192379, "std_dev": 0.12970195710659027, "median": -0.3131519556045532, "range": 0.6079211831092834, "iq_range": 0.14089763537049294, "density": 0.23370645417212235, "accuracy": 1.0, "distance": 1.4075502157211304}, "12": {"mean": -0.28695186972618103, "variance": 0.017658617347478867, "std_dev": 0.13288572430610657, "median": -0.30932098627090454, "range": 0.6207359433174133, "iq_range": 0.16798687726259232, "density": 0.2390582477325292, "accuracy": -1.0, "distance": 1.335344910621643}, "13": {"mean": -0.28573039174079895, "variance": 0.018358150497078896, "std_dev": 0.1354922503232956, "median": -0.3021184504032135, "range": 0.6600216627120972, "iq_range": 0.1648615598678589, "density": 0.23566190853113653, "accuracy": 1.0, "distance": 0.9077740907669067}, "14": {"mean": -0.28887397050857544, "variance": 0.01655184105038643, "std_dev": 0.12865395843982697, "median": -0.31943991780281067, "range": 0.6079211831092834, "iq_range": 0.14251849427819252, "density": 0.23847804424363783, "accuracy": -1.0, "distance": 1.2838975191116333}}