{"0": {"mean": -0.2881014049053192, "variance": 0.01699756644666195, "std_dev": 0.1303747147321701, "median": -0.30621108412742615, "range": 0.6600216627120972, "iq_range": 0.1418859288096428, "density": 0.23898132314037224, "accuracy": -1.0, "distance": 0.8141182065010071}, "1": {"mean": -0.28929105401039124, "variance": 0.016310695558786392, "std_dev": 0.12771333754062653, "median": -0.31036144495010376, "range": 0.6179154515266418, "iq_range": 0.13571324571967125, "density": 0.23582903356701163, "accuracy": 1.0, "distance": 0.207808718085289}, "2": {"mean": -0.2932288944721222, "variance": 0.01401683408766985, "std_dev": 0.118392713367939, "median": -0.3239726424217224, "range": 0.596330463886261, "iq_range": 0.1139107346534729, "density": 0.24094806107267022, "accuracy": 1.0, "distance": 0.8208778500556946}, "3": {"mean": -0.28800952434539795, "variance": 0.01705051027238369, "std_dev": 0.13057760894298553, "median": -0.3025261461734772, "range": 0.6600216627120972, "iq_range": 0.14347634091973305, "density": 0.23560443538674977, "accuracy": -1.0, "distance": 0.9186449646949768}, "4": {"mean": -0.2836022973060608, "variance": 0.01956973224878311, "std_dev": 0.1398918628692627, "median": -0.29299265146255493, "range": 0.6288362145423889, "iq_range": 0.17080914601683617, "density": 0.23707186899222013, "accuracy": 1.0, "distance": 0.9425538182258606}, "5": {"mean": -0.29007604718208313, "variance": 0.015855874866247177, "std_dev": 0.1259201169013977, "median": -0.30707597732543945, "range": 0.6135308146476746, "iq_range": 0.1353761963546276, "density": 0.2339833521081922, "accuracy": -1.0, "distance": 0.6959036588668823}, "6": {"mean": -0.28816643357276917, "variance": 0.016960114240646362, "std_dev": 0.13023100793361664, "median": -0.30621108412742615, "range": 0.6007345914840698, "iq_range": 0.1491893157362938, "density": 0.23533707937457765, "accuracy": 1.0, "distance": 0.4799858331680298}, "7": {"mean": -0.28922605514526367, "variance": 0.01634831167757511, "std_dev": 0.12786051630973816, "median": -0.30410444736480713, "range": 0.6135308146476746, "iq_range": 0.14241299778223038, "density": 0.23451843610601175, "accuracy": -1.0, "distance": 0.3794509172439575}, "8": {"mean": -0.2836010158061981, "variance": 0.019570456817746162, "std_dev": 0.13989445567131042, "median": -0.29517680406570435, "range": 0.6600216627120972, "iq_range": 0.17502836883068085, "density": 0.23391870236669104, "accuracy": -1.0, "distance": 1.2571580410003662}, "9": {"mean": -0.28555983304977417, "variance": 0.01845557615160942, "std_dev": 0.13585130870342255, "median": -0.3029845356941223, "range": 0.6288362145423889, "iq_range": 0.17888595536351204, "density": 0.2391664394252719, "accuracy": -1.0, "distance": 0.797199010848999}, "10": {"mean": -0.2843296229839325, "variance": 0.019156677648425102, "std_dev": 0.1384076476097107, "median": -0.2978660464286804, "range": 0.6600216627120972, "iq_range": 0.16776255890727043, "density": 0.2324464170485942, "accuracy": -1.0, "distance": 0.8065649271011353}, "11": {"mean": -0.2857484221458435, "variance": 0.0183478444814682, "std_dev": 0.1354542225599289, "median": -0.30311319231987, "range": 0.6600216627120972, "iq_range": 0.15631673857569695, "density": 0.23380380173320486, "accuracy": 1.0, "distance": 0.9398584961891174}, "12": {"mean": -0.2908572852611542, "variance": 0.015402030199766159, "std_dev": 0.12410491704940796, "median": -0.3186051845550537, "range": 0.6288362145423889, "iq_range": 0.12649527937173843, "density": 0.24540410851707273, "accuracy": 1.0, "distance": 0.7133097052574158}, "13": {"mean": -0.2855829894542694, "variance": 0.018442364409565926, "std_dev": 0.13580267131328583, "median": -0.3068486154079437, "range": 0.6600216627120972, "iq_range": 0.1673196740448475, "density": 0.23445146888005536, "accuracy": -1.0, "distance": 0.5501368641853333}, "14": {"mean": -0.28696209192276, "variance": 0.01765274815261364, "std_dev": 0.13286364078521729, "median": -0.30028092861175537, "range": 0.6207359433174133, "iq_range": 0.15425869449973106, "density": 0.2358762487120052, "accuracy": -1.0, "distance": 1.219610333442688}}