{"0": {"mean": -0.28924325108528137, "variance": 0.016338346526026726, "std_dev": 0.12782153487205505, "median": -0.3157500624656677, "range": 0.6288361549377441, "iq_range": 0.13049791008234024, "density": 0.24044169695964127, "accuracy": 1.0, "distance": 0.47921085357666016}, "1": {"mean": -0.2908453941345215, "variance": 0.015408956445753574, "std_dev": 0.12413281947374344, "median": -0.3195316791534424, "range": 0.5918647646903992, "iq_range": 0.12909939885139465, "density": 0.23682778688444664, "accuracy": 1.0, "distance": 0.49482327699661255}, "2": {"mean": -0.28400152921676636, "variance": 0.01934313029050827, "std_dev": 0.13907958567142487, "median": -0.29430338740348816, "range": 0.6288362145423889, "iq_range": 0.17020344361662865, "density": 0.23554874441258122, "accuracy": 1.0, "distance": 0.8529958128929138}, "3": {"mean": -0.2918916940689087, "variance": 0.014799234457314014, "std_dev": 0.12165210396051407, "median": -0.3197840452194214, "range": 0.6288362145423889, "iq_range": 0.12005218863487244, "density": 0.24415879195691462, "accuracy": 1.0, "distance": 0.671638548374176}, "4": {"mean": -0.2871510088443756, "variance": 0.017544284462928772, "std_dev": 0.13245484232902527, "median": -0.30956441164016724, "range": 0.6600216627120972, "iq_range": 0.156585231423378, "density": 0.23826554894538984, "accuracy": 1.0, "distance": 0.6231032013893127}, "5": {"mean": -0.2872885763645172, "variance": 0.01746526174247265, "std_dev": 0.13215620815753937, "median": -0.3087816834449768, "range": 0.6007345914840698, "iq_range": 0.15545231476426125, "density": 0.2361998986046215, "accuracy": 1.0, "distance": 0.15748900175094604}, "6": {"mean": -0.2832840085029602, "variance": 0.019750181585550308, "std_dev": 0.14053533971309662, "median": -0.29344600439071655, "range": 0.6288361549377441, "iq_range": 0.16628120467066765, "density": 0.2369884049500336, "accuracy": 1.0, "distance": 0.4283633828163147}, "7": {"mean": -0.2842065393924713, "variance": 0.019226646050810814, "std_dev": 0.13866017758846283, "median": -0.29852133989334106, "range": 0.6191851496696472, "iq_range": 0.17653805017471313, "density": 0.23448376253421074, "accuracy": 1.0, "distance": 0.8032608032226562}, "8": {"mean": -0.28644439578056335, "variance": 0.01794961467385292, "std_dev": 0.13397617638111115, "median": -0.30170971155166626, "range": 0.6179154515266418, "iq_range": 0.16788789257407188, "density": 0.2376270826768891, "accuracy": 1.0, "distance": 0.7273979187011719}, "9": {"mean": -0.28778910636901855, "variance": 0.017177442088723183, "std_dev": 0.13106274604797363, "median": -0.30513671040534973, "range": 0.6135308146476746, "iq_range": 0.1545993722975254, "density": 0.235085904950513, "accuracy": 1.0, "distance": 0.12558789551258087}, "10": {"mean": -0.2860943078994751, "variance": 0.01815004087984562, "std_dev": 0.13472208380699158, "median": -0.30042439699172974, "range": 0.6600216627120972, "iq_range": 0.16335893794894218, "density": 0.23432543102750467, "accuracy": -1.0, "distance": 0.865756094455719}, "11": {"mean": -0.2837969958782196, "variance": 0.01945926994085312, "std_dev": 0.13949649035930634, "median": -0.2931300699710846, "range": 0.6288362145423889, "iq_range": 0.16793422400951385, "density": 0.2359296258020283, "accuracy": 1.0, "distance": 0.7156772017478943}, "12": {"mean": -0.2877482771873474, "variance": 0.017200903967022896, "std_dev": 0.1311522126197815, "median": -0.3083551526069641, "range": 0.6600216627120972, "iq_range": 0.1478007733821869, "density": 0.23494324720048118, "accuracy": 1.0, "distance": 0.7701765298843384}, "13": {"mean": -0.28503549098968506, "variance": 0.018754765391349792, "std_dev": 0.13694803416728973, "median": -0.2995566129684448, "range": 0.6600216627120972, "iq_range": 0.17183320224285126, "density": 0.23634966135626104, "accuracy": 1.0, "distance": 1.1258944272994995}, "14": {"mean": -0.28691309690475464, "variance": 0.017680872231721878, "std_dev": 0.1329694390296936, "median": -0.30811694264411926, "range": 0.6146379113197327, "iq_range": 0.14778094738721848, "density": 0.23779091007668177, "accuracy": 1.0, "distance": 0.9572020769119263}}