{"0": {"mean": -0.28558680415153503, "variance": 0.018440192565321922, "std_dev": 0.13579466938972473, "median": -0.30373257398605347, "range": 0.6288362145423889, "iq_range": 0.15891624242067337, "density": 0.2343076826836537, "accuracy": -1.0, "distance": 1.044548511505127}, "1": {"mean": -0.28750306367874146, "variance": 0.017342008650302887, "std_dev": 0.13168905675411224, "median": -0.3057168126106262, "range": 0.6600216627120972, "iq_range": 0.14492251351475716, "density": 0.23498073180501283, "accuracy": -1.0, "distance": 1.1347049474716187}, "2": {"mean": -0.28693097829818726, "variance": 0.017670609056949615, "std_dev": 0.13293084502220154, "median": -0.3064667582511902, "range": 0.6179154515266418, "iq_range": 0.1677158586680889, "density": 0.23688038354834628, "accuracy": -1.0, "distance": 1.277402400970459}, "3": {"mean": -0.28871044516563416, "variance": 0.016646286472678185, "std_dev": 0.12902048230171204, "median": -0.30883026123046875, "range": 0.6135308146476746, "iq_range": 0.15263883396983147, "density": 0.23388098477595373, "accuracy": 1.0, "distance": 0.5649160146713257}, "4": {"mean": -0.2898583710193634, "variance": 0.015982117503881454, "std_dev": 0.12642039358615875, "median": -0.3124176859855652, "range": 0.6288362145423889, "iq_range": 0.13687904924154282, "density": 0.2372685289925372, "accuracy": 1.0, "distance": 0.6173952221870422}, "5": {"mean": -0.28676658868789673, "variance": 0.017764929682016373, "std_dev": 0.13328514993190765, "median": -0.30251747369766235, "range": 0.6600216627120972, "iq_range": 0.16063755750656128, "density": 0.2357837878999249, "accuracy": -1.0, "distance": 1.3317590951919556}, "6": {"mean": -0.2844790518283844, "variance": 0.0190716702491045, "std_dev": 0.13810022175312042, "median": -0.29402971267700195, "range": 0.6600216627120972, "iq_range": 0.16882237792015076, "density": 0.2363371073781008, "accuracy": -1.0, "distance": 1.2548309564590454}, "7": {"mean": -0.28961220383644104, "variance": 0.016124766319990158, "std_dev": 0.12698332965373993, "median": -0.31093287467956543, "range": 0.6207359433174133, "iq_range": 0.1339542306959629, "density": 0.2363890387437164, "accuracy": -1.0, "distance": 1.1392056941986084}, "8": {"mean": -0.29078978300094604, "variance": 0.015441300347447395, "std_dev": 0.12426302582025528, "median": -0.3179709017276764, "range": 0.6288362145423889, "iq_range": 0.12495063245296478, "density": 0.24326205435860565, "accuracy": 1.0, "distance": 1.2610725164413452}, "9": {"mean": -0.2878490388393402, "variance": 0.01714293658733368, "std_dev": 0.1309310346841812, "median": -0.3094169497489929, "range": 0.6207359433174133, "iq_range": 0.14706340432167053, "density": 0.23505360210228748, "accuracy": -1.0, "distance": 1.003009557723999}, "10": {"mean": -0.2825963795185089, "variance": 0.020139284431934357, "std_dev": 0.14191295206546783, "median": -0.2935987710952759, "range": 0.6288362145423889, "iq_range": 0.18198193982243538, "density": 0.23300225463430863, "accuracy": 1.0, "distance": 1.0850666761398315}, "11": {"mean": -0.28947362303733826, "variance": 0.016205014660954475, "std_dev": 0.12729892134666443, "median": -0.3168516159057617, "range": 0.6288361549377441, "iq_range": 0.1283211037516594, "density": 0.24267685463189992, "accuracy": -1.0, "distance": 1.1314536333084106}, "12": {"mean": -0.28601813316345215, "variance": 0.018193639814853668, "std_dev": 0.1348838061094284, "median": -0.2987865209579468, "range": 0.6191851496696472, "iq_range": 0.16167056933045387, "density": 0.23300628650970068, "accuracy": -1.0, "distance": 0.7970629930496216}, "13": {"mean": -0.2929367125034332, "variance": 0.014188085682690144, "std_dev": 0.1191137507557869, "median": -0.319732666015625, "range": 0.596330463886261, "iq_range": 0.11502349376678467, "density": 0.24351910038055963, "accuracy": -1.0, "distance": 0.5508256554603577}, "14": {"mean": -0.2863602042198181, "variance": 0.017997847869992256, "std_dev": 0.13415606319904327, "median": -0.3000200390815735, "range": 0.6191851496696472, "iq_range": 0.16421036794781685, "density": 0.2331321506177485, "accuracy": 1.0, "distance": 0.7513928413391113}}