{"0": {"mean": -0.2844861149787903, "variance": 0.019067658111453056, "std_dev": 0.13808569312095642, "median": -0.29331108927726746, "range": 0.6288362145423889, "iq_range": 0.16402527689933777, "density": 0.23609458311674153, "accuracy": 1.0, "distance": 0.5834033489227295}, "1": {"mean": -0.28871849179267883, "variance": 0.016641616821289062, "std_dev": 0.1290023922920227, "median": -0.3064318895339966, "range": 0.6007345914840698, "iq_range": 0.14271989464759827, "density": 0.23512557992056854, "accuracy": 1.0, "distance": 0.6988532543182373}, "2": {"mean": -0.28910863399505615, "variance": 0.016416175290942192, "std_dev": 0.1281256228685379, "median": -0.3100105822086334, "range": 0.6191851496696472, "iq_range": 0.13222500309348106, "density": 0.238792923028068, "accuracy": 1.0, "distance": 0.3511202037334442}, "3": {"mean": -0.2863183319568634, "variance": 0.018021807074546814, "std_dev": 0.13424532115459442, "median": -0.3053853213787079, "range": 0.6600216627120972, "iq_range": 0.16911682859063148, "density": 0.2355220825025416, "accuracy": -1.0, "distance": 0.8184798955917358}, "4": {"mean": -0.28847551345825195, "variance": 0.0167818795889616, "std_dev": 0.12954489886760712, "median": -0.3051355183124542, "range": 0.6600216627120972, "iq_range": 0.13593288883566856, "density": 0.23347746853312615, "accuracy": -1.0, "distance": 0.3508389890193939}, "5": {"mean": -0.28651976585388184, "variance": 0.017906421795487404, "std_dev": 0.13381488621234894, "median": -0.30562838912010193, "range": 0.6191851496696472, "iq_range": 0.16306010633707047, "density": 0.23312196530349574, "accuracy": -1.0, "distance": 1.0475846529006958}, "6": {"mean": -0.2903571128845215, "variance": 0.015692729502916336, "std_dev": 0.12527061998844147, "median": -0.317021906375885, "range": 0.6079211831092834, "iq_range": 0.12056199461221695, "density": 0.24102601330128468, "accuracy": 1.0, "distance": 0.7197109460830688}, "7": {"mean": -0.2845941185951233, "variance": 0.019006185233592987, "std_dev": 0.1378629207611084, "median": -0.29858875274658203, "range": 0.6288362145423889, "iq_range": 0.1667911745607853, "density": 0.23390832965892294, "accuracy": 1.0, "distance": 0.6306525468826294}, "8": {"mean": -0.2904088795185089, "variance": 0.015662694349884987, "std_dev": 0.1251506805419922, "median": -0.3157860040664673, "range": 0.6288361549377441, "iq_range": 0.12291517853736877, "density": 0.24164611890901425, "accuracy": 1.0, "distance": 0.48625293374061584}, "9": {"mean": -0.28314539790153503, "variance": 0.019828690215945244, "std_dev": 0.1408143788576126, "median": -0.29692381620407104, "range": 0.6288361549377441, "iq_range": 0.17554212734103203, "density": 0.23398881588343376, "accuracy": 1.0, "distance": 1.216194748878479}, "10": {"mean": -0.2857525050640106, "variance": 0.01834551990032196, "std_dev": 0.13544563949108124, "median": -0.3025965690612793, "range": 0.6288362145423889, "iq_range": 0.16256540641188622, "density": 0.23345779254781013, "accuracy": 1.0, "distance": 0.46114009618759155}, "11": {"mean": -0.2913368344306946, "variance": 0.015122859738767147, "std_dev": 0.12297503650188446, "median": -0.31576845049858093, "range": 0.6007345914840698, "iq_range": 0.11415982246398926, "density": 0.23929255615962822, "accuracy": 1.0, "distance": 0.7794169187545776}, "12": {"mean": -0.28720760345458984, "variance": 0.017511779442429543, "std_dev": 0.13233208656311035, "median": -0.30603718757629395, "range": 0.6600216627120972, "iq_range": 0.14664051309227943, "density": 0.23366383228452964, "accuracy": 1.0, "distance": 0.5406460165977478}, "13": {"mean": -0.2889169752597809, "variance": 0.01652698591351509, "std_dev": 0.12855732440948486, "median": -0.3066951036453247, "range": 0.6600216627120972, "iq_range": 0.13829464465379715, "density": 0.23840603860292608, "accuracy": -1.0, "distance": 0.45038902759552}, "14": {"mean": -0.287788987159729, "variance": 0.017177505418658257, "std_dev": 0.13106298446655273, "median": -0.30908167362213135, "range": 0.6600216627120972, "iq_range": 0.14957572892308235, "density": 0.23642837537592026, "accuracy": -1.0, "distance": 1.1351922750473022}}