{"0": {"mean": -0.2928960621356964, "variance": 0.014211906120181084, "std_dev": 0.11921370029449463, "median": -0.32202672958374023, "range": 0.6079211831092834, "iq_range": 0.11761927604675293, "density": 0.23985847467974344, "accuracy": -1.0, "distance": 0.8373597860336304}, "1": {"mean": -0.28769153356552124, "variance": 0.017233580350875854, "std_dev": 0.13127672672271729, "median": -0.30237188935279846, "range": 0.6207359433174133, "iq_range": 0.14426199719309807, "density": 0.2355639300681503, "accuracy": -1.0, "distance": 1.0718978643417358}, "2": {"mean": -0.28795909881591797, "variance": 0.0170795489102602, "std_dev": 0.13068874180316925, "median": -0.30242207646369934, "range": 0.6207359433174133, "iq_range": 0.14188341796398163, "density": 0.23566062004825641, "accuracy": -1.0, "distance": 1.0625615119934082}, "3": {"mean": -0.2892855107784271, "variance": 0.016313888132572174, "std_dev": 0.12772582471370697, "median": -0.31494560837745667, "range": 0.6288362145423889, "iq_range": 0.1428166925907135, "density": 0.23926812447317342, "accuracy": -1.0, "distance": 0.6392697095870972}, "4": {"mean": -0.28870970010757446, "variance": 0.016646722331643105, "std_dev": 0.12902218103408813, "median": -0.31210851669311523, "range": 0.6288362145423889, "iq_range": 0.13434795290231705, "density": 0.24171621763775228, "accuracy": 1.0, "distance": 1.1063265800476074}, "5": {"mean": -0.2865661084651947, "variance": 0.017879875376820564, "std_dev": 0.1337156444787979, "median": -0.3046126663684845, "range": 0.6179154515266418, "iq_range": 0.1584274098277092, "density": 0.23733635435270853, "accuracy": 1.0, "distance": 1.043056607246399}, "6": {"mean": -0.2861672639846802, "variance": 0.018108289688825607, "std_dev": 0.1345670521259308, "median": -0.30690938234329224, "range": 0.6600216627120972, "iq_range": 0.16601179167628288, "density": 0.24040961029003752, "accuracy": -1.0, "distance": 0.7768054604530334}, "7": {"mean": -0.2869328558444977, "variance": 0.01766953244805336, "std_dev": 0.1329267919063568, "median": -0.30654996633529663, "range": 0.6288362145423889, "iq_range": 0.160667072981596, "density": 0.23599065418710438, "accuracy": 1.0, "distance": 1.0928319692611694}, "8": {"mean": -0.28458958864212036, "variance": 0.019008751958608627, "std_dev": 0.13787223398685455, "median": -0.3050587475299835, "range": 0.6207359433174133, "iq_range": 0.1734257973730564, "density": 0.23595508117998185, "accuracy": 1.0, "distance": 1.0831705331802368}, "9": {"mean": -0.28565260767936707, "variance": 0.01840258203446865, "std_dev": 0.13565611839294434, "median": -0.30315718054771423, "range": 0.6600216627120972, "iq_range": 0.15715666115283966, "density": 0.23598350326315454, "accuracy": -1.0, "distance": 1.4713302850723267}, "10": {"mean": -0.29151538014411926, "variance": 0.01501877885311842, "std_dev": 0.12255112826824188, "median": -0.3219824433326721, "range": 0.6079211831092834, "iq_range": 0.11832232028245926, "density": 0.2419081933961379, "accuracy": -1.0, "distance": 1.151471495628357}, "11": {"mean": -0.2924593985080719, "variance": 0.01446748711168766, "std_dev": 0.12028086930513382, "median": -0.32115623354911804, "range": 0.6079211831092834, "iq_range": 0.11549234390258789, "density": 0.23888838779763769, "accuracy": -1.0, "distance": 0.918339192867279}, "12": {"mean": -0.28734520077705383, "variance": 0.01743272691965103, "std_dev": 0.13203305006027222, "median": -0.3049646019935608, "range": 0.6600216627120972, "iq_range": 0.1562167964875698, "density": 0.2347215639170412, "accuracy": -1.0, "distance": 1.204602599143982}, "13": {"mean": -0.28352466225624084, "variance": 0.019613757729530334, "std_dev": 0.14004912972450256, "median": -0.29389816522598267, "range": 0.6288362145423889, "iq_range": 0.18000608682632446, "density": 0.2352774243966278, "accuracy": 1.0, "distance": 0.7751860618591309}, "14": {"mean": -0.28571102023124695, "variance": 0.018369197845458984, "std_dev": 0.13553301990032196, "median": -0.3032219707965851, "range": 0.6600216627120972, "iq_range": 0.15699511021375656, "density": 0.2359109971143072, "accuracy": -1.0, "distance": 1.463728904724121}}