{"0": {"mean": -0.2919372320175171, "variance": 0.01477265078574419, "std_dev": 0.1215427964925766, "median": -0.3179003894329071, "range": 0.5901097655296326, "iq_range": 0.11688132584095001, "density": 0.24524537049151754, "accuracy": 1.0, "distance": 0.6926848292350769}, "1": {"mean": -0.2902148962020874, "variance": 0.015775317326188087, "std_dev": 0.12559983134269714, "median": -0.31658971309661865, "range": 0.588211178779602, "iq_range": 0.12981564924120903, "density": 0.2363315678478285, "accuracy": -1.0, "distance": 0.9465445280075073}, "2": {"mean": -0.2873566746711731, "variance": 0.017426127567887306, "std_dev": 0.13200806081295013, "median": -0.30582213401794434, "range": 0.6600216627120972, "iq_range": 0.15322716534137726, "density": 0.23784303484146443, "accuracy": -1.0, "distance": 0.8102415204048157}, "3": {"mean": -0.2845087945461273, "variance": 0.019054727628827095, "std_dev": 0.13803885877132416, "median": -0.2944791316986084, "range": 0.6288362145423889, "iq_range": 0.16869371756911278, "density": 0.2362119266791907, "accuracy": 1.0, "distance": 0.8609243035316467}, "4": {"mean": -0.2865675687789917, "variance": 0.017879027873277664, "std_dev": 0.13371248543262482, "median": -0.3053920269012451, "range": 0.6191851496696472, "iq_range": 0.17116351053118706, "density": 0.23800772845488385, "accuracy": -1.0, "distance": 0.6672512888908386}, "5": {"mean": -0.28425726294517517, "variance": 0.019197802990674973, "std_dev": 0.13855613768100739, "median": -0.3018113076686859, "range": 0.6288361549377441, "iq_range": 0.16440420970320702, "density": 0.23341854482811195, "accuracy": -1.0, "distance": 0.9422147870063782}, "6": {"mean": -0.2921844720840454, "variance": 0.014628220349550247, "std_dev": 0.12094718217849731, "median": -0.31993240118026733, "range": 0.6288362145423889, "iq_range": 0.1169818639755249, "density": 0.24581313933275847, "accuracy": -1.0, "distance": 0.5642433762550354}, "7": {"mean": -0.2879340946674347, "variance": 0.017093969509005547, "std_dev": 0.13074390590190887, "median": -0.3060041666030884, "range": 0.6013028025627136, "iq_range": 0.15090418606996536, "density": 0.23536839474636395, "accuracy": 1.0, "distance": 0.5385062098503113}, "8": {"mean": -0.2913185954093933, "variance": 0.015133470296859741, "std_dev": 0.12301816791296005, "median": -0.3159419000148773, "range": 0.6007345914840698, "iq_range": 0.11924440413713455, "density": 0.2362192151599982, "accuracy": -1.0, "distance": 0.3422863483428955}, "9": {"mean": -0.2871716320514679, "variance": 0.01753244921565056, "std_dev": 0.13241015374660492, "median": -0.3046932518482208, "range": 0.6191851496696472, "iq_range": 0.1520652286708355, "density": 0.23401961761552378, "accuracy": -1.0, "distance": 0.9911100268363953}, "10": {"mean": -0.292326420545578, "variance": 0.014545260928571224, "std_dev": 0.12060373276472092, "median": -0.323280930519104, "range": 0.5790396928787231, "iq_range": 0.11766096949577332, "density": 0.24047201139929963, "accuracy": -1.0, "distance": 1.0870225429534912}, "11": {"mean": -0.2883516848087311, "variance": 0.01685330644249916, "std_dev": 0.12982028722763062, "median": -0.3012871742248535, "range": 0.6146379113197327, "iq_range": 0.14103612303733826, "density": 0.2348363159324541, "accuracy": -1.0, "distance": 0.23499979078769684}, "12": {"mean": -0.28547099232673645, "variance": 0.018506305292248726, "std_dev": 0.1360378861427307, "median": -0.29719263315200806, "range": 0.6288362145423889, "iq_range": 0.17537613213062286, "density": 0.2353071941374228, "accuracy": 1.0, "distance": 0.7098721265792847}, "13": {"mean": -0.2858745753765106, "variance": 0.018275711685419083, "std_dev": 0.13518768548965454, "median": -0.30167725682258606, "range": 0.6288359761238098, "iq_range": 0.15658173337578773, "density": 0.23770276135520158, "accuracy": 1.0, "distance": 0.8725676536560059}, "14": {"mean": -0.2886531352996826, "variance": 0.016679365187883377, "std_dev": 0.12914861738681793, "median": -0.3120712637901306, "range": 0.5918647646903992, "iq_range": 0.1384519524872303, "density": 0.23813136726487671, "accuracy": 1.0, "distance": 1.1345456838607788}}