{
    "0": [
        2.2597693858196726,
        0
    ],
    "1": [
        3.3208128360943854,
        0
    ],
    "2": [
        2.3896116640116953,
        0
    ],
    "3": [
        0.0,
        0
    ],
    "4": [
        2.5402107433007473,
        0
    ],
    "5": [
        1.4376236160210496,
        0
    ],
    "6": [
        2.234777359026281,
        0
    ],
    "7": [
        0.0,
        0
    ],
    "8": [
        0.0,
        0
    ],
    "9": [
        4.065657029648213,
        0
    ],
    "10": [
        3.5161145463157735,
        0
    ],
    "11": [
        1.459101516931879,
        0
    ],
    "12": [
        0.6472000664764745,
        0
    ],
    "13": [
        3.7707098788424664,
        0
    ],
    "14": [
        0.0,
        0
    ]
}