{
    "0": [
        3.9921500699644747,
        0
    ],
    "1": [
        1.214083112041714,
        0
    ],
    "2": [
        2.516118323352581,
        0
    ],
    "3": [
        0.8345070557676392,
        0
    ],
    "4": [
        0.0,
        0
    ],
    "5": [
        0.0,
        0
    ],
    "6": [
        1.343002195813239,
        0
    ],
    "7": [
        3.064298694157261,
        0
    ],
    "8": [
        2.2540051055841603,
        0
    ],
    "9": [
        0.0,
        0
    ],
    "10": [
        0.494474695788042,
        0
    ],
    "11": [
        0.5054208868061202,
        0
    ],
    "12": [
        1.6959892649547017,
        0
    ],
    "13": [
        0.49513978099184813,
        0
    ],
    "14": [
        3.7315536191785545,
        0
    ]
}