{
    "0": [
        0.3014595269808033,
        0
    ],
    "1": [
        0.9565475563833881,
        0
    ],
    "2": [
        0.41914542760823936,
        0
    ],
    "3": [
        2.4923478441891707,
        0
    ],
    "4": [
        2.225520659005579,
        0
    ],
    "5": [
        3.8606600795319816,
        0
    ],
    "6": [
        2.3652455199591746,
        0
    ],
    "7": [
        1.05308119134534,
        0
    ],
    "8": [
        0.07267147188020162,
        0
    ],
    "9": [
        2.0333598968339457,
        0
    ],
    "10": [
        0.05821451338088361,
        0
    ],
    "11": [
        0.9031582798716142,
        0
    ],
    "12": [
        0.0,
        0
    ],
    "13": [
        0.8893684850437,
        0
    ],
    "14": [
        2.9864273333213944,
        0
    ]
}