{
    "0": [
        2.550198691435597,
        0
    ],
    "1": [
        1.3763707225370974,
        0
    ],
    "2": [
        0.7185907137750714,
        0
    ],
    "3": [
        0.05403973678175225,
        0
    ],
    "4": [
        3.4247474746153825,
        0
    ],
    "5": [
        0.19189244762032404,
        0
    ],
    "6": [
        1.594225298938357,
        0
    ],
    "7": [
        3.0841412391324563,
        0
    ],
    "8": [
        0.9921343486151495,
        0
    ],
    "9": [
        0.3803491700721777,
        0
    ],
    "10": [
        3.0005741786552536,
        0
    ],
    "11": [
        0.09723706682878712,
        0
    ],
    "12": [
        2.190248204645059,
        0
    ],
    "13": [
        1.2183133407063422,
        0
    ],
    "14": [
        0.3271700047533917,
        0
    ]
}