{
    "0": [
        4.857251773112048,
        0
    ],
    "1": [
        0.0,
        0
    ],
    "2": [
        2.844936545501299,
        0
    ],
    "3": [
        0.0,
        0
    ],
    "4": [
        6.453146259837154,
        0
    ],
    "5": [
        0.0,
        0
    ],
    "6": [
        3.2529668050343705,
        0
    ],
    "7": [
        0.38868660631466756,
        0
    ],
    "8": [
        0.8380494626681878,
        0
    ],
    "9": [
        0.0,
        0
    ],
    "10": [
        2.0096212394854365,
        0
    ],
    "11": [
        0.6153853199240172,
        0
    ],
    "12": [
        0.0,
        0
    ],
    "13": [
        2.1731741516430225,
        0
    ],
    "14": [
        2.7823804127953538,
        0
    ]
}