{
    "0": [
        1.6511657058877447,
        0
    ],
    "1": [
        2.2133390479371973,
        0
    ],
    "2": [
        1.120575939645919,
        0
    ],
    "3": [
        2.0235709206174355,
        0
    ],
    "4": [
        5.635824628274815,
        0
    ],
    "5": [
        0.0,
        0
    ],
    "6": [
        0.3801976309949948,
        0
    ],
    "7": [
        5.768891434511131,
        0
    ],
    "8": [
        0.7552751930770792,
        0
    ],
    "9": [
        0.43836905894576184,
        0
    ],
    "10": [
        0.5549859451058774,
        0
    ],
    "11": [
        0.0,
        0
    ],
    "12": [
        0.0,
        0
    ],
    "13": [
        0.0,
        0
    ],
    "14": [
        2.2731173471875428,
        0
    ]
}