{
    "0": [
        0.8460112827768581,
        0
    ],
    "1": [
        1.5928308782470844,
        0
    ],
    "2": [
        0.9038982169588881,
        0
    ],
    "3": [
        2.4181552392820844,
        0
    ],
    "4": [
        3.1715732861489503,
        0
    ],
    "5": [
        3.0105903159440435,
        0
    ],
    "6": [
        2.013132490385698,
        0
    ],
    "7": [
        2.948521355105698,
        0
    ],
    "8": [
        0.0,
        0
    ],
    "9": [
        0.0,
        0
    ],
    "10": [
        0.0,
        0
    ],
    "11": [
        4.305571378500227,
        0
    ],
    "12": [
        0.0,
        0
    ],
    "13": [
        2.4022356060453993,
        0
    ],
    "14": [
        0.0,
        0
    ]
}