{
    "0": [
        0.0,
        0
    ],
    "1": [
        3.3618734823471743,
        0
    ],
    "2": [
        0.0,
        0
    ],
    "3": [
        2.176125532961583,
        0
    ],
    "4": [
        0.5844944145652905,
        0
    ],
    "5": [
        0.8325253668703048,
        0
    ],
    "6": [
        2.3334047970113923,
        0
    ],
    "7": [
        2.2386726767072447,
        0
    ],
    "8": [
        3.6211893585380306,
        0
    ],
    "9": [
        1.1542047931258754,
        0
    ],
    "10": [
        3.887957795163806,
        0
    ],
    "11": [
        1.1196577993205084,
        0
    ],
    "12": [
        0.0,
        0
    ],
    "13": [
        1.3595522422892654,
        0
    ],
    "14": [
        0.0,
        0
    ]
}