{
    "0": [
        0.5015016704853955,
        0
    ],
    "1": [
        4.261918873506508,
        0
    ],
    "2": [
        1.8141207127490833,
        0
    ],
    "3": [
        0.42470845672434854,
        0
    ],
    "4": [
        2.176594556995194,
        0
    ],
    "5": [
        4.518014644312736,
        0
    ],
    "6": [
        1.1663908868002932,
        0
    ],
    "7": [
        0.12918204020472515,
        0
    ],
    "8": [
        0.07711346577931741,
        0
    ],
    "9": [
        1.676735699921965,
        0
    ],
    "10": [
        0.796688811380863,
        0
    ],
    "11": [
        1.3826472711976314,
        0
    ],
    "12": [
        0.6844876877534036,
        0
    ],
    "13": [
        3.9947373163472215,
        0
    ],
    "14": [
        0.0,
        0
    ]
}