{
    "0": [
        0.0,
        0
    ],
    "1": [
        1.995263759395569,
        0
    ],
    "2": [
        1.2866133273090319,
        0
    ],
    "3": [
        0.0,
        0
    ],
    "4": [
        1.7900065832086185,
        0
    ],
    "5": [
        1.2514257156043351,
        0
    ],
    "6": [
        0.0,
        0
    ],
    "7": [
        2.841016198273503,
        0
    ],
    "8": [
        2.289826750946431,
        0
    ],
    "9": [
        4.455102731072919,
        0
    ],
    "10": [
        0.15344099367741643,
        0
    ],
    "11": [
        1.2426353688849332,
        0
    ],
    "12": [
        1.1821491374358335,
        0
    ],
    "13": [
        0.0,
        0
    ],
    "14": [
        3.3530261013193283,
        0
    ]
}