{
    "0": [
        1.79910005810279,
        0
    ],
    "1": [
        2.0964787236284357,
        0
    ],
    "2": [
        0.32948543315472645,
        0
    ],
    "3": [
        1.874872990811143,
        0
    ],
    "4": [
        2.159558135257983,
        0
    ],
    "5": [
        0.6340436898304259,
        0
    ],
    "6": [
        1.2462034853208033,
        0
    ],
    "7": [
        3.8189235718222965,
        0
    ],
    "8": [
        1.847040273474649,
        0
    ],
    "9": [
        2.079152013320022,
        0
    ],
    "10": [
        2.112569368071389,
        0
    ],
    "11": [
        4.085667962035705,
        0
    ],
    "12": [
        0.0,
        0
    ],
    "13": [
        0.9252038847973812,
        0
    ],
    "14": [
        3.376385019448688,
        0
    ]
}