{
    "0": [
        0.9267769023997267,
        0
    ],
    "1": [
        0.6918765320278043,
        0
    ],
    "2": [
        1.7755938767247563,
        0
    ],
    "3": [
        0.8749897550141086,
        0
    ],
    "4": [
        4.28355384155451,
        0
    ],
    "5": [
        2.113219831240274,
        0
    ],
    "6": [
        0.4397013473363755,
        0
    ],
    "7": [
        0.35765683946744997,
        0
    ],
    "8": [
        3.694193146744498,
        0
    ],
    "9": [
        2.32211686648766,
        0
    ],
    "10": [
        0.0,
        0
    ],
    "11": [
        1.304474573868538,
        0
    ],
    "12": [
        2.256111113770418,
        0
    ],
    "13": [
        1.5744903462022632,
        0
    ],
    "14": [
        0.6979690757356899,
        0
    ]
}