{
    "0": [
        0.0,
        0
    ],
    "1": [
        0.9086534584498148,
        0
    ],
    "2": [
        6.316015787193758,
        0
    ],
    "3": [
        2.133676894550815,
        0
    ],
    "4": [
        0.3309629928937589,
        0
    ],
    "5": [
        0.0,
        0
    ],
    "6": [
        1.9058350181578654,
        0
    ],
    "7": [
        3.9024071975409336,
        0
    ],
    "8": [
        0.5237376991839265,
        0
    ],
    "9": [
        0.15868559296000065,
        0
    ],
    "10": [
        0.2208074600826591,
        0
    ],
    "11": [
        0.0,
        0
    ],
    "12": [
        0.4186051534693698,
        0
    ],
    "13": [
        0.6540600602253381,
        0
    ],
    "14": [
        2.7255186946807406,
        0
    ]
}