{
    "0": [
        2.4660041253016267,
        0
    ],
    "1": [
        0.0,
        0
    ],
    "2": [
        0.0,
        0
    ],
    "3": [
        1.281458380596016,
        0
    ],
    "4": [
        3.079561818377985,
        0
    ],
    "5": [
        1.2687232670181714,
        0
    ],
    "6": [
        4.197845195221278,
        0
    ],
    "7": [
        1.4921207812588262,
        0
    ],
    "8": [
        1.0636374167955491,
        0
    ],
    "9": [
        0.0,
        0
    ],
    "10": [
        0.9596671827795704,
        0
    ],
    "11": [
        2.5525366420770945,
        0
    ],
    "12": [
        2.3562507504186203,
        0
    ],
    "13": [
        2.0637987653202137,
        0
    ],
    "14": [
        0.0,
        0
    ]
}