{
    "0": [
        5.172165770435524,
        0
    ],
    "1": [
        0.0,
        0
    ],
    "2": [
        0.0,
        0
    ],
    "3": [
        1.4631265967680414,
        0
    ],
    "4": [
        6.651291874775265,
        0
    ],
    "5": [
        1.6772724173350868,
        0
    ],
    "6": [
        0.4017479565016604,
        0
    ],
    "7": [
        0.0,
        0
    ],
    "8": [
        0.1650706757724158,
        0
    ],
    "9": [
        0.14632953603997426,
        0
    ],
    "10": [
        1.7348102634983862,
        0
    ],
    "11": [
        0.0,
        0
    ],
    "12": [
        0.0,
        0
    ],
    "13": [
        2.3372539700907033,
        0
    ],
    "14": [
        2.847034885066568,
        0
    ]
}