{
    "0": [
        2.6191044174627196,
        0
    ],
    "1": [
        1.4585717460374554,
        0
    ],
    "2": [
        2.9408549222831897,
        0
    ],
    "3": [
        1.5789060079224415,
        0
    ],
    "4": [
        1.610091616906139,
        0
    ],
    "5": [
        1.6433437567355398,
        0
    ],
    "6": [
        6.452588649138572,
        0
    ],
    "7": [
        2.3905358375905807,
        0
    ],
    "8": [
        1.4058517797924224,
        0
    ],
    "9": [
        0.8931317730179111,
        0
    ],
    "10": [
        0.8727294391315232,
        0
    ],
    "11": [
        0.0,
        0
    ],
    "12": [
        0.5565815878035787,
        0
    ],
    "13": [
        1.8736389744758641,
        0
    ],
    "14": [
        1.595464248906404,
        0
    ]
}