{
    "0": [
        5.136249623872478,
        0
    ],
    "1": [
        0.21094894675204806,
        0
    ],
    "2": [
        1.7285831674989716,
        0
    ],
    "3": [
        2.121983640913188,
        0
    ],
    "4": [
        1.874517728188901,
        0
    ],
    "5": [
        0.7849727098077137,
        0
    ],
    "6": [
        4.593463075895924,
        0
    ],
    "7": [
        1.1896595187758627,
        0
    ],
    "8": [
        4.564694846564611,
        0
    ],
    "9": [
        0.0,
        0
    ],
    "10": [
        2.4005776623490416,
        0
    ],
    "11": [
        1.1973266374056737,
        0
    ],
    "12": [
        1.1633760221320912,
        0
    ],
    "13": [
        3.386061544183999,
        0
    ],
    "14": [
        3.2291635941537487,
        0
    ]
}