{
    "0": [
        2.2448487279295035,
        0
    ],
    "1": [
        0.0,
        0
    ],
    "2": [
        0.35373925984189936,
        0
    ],
    "3": [
        0.0,
        0
    ],
    "4": [
        0.0,
        0
    ],
    "5": [
        0.26420519342752485,
        0
    ],
    "6": [
        2.974461644837245,
        0
    ],
    "7": [
        2.2931019281836753,
        0
    ],
    "8": [
        0.23415593105074517,
        0
    ],
    "9": [
        3.3913083601255005,
        0
    ],
    "10": [
        0.5448583149826333,
        0
    ],
    "11": [
        3.00558439393747,
        0
    ],
    "12": [
        3.1511022066732592,
        0
    ],
    "13": [
        0.2929238020132123,
        0
    ],
    "14": [
        2.052289375505996,
        0
    ]
}