{
    "0": [
        1.5287705461972318,
        0
    ],
    "1": [
        0.0,
        0
    ],
    "2": [
        0.521054055073656,
        0
    ],
    "3": [
        5.046773305378813,
        0
    ],
    "4": [
        3.6921586333742438,
        0
    ],
    "5": [
        0.0,
        0
    ],
    "6": [
        0.0,
        0
    ],
    "7": [
        0.14346770218312854,
        0
    ],
    "8": [
        4.826593192559781,
        0
    ],
    "9": [
        1.919261222938274,
        0
    ],
    "10": [
        0.10919446576703641,
        0
    ],
    "11": [
        0.09387997881262829,
        0
    ],
    "12": [
        0.9454841922080716,
        0
    ],
    "13": [
        1.0711385445178803,
        0
    ],
    "14": [
        2.4278504887242764,
        0
    ]
}