{
    "0": [
        2.3833840470289287,
        0
    ],
    "1": [
        2.5331372775887835,
        0
    ],
    "2": [
        2.2119384602396015,
        0
    ],
    "3": [
        3.107878695153283,
        0
    ],
    "4": [
        1.7191295516399945,
        0
    ],
    "5": [
        1.0709536337065428,
        0
    ],
    "6": [
        2.425374572639049,
        0
    ],
    "7": [
        0.17118425223960282,
        0
    ],
    "8": [
        3.336506202435659,
        0
    ],
    "9": [
        0.43504241773144614,
        0
    ],
    "10": [
        0.10891795334415118,
        0
    ],
    "11": [
        0.7803676051299289,
        0
    ],
    "12": [
        1.294398527651117,
        0
    ],
    "13": [
        2.8896725872446587,
        0
    ],
    "14": [
        0.0,
        0
    ]
}