{
    "0": [
        0.25798558235807934,
        0
    ],
    "1": [
        4.006162706896916,
        0
    ],
    "2": [
        0.35307100785481293,
        0
    ],
    "3": [
        0.8697532510900244,
        0
    ],
    "4": [
        2.7620514069752984,
        0
    ],
    "5": [
        0.0,
        0
    ],
    "6": [
        2.248080309893179,
        0
    ],
    "7": [
        0.0,
        0
    ],
    "8": [
        0.3532183873730699,
        0
    ],
    "9": [
        3.7025865430400278,
        0
    ],
    "10": [
        0.9255172875054305,
        0
    ],
    "11": [
        1.4830663940508002,
        0
    ],
    "12": [
        4.5786987886089365,
        0
    ],
    "13": [
        0.5670929679099702,
        0
    ],
    "14": [
        0.9247586477048259,
        0
    ]
}