{
    "0": [
        0.0,
        0
    ],
    "1": [
        1.425025208704351,
        0
    ],
    "2": [
        1.729321521275539,
        0
    ],
    "3": [
        0.4269557372464304,
        0
    ],
    "4": [
        3.0465423468020068,
        0
    ],
    "5": [
        3.7710662592429283,
        0
    ],
    "6": [
        2.670327472076301,
        0
    ],
    "7": [
        0.952398004876563,
        0
    ],
    "8": [
        0.03383646443598411,
        0
    ],
    "9": [
        0.0,
        0
    ],
    "10": [
        3.8206818475508006,
        0
    ],
    "11": [
        3.3821650784057646,
        0
    ],
    "12": [
        2.8232927320129226,
        0
    ],
    "13": [
        2.0541181789169083,
        0
    ],
    "14": [
        1.5645647314400728,
        0
    ]
}