{
    "0": [
        0.04130630804134277,
        124
    ],
    "1": [
        0.05772645128887874,
        101
    ],
    "2": [
        0.17097993571863704,
        77
    ],
    "3": [
        0.045761464398654715,
        93
    ],
    "4": [
        0.09153379635185648,
        87
    ],
    "5": [
        0.09084834410637849,
        147
    ],
    "6": [
        0.09732829591048849,
        139
    ],
    "7": [
        0.10108291362652834,
        150
    ],
    "8": [
        0.01982009840466391,
        92
    ],
    "9": [
        0.01996067335842213,
        60
    ],
    "10": [
        0.11314255545328272,
        137
    ],
    "11": [
        0.059116011859064156,
        122
    ],
    "12": [
        0.01255241534166581,
        66
    ],
    "13": [
        0.05883088423803575,
        115
    ],
    "14": [
        0.02000985190210028,
        100
    ]
}