{
    "0": [
        0.01865896007654429,
        107
    ],
    "1": [
        0.029209020340233212,
        94
    ],
    "2": [
        0.10915310473978032,
        132
    ],
    "3": [
        0.04467807538755554,
        125
    ],
    "4": [
        0.07885075186651279,
        96
    ],
    "5": [
        0.06103740965368124,
        130
    ],
    "6": [
        0.10324996511526906,
        111
    ],
    "7": [
        0.024049985887387857,
        110
    ],
    "8": [
        0.08415683675493901,
        136
    ],
    "9": [
        0.018212671685967442,
        88
    ],
    "10": [
        0.13429177496525402,
        167
    ],
    "11": [
        0.11104449835859434,
        152
    ],
    "12": [
        0.03272501881951666,
        90
    ],
    "13": [
        0.07810660743592039,
        184
    ],
    "14": [
        0.07257531891284386,
        133
    ]
}