{
    "0": [
        0.03770084176394976,
        134
    ],
    "1": [
        0.09166320332896141,
        141
    ],
    "2": [
        0.08394535821928456,
        155
    ],
    "3": [
        0.10666334200878752,
        113
    ],
    "4": [
        0.022408389630898133,
        105
    ],
    "5": [
        0.04633366776386533,
        134
    ],
    "6": [
        0.03519207101727813,
        113
    ],
    "7": [
        0.056458407075755425,
        123
    ],
    "8": [
        0.14206511658270815,
        144
    ],
    "9": [
        0.06434829587127715,
        120
    ],
    "10": [
        0.06340309885897336,
        144
    ],
    "11": [
        0.1076171106878334,
        170
    ],
    "12": [
        0.03067230536266616,
        120
    ],
    "13": [
        0.04995965593750183,
        137
    ],
    "14": [
        0.06156913589025973,
        94
    ]
}