{
    "0": [
        0.05770861971652462,
        147
    ],
    "1": [
        0.056207178425610654,
        112
    ],
    "2": [
        0.07323118087151986,
        154
    ],
    "3": [
        0.09005317727942896,
        148
    ],
    "4": [
        0.02100112698038018,
        121
    ],
    "5": [
        0.051344088327343315,
        129
    ],
    "6": [
        0.0566124867576869,
        134
    ],
    "7": [
        0.07262499915620303,
        155
    ],
    "8": [
        0.04676036474625553,
        117
    ],
    "9": [
        0.06410624552467267,
        130
    ],
    "10": [
        0.10114478729308475,
        127
    ],
    "11": [
        0.06688635283287188,
        159
    ],
    "12": [
        0.09717899070637519,
        154
    ],
    "13": [
        0.03666304449777307,
        127
    ],
    "14": [
        0.10847735688426936,
        162
    ]
}