{
    "0": [
        0.08965620754069932,
        139
    ],
    "1": [
        0.07431905677807576,
        166
    ],
    "2": [
        0.0962466060157733,
        142
    ],
    "3": [
        0.1169068760869355,
        82
    ],
    "4": [
        0.018690228477677522,
        90
    ],
    "5": [
        0.03256515430454374,
        100
    ],
    "6": [
        0.06201134782341573,
        104
    ],
    "7": [
        0.09923568562272601,
        122
    ],
    "8": [
        0.10472715191499532,
        158
    ],
    "9": [
        0.015514933009095025,
        77
    ],
    "10": [
        0.025411767177367994,
        107
    ],
    "11": [
        0.028297496493322204,
        92
    ],
    "12": [
        0.08058865679411846,
        123
    ],
    "13": [
        0.0927561765684694,
        138
    ],
    "14": [
        0.06307265539278471,
        142
    ]
}