{
    "0": [
        0.15504344931656544,
        97
    ],
    "1": [
        0.029897427711535345,
        113
    ],
    "2": [
        0.12675182305441635,
        192
    ],
    "3": [
        0.030525046289538216,
        114
    ],
    "4": [
        0.025673449271677105,
        86
    ],
    "5": [
        0.01520436312873815,
        78
    ],
    "6": [
        0.05315092926568746,
        174
    ],
    "7": [
        0.016999020433275176,
        79
    ],
    "8": [
        0.04069418314943183,
        150
    ],
    "9": [
        0.09868501993759211,
        136
    ],
    "10": [
        0.10131447888028994,
        162
    ],
    "11": [
        0.0904313519010301,
        105
    ],
    "12": [
        0.03788728348349397,
        119
    ],
    "13": [
        0.08704372603413402,
        139
    ],
    "14": [
        0.09069844814259478,
        117
    ]
}