{
    "0": [
        0.025116477388801465,
        87
    ],
    "1": [
        0.1172164567741495,
        165
    ],
    "2": [
        0.07769155359766619,
        134
    ],
    "3": [
        0.0784096523647968,
        89
    ],
    "4": [
        0.14261507593363812,
        68
    ],
    "5": [
        0.012236318795188354,
        68
    ],
    "6": [
        0.022083863332454854,
        93
    ],
    "7": [
        0.11084826445613018,
        145
    ],
    "8": [
        0.05349011870772233,
        126
    ],
    "9": [
        0.10737569953384372,
        158
    ],
    "10": [
        0.03527038809989584,
        104
    ],
    "11": [
        0.08188858639685177,
        126
    ],
    "12": [
        0.06612930205556523,
        145
    ],
    "13": [
        0.03732013333776846,
        149
    ],
    "14": [
        0.03230810922552735,
        86
    ]
}