{
    "0": [
        0.038979811705282794,
        141
    ],
    "1": [
        0.0383422799349518,
        118
    ],
    "2": [
        0.0968206914026927,
        176
    ],
    "3": [
        0.13663175562517108,
        156
    ],
    "4": [
        0.0549850991201597,
        180
    ],
    "5": [
        0.1083579250930528,
        180
    ],
    "6": [
        0.07680354646637089,
        135
    ],
    "7": [
        0.09846466079939763,
        142
    ],
    "8": [
        0.032929826170568395,
        128
    ],
    "9": [
        0.04970343969020957,
        144
    ],
    "10": [
        0.05981170147810689,
        146
    ],
    "11": [
        0.032881337060173724,
        134
    ],
    "12": [
        0.0620543744062018,
        151
    ],
    "13": [
        0.05507202794898541,
        117
    ],
    "14": [
        0.058161523098674874,
        122
    ]
}