{
    "0": [
        0.041526299910614795,
        131
    ],
    "1": [
        0.050624847789118466,
        170
    ],
    "2": [
        0.038697013204175505,
        124
    ],
    "3": [
        0.039430763246517425,
        164
    ],
    "4": [
        0.03352887001457979,
        134
    ],
    "5": [
        0.06267022642736474,
        129
    ],
    "6": [
        0.07440083288634407,
        177
    ],
    "7": [
        0.033883317396368615,
        126
    ],
    "8": [
        0.08969329916242619,
        139
    ],
    "9": [
        0.0354646829278633,
        116
    ],
    "10": [
        0.13764244280933094,
        172
    ],
    "11": [
        0.09815624225201552,
        184
    ],
    "12": [
        0.09409666501274154,
        148
    ],
    "13": [
        0.0821947734137107,
        151
    ],
    "14": [
        0.08798972354682844,
        178
    ]
}