{
    "0": [
        0.053556783558986194,
        128
    ],
    "1": [
        0.051526521849804954,
        167
    ],
    "2": [
        0.0703470150885334,
        161
    ],
    "3": [
        0.034543321555000596,
        136
    ],
    "4": [
        0.06330645186082891,
        147
    ],
    "5": [
        0.03366803794016467,
        136
    ],
    "6": [
        0.043197935393399306,
        130
    ],
    "7": [
        0.11520463305952289,
        160
    ],
    "8": [
        0.053185682814577924,
        140
    ],
    "9": [
        0.12429481193957688,
        134
    ],
    "10": [
        0.022975237706318666,
        121
    ],
    "11": [
        0.09344347088082332,
        160
    ],
    "12": [
        0.044651096167194065,
        114
    ],
    "13": [
        0.13239904617834697,
        159
    ],
    "14": [
        0.06369995400692123,
        149
    ]
}