{
    "0": [
        0.04845208371783622,
        98
    ],
    "1": [
        0.09807863000473883,
        151
    ],
    "2": [
        0.06010142132848122,
        140
    ],
    "3": [
        0.09070732055747648,
        137
    ],
    "4": [
        0.026603625907112762,
        108
    ],
    "5": [
        0.07479431661359191,
        154
    ],
    "6": [
        0.03698631307857745,
        98
    ],
    "7": [
        0.11153828554265822,
        110
    ],
    "8": [
        0.008689527632433495,
        60
    ],
    "9": [
        0.08424031422673126,
        143
    ],
    "10": [
        0.03390695922404492,
        138
    ],
    "11": [
        0.09610586151171771,
        152
    ],
    "12": [
        0.13657083360227623,
        156
    ],
    "13": [
        0.028169670798630794,
        98
    ],
    "14": [
        0.06505483625369238,
        59
    ]
}