{
    "0": [
        0.07897521343995084,
        101
    ],
    "1": [
        0.05402125670045073,
        145
    ],
    "2": [
        0.13449956184298947,
        160
    ],
    "3": [
        0.11263091054521479,
        99
    ],
    "4": [
        0.06290215190115624,
        129
    ],
    "5": [
        0.050294544127622264,
        104
    ],
    "6": [
        0.06408388088017768,
        117
    ],
    "7": [
        0.05078885286676871,
        82
    ],
    "8": [
        0.024049435172338256,
        92
    ],
    "9": [
        0.04671742568879619,
        111
    ],
    "10": [
        0.0731885039697912,
        119
    ],
    "11": [
        0.04544707625328336,
        126
    ],
    "12": [
        0.13168835639851917,
        129
    ],
    "13": [
        0.04570919533475084,
        128
    ],
    "14": [
        0.025003634878190278,
        107
    ]
}