{
    "0": [
        0.018034221399845955,
        94
    ],
    "1": [
        0.1583066419261597,
        136
    ],
    "2": [
        0.05936887482956319,
        129
    ],
    "3": [
        0.08075526568635073,
        165
    ],
    "4": [
        0.07992005733378611,
        121
    ],
    "5": [
        0.04267496896983886,
        131
    ],
    "6": [
        0.1401027278136847,
        134
    ],
    "7": [
        0.09508888196684274,
        148
    ],
    "8": [
        0.024980377132864374,
        108
    ],
    "9": [
        0.0487192885777467,
        118
    ],
    "10": [
        0.03219809891946526,
        101
    ],
    "11": [
        0.05572857096593276,
        109
    ],
    "12": [
        0.09274172788923551,
        124
    ],
    "13": [
        0.04357080581887322,
        96
    ],
    "14": [
        0.02780949076981018,
        94
    ]
}