{
    "0": [
        0.11873437834233162,
        123
    ],
    "1": [
        0.044190957086494814,
        103
    ],
    "2": [
        0.08815942285668685,
        103
    ],
    "3": [
        0.06838572616129025,
        115
    ],
    "4": [
        0.09150780026374775,
        135
    ],
    "5": [
        0.050871968956716404,
        106
    ],
    "6": [
        0.050302552620695364,
        143
    ],
    "7": [
        0.11669454387314729,
        146
    ],
    "8": [
        0.08126978773098825,
        111
    ],
    "9": [
        0.041531707427994474,
        124
    ],
    "10": [
        0.013142475878444882,
        72
    ],
    "11": [
        0.046815235802321296,
        98
    ],
    "12": [
        0.04570997101087819,
        107
    ],
    "13": [
        0.09047564258541864,
        121
    ],
    "14": [
        0.052207829402844,
        116
    ]
}