{
    "0": [
        0.07801714165579902,
        99
    ],
    "1": [
        0.11853011631062513,
        159
    ],
    "2": [
        0.041441274349026634,
        109
    ],
    "3": [
        0.06861976093950746,
        132
    ],
    "4": [
        0.12526185313221883,
        170
    ],
    "5": [
        0.03192608974169838,
        122
    ],
    "6": [
        0.02108739587139988,
        105
    ],
    "7": [
        0.06250726065576016,
        165
    ],
    "8": [
        0.029872439344881114,
        92
    ],
    "9": [
        0.08051141898415963,
        100
    ],
    "10": [
        0.059143785256793584,
        146
    ],
    "11": [
        0.0529121646498262,
        152
    ],
    "12": [
        0.057118599310263925,
        115
    ],
    "13": [
        0.08420864391658099,
        132
    ],
    "14": [
        0.08884205588145906,
        137
    ]
}