{
    "0": [
        0.048748466512653514,
        134
    ],
    "1": [
        0.03527059946087903,
        97
    ],
    "2": [
        0.0659612349145943,
        125
    ],
    "3": [
        0.124961715674778,
        135
    ],
    "4": [
        0.022604266817778582,
        105
    ],
    "5": [
        0.05979061640432186,
        100
    ],
    "6": [
        0.09444273067959277,
        143
    ],
    "7": [
        0.06870938621124703,
        145
    ],
    "8": [
        0.10500669668323845,
        135
    ],
    "9": [
        0.04084397282727329,
        124
    ],
    "10": [
        0.045157908229760034,
        105
    ],
    "11": [
        0.0772506610234437,
        111
    ],
    "12": [
        0.07029027099005854,
        128
    ],
    "13": [
        0.05766606709519585,
        121
    ],
    "14": [
        0.08329540647518516,
        164
    ]
}