{
    "0": [
        0.059211350903112046,
        131
    ],
    "1": [
        0.027266063339739258,
        107
    ],
    "2": [
        0.024461849163893153,
        107
    ],
    "3": [
        0.07779650654584001,
        148
    ],
    "4": [
        0.06367254986236454,
        113
    ],
    "5": [
        0.0384155237124728,
        109
    ],
    "6": [
        0.09193921916184361,
        120
    ],
    "7": [
        0.034375494996854175,
        103
    ],
    "8": [
        0.03764958702606476,
        100
    ],
    "9": [
        0.10773701672002288,
        151
    ],
    "10": [
        0.05723059546660922,
        127
    ],
    "11": [
        0.13914239746549992,
        124
    ],
    "12": [
        0.06784147028863424,
        160
    ],
    "13": [
        0.09544933614303995,
        170
    ],
    "14": [
        0.07781103920400931,
        123
    ]
}