{
    "0": [
        0.03151377415385034,
        93
    ],
    "1": [
        0.09237491641197583,
        134
    ],
    "2": [
        0.0759986191617737,
        131
    ],
    "3": [
        0.13656296747832264,
        194
    ],
    "4": [
        0.05865006891295563,
        168
    ],
    "5": [
        0.09360782282418742,
        144
    ],
    "6": [
        0.05329795718644527,
        129
    ],
    "7": [
        0.061055140276525054,
        106
    ],
    "8": [
        0.11642863545001411,
        146
    ],
    "9": [
        0.0676968927207698,
        146
    ],
    "10": [
        0.023343329087196153,
        119
    ],
    "11": [
        0.03745657001668209,
        112
    ],
    "12": [
        0.0461958249465459,
        152
    ],
    "13": [
        0.034949128271835224,
        141
    ],
    "14": [
        0.07086835310092092,
        132
    ]
}