{
    "0": [
        0.04571239652949434,
        146
    ],
    "1": [
        0.0441004124759148,
        141
    ],
    "2": [
        0.09197765524477726,
        127
    ],
    "3": [
        0.026861082108990453,
        121
    ],
    "4": [
        0.07549976549323618,
        152
    ],
    "5": [
        0.06416021765392377,
        123
    ],
    "6": [
        0.08117755137853645,
        103
    ],
    "7": [
        0.0823916655229804,
        175
    ],
    "8": [
        0.034913638960516254,
        106
    ],
    "9": [
        0.0616543337823009,
        100
    ],
    "10": [
        0.10836195523173556,
        171
    ],
    "11": [
        0.09868772823591249,
        147
    ],
    "12": [
        0.09636516231808825,
        136
    ],
    "13": [
        0.04559613204938481,
        135
    ],
    "14": [
        0.04254030301420806,
        134
    ]
}