{
    "0": [
        0.120820784557574,
        98
    ],
    "1": [
        0.056213012009634696,
        105
    ],
    "2": [
        0.037267434378147786,
        99
    ],
    "3": [
        0.033500123608209795,
        141
    ],
    "4": [
        0.030188968231067526,
        87
    ],
    "5": [
        0.06481102661846641,
        132
    ],
    "6": [
        0.08003740071136038,
        151
    ],
    "7": [
        0.14258023057658256,
        185
    ],
    "8": [
        0.05517045554980915,
        90
    ],
    "9": [
        0.12126965336848071,
        175
    ],
    "10": [
        0.06948775707965414,
        84
    ],
    "11": [
        0.03920295290265365,
        105
    ],
    "12": [
        0.059001623614801255,
        131
    ],
    "13": [
        0.06958471532636165,
        123
    ],
    "14": [
        0.02086386146719619,
        94
    ]
}