{
    "0": [
        0.03687552788693216,
        90
    ],
    "1": [
        0.013282315967296626,
        80
    ],
    "2": [
        0.06479448556022151,
        111
    ],
    "3": [
        0.08564076723368717,
        118
    ],
    "4": [
        0.08670690729859593,
        88
    ],
    "5": [
        0.0165820606155716,
        81
    ],
    "6": [
        0.05142297565635162,
        101
    ],
    "7": [
        0.10255852622929489,
        113
    ],
    "8": [
        0.03760503971023931,
        99
    ],
    "9": [
        0.015848552184371843,
        72
    ],
    "10": [
        0.08353811117816302,
        84
    ],
    "11": [
        0.0716035205678287,
        124
    ],
    "12": [
        0.09430291799087688,
        119
    ],
    "13": [
        0.14623127759537718,
        123
    ],
    "14": [
        0.09300701432519144,
        113
    ]
}