{
    "0": [
        0.09475076820528801,
        125
    ],
    "1": [
        0.0444020726876417,
        145
    ],
    "2": [
        0.09333834340054745,
        125
    ],
    "3": [
        0.03150622385636723,
        112
    ],
    "4": [
        0.03651531551228986,
        108
    ],
    "5": [
        0.07291307862710043,
        135
    ],
    "6": [
        0.010838302081376875,
        62
    ],
    "7": [
        0.05834536225966589,
        122
    ],
    "8": [
        0.02591861357047211,
        95
    ],
    "9": [
        0.07749602145471624,
        132
    ],
    "10": [
        0.052372271786585614,
        94
    ],
    "11": [
        0.188700980819581,
        110
    ],
    "12": [
        0.026415158136119936,
        115
    ],
    "13": [
        0.03084017946583832,
        124
    ],
    "14": [
        0.15564730813640928,
        148
    ]
}