{
    "0": [
        0.1102342625005314,
        112
    ],
    "1": [
        0.1127513367854293,
        174
    ],
    "2": [
        0.10354906877584714,
        152
    ],
    "3": [
        0.056649154393293,
        124
    ],
    "4": [
        0.023346050212431274,
        110
    ],
    "5": [
        0.02058631530555578,
        95
    ],
    "6": [
        0.053951590539644836,
        119
    ],
    "7": [
        0.11228373162219381,
        140
    ],
    "8": [
        0.058573625966493445,
        97
    ],
    "9": [
        0.07420538328429574,
        81
    ],
    "10": [
        0.03207871128516471,
        100
    ],
    "11": [
        0.048959039547204194,
        143
    ],
    "12": [
        0.03265535660779103,
        108
    ],
    "13": [
        0.12354675315027895,
        90
    ],
    "14": [
        0.03662962002384558,
        133
    ]
}