{
    "0": [
        0.11858363360415045,
        176
    ],
    "1": [
        0.06710501727593225,
        173
    ],
    "2": [
        0.08765596223024358,
        129
    ],
    "3": [
        0.024907409398889847,
        100
    ],
    "4": [
        0.061103986505814605,
        116
    ],
    "5": [
        0.014074714772514336,
        82
    ],
    "6": [
        0.09814951147069667,
        160
    ],
    "7": [
        0.021702274717486394,
        114
    ],
    "8": [
        0.04664810881152415,
        91
    ],
    "9": [
        0.110006456413594,
        172
    ],
    "10": [
        0.023347014912036543,
        138
    ],
    "11": [
        0.05845113034307369,
        172
    ],
    "12": [
        0.12545224848911468,
        212
    ],
    "13": [
        0.0638300683172478,
        141
    ],
    "14": [
        0.07898246273768103,
        150
    ]
}