{
    "0": [
        0.06739008280531619,
        162
    ],
    "1": [
        0.11186068290508581,
        143
    ],
    "2": [
        0.07203000709746088,
        145
    ],
    "3": [
        0.0819797209711075,
        127
    ],
    "4": [
        0.04163461855129914,
        112
    ],
    "5": [
        0.06404256282357917,
        133
    ],
    "6": [
        0.1678931206603752,
        110
    ],
    "7": [
        0.07484796034343767,
        114
    ],
    "8": [
        0.03073568066607107,
        109
    ],
    "9": [
        0.018233154357036877,
        86
    ],
    "10": [
        0.05045746249508359,
        118
    ],
    "11": [
        0.04502819443707702,
        112
    ],
    "12": [
        0.030975307408893864,
        102
    ],
    "13": [
        0.12486593794749888,
        159
    ],
    "14": [
        0.018025506530677166,
        94
    ]
}