{
    "0": [
        0.09299458423834708,
        95
    ],
    "1": [
        0.043691731111774906,
        117
    ],
    "2": [
        0.07761632856724095,
        110
    ],
    "3": [
        0.0857177775778557,
        167
    ],
    "4": [
        0.01730677123456383,
        81
    ],
    "5": [
        0.023569652868597742,
        124
    ],
    "6": [
        0.02938080473345276,
        97
    ],
    "7": [
        0.08182265038790126,
        174
    ],
    "8": [
        0.014945801488001832,
        79
    ],
    "9": [
        0.11995728348922922,
        155
    ],
    "10": [
        0.11364207027584178,
        139
    ],
    "11": [
        0.07147514989003599,
        143
    ],
    "12": [
        0.06120333370709253,
        129
    ],
    "13": [
        0.10223306117604875,
        140
    ],
    "14": [
        0.06444299925401561,
        121
    ]
}