{
    "0": [
        0.10609170099685801,
        95
    ],
    "1": [
        0.10782013757364226,
        175
    ],
    "2": [
        0.0633619903962141,
        135
    ],
    "3": [
        0.013792277458072554,
        77
    ],
    "4": [
        0.05214448656067223,
        86
    ],
    "5": [
        0.10081256892820636,
        162
    ],
    "6": [
        0.06005442197363658,
        167
    ],
    "7": [
        0.057592208162790585,
        138
    ],
    "8": [
        0.050795092404463456,
        106
    ],
    "9": [
        0.059122966397821254,
        152
    ],
    "10": [
        0.04491314439728919,
        135
    ],
    "11": [
        0.09838686060047444,
        180
    ],
    "12": [
        0.0802794122902187,
        184
    ],
    "13": [
        0.03669084206900572,
        116
    ],
    "14": [
        0.06814188979063474,
        145
    ]
}