{
    "0": [
        0.06070100021047734,
        160
    ],
    "1": [
        0.10092198087920409,
        147
    ],
    "2": [
        0.08249918391012868,
        136
    ],
    "3": [
        0.08007401637319721,
        125
    ],
    "4": [
        0.06219051226316173,
        162
    ],
    "5": [
        0.061719592881922906,
        112
    ],
    "6": [
        0.0846970228097829,
        104
    ],
    "7": [
        0.026721658463515943,
        97
    ],
    "8": [
        0.03849200684852476,
        122
    ],
    "9": [
        0.12390494178937524,
        135
    ],
    "10": [
        0.056437592144887076,
        123
    ],
    "11": [
        0.030487836898686005,
        116
    ],
    "12": [
        0.0414202106318466,
        92
    ],
    "13": [
        0.1012842149744929,
        165
    ],
    "14": [
        0.048448228920796636,
        127
    ]
}