{
    "0": [
        0.025472076713488827,
        114
    ],
    "1": [
        0.044136343252079824,
        100
    ],
    "2": [
        0.08695952033706553,
        119
    ],
    "3": [
        0.07268578398889794,
        140
    ],
    "4": [
        0.031677533423234414,
        99
    ],
    "5": [
        0.058823378336086266,
        150
    ],
    "6": [
        0.020027843286143,
        76
    ],
    "7": [
        0.11552939872597369,
        140
    ],
    "8": [
        0.04977454423192986,
        103
    ],
    "9": [
        0.042781016331013326,
        99
    ],
    "10": [
        0.1786868459809212,
        106
    ],
    "11": [
        0.10751630937212028,
        160
    ],
    "12": [
        0.09234123840430593,
        82
    ],
    "13": [
        0.013318519559695525,
        61
    ],
    "14": [
        0.06026964805704431,
        125
    ]
}