{
    "0": [
        0.16285045896162784,
        166
    ],
    "1": [
        0.05231108001184991,
        128
    ],
    "2": [
        0.035860907974431463,
        96
    ],
    "3": [
        0.05104188285238665,
        126
    ],
    "4": [
        0.08088794485261534,
        114
    ],
    "5": [
        0.1064266901551239,
        155
    ],
    "6": [
        0.05764180086266752,
        148
    ],
    "7": [
        0.06360454243590323,
        135
    ],
    "8": [
        0.02286155404008812,
        98
    ],
    "9": [
        0.07176627441448927,
        131
    ],
    "10": [
        0.02120526782977187,
        111
    ],
    "11": [
        0.029979180685471472,
        114
    ],
    "12": [
        0.08153471467398372,
        139
    ],
    "13": [
        0.13748107479493427,
        180
    ],
    "14": [
        0.02454662545465533,
        119
    ]
}