{
    "0": [
        0.07447455004251954,
        87
    ],
    "1": [
        0.03555966300396631,
        122
    ],
    "2": [
        0.032869789278940575,
        74
    ],
    "3": [
        0.1687814708534226,
        103
    ],
    "4": [
        0.0944120374755202,
        145
    ],
    "5": [
        0.06148414015287207,
        117
    ],
    "6": [
        0.12305949050988732,
        148
    ],
    "7": [
        0.04422614017917861,
        117
    ],
    "8": [
        0.01923039495570342,
        82
    ],
    "9": [
        0.08309734574125217,
        140
    ],
    "10": [
        0.019417602137855594,
        82
    ],
    "11": [
        0.08006853840946965,
        144
    ],
    "12": [
        0.037713133729404484,
        110
    ],
    "13": [
        0.05375491627206081,
        126
    ],
    "14": [
        0.07185078725794675,
        135
    ]
}