{
    "0": [
        0.039460238401429364,
        108
    ],
    "1": [
        0.12719172968542805,
        156
    ],
    "2": [
        0.10003021990895564,
        109
    ],
    "3": [
        0.060888880637709995,
        87
    ],
    "4": [
        0.07231866440778412,
        146
    ],
    "5": [
        0.010425475210907507,
        76
    ],
    "6": [
        0.09937050108011274,
        145
    ],
    "7": [
        0.05839829171705555,
        89
    ],
    "8": [
        0.06274758123352593,
        133
    ],
    "9": [
        0.03349368882604274,
        94
    ],
    "10": [
        0.04591431729001198,
        121
    ],
    "11": [
        0.07610449022277048,
        159
    ],
    "12": [
        0.0697055582414231,
        156
    ],
    "13": [
        0.06431007192295383,
        127
    ],
    "14": [
        0.07964029121388883,
        161
    ]
}