{
    "0": [
        0.11139786010389542,
        179
    ],
    "1": [
        0.04995227990077435,
        136
    ],
    "2": [
        0.01706446740490093,
        93
    ],
    "3": [
        0.06040774623890784,
        183
    ],
    "4": [
        0.058337163625848294,
        106
    ],
    "5": [
        0.103457886650228,
        182
    ],
    "6": [
        0.05115560570859014,
        142
    ],
    "7": [
        0.04403663859887621,
        142
    ],
    "8": [
        0.05010494626232998,
        140
    ],
    "9": [
        0.05804933334306965,
        78
    ],
    "10": [
        0.0927012326955102,
        168
    ],
    "11": [
        0.028493827694241865,
        103
    ],
    "12": [
        0.05477857085578432,
        143
    ],
    "13": [
        0.15317298165288604,
        127
    ],
    "14": [
        0.06688945926415685,
        173
    ]
}