{
    "0": [
        41.6091555241566,
        0
    ],
    "1": [
        31.592661125431846,
        0
    ],
    "2": [
        41.89583023222706,
        0
    ],
    "3": [
        68.61498911589591,
        0
    ],
    "4": [
        54.65061149130351,
        0
    ],
    "5": [
        31.95550656463024,
        0
    ],
    "6": [
        43.457379247719324,
        0
    ],
    "7": [
        40.57610969325114,
        0
    ],
    "8": [
        37.546128566123514,
        0
    ],
    "9": [
        49.709413949636975,
        0
    ],
    "10": [
        50.01237945893522,
        0
    ],
    "11": [
        32.48434720008533,
        0
    ],
    "12": [
        64.14008037020308,
        0
    ],
    "13": [
        56.85600366705234,
        0
    ],
    "14": [
        37.60788725881875,
        0
    ]
}