{
    "0": [
        44.59474931074069,
        0
    ],
    "1": [
        28.006930478589105,
        0
    ],
    "2": [
        38.087635250916726,
        0
    ],
    "3": [
        43.91661315108399,
        0
    ],
    "4": [
        58.175283894467654,
        0
    ],
    "5": [
        39.24489831580048,
        0
    ],
    "6": [
        52.05628275969677,
        0
    ],
    "7": [
        29.542201341881373,
        0
    ],
    "8": [
        35.60148346415538,
        0
    ],
    "9": [
        62.159448864228374,
        0
    ],
    "10": [
        34.44449805309979,
        0
    ],
    "11": [
        37.549579699346424,
        0
    ],
    "12": [
        42.05592273919022,
        0
    ],
    "13": [
        55.58271585622347,
        0
    ],
    "14": [
        45.699018646592506,
        0
    ]
}