{
    "0": [
        84.16101270134051,
        0
    ],
    "1": [
        39.941311064387904,
        0
    ],
    "2": [
        60.34113060958216,
        0
    ],
    "3": [
        53.025068427100784,
        0
    ],
    "4": [
        16.354776132917436,
        0
    ],
    "5": [
        61.74520658398114,
        0
    ],
    "6": [
        38.8239998224831,
        0
    ],
    "7": [
        56.95635591349349,
        0
    ],
    "8": [
        31.908193290835,
        0
    ],
    "9": [
        44.9499263187349,
        0
    ],
    "10": [
        47.28614991816548,
        0
    ],
    "11": [
        53.263558050446484,
        0
    ],
    "12": [
        29.830794152002284,
        0
    ],
    "13": [
        40.126151664065176,
        0
    ],
    "14": [
        40.213307757263124,
        0
    ]
}