{
    "0": [
        43.73106268147251,
        0
    ],
    "1": [
        41.450170691372335,
        0
    ],
    "2": [
        53.798948058315545,
        0
    ],
    "3": [
        38.52420325472651,
        0
    ],
    "4": [
        38.392296361718834,
        0
    ],
    "5": [
        33.33317548749192,
        0
    ],
    "6": [
        34.26993695900293,
        0
    ],
    "7": [
        49.05991388897904,
        0
    ],
    "8": [
        56.05170603295729,
        0
    ],
    "9": [
        35.49467749825314,
        0
    ],
    "10": [
        56.25901249654312,
        0
    ],
    "11": [
        52.947081937744485,
        0
    ],
    "12": [
        57.201313723299535,
        0
    ],
    "13": [
        38.268318756438354,
        0
    ],
    "14": [
        38.11561924030923,
        0
    ]
}