{
    "0": [
        30.770814909456753,
        0
    ],
    "1": [
        57.45629498618339,
        0
    ],
    "2": [
        44.10762890274267,
        0
    ],
    "3": [
        35.03976950819786,
        0
    ],
    "4": [
        46.75717600842337,
        0
    ],
    "5": [
        44.32007419213632,
        0
    ],
    "6": [
        66.15881477392014,
        0
    ],
    "7": [
        48.86187561042065,
        0
    ],
    "8": [
        39.83033973951748,
        0
    ],
    "9": [
        45.97559448988512,
        0
    ],
    "10": [
        36.21741742995626,
        0
    ],
    "11": [
        52.25314523779332,
        0
    ],
    "12": [
        67.59104301499603,
        0
    ],
    "13": [
        34.7417696358121,
        0
    ],
    "14": [
        45.26363830834392,
        0
    ]
}