{
    "0": [
        50.59503950833181,
        0
    ],
    "1": [
        45.98579647318026,
        0
    ],
    "2": [
        56.53701129883892,
        0
    ],
    "3": [
        73.61337876334693,
        0
    ],
    "4": [
        41.397687555100816,
        0
    ],
    "5": [
        41.13802152465401,
        0
    ],
    "6": [
        43.82639546629289,
        0
    ],
    "7": [
        25.00224058356493,
        0
    ],
    "8": [
        58.0336425362279,
        0
    ],
    "9": [
        34.73727189989622,
        0
    ],
    "10": [
        53.785357484427585,
        0
    ],
    "11": [
        39.839389994993816,
        0
    ],
    "12": [
        38.624778507933804,
        0
    ],
    "13": [
        42.84439594267989,
        0
    ],
    "14": [
        33.20529978614391,
        0
    ]
}