{
    "0": [
        58.363798153893114,
        0
    ],
    "1": [
        30.16132432059011,
        0
    ],
    "2": [
        46.4381780487884,
        0
    ],
    "3": [
        32.25665907546936,
        0
    ],
    "4": [
        30.89911682457317,
        0
    ],
    "5": [
        53.76447228278739,
        0
    ],
    "6": [
        53.22210949737759,
        0
    ],
    "7": [
        45.280940285444096,
        0
    ],
    "8": [
        37.72625626778091,
        0
    ],
    "9": [
        35.409740965070164,
        0
    ],
    "10": [
        38.2627063435553,
        0
    ],
    "11": [
        63.95755153729465,
        0
    ],
    "12": [
        47.868066581586575,
        0
    ],
    "13": [
        32.56476095895187,
        0
    ],
    "14": [
        32.38772746632049,
        0
    ]
}