{
    "0": [
        21.887807241652187,
        0
    ],
    "1": [
        35.842985132058644,
        0
    ],
    "2": [
        57.96432538619788,
        0
    ],
    "3": [
        41.38993161941801,
        0
    ],
    "4": [
        36.0188964400232,
        0
    ],
    "5": [
        33.1893227648393,
        0
    ],
    "6": [
        35.17552490506852,
        0
    ],
    "7": [
        49.73486865610381,
        0
    ],
    "8": [
        47.478460524251055,
        0
    ],
    "9": [
        49.58336571046845,
        0
    ],
    "10": [
        30.70846541335246,
        0
    ],
    "11": [
        45.81513151992837,
        0
    ],
    "12": [
        46.15309351397642,
        0
    ],
    "13": [
        45.07471537613179,
        0
    ],
    "14": [
        45.63260379129374,
        0
    ]
}