{
    "0": [
        44.79785686721015,
        0
    ],
    "1": [
        57.34231394922237,
        0
    ],
    "2": [
        45.89977953817691,
        0
    ],
    "3": [
        35.62608742160217,
        0
    ],
    "4": [
        44.49863350986273,
        0
    ],
    "5": [
        44.72869668861468,
        0
    ],
    "6": [
        47.69481443812781,
        0
    ],
    "7": [
        36.68891570313131,
        0
    ],
    "8": [
        40.805796778676125,
        0
    ],
    "9": [
        49.53524511831473,
        0
    ],
    "10": [
        50.023368372699146,
        0
    ],
    "11": [
        29.579902237025696,
        0
    ],
    "12": [
        44.41371290011935,
        0
    ],
    "13": [
        45.89440844677712,
        0
    ],
    "14": [
        40.64093283585275,
        0
    ]
}