{
    "0": [
        55.464697232154215,
        0
    ],
    "1": [
        61.46854858006125,
        0
    ],
    "2": [
        40.20785278260896,
        0
    ],
    "3": [
        49.39194845941465,
        0
    ],
    "4": [
        44.24228198859291,
        0
    ],
    "5": [
        36.245489837374016,
        0
    ],
    "6": [
        41.776968587578864,
        0
    ],
    "7": [
        46.36686496009075,
        0
    ],
    "8": [
        50.917755454790274,
        0
    ],
    "9": [
        23.72535630153608,
        0
    ],
    "10": [
        47.54281045135641,
        0
    ],
    "11": [
        44.63691705623558,
        0
    ],
    "12": [
        48.97848259181552,
        0
    ],
    "13": [
        60.97122004259891,
        0
    ],
    "14": [
        47.43792217116284,
        0
    ]
}