{
    "0": [
        61.81066175644919,
        0
    ],
    "1": [
        37.08788096338885,
        0
    ],
    "2": [
        45.45523516179876,
        0
    ],
    "3": [
        48.082555540953436,
        0
    ],
    "4": [
        62.65603757490066,
        0
    ],
    "5": [
        40.01222815127004,
        0
    ],
    "6": [
        35.33008472785307,
        0
    ],
    "7": [
        38.99918012945964,
        0
    ],
    "8": [
        49.30860561577964,
        0
    ],
    "9": [
        53.900374748454865,
        0
    ],
    "10": [
        34.879884510763056,
        0
    ],
    "11": [
        25.82694948448072,
        0
    ],
    "12": [
        33.6246506955494,
        0
    ],
    "13": [
        67.95049981683236,
        0
    ],
    "14": [
        51.23465015069206,
        0
    ]
}