{
    "0": [
        35.565256497466656,
        0
    ],
    "1": [
        61.10795655244353,
        0
    ],
    "2": [
        43.84750804123822,
        0
    ],
    "3": [
        50.504639239297845,
        0
    ],
    "4": [
        44.61180854382883,
        0
    ],
    "5": [
        37.37449657288371,
        0
    ],
    "6": [
        46.81930057660465,
        0
    ],
    "7": [
        40.05018788905969,
        0
    ],
    "8": [
        49.65725847609608,
        0
    ],
    "9": [
        24.75266421438321,
        0
    ],
    "10": [
        34.15334643454028,
        0
    ],
    "11": [
        37.960665243679756,
        0
    ],
    "12": [
        61.21194543011823,
        0
    ],
    "13": [
        39.99711647501262,
        0
    ],
    "14": [
        54.02652819740301,
        0
    ]
}