{
    "0": [
        64.78401541389778,
        0
    ],
    "1": [
        34.73469212089304,
        0
    ],
    "2": [
        37.16821406393631,
        0
    ],
    "3": [
        39.45053804467686,
        0
    ],
    "4": [
        28.216052079339978,
        0
    ],
    "5": [
        46.18945363913297,
        0
    ],
    "6": [
        47.897426432704385,
        0
    ],
    "7": [
        51.04974733204062,
        0
    ],
    "8": [
        30.54132797457517,
        0
    ],
    "9": [
        43.08805211079721,
        0
    ],
    "10": [
        76.45250062079499,
        0
    ],
    "11": [
        48.83790402576052,
        0
    ],
    "12": [
        16.438503192115604,
        0
    ],
    "13": [
        50.5553170803216,
        0
    ],
    "14": [
        42.29752997427666,
        0
    ]
}