{
    "0": [
        27.449316606831697,
        0
    ],
    "1": [
        31.555827021337294,
        0
    ],
    "2": [
        66.20796485544659,
        0
    ],
    "3": [
        51.26587533738561,
        0
    ],
    "4": [
        64.95850671268548,
        0
    ],
    "5": [
        40.304607158585775,
        0
    ],
    "6": [
        55.57416554279092,
        0
    ],
    "7": [
        35.14180258603902,
        0
    ],
    "8": [
        62.160223778650256,
        0
    ],
    "9": [
        41.47092143895524,
        0
    ],
    "10": [
        34.50564906751357,
        0
    ],
    "11": [
        25.92657063153838,
        0
    ],
    "12": [
        82.77190696623832,
        0
    ],
    "13": [
        34.26103213967105,
        0
    ],
    "14": [
        28.97074601371881,
        0
    ]
}