{
    "0": [
        36.593736848349785,
        0
    ],
    "1": [
        48.417230180241646,
        0
    ],
    "2": [
        39.44937839923179,
        0
    ],
    "3": [
        42.869279790879204,
        0
    ],
    "4": [
        43.3501107071846,
        0
    ],
    "5": [
        31.640014117117516,
        0
    ],
    "6": [
        42.7041605252232,
        0
    ],
    "7": [
        42.28655709239242,
        0
    ],
    "8": [
        53.533106151146555,
        0
    ],
    "9": [
        73.98351648263025,
        0
    ],
    "10": [
        34.10652188257549,
        0
    ],
    "11": [
        53.8689166364858,
        0
    ],
    "12": [
        42.533789727421635,
        0
    ],
    "13": [
        46.247837320018654,
        0
    ],
    "14": [
        28.049273500469514,
        0
    ]
}