{
    "0": [
        43.610792170029654,
        0
    ],
    "1": [
        37.111212435489726,
        0
    ],
    "2": [
        32.56169849796004,
        0
    ],
    "3": [
        68.70864998542062,
        0
    ],
    "4": [
        58.2782515297993,
        0
    ],
    "5": [
        51.44814365811627,
        0
    ],
    "6": [
        41.401876104205115,
        0
    ],
    "7": [
        54.49869385444739,
        0
    ],
    "8": [
        27.423014773122738,
        0
    ],
    "9": [
        50.47250109169053,
        0
    ],
    "10": [
        68.47704680658833,
        0
    ],
    "11": [
        28.72135764455492,
        0
    ],
    "12": [
        41.53141181456288,
        0
    ],
    "13": [
        28.35953115242174,
        0
    ],
    "14": [
        44.65133245162111,
        0
    ]
}