{
    "0": [
        46.01361516913727,
        0
    ],
    "1": [
        36.862392879611825,
        0
    ],
    "2": [
        52.87833876566244,
        0
    ],
    "3": [
        42.24955797122858,
        0
    ],
    "4": [
        57.416115919070194,
        0
    ],
    "5": [
        43.063464814339646,
        0
    ],
    "6": [
        35.17528749140029,
        0
    ],
    "7": [
        29.86671664233763,
        0
    ],
    "8": [
        27.656029443269706,
        0
    ],
    "9": [
        47.76059580054094,
        0
    ],
    "10": [
        48.25062649533253,
        0
    ],
    "11": [
        74.34321228275883,
        0
    ],
    "12": [
        48.57715369441196,
        0
    ],
    "13": [
        42.95303143344591,
        0
    ],
    "14": [
        46.27597900423167,
        0
    ]
}