{
    "0": [
        60.59148256637006,
        0
    ],
    "1": [
        43.21219005063125,
        0
    ],
    "2": [
        33.32228953840455,
        0
    ],
    "3": [
        30.815340316060578,
        0
    ],
    "4": [
        43.211923457518026,
        0
    ],
    "5": [
        38.42180749473012,
        0
    ],
    "6": [
        73.34842121593678,
        0
    ],
    "7": [
        51.04467212618401,
        0
    ],
    "8": [
        58.54317936571672,
        0
    ],
    "9": [
        38.84227166606339,
        0
    ],
    "10": [
        57.627529115251996,
        0
    ],
    "11": [
        38.836716105782614,
        0
    ],
    "12": [
        32.480303793698766,
        0
    ],
    "13": [
        43.49960424252207,
        0
    ],
    "14": [
        37.49184203099196,
        0
    ]
}