{
    "0": [
        34.606120973583245,
        0
    ],
    "1": [
        44.68295936652272,
        0
    ],
    "2": [
        68.61902605559231,
        0
    ],
    "3": [
        19.043880949094707,
        0
    ],
    "4": [
        32.05743602408859,
        0
    ],
    "5": [
        40.98545748364006,
        0
    ],
    "6": [
        46.30593396124467,
        0
    ],
    "7": [
        53.10800182411628,
        0
    ],
    "8": [
        35.25156329013741,
        0
    ],
    "9": [
        28.400524125270145,
        0
    ],
    "10": [
        36.15258773319012,
        0
    ],
    "11": [
        56.388313799548676,
        0
    ],
    "12": [
        51.54185233110394,
        0
    ],
    "13": [
        38.88000415899621,
        0
    ],
    "14": [
        32.89391130873081,
        0
    ]
}