{
    "0": [
        60.219357973337544,
        0
    ],
    "1": [
        46.23474571686911,
        0
    ],
    "2": [
        33.331252387527314,
        0
    ],
    "3": [
        32.604363100495874,
        0
    ],
    "4": [
        40.850140943630414,
        0
    ],
    "5": [
        55.7059049003404,
        0
    ],
    "6": [
        51.99521303739977,
        0
    ],
    "7": [
        33.05366575007262,
        0
    ],
    "8": [
        30.236849315739875,
        0
    ],
    "9": [
        54.961275626340466,
        0
    ],
    "10": [
        36.60551846048939,
        0
    ],
    "11": [
        54.050540769650475,
        0
    ],
    "12": [
        62.30924194619287,
        0
    ],
    "13": [
        46.93211045804781,
        0
    ],
    "14": [
        36.93113778272822,
        0
    ]
}