{
    "0": [
        34.57526604409522,
        0
    ],
    "1": [
        38.417426087497084,
        0
    ],
    "2": [
        42.362926404276884,
        0
    ],
    "3": [
        40.83451318185323,
        0
    ],
    "4": [
        37.17400272065546,
        0
    ],
    "5": [
        50.9192861472252,
        0
    ],
    "6": [
        53.00738021086296,
        0
    ],
    "7": [
        59.57264101705416,
        0
    ],
    "8": [
        53.53135779059493,
        0
    ],
    "9": [
        48.57809349462562,
        0
    ],
    "10": [
        41.06110463863678,
        0
    ],
    "11": [
        58.340339017036925,
        0
    ],
    "12": [
        44.68915535595574,
        0
    ],
    "13": [
        31.983495307948715,
        0
    ],
    "14": [
        45.67967663334578,
        0
    ]
}