{
    "0": [
        51.61015862990087,
        0
    ],
    "1": [
        38.05043987726533,
        0
    ],
    "2": [
        48.55505265576907,
        0
    ],
    "3": [
        58.53170153407175,
        0
    ],
    "4": [
        66.50044215531972,
        0
    ],
    "5": [
        29.806796109725525,
        0
    ],
    "6": [
        39.931873934319434,
        0
    ],
    "7": [
        37.491339046508934,
        0
    ],
    "8": [
        42.4333912793606,
        0
    ],
    "9": [
        51.21739849988792,
        0
    ],
    "10": [
        24.990314620815447,
        0
    ],
    "11": [
        41.87740744708447,
        0
    ],
    "12": [
        36.78327359283554,
        0
    ],
    "13": [
        38.64888311408281,
        0
    ],
    "14": [
        63.887276284692774,
        0
    ]
}