{
    "0": [
        45.8102255344517,
        0
    ],
    "1": [
        41.086042440656556,
        0
    ],
    "2": [
        34.63942206214469,
        0
    ],
    "3": [
        50.2505493250909,
        0
    ],
    "4": [
        43.42139487887416,
        0
    ],
    "5": [
        37.79349875978327,
        0
    ],
    "6": [
        39.518872099508535,
        0
    ],
    "7": [
        49.56147882440389,
        0
    ],
    "8": [
        33.323865806663925,
        0
    ],
    "9": [
        29.98029911001525,
        0
    ],
    "10": [
        55.94342572619814,
        0
    ],
    "11": [
        61.69610063668475,
        0
    ],
    "12": [
        48.99595573466183,
        0
    ],
    "13": [
        33.540331437278574,
        0
    ],
    "14": [
        62.33807411429768,
        0
    ]
}