{
    "0": [
        46.91211386376662,
        0
    ],
    "1": [
        40.81371358276205,
        0
    ],
    "2": [
        30.35464950654522,
        0
    ],
    "3": [
        39.88114907943803,
        0
    ],
    "4": [
        48.11822650154142,
        0
    ],
    "5": [
        59.81976414182958,
        0
    ],
    "6": [
        36.5389397981559,
        0
    ],
    "7": [
        26.563310016567215,
        0
    ],
    "8": [
        42.7274291494485,
        0
    ],
    "9": [
        26.276331569022645,
        0
    ],
    "10": [
        34.871439258536334,
        0
    ],
    "11": [
        66.61098637523291,
        0
    ],
    "12": [
        64.89604171871274,
        0
    ],
    "13": [
        40.31739500964102,
        0
    ],
    "14": [
        28.17966851335234,
        0
    ]
}