{
    "0": [
        44.543204970558854,
        0
    ],
    "1": [
        45.225864232128686,
        0
    ],
    "2": [
        39.35197892424865,
        0
    ],
    "3": [
        38.34994920395212,
        0
    ],
    "4": [
        26.334670037880823,
        0
    ],
    "5": [
        50.53503900779456,
        0
    ],
    "6": [
        68.14945589759384,
        0
    ],
    "7": [
        51.30659724709572,
        0
    ],
    "8": [
        51.57828733652629,
        0
    ],
    "9": [
        40.41242283097447,
        0
    ],
    "10": [
        40.38620597141684,
        0
    ],
    "11": [
        52.5363137732651,
        0
    ],
    "12": [
        53.67152753712885,
        0
    ],
    "13": [
        48.2986726662063,
        0
    ],
    "14": [
        33.148670638855364,
        0
    ]
}