{
    "0": [
        0.07351907639210652,
        20002
    ],
    "1": [
        0.05630272998001702,
        17665
    ],
    "2": [
        0.05729267215918914,
        18647
    ],
    "3": [
        0.04024198412107933,
        16906
    ],
    "4": [
        0.059266302349293365,
        18103
    ],
    "5": [
        0.05846807387155557,
        17808
    ],
    "6": [
        0.07243342454833401,
        19348
    ],
    "7": [
        0.060680206224859735,
        19134
    ],
    "8": [
        0.07396174202378543,
        18984
    ],
    "9": [
        0.08152609997543502,
        19403
    ],
    "10": [
        0.08506869325726668,
        18372
    ],
    "11": [
        0.07514679993497649,
        18073
    ],
    "12": [
        0.07613269050925671,
        18613
    ],
    "13": [
        0.07422190022999903,
        18032
    ],
    "14": [
        0.055737604422846185,
        17857
    ]
}