{
    "0": [
        0.06168096680080026,
        19542
    ],
    "1": [
        0.08401954914773556,
        21154
    ],
    "2": [
        0.04994327104472943,
        18093
    ],
    "3": [
        0.0485339039961617,
        17857
    ],
    "4": [
        0.09537523024666433,
        22924
    ],
    "5": [
        0.06830150562517287,
        21139
    ],
    "6": [
        0.0785052106646657,
        21325
    ],
    "7": [
        0.06870970074962504,
        19279
    ],
    "8": [
        0.04846455744649359,
        18559
    ],
    "9": [
        0.06414284110109174,
        20966
    ],
    "10": [
        0.08117757153704186,
        22092
    ],
    "11": [
        0.04233180532500473,
        18784
    ],
    "12": [
        0.09033337306189315,
        21161
    ],
    "13": [
        0.07003024904733207,
        20846
    ],
    "14": [
        0.04845026420558801,
        17989
    ]
}