{
    "0": [
        0.053823266551424546,
        17226
    ],
    "1": [
        0.03986073196752039,
        15707
    ],
    "2": [
        0.06589980578555564,
        17492
    ],
    "3": [
        0.05995389220691434,
        18014
    ],
    "4": [
        0.10517200921644478,
        19784
    ],
    "5": [
        0.05163560393426513,
        16404
    ],
    "6": [
        0.10927525674954551,
        20640
    ],
    "7": [
        0.08865988728920046,
        18000
    ],
    "8": [
        0.07145285969894645,
        18369
    ],
    "9": [
        0.06623848448461568,
        19108
    ],
    "10": [
        0.06287474242971884,
        16631
    ],
    "11": [
        0.0682250467726511,
        17718
    ],
    "12": [
        0.049362363687404716,
        15470
    ],
    "13": [
        0.05613861732532798,
        17873
    ],
    "14": [
        0.051427431900464296,
        16389
    ]
}