{
    "0": [
        0.07268605081753222,
        19466
    ],
    "1": [
        0.08881427365420679,
        19268
    ],
    "2": [
        0.05149499010657992,
        17796
    ],
    "3": [
        0.062304911221412754,
        19719
    ],
    "4": [
        0.07391098337454083,
        18757
    ],
    "5": [
        0.03835753289384153,
        17161
    ],
    "6": [
        0.07101189931661155,
        18807
    ],
    "7": [
        0.0893294482135936,
        19538
    ],
    "8": [
        0.06325022704824282,
        20209
    ],
    "9": [
        0.053701734477583724,
        18125
    ],
    "10": [
        0.07323948821435806,
        19419
    ],
    "11": [
        0.06560733720098227,
        19717
    ],
    "12": [
        0.06936023874584167,
        20025
    ],
    "13": [
        0.0694708105842384,
        19208
    ],
    "14": [
        0.05746007413043382,
        17304
    ]
}