{
    "0": [
        0.09443238752920428,
        20158
    ],
    "1": [
        0.06116434462573651,
        17082
    ],
    "2": [
        0.04887049942060366,
        15932
    ],
    "3": [
        0.08339890679757427,
        19725
    ],
    "4": [
        0.10884886049977041,
        19591
    ],
    "5": [
        0.06404465207865834,
        18850
    ],
    "6": [
        0.07677028046636514,
        17597
    ],
    "7": [
        0.0556172273671651,
        17895
    ],
    "8": [
        0.07045630185439773,
        17640
    ],
    "9": [
        0.04618431425930509,
        15577
    ],
    "10": [
        0.08588758146749713,
        18813
    ],
    "11": [
        0.04590987769436093,
        17480
    ],
    "12": [
        0.05265835580277287,
        17273
    ],
    "13": [
        0.04111515568358459,
        16285
    ],
    "14": [
        0.06464125445300378,
        17425
    ]
}