{
    "0": [
        0.06199590343697544,
        18926
    ],
    "1": [
        0.06674662779480534,
        19490
    ],
    "2": [
        0.04875360111638214,
        19084
    ],
    "3": [
        0.07430169782149781,
        20453
    ],
    "4": [
        0.06878028524635932,
        20683
    ],
    "5": [
        0.08426497252399978,
        20863
    ],
    "6": [
        0.06495718092308328,
        19627
    ],
    "7": [
        0.07415064881809207,
        18785
    ],
    "8": [
        0.060285238876592304,
        17858
    ],
    "9": [
        0.0442273008087535,
        17665
    ],
    "10": [
        0.06555289283409411,
        20825
    ],
    "11": [
        0.08890517300378337,
        21443
    ],
    "12": [
        0.07311930074898312,
        21045
    ],
    "13": [
        0.05760802897583939,
        16900
    ],
    "14": [
        0.06635114707075912,
        16902
    ]
}