{
    "0": [
        0.06802010900986262,
        18349
    ],
    "1": [
        0.04278635469435485,
        16256
    ],
    "2": [
        0.07409649857743664,
        19214
    ],
    "3": [
        0.07211135911608949,
        18712
    ],
    "4": [
        0.10914691444672267,
        18644
    ],
    "5": [
        0.05102804125242967,
        16349
    ],
    "6": [
        0.04942743001457958,
        16964
    ],
    "7": [
        0.060307390969353517,
        17220
    ],
    "8": [
        0.058878390340496495,
        18118
    ],
    "9": [
        0.06328355354247832,
        18409
    ],
    "10": [
        0.06318837417116444,
        17535
    ],
    "11": [
        0.06579396045398671,
        18181
    ],
    "12": [
        0.06868548974124739,
        18845
    ],
    "13": [
        0.07319821635033735,
        18241
    ],
    "14": [
        0.08004791731946036,
        17894
    ]
}