{
    "0": [
        0.07522346834918028,
        20114
    ],
    "1": [
        0.06086628526333911,
        19954
    ],
    "2": [
        0.04395641225841189,
        17838
    ],
    "3": [
        0.061177157191525396,
        17585
    ],
    "4": [
        0.07500769901324968,
        20453
    ],
    "5": [
        0.06053364942897463,
        18028
    ],
    "6": [
        0.0610509417933863,
        19250
    ],
    "7": [
        0.07431043147435026,
        18516
    ],
    "8": [
        0.06044530118406141,
        18982
    ],
    "9": [
        0.0961596427887344,
        19596
    ],
    "10": [
        0.05458094921080785,
        18687
    ],
    "11": [
        0.05744629013494453,
        18954
    ],
    "12": [
        0.06051915500845543,
        17629
    ],
    "13": [
        0.07269418349088325,
        19119
    ],
    "14": [
        0.08602843340969546,
        19034
    ]
}