{
    "0": [
        0.08421216338542495,
        20538
    ],
    "1": [
        0.06995621819808698,
        18265
    ],
    "2": [
        0.04494349075708261,
        17871
    ],
    "3": [
        0.08636043216826898,
        20543
    ],
    "4": [
        0.05799898842510982,
        18565
    ],
    "5": [
        0.0714363797788494,
        20585
    ],
    "6": [
        0.061398381084216185,
        19218
    ],
    "7": [
        0.07476444990459938,
        21014
    ],
    "8": [
        0.08893203113959107,
        19602
    ],
    "9": [
        0.06336385011919586,
        18798
    ],
    "10": [
        0.052224009165517164,
        17604
    ],
    "11": [
        0.04846325278546351,
        17609
    ],
    "12": [
        0.05183651764882577,
        19424
    ],
    "13": [
        0.08343268269044568,
        21265
    ],
    "14": [
        0.06067715274932256,
        18118
    ]
}