{
    "0": [
        0.06703366344953936,
        19744
    ],
    "1": [
        0.05956120615848087,
        19995
    ],
    "2": [
        0.0616364748045124,
        20929
    ],
    "3": [
        0.06740806258387072,
        19837
    ],
    "4": [
        0.06779740198154671,
        18732
    ],
    "5": [
        0.07191832826921878,
        20502
    ],
    "6": [
        0.0779320211638474,
        19713
    ],
    "7": [
        0.06493097328400947,
        20006
    ],
    "8": [
        0.09129487638917068,
        19265
    ],
    "9": [
        0.06266561070744325,
        18839
    ],
    "10": [
        0.060376214877619086,
        20894
    ],
    "11": [
        0.06240229203333119,
        20056
    ],
    "12": [
        0.06639111334929344,
        20187
    ],
    "13": [
        0.05128953894830496,
        19372
    ],
    "14": [
        0.06736222199981184,
        19237
    ]
}