{
    "0": [
        0.049946557592775685,
        17180
    ],
    "1": [
        0.07672554987604215,
        19715
    ],
    "2": [
        0.07250186813247919,
        18444
    ],
    "3": [
        0.045914138015369234,
        17791
    ],
    "4": [
        0.06197672350372078,
        19492
    ],
    "5": [
        0.06840613427117583,
        18289
    ],
    "6": [
        0.08238487663168899,
        19535
    ],
    "7": [
        0.06625797644806602,
        17711
    ],
    "8": [
        0.06479177120788547,
        18886
    ],
    "9": [
        0.05469750819786491,
        18992
    ],
    "10": [
        0.05769319397623698,
        18073
    ],
    "11": [
        0.07783223225464796,
        19002
    ],
    "12": [
        0.07967486689335224,
        19378
    ],
    "13": [
        0.07770540670056583,
        20006
    ],
    "14": [
        0.06349119629812885,
        18541
    ]
}