{
    "0": [
        0.07688668419416775,
        19510
    ],
    "1": [
        0.06981131553622723,
        18859
    ],
    "2": [
        0.11270962897353072,
        21238
    ],
    "3": [
        0.092212233116409,
        19475
    ],
    "4": [
        0.06198726789380831,
        18740
    ],
    "5": [
        0.040929727068555265,
        15967
    ],
    "6": [
        0.050176939749937755,
        17156
    ],
    "7": [
        0.041753784258818975,
        16214
    ],
    "8": [
        0.0815088417676079,
        19772
    ],
    "9": [
        0.04509480117508775,
        16764
    ],
    "10": [
        0.07786210341546594,
        20352
    ],
    "11": [
        0.06011307473748401,
        16457
    ],
    "12": [
        0.04561214157043785,
        18174
    ],
    "13": [
        0.08370040006765132,
        18759
    ],
    "14": [
        0.05964105647481002,
        16197
    ]
}