{
    "0": [
        0.0726556402924175,
        18533
    ],
    "1": [
        0.04658891466603016,
        16909
    ],
    "2": [
        0.06176164867033532,
        19612
    ],
    "3": [
        0.07434099478815093,
        17599
    ],
    "4": [
        0.06442147929162712,
        19684
    ],
    "5": [
        0.05775541587148015,
        19336
    ],
    "6": [
        0.08191432565272225,
        20418
    ],
    "7": [
        0.046505349368419734,
        17092
    ],
    "8": [
        0.07588855916892032,
        19048
    ],
    "9": [
        0.07455923530709592,
        19695
    ],
    "10": [
        0.06492036592578153,
        19807
    ],
    "11": [
        0.0640040043094705,
        20579
    ],
    "12": [
        0.0721779542567609,
        17374
    ],
    "13": [
        0.07373909988849164,
        18725
    ],
    "14": [
        0.06876701254229595,
        18243
    ]
}