{
    "0": [
        0.0704608857764325,
        18495
    ],
    "1": [
        0.07003437600535657,
        16910
    ],
    "2": [
        0.07714134378553267,
        18851
    ],
    "3": [
        0.05367584058136757,
        18366
    ],
    "4": [
        0.04764605237298876,
        17092
    ],
    "5": [
        0.07176120373067098,
        18974
    ],
    "6": [
        0.06467185455374333,
        16906
    ],
    "7": [
        0.08118949389595638,
        18968
    ],
    "8": [
        0.038240051509747526,
        16262
    ],
    "9": [
        0.06599350127467261,
        18359
    ],
    "10": [
        0.04740197464585995,
        15627
    ],
    "11": [
        0.069599579237616,
        18116
    ],
    "12": [
        0.07375613226794857,
        16902
    ],
    "13": [
        0.07615737993353802,
        19228
    ],
    "14": [
        0.0922703304285686,
        18849
    ]
}