{
    "0": [
        0.0577380181311808,
        17753
    ],
    "1": [
        0.06396161894211304,
        19394
    ],
    "2": [
        0.08557001783904081,
        18779
    ],
    "3": [
        0.06411665700936305,
        17925
    ],
    "4": [
        0.050838242579951884,
        17451
    ],
    "5": [
        0.048938458815835,
        16383
    ],
    "6": [
        0.06468246709560489,
        19345
    ],
    "7": [
        0.09527850871877916,
        17489
    ],
    "8": [
        0.060541048474600796,
        18092
    ],
    "9": [
        0.07107004746733664,
        17958
    ],
    "10": [
        0.07495955861585671,
        19065
    ],
    "11": [
        0.07724790446050599,
        19574
    ],
    "12": [
        0.05841271547551386,
        16856
    ],
    "13": [
        0.08226319851779479,
        19469
    ],
    "14": [
        0.04438153785652288,
        17064
    ]
}