{
    "0": [
        0.052513682600760295,
        17969
    ],
    "1": [
        0.060756304981926565,
        18997
    ],
    "2": [
        0.05071297778790261,
        17590
    ],
    "3": [
        0.06239594885351693,
        17873
    ],
    "4": [
        0.07393317308654676,
        19092
    ],
    "5": [
        0.0627291679161981,
        19003
    ],
    "6": [
        0.05941886961468099,
        19458
    ],
    "7": [
        0.07307317788275039,
        18582
    ],
    "8": [
        0.061767643553663036,
        18042
    ],
    "9": [
        0.10327680279260316,
        21851
    ],
    "10": [
        0.09369477682381958,
        19959
    ],
    "11": [
        0.07143423089969479,
        19914
    ],
    "12": [
        0.05226217115182376,
        18137
    ],
    "13": [
        0.0605748276925369,
        20722
    ],
    "14": [
        0.061456244361576234,
        19137
    ]
}