{
    "0": [
        0.06359783660004728,
        18190
    ],
    "1": [
        0.060564768973469754,
        17613
    ],
    "2": [
        0.08501794907296858,
        18836
    ],
    "3": [
        0.06481829473089999,
        18755
    ],
    "4": [
        0.061659604609867656,
        17908
    ],
    "5": [
        0.057094977244987646,
        18173
    ],
    "6": [
        0.058726560782048416,
        17556
    ],
    "7": [
        0.07807789662553812,
        18754
    ],
    "8": [
        0.049652188921031556,
        17368
    ],
    "9": [
        0.08433717439231814,
        18221
    ],
    "10": [
        0.05232629212400708,
        16755
    ],
    "11": [
        0.07704441350901568,
        18456
    ],
    "12": [
        0.06742334277896377,
        18159
    ],
    "13": [
        0.055082811709796946,
        18445
    ],
    "14": [
        0.08457588792503953,
        18734
    ]
}