{
    "0": [
        0.08514312638754626,
        20061
    ],
    "1": [
        0.08419022866054675,
        20488
    ],
    "2": [
        0.09642893981076683,
        18999
    ],
    "3": [
        0.04549750568872363,
        16911
    ],
    "4": [
        0.07046756120792534,
        18925
    ],
    "5": [
        0.04760050775629617,
        16417
    ],
    "6": [
        0.06107130617728141,
        19872
    ],
    "7": [
        0.06404726752401693,
        18085
    ],
    "8": [
        0.07516652272389401,
        18995
    ],
    "9": [
        0.07074793194640051,
        19310
    ],
    "10": [
        0.05722825336788007,
        19055
    ],
    "11": [
        0.06409989917257171,
        19693
    ],
    "12": [
        0.05439553926382732,
        16791
    ],
    "13": [
        0.0618544155617398,
        17418
    ],
    "14": [
        0.06206099475058341,
        19393
    ]
}