{
    "0": [
        0.055124331953552645,
        18027
    ],
    "1": [
        0.06745316841516982,
        16978
    ],
    "2": [
        0.05334095439562409,
        17726
    ],
    "3": [
        0.09048058853728028,
        17767
    ],
    "4": [
        0.09193944168833716,
        19157
    ],
    "5": [
        0.060442847150068486,
        17885
    ],
    "6": [
        0.06777395344594288,
        18063
    ],
    "7": [
        0.060098080798552,
        17378
    ],
    "8": [
        0.0621315310303892,
        16916
    ],
    "9": [
        0.06150074870960666,
        16925
    ],
    "10": [
        0.07858019140507627,
        19085
    ],
    "11": [
        0.05079364286495977,
        15967
    ],
    "12": [
        0.06568154571273165,
        16444
    ],
    "13": [
        0.056762007860965934,
        18685
    ],
    "14": [
        0.07789696603174326,
        18252
    ]
}