{
    "0": [
        0.0813503353317432,
        18112
    ],
    "1": [
        0.08277308132284465,
        18956
    ],
    "2": [
        0.060952529647183444,
        17642
    ],
    "3": [
        0.05062102887310892,
        17447
    ],
    "4": [
        0.08817421386645381,
        18064
    ],
    "5": [
        0.051562457780300386,
        17720
    ],
    "6": [
        0.053820299110049735,
        17255
    ],
    "7": [
        0.054045988501933886,
        16548
    ],
    "8": [
        0.08173764535201916,
        19133
    ],
    "9": [
        0.05803278451904308,
        17583
    ],
    "10": [
        0.07650685532921793,
        19793
    ],
    "11": [
        0.07673026687789913,
        18069
    ],
    "12": [
        0.04414808272922812,
        16010
    ],
    "13": [
        0.07091586200363073,
        19256
    ],
    "14": [
        0.06862856875534387,
        17225
    ]
}