{
    "0": [
        0.07018356919650574,
        19190
    ],
    "1": [
        0.07437244670573966,
        19216
    ],
    "2": [
        0.05670061135102313,
        16720
    ],
    "3": [
        0.09232831977606205,
        21623
    ],
    "4": [
        0.06761820341472427,
        18712
    ],
    "5": [
        0.06731525781242935,
        18446
    ],
    "6": [
        0.09327541706702877,
        20885
    ],
    "7": [
        0.06638367912467504,
        19717
    ],
    "8": [
        0.06317578590218012,
        18280
    ],
    "9": [
        0.047717260750922065,
        18671
    ],
    "10": [
        0.06549714565581836,
        19143
    ],
    "11": [
        0.0628778114917032,
        19407
    ],
    "12": [
        0.054304084140007064,
        16916
    ],
    "13": [
        0.06683989974229823,
        18850
    ],
    "14": [
        0.05141050786888287,
        18845
    ]
}