{
    "0": [
        0.07129711157057776,
        18925
    ],
    "1": [
        0.06315064174076579,
        19099
    ],
    "2": [
        0.07178257996924084,
        18655
    ],
    "3": [
        0.07758597189797567,
        18928
    ],
    "4": [
        0.07346947641835058,
        18609
    ],
    "5": [
        0.04912206905415518,
        18681
    ],
    "6": [
        0.055613807020953254,
        19135
    ],
    "7": [
        0.0864175334254564,
        19715
    ],
    "8": [
        0.06146018582415637,
        17412
    ],
    "9": [
        0.06683221701421482,
        18110
    ],
    "10": [
        0.07053262589232148,
        19421
    ],
    "11": [
        0.06554130319614607,
        18604
    ],
    "12": [
        0.05661349097009286,
        18966
    ],
    "13": [
        0.05510228542616217,
        16949
    ],
    "14": [
        0.07547870057943094,
        18642
    ]
}