{
    "0": [
        0.06200035251144674,
        18115
    ],
    "1": [
        0.07400000216324985,
        18373
    ],
    "2": [
        0.08295901297153824,
        20770
    ],
    "3": [
        0.06536328549348526,
        17957
    ],
    "4": [
        0.05974623270432533,
        16995
    ],
    "5": [
        0.06406772033467205,
        18070
    ],
    "6": [
        0.053750487964282945,
        18076
    ],
    "7": [
        0.05743521960964897,
        18706
    ],
    "8": [
        0.07015101477790955,
        18485
    ],
    "9": [
        0.06541851531086391,
        18858
    ],
    "10": [
        0.0655275860070865,
        17604
    ],
    "11": [
        0.060045443159412494,
        17266
    ],
    "12": [
        0.06311978349097538,
        18003
    ],
    "13": [
        0.088166536252425,
        20314
    ],
    "14": [
        0.06824880724867792,
        20073
    ]
}