{
    "0": [
        0.058756535952084965,
        18558
    ],
    "1": [
        0.0695644000958868,
        21473
    ],
    "2": [
        0.06632781702251557,
        18432
    ],
    "3": [
        0.06312408805963068,
        19424
    ],
    "4": [
        0.04946342533415672,
        17724
    ],
    "5": [
        0.08187374627156689,
        19389
    ],
    "6": [
        0.06003812390784698,
        19872
    ],
    "7": [
        0.05295346520134302,
        17810
    ],
    "8": [
        0.05614623280120781,
        19297
    ],
    "9": [
        0.07867783967355284,
        19899
    ],
    "10": [
        0.08098670502800055,
        20111
    ],
    "11": [
        0.08074877072340388,
        20826
    ],
    "12": [
        0.07774466069451776,
        19787
    ],
    "13": [
        0.058821640835441995,
        18719
    ],
    "14": [
        0.0647725483988437,
        20406
    ]
}