{
    "0": [
        0.08676735254580151,
        19036
    ],
    "1": [
        0.07612888141843221,
        17840
    ],
    "2": [
        0.05765235963824361,
        17647
    ],
    "3": [
        0.07442778586990746,
        17512
    ],
    "4": [
        0.05455989405424674,
        18048
    ],
    "5": [
        0.0735385076824062,
        18502
    ],
    "6": [
        0.07132231784475536,
        18233
    ],
    "7": [
        0.04917457877768955,
        16709
    ],
    "8": [
        0.05147051359524975,
        16060
    ],
    "9": [
        0.07369333581131296,
        18367
    ],
    "10": [
        0.054003510026937276,
        16887
    ],
    "11": [
        0.04750005681495337,
        17287
    ],
    "12": [
        0.08716005970732284,
        19747
    ],
    "13": [
        0.08899627482935055,
        19222
    ],
    "14": [
        0.05360457138339053,
        16454
    ]
}