{
    "0": [
        0.048719220190099645,
        17218
    ],
    "1": [
        0.10341688697715834,
        20497
    ],
    "2": [
        0.06353551378333291,
        17182
    ],
    "3": [
        0.048641218121220804,
        16732
    ],
    "4": [
        0.05158425672856126,
        16713
    ],
    "5": [
        0.05650618828093618,
        16319
    ],
    "6": [
        0.07696818624381331,
        16919
    ],
    "7": [
        0.07146563211218192,
        17227
    ],
    "8": [
        0.07113018238475828,
        17358
    ],
    "9": [
        0.05724095482788252,
        16847
    ],
    "10": [
        0.06949571305474378,
        18348
    ],
    "11": [
        0.08579429367257978,
        17482
    ],
    "12": [
        0.07353119356426122,
        18959
    ],
    "13": [
        0.05365183279912318,
        18024
    ],
    "14": [
        0.068318727259347,
        17384
    ]
}