{
    "0": [
        0.07032958321174383,
        18770
    ],
    "1": [
        0.050076615751007886,
        16596
    ],
    "2": [
        0.052662319907862166,
        17315
    ],
    "3": [
        0.07008625274068797,
        16880
    ],
    "4": [
        0.0762557828611836,
        17617
    ],
    "5": [
        0.05734989644470338,
        17057
    ],
    "6": [
        0.05975300242697803,
        18015
    ],
    "7": [
        0.06144919949845154,
        18477
    ],
    "8": [
        0.07150314831708046,
        17293
    ],
    "9": [
        0.07288002665634345,
        18416
    ],
    "10": [
        0.08198242890427347,
        19754
    ],
    "11": [
        0.0681947726585595,
        17520
    ],
    "12": [
        0.08503965114415811,
        19086
    ],
    "13": [
        0.05566852962355645,
        18150
    ],
    "14": [
        0.06676878985341028,
        18125
    ]
}