{
    "0": [
        0.055467648470428024,
        19381
    ],
    "1": [
        0.08750830483133978,
        19713
    ],
    "2": [
        0.07211440828060393,
        17978
    ],
    "3": [
        0.052279694229795975,
        18230
    ],
    "4": [
        0.05411393249134033,
        17476
    ],
    "5": [
        0.0692434438156932,
        16399
    ],
    "6": [
        0.05947736608836932,
        17768
    ],
    "7": [
        0.060404254282216685,
        17019
    ],
    "8": [
        0.05132432946522042,
        17184
    ],
    "9": [
        0.09027483490414628,
        19852
    ],
    "10": [
        0.0638372038037283,
        17354
    ],
    "11": [
        0.08733828108506307,
        17931
    ],
    "12": [
        0.08190728001294172,
        18846
    ],
    "13": [
        0.05353769254726973,
        17091
    ],
    "14": [
        0.06117132569184303,
        18335
    ]
}