{
    "0": [
        0.08929970147338098,
        19724
    ],
    "1": [
        0.06456217736023134,
        18514
    ],
    "2": [
        0.07341428452429691,
        19316
    ],
    "3": [
        0.08035237581316523,
        20408
    ],
    "4": [
        0.0676937295896938,
        18670
    ],
    "5": [
        0.046410233842899724,
        16628
    ],
    "6": [
        0.06047872403190381,
        17858
    ],
    "7": [
        0.06937565138423743,
        18976
    ],
    "8": [
        0.06387103265193213,
        17370
    ],
    "9": [
        0.0756654065121301,
        18093
    ],
    "10": [
        0.08434093413219504,
        20548
    ],
    "11": [
        0.04799306783600517,
        17750
    ],
    "12": [
        0.05956695626455509,
        18527
    ],
    "13": [
        0.0607684759204901,
        17965
    ],
    "14": [
        0.05620724866288302,
        18010
    ]
}