{
    "0": [
        0.07939004702428554,
        18277
    ],
    "1": [
        0.06300123627660774,
        17123
    ],
    "2": [
        0.0542124897119777,
        16160
    ],
    "3": [
        0.08369943163044714,
        18663
    ],
    "4": [
        0.06644150842657673,
        18707
    ],
    "5": [
        0.06315476199390335,
        17801
    ],
    "6": [
        0.05583784140960782,
        17436
    ],
    "7": [
        0.06984948562076948,
        18155
    ],
    "8": [
        0.049408058909739996,
        16657
    ],
    "9": [
        0.04613260600229098,
        16542
    ],
    "10": [
        0.08292970398580629,
        19548
    ],
    "11": [
        0.10366427175112669,
        20001
    ],
    "12": [
        0.05501004308170224,
        18140
    ],
    "13": [
        0.06206719843781395,
        17830
    ],
    "14": [
        0.0652013157373444,
        18767
    ]
}