{
    "0": [
        0.08247801044469673,
        18477
    ],
    "1": [
        0.06461200109315039,
        18399
    ],
    "2": [
        0.0746960000639145,
        18170
    ],
    "3": [
        0.05776222015227018,
        17166
    ],
    "4": [
        0.04112867335259752,
        16784
    ],
    "5": [
        0.06465008250851131,
        17852
    ],
    "6": [
        0.04146210086058939,
        15918
    ],
    "7": [
        0.052413462752465036,
        17405
    ],
    "8": [
        0.060211107603030854,
        16783
    ],
    "9": [
        0.0635050604598198,
        18049
    ],
    "10": [
        0.053013182115209015,
        16527
    ],
    "11": [
        0.11916347137927431,
        18455
    ],
    "12": [
        0.07513286688176136,
        17823
    ],
    "13": [
        0.04443923279199844,
        17636
    ],
    "14": [
        0.10533252754071118,
        20556
    ]
}