{
    "0": [
        0.05810788344504965,
        18358
    ],
    "1": [
        0.06683295512917307,
        17006
    ],
    "2": [
        0.09365984145831006,
        19187
    ],
    "3": [
        0.07042366225375668,
        18393
    ],
    "4": [
        0.05137787812167411,
        15507
    ],
    "5": [
        0.06364870452525871,
        17972
    ],
    "6": [
        0.05568232753340184,
        16374
    ],
    "7": [
        0.06540661993857713,
        16981
    ],
    "8": [
        0.05754018280254698,
        17202
    ],
    "9": [
        0.06716743993124989,
        17315
    ],
    "10": [
        0.06551527465111054,
        17663
    ],
    "11": [
        0.055963721079278494,
        15601
    ],
    "12": [
        0.09810388922501444,
        18270
    ],
    "13": [
        0.07545239776954828,
        18158
    ],
    "14": [
        0.05511722213605015,
        16858
    ]
}