{
    "0": [
        0.08067100968759774,
        17981
    ],
    "1": [
        0.10208134557940354,
        17585
    ],
    "2": [
        0.07560222134832481,
        18170
    ],
    "3": [
        0.0646614833816079,
        18105
    ],
    "4": [
        0.07209764874233832,
        16652
    ],
    "5": [
        0.05572197018336121,
        16905
    ],
    "6": [
        0.057122232148767695,
        17240
    ],
    "7": [
        0.06645460579296636,
        18373
    ],
    "8": [
        0.07357554675056979,
        17549
    ],
    "9": [
        0.05986359456087822,
        17794
    ],
    "10": [
        0.0627420075727127,
        16644
    ],
    "11": [
        0.055717735804682346,
        17440
    ],
    "12": [
        0.061815692304037995,
        17975
    ],
    "13": [
        0.06679752599929686,
        17711
    ],
    "14": [
        0.04507538014345443,
        16640
    ]
}