{
    "0": [
        0.0834690957574304,
        20370
    ],
    "1": [
        0.05073571132217529,
        18158
    ],
    "2": [
        0.05096885686374869,
        18652
    ],
    "3": [
        0.05298315748465249,
        18786
    ],
    "4": [
        0.057477410504388204,
        18204
    ],
    "5": [
        0.07085490287926857,
        18806
    ],
    "6": [
        0.08330977182040517,
        20067
    ],
    "7": [
        0.08503965177398727,
        20979
    ],
    "8": [
        0.05131239405798405,
        18479
    ],
    "9": [
        0.07629464418264303,
        20169
    ],
    "10": [
        0.07685698928521942,
        19684
    ],
    "11": [
        0.047110303712124255,
        18125
    ],
    "12": [
        0.07114296841471378,
        19357
    ],
    "13": [
        0.046044095309244984,
        17744
    ],
    "14": [
        0.09640004663201443,
        20508
    ]
}