{
    "0": [
        0.07825430606547158,
        19105
    ],
    "1": [
        0.058358181057675235,
        16902
    ],
    "2": [
        0.05593740639768294,
        16847
    ],
    "3": [
        0.06092421309819256,
        18571
    ],
    "4": [
        0.047999807520053235,
        16606
    ],
    "5": [
        0.05058189986138366,
        16968
    ],
    "6": [
        0.056107119793109,
        15781
    ],
    "7": [
        0.06441234519441237,
        17027
    ],
    "8": [
        0.07936096472933724,
        19317
    ],
    "9": [
        0.06182275853133397,
        17789
    ],
    "10": [
        0.08791041574317074,
        18322
    ],
    "11": [
        0.09315148049524272,
        20038
    ],
    "12": [
        0.08700956664746752,
        18145
    ],
    "13": [
        0.06381539501170364,
        20010
    ],
    "14": [
        0.05435413985376354,
        17299
    ]
}