{
    "0": [
        162.61002503905283,
        0
    ],
    "1": [
        137.42127436874915,
        0
    ],
    "2": [
        208.5644076550349,
        0
    ],
    "3": [
        140.33849279346825,
        0
    ],
    "4": [
        104.18892761632888,
        0
    ],
    "5": [
        185.69878278126822,
        0
    ],
    "6": [
        169.6699848375714,
        0
    ],
    "7": [
        104.67684812579135,
        0
    ],
    "8": [
        178.54727973650304,
        0
    ],
    "9": [
        149.77613525019908,
        0
    ],
    "10": [
        105.46329387943842,
        0
    ],
    "11": [
        106.04067252167843,
        0
    ],
    "12": [
        203.20253114788386,
        0
    ],
    "13": [
        113.30230967267478,
        0
    ],
    "14": [
        151.01840284047736,
        0
    ]
}