{
    "0": [
        76.50522645966096,
        0
    ],
    "1": [
        122.27535408549139,
        0
    ],
    "2": [
        167.1212278009084,
        0
    ],
    "3": [
        127.73118437149914,
        0
    ],
    "4": [
        140.0476363648542,
        0
    ],
    "5": [
        104.43995610503055,
        0
    ],
    "6": [
        103.40953428561409,
        0
    ],
    "7": [
        135.7776561732592,
        0
    ],
    "8": [
        121.30513074834951,
        0
    ],
    "9": [
        127.99460303032977,
        0
    ],
    "10": [
        154.26157215382352,
        0
    ],
    "11": [
        220.55205643079816,
        0
    ],
    "12": [
        98.55575311717783,
        0
    ],
    "13": [
        155.69965719817688,
        0
    ],
    "14": [
        181.9619026642964,
        0
    ]
}