{
    "0": [
        152.22425848886436,
        0
    ],
    "1": [
        125.04769277728008,
        0
    ],
    "2": [
        92.54605157115827,
        0
    ],
    "3": [
        150.19219248365962,
        0
    ],
    "4": [
        146.10361307965508,
        0
    ],
    "5": [
        115.1884558815203,
        0
    ],
    "6": [
        115.6871100508381,
        0
    ],
    "7": [
        136.08966465625502,
        0
    ],
    "8": [
        89.84130084114977,
        0
    ],
    "9": [
        91.6824975835436,
        0
    ],
    "10": [
        184.47847217860414,
        0
    ],
    "11": [
        196.28335900772606,
        0
    ],
    "12": [
        144.87557413228458,
        0
    ],
    "13": [
        110.12965322071763,
        0
    ],
    "14": [
        194.45739903264078,
        0
    ]
}