{
    "0": [
        120.416554184066,
        0
    ],
    "1": [
        148.49514798188326,
        0
    ],
    "2": [
        111.4627203615894,
        0
    ],
    "3": [
        91.06475643317454,
        0
    ],
    "4": [
        151.54478729238298,
        0
    ],
    "5": [
        83.3673355094777,
        0
    ],
    "6": [
        99.02610964919658,
        0
    ],
    "7": [
        168.16463367105487,
        0
    ],
    "8": [
        220.2267711657212,
        0
    ],
    "9": [
        85.24278997792177,
        0
    ],
    "10": [
        170.40163184325482,
        0
    ],
    "11": [
        96.20100026081661,
        0
    ],
    "12": [
        143.61795292376374,
        0
    ],
    "13": [
        139.05717323172317,
        0
    ],
    "14": [
        161.44455716023256,
        0
    ]
}