{
    "0": [
        230.77026144191103,
        0
    ],
    "1": [
        128.92099544638157,
        0
    ],
    "2": [
        95.44290750619582,
        0
    ],
    "3": [
        144.51782639016002,
        0
    ],
    "4": [
        134.48137670577523,
        0
    ],
    "5": [
        161.61564741986749,
        0
    ],
    "6": [
        149.9230828553282,
        0
    ],
    "7": [
        82.18465636113743,
        0
    ],
    "8": [
        122.49478927645175,
        0
    ],
    "9": [
        155.047493080752,
        0
    ],
    "10": [
        187.168503109155,
        0
    ],
    "11": [
        173.65839428692098,
        0
    ],
    "12": [
        155.16151425174863,
        0
    ],
    "13": [
        136.55169904020389,
        0
    ],
    "14": [
        135.4615830990944,
        0
    ]
}