{
    "0": [
        129.62934522887832,
        0
    ],
    "1": [
        119.3415742917876,
        0
    ],
    "2": [
        154.98666775765193,
        0
    ],
    "3": [
        115.39572213583992,
        0
    ],
    "4": [
        58.13237863641627,
        0
    ],
    "5": [
        137.6215998088036,
        0
    ],
    "6": [
        138.68047738491725,
        0
    ],
    "7": [
        180.30726541052508,
        0
    ],
    "8": [
        212.993996495735,
        0
    ],
    "9": [
        120.70365811952412,
        0
    ],
    "10": [
        159.82325390725572,
        0
    ],
    "11": [
        105.11238680996337,
        0
    ],
    "12": [
        208.64287609098633,
        0
    ],
    "13": [
        170.21161319460217,
        0
    ],
    "14": [
        83.52642842995994,
        0
    ]
}