{
    "0": [
        126.319411081123,
        0
    ],
    "1": [
        67.03766321594983,
        0
    ],
    "2": [
        201.79760078825095,
        0
    ],
    "3": [
        159.80412309393694,
        0
    ],
    "4": [
        175.98306204446757,
        0
    ],
    "5": [
        82.71046594971844,
        0
    ],
    "6": [
        148.8132726337167,
        0
    ],
    "7": [
        102.8351726985611,
        0
    ],
    "8": [
        137.2593560352039,
        0
    ],
    "9": [
        149.74565474292592,
        0
    ],
    "10": [
        138.67975252103923,
        0
    ],
    "11": [
        145.40452665314223,
        0
    ],
    "12": [
        145.87497905346166,
        0
    ],
    "13": [
        214.88296244568298,
        0
    ],
    "14": [
        183.2452382596856,
        0
    ]
}