{
    "0": [
        136.5929021628498,
        0
    ],
    "1": [
        160.66261464929485,
        0
    ],
    "2": [
        137.11304641650773,
        0
    ],
    "3": [
        139.28470567713296,
        0
    ],
    "4": [
        139.45223847733666,
        0
    ],
    "5": [
        121.95826149323725,
        0
    ],
    "6": [
        142.36357228936944,
        0
    ],
    "7": [
        194.30574341725392,
        0
    ],
    "8": [
        132.26945935743925,
        0
    ],
    "9": [
        155.57486254592274,
        0
    ],
    "10": [
        187.57920413154534,
        0
    ],
    "11": [
        90.58104577723593,
        0
    ],
    "12": [
        97.21056341705436,
        0
    ],
    "13": [
        189.11663995540556,
        0
    ],
    "14": [
        128.25238174903325,
        0
    ]
}