{
    "0": [
        83.51141701784556,
        0
    ],
    "1": [
        154.81508075068757,
        0
    ],
    "2": [
        146.63894958715707,
        0
    ],
    "3": [
        145.60866941627492,
        0
    ],
    "4": [
        193.4164521497146,
        0
    ],
    "5": [
        183.12498899779715,
        0
    ],
    "6": [
        197.23254957572627,
        0
    ],
    "7": [
        210.7115372168988,
        0
    ],
    "8": [
        85.76448201368608,
        0
    ],
    "9": [
        94.80293912459521,
        0
    ],
    "10": [
        85.82963273426492,
        0
    ],
    "11": [
        109.98613672713508,
        0
    ],
    "12": [
        148.7841416231264,
        0
    ],
    "13": [
        91.37520908631683,
        0
    ],
    "14": [
        141.7492210022038,
        0
    ]
}