{
    "0": [
        166.02577883600907,
        0
    ],
    "1": [
        171.40477507792474,
        0
    ],
    "2": [
        242.9722165795111,
        0
    ],
    "3": [
        136.29224556168228,
        0
    ],
    "4": [
        147.48228167491334,
        0
    ],
    "5": [
        131.6568298554257,
        0
    ],
    "6": [
        169.25298657572407,
        0
    ],
    "7": [
        166.2543893898002,
        0
    ],
    "8": [
        108.39500715038083,
        0
    ],
    "9": [
        125.07992718376363,
        0
    ],
    "10": [
        141.14760290511418,
        0
    ],
    "11": [
        184.27451172463574,
        0
    ],
    "12": [
        93.7155315610219,
        0
    ],
    "13": [
        129.81204139858244,
        0
    ],
    "14": [
        103.00213492077836,
        0
    ]
}