{
    "0": [
        174.9103685349425,
        0
    ],
    "1": [
        180.75065522847936,
        0
    ],
    "2": [
        151.0246591218157,
        0
    ],
    "3": [
        136.82493792194856,
        0
    ],
    "4": [
        130.762352784458,
        0
    ],
    "5": [
        127.36894025943057,
        0
    ],
    "6": [
        125.09455456790116,
        0
    ],
    "7": [
        142.51383235359415,
        0
    ],
    "8": [
        168.95450875928762,
        0
    ],
    "9": [
        54.97697293588951,
        0
    ],
    "10": [
        139.173254353032,
        0
    ],
    "11": [
        105.91843215393799,
        0
    ],
    "12": [
        172.07806902589326,
        0
    ],
    "13": [
        174.01188029485738,
        0
    ],
    "14": [
        147.20870381317107,
        0
    ]
}