{
    "0": [
        163.77969761727292,
        0
    ],
    "1": [
        91.38368482399315,
        0
    ],
    "2": [
        123.81809730366317,
        0
    ],
    "3": [
        174.7741671905552,
        0
    ],
    "4": [
        101.26756299017565,
        0
    ],
    "5": [
        117.41099564616971,
        0
    ],
    "6": [
        164.66680590908115,
        0
    ],
    "7": [
        201.59180472830718,
        0
    ],
    "8": [
        138.1948483820912,
        0
    ],
    "9": [
        122.79609686651104,
        0
    ],
    "10": [
        130.41989217135654,
        0
    ],
    "11": [
        164.27932801447596,
        0
    ],
    "12": [
        118.31427590042209,
        0
    ],
    "13": [
        185.99134085632699,
        0
    ],
    "14": [
        84.73608821874045,
        0
    ]
}