{
    "0": [
        167.64286781079073,
        0
    ],
    "1": [
        107.4602911671464,
        0
    ],
    "2": [
        243.22353481255243,
        0
    ],
    "3": [
        165.22393731795427,
        0
    ],
    "4": [
        170.88597141988626,
        0
    ],
    "5": [
        192.07389329813404,
        0
    ],
    "6": [
        164.54977349844847,
        0
    ],
    "7": [
        152.80395408914336,
        0
    ],
    "8": [
        139.32958127347294,
        0
    ],
    "9": [
        159.00154572209885,
        0
    ],
    "10": [
        156.915066961505,
        0
    ],
    "11": [
        139.67232673270306,
        0
    ],
    "12": [
        125.22528998524454,
        0
    ],
    "13": [
        148.13685703039837,
        0
    ],
    "14": [
        118.7240511913047,
        0
    ]
}