{
    "0": [
        145.3026623612895,
        0
    ],
    "1": [
        198.29761941836642,
        0
    ],
    "2": [
        154.573549481721,
        0
    ],
    "3": [
        113.18285135923713,
        0
    ],
    "4": [
        147.37234964280822,
        0
    ],
    "5": [
        121.83261602010538,
        0
    ],
    "6": [
        176.50607349378467,
        0
    ],
    "7": [
        151.96474279760338,
        0
    ],
    "8": [
        89.07169890398652,
        0
    ],
    "9": [
        111.8773668886089,
        0
    ],
    "10": [
        155.76361269398896,
        0
    ],
    "11": [
        91.54205854385191,
        0
    ],
    "12": [
        170.9331024977011,
        0
    ],
    "13": [
        126.13960911452715,
        0
    ],
    "14": [
        81.83327342002704,
        0
    ]
}