{
    "0": [
        130.37741597198703,
        0
    ],
    "1": [
        128.69775388330697,
        0
    ],
    "2": [
        134.1082245007351,
        0
    ],
    "3": [
        112.25886029707857,
        0
    ],
    "4": [
        149.25686703182862,
        0
    ],
    "5": [
        104.91771216126996,
        0
    ],
    "6": [
        155.3166426921186,
        0
    ],
    "7": [
        138.0761390972386,
        0
    ],
    "8": [
        84.2792679273082,
        0
    ],
    "9": [
        119.73283825805123,
        0
    ],
    "10": [
        95.92681588156654,
        0
    ],
    "11": [
        109.6581776760607,
        0
    ],
    "12": [
        170.927147232759,
        0
    ],
    "13": [
        180.66530112267813,
        0
    ],
    "14": [
        169.24406633539715,
        0
    ]
}