{
    "0": [
        133.96520425406393,
        0
    ],
    "1": [
        144.12336483128652,
        0
    ],
    "2": [
        96.75415318184747,
        0
    ],
    "3": [
        143.9565393740533,
        0
    ],
    "4": [
        103.50464340311201,
        0
    ],
    "5": [
        116.73299981288363,
        0
    ],
    "6": [
        130.9428400919529,
        0
    ],
    "7": [
        121.17865250147173,
        0
    ],
    "8": [
        105.51618458111821,
        0
    ],
    "9": [
        226.7440364637492,
        0
    ],
    "10": [
        134.11824985233253,
        0
    ],
    "11": [
        121.56278808921101,
        0
    ],
    "12": [
        130.70034272353766,
        0
    ],
    "13": [
        153.28349566691986,
        0
    ],
    "14": [
        121.5159537629032,
        0
    ]
}