{
    "0": [
        139.9285966170092,
        0
    ],
    "1": [
        149.3759267100316,
        0
    ],
    "2": [
        117.87180830630476,
        0
    ],
    "3": [
        121.65396685322375,
        0
    ],
    "4": [
        216.09543218491896,
        0
    ],
    "5": [
        162.59499082341816,
        0
    ],
    "6": [
        135.3930041238694,
        0
    ],
    "7": [
        132.91864338394288,
        0
    ],
    "8": [
        180.45116814448483,
        0
    ],
    "9": [
        102.57303135560461,
        0
    ],
    "10": [
        112.43340295456947,
        0
    ],
    "11": [
        226.70518530861347,
        0
    ],
    "12": [
        192.95748393406888,
        0
    ],
    "13": [
        130.96286767493643,
        0
    ],
    "14": [
        94.00529611450678,
        0
    ]
}