{
    "0": [
        130.72700251188428,
        0
    ],
    "1": [
        138.845535824797,
        0
    ],
    "2": [
        188.48325369764223,
        0
    ],
    "3": [
        157.73607052678457,
        0
    ],
    "4": [
        130.73081413035075,
        0
    ],
    "5": [
        106.19896455660187,
        0
    ],
    "6": [
        136.57628521909203,
        0
    ],
    "7": [
        191.70690900694834,
        0
    ],
    "8": [
        186.36586364522475,
        0
    ],
    "9": [
        137.38529196103792,
        0
    ],
    "10": [
        125.24576803709894,
        0
    ],
    "11": [
        121.05045001202531,
        0
    ],
    "12": [
        177.45337126280825,
        0
    ],
    "13": [
        99.1819700153831,
        0
    ],
    "14": [
        104.09103042978988,
        0
    ]
}