{
    "0": [
        162.04289211260146,
        0
    ],
    "1": [
        181.33801112934177,
        0
    ],
    "2": [
        176.19481069504482,
        0
    ],
    "3": [
        114.65818570385615,
        0
    ],
    "4": [
        187.0474537153622,
        0
    ],
    "5": [
        136.59489866284645,
        0
    ],
    "6": [
        79.0861002488012,
        0
    ],
    "7": [
        140.1711643909334,
        0
    ],
    "8": [
        143.1117120240766,
        0
    ],
    "9": [
        81.36809784721031,
        0
    ],
    "10": [
        161.77422711886146,
        0
    ],
    "11": [
        86.93214397202497,
        0
    ],
    "12": [
        142.4532287237462,
        0
    ],
    "13": [
        110.17595940646953,
        0
    ],
    "14": [
        203.16423687780838,
        0
    ]
}