{
    "0": [
        190.70138611068393,
        0
    ],
    "1": [
        140.77433796842303,
        0
    ],
    "2": [
        147.98992323167425,
        0
    ],
    "3": [
        107.03726207990901,
        0
    ],
    "4": [
        143.72768046105756,
        0
    ],
    "5": [
        144.94917645403604,
        0
    ],
    "6": [
        127.22593674747273,
        0
    ],
    "7": [
        152.4403463096814,
        0
    ],
    "8": [
        116.69149773105244,
        0
    ],
    "9": [
        117.19151152453205,
        0
    ],
    "10": [
        125.68150206026606,
        0
    ],
    "11": [
        162.75750312535558,
        0
    ],
    "12": [
        184.19451724532186,
        0
    ],
    "13": [
        92.68121030201432,
        0
    ],
    "14": [
        175.22534627406668,
        0
    ]
}