{
    "0": [
        148.20392223065514,
        0
    ],
    "1": [
        113.3525557993106,
        0
    ],
    "2": [
        141.78233442436064,
        0
    ],
    "3": [
        148.03234790198468,
        0
    ],
    "4": [
        121.78736570912386,
        0
    ],
    "5": [
        171.01147509254946,
        0
    ],
    "6": [
        182.42874847923355,
        0
    ],
    "7": [
        75.10853808431574,
        0
    ],
    "8": [
        108.56664865443749,
        0
    ],
    "9": [
        49.19290413772042,
        0
    ],
    "10": [
        158.6802887430143,
        0
    ],
    "11": [
        169.83730741117137,
        0
    ],
    "12": [
        129.54241673381682,
        0
    ],
    "13": [
        205.8081560693902,
        0
    ],
    "14": [
        138.11932422409166,
        0
    ]
}