{
    "0": [
        119.990859726662,
        0
    ],
    "1": [
        172.30660538089063,
        0
    ],
    "2": [
        101.13060448679886,
        0
    ],
    "3": [
        133.50565241749325,
        0
    ],
    "4": [
        139.62604633275535,
        0
    ],
    "5": [
        113.4760877743895,
        0
    ],
    "6": [
        110.61713580150828,
        0
    ],
    "7": [
        112.69845782767044,
        0
    ],
    "8": [
        147.89019700462308,
        0
    ],
    "9": [
        167.5618843325732,
        0
    ],
    "10": [
        153.78040381790862,
        0
    ],
    "11": [
        121.44404126729292,
        0
    ],
    "12": [
        140.0818110077157,
        0
    ],
    "13": [
        135.25466462616737,
        0
    ],
    "14": [
        198.6416978404874,
        0
    ]
}