{
    "0": [
        140.0215906995339,
        0
    ],
    "1": [
        216.14081138838168,
        0
    ],
    "2": [
        166.1293033250354,
        0
    ],
    "3": [
        219.83578461733515,
        0
    ],
    "4": [
        196.10285493138474,
        0
    ],
    "5": [
        195.6850246270164,
        0
    ],
    "6": [
        129.84127306530132,
        0
    ],
    "7": [
        126.07895462908147,
        0
    ],
    "8": [
        128.9264365302384,
        0
    ],
    "9": [
        140.73969598750682,
        0
    ],
    "10": [
        171.45648413383455,
        0
    ],
    "11": [
        93.62233855967216,
        0
    ],
    "12": [
        127.16669415755379,
        0
    ],
    "13": [
        134.947278399729,
        0
    ],
    "14": [
        141.5353373210933,
        0
    ]
}