{
    "0": [
        173.396319594387,
        0
    ],
    "1": [
        166.567472194412,
        0
    ],
    "2": [
        155.54384286873216,
        0
    ],
    "3": [
        117.65269378735422,
        0
    ],
    "4": [
        93.96185899850225,
        0
    ],
    "5": [
        126.7058708486594,
        0
    ],
    "6": [
        93.59172072241797,
        0
    ],
    "7": [
        123.88807855360506,
        0
    ],
    "8": [
        172.09076352311675,
        0
    ],
    "9": [
        75.90684363075718,
        0
    ],
    "10": [
        105.32371364591928,
        0
    ],
    "11": [
        145.68274102256322,
        0
    ],
    "12": [
        177.87450639812263,
        0
    ],
    "13": [
        216.25340062497784,
        0
    ],
    "14": [
        202.72512558857437,
        0
    ]
}