{
    "0": [
        0.08664247393608093,
        2112
    ],
    "1": [
        0.06422164291143417,
        2719
    ],
    "2": [
        0.05615419149398804,
        2449
    ],
    "3": [
        0.0864056721329689,
        2750
    ],
    "4": [
        0.1116858422756195,
        2549
    ],
    "5": [
        0.06307532638311386,
        2372
    ],
    "6": [
        0.04901782050728798,
        1888
    ],
    "7": [
        0.06393381208181381,
        2523
    ],
    "8": [
        0.04274682328104973,
        2197
    ],
    "9": [
        0.035618726164102554,
        2099
    ],
    "10": [
        0.05980329215526581,
        1435
    ],
    "11": [
        0.08315688371658325,
        2637
    ],
    "12": [
        0.0667375847697258,
        2781
    ],
    "13": [
        0.056443650275468826,
        1430
    ],
    "14": [
        0.07435630261898041,
        2675
    ]
}