{
    "0": [
        0.08409008383750916,
        2455
    ],
    "1": [
        0.05346698313951492,
        2731
    ],
    "2": [
        0.04564439505338669,
        2087
    ],
    "3": [
        0.045940760523080826,
        1694
    ],
    "4": [
        0.08114437013864517,
        2700
    ],
    "5": [
        0.04300488904118538,
        2206
    ],
    "6": [
        0.04104596748948097,
        2285
    ],
    "7": [
        0.07349474728107452,
        2301
    ],
    "8": [
        0.03504592552781105,
        2366
    ],
    "9": [
        0.12961047887802124,
        2606
    ],
    "10": [
        0.027797464281320572,
        2294
    ],
    "11": [
        0.06714988499879837,
        2141
    ],
    "12": [
        0.09184236824512482,
        1951
    ],
    "13": [
        0.05465775728225708,
        2523
    ],
    "14": [
        0.12606391310691833,
        2673
    ]
}