{
    "0": [
        0.03312508389353752,
        2298
    ],
    "1": [
        0.07995059341192245,
        2755
    ],
    "2": [
        0.07255519181489944,
        2764
    ],
    "3": [
        0.041230566799640656,
        1967
    ],
    "4": [
        0.04366990923881531,
        1762
    ],
    "5": [
        0.05714660510420799,
        1975
    ],
    "6": [
        0.0557117760181427,
        2288
    ],
    "7": [
        0.0966019555926323,
        2793
    ],
    "8": [
        0.05012049153447151,
        1763
    ],
    "9": [
        0.11088842153549194,
        1393
    ],
    "10": [
        0.061133239418268204,
        2160
    ],
    "11": [
        0.07834673672914505,
        2738
    ],
    "12": [
        0.11774078756570816,
        2993
    ],
    "13": [
        0.0327819399535656,
        2227
    ],
    "14": [
        0.06899669766426086,
        2205
    ]
}