{
    "0": [
        0.09762624651193619,
        3084
    ],
    "1": [
        0.08136876672506332,
        2431
    ],
    "2": [
        0.08484666049480438,
        2999
    ],
    "3": [
        0.0998559519648552,
        2041
    ],
    "4": [
        0.11523469537496567,
        1656
    ],
    "5": [
        0.06219058111310005,
        2083
    ],
    "6": [
        0.025878511369228363,
        1740
    ],
    "7": [
        0.05691270902752876,
        2185
    ],
    "8": [
        0.08101655542850494,
        2905
    ],
    "9": [
        0.03491387516260147,
        2054
    ],
    "10": [
        0.039546843618154526,
        2043
    ],
    "11": [
        0.05639433115720749,
        2220
    ],
    "12": [
        0.09033781290054321,
        2449
    ],
    "13": [
        0.048413388431072235,
        2238
    ],
    "14": [
        0.02546301670372486,
        1554
    ]
}