{
    "0": [
        0.03782355412840843,
        2084
    ],
    "1": [
        0.06729642301797867,
        2388
    ],
    "2": [
        0.09722191840410233,
        2482
    ],
    "3": [
        0.09460616111755371,
        2564
    ],
    "4": [
        0.05412926897406578,
        2306
    ],
    "5": [
        0.06522710621356964,
        1800
    ],
    "6": [
        0.05764070898294449,
        2095
    ],
    "7": [
        0.0384538397192955,
        2097
    ],
    "8": [
        0.041530102491378784,
        1920
    ],
    "9": [
        0.09270567446947098,
        3347
    ],
    "10": [
        0.06355401873588562,
        2083
    ],
    "11": [
        0.03921196982264519,
        1918
    ],
    "12": [
        0.10902160406112671,
        2638
    ],
    "13": [
        0.07370346039533615,
        3138
    ],
    "14": [
        0.06787409633398056,
        2685
    ]
}