{
    "0": [
        0.0787964016199112,
        3108
    ],
    "1": [
        0.13357135653495789,
        2686
    ],
    "2": [
        0.06452042609453201,
        2223
    ],
    "3": [
        0.054661862552165985,
        2244
    ],
    "4": [
        0.02055528201162815,
        1917
    ],
    "5": [
        0.05285640060901642,
        1856
    ],
    "6": [
        0.05374181643128395,
        1484
    ],
    "7": [
        0.055056240409612656,
        2728
    ],
    "8": [
        0.09983226656913757,
        2700
    ],
    "9": [
        0.10506641864776611,
        2439
    ],
    "10": [
        0.08037833869457245,
        2507
    ],
    "11": [
        0.01924491859972477,
        1199
    ],
    "12": [
        0.024588903412222862,
        1668
    ],
    "13": [
        0.08241891115903854,
        2567
    ],
    "14": [
        0.07471049576997757,
        2873
    ]
}