{
    "0": [
        0.09062344580888748,
        2445
    ],
    "1": [
        0.04612082988023758,
        2653
    ],
    "2": [
        0.05830405652523041,
        2018
    ],
    "3": [
        0.0647246241569519,
        2529
    ],
    "4": [
        0.08370514959096909,
        2763
    ],
    "5": [
        0.02606940269470215,
        1957
    ],
    "6": [
        0.04704160615801811,
        2130
    ],
    "7": [
        0.051485177129507065,
        1403
    ],
    "8": [
        0.09359143674373627,
        1719
    ],
    "9": [
        0.06971292197704315,
        2776
    ],
    "10": [
        0.09488174319267273,
        2116
    ],
    "11": [
        0.06758338958024979,
        1935
    ],
    "12": [
        0.10881447046995163,
        2960
    ],
    "13": [
        0.06129711493849754,
        2338
    ],
    "14": [
        0.036044642329216,
        2559
    ]
}