{
    "0": [
        0.08846789598464966,
        2643
    ],
    "1": [
        0.09360264241695404,
        2346
    ],
    "2": [
        0.06669739633798599,
        2819
    ],
    "3": [
        0.08943920582532883,
        3317
    ],
    "4": [
        0.08797584474086761,
        2740
    ],
    "5": [
        0.0312481876462698,
        1940
    ],
    "6": [
        0.08198367804288864,
        3226
    ],
    "7": [
        0.03442469239234924,
        2187
    ],
    "8": [
        0.0439305305480957,
        2939
    ],
    "9": [
        0.029490701854228973,
        1967
    ],
    "10": [
        0.08778862655162811,
        2367
    ],
    "11": [
        0.03153284266591072,
        1139
    ],
    "12": [
        0.06733812391757965,
        1770
    ],
    "13": [
        0.0420442633330822,
        2047
    ],
    "14": [
        0.12403534352779388,
        1087
    ]
}