{
    "0": [
        0.06069420278072357,
        2802
    ],
    "1": [
        0.058212000876665115,
        2433
    ],
    "2": [
        0.09124333411455154,
        2102
    ],
    "3": [
        0.05925030633807182,
        2616
    ],
    "4": [
        0.06818132102489471,
        2137
    ],
    "5": [
        0.03406992927193642,
        2115
    ],
    "6": [
        0.08462997525930405,
        2191
    ],
    "7": [
        0.029789069667458534,
        1931
    ],
    "8": [
        0.09761414676904678,
        2767
    ],
    "9": [
        0.06312219798564911,
        2858
    ],
    "10": [
        0.12916414439678192,
        2655
    ],
    "11": [
        0.08123332262039185,
        2254
    ],
    "12": [
        0.0314771831035614,
        2255
    ],
    "13": [
        0.030495917424559593,
        2154
    ],
    "14": [
        0.0808229148387909,
        1314
    ]
}