{
    "0": [
        0.03884059190750122,
        2584
    ],
    "1": [
        0.09269832819700241,
        91
    ],
    "2": [
        0.04275274649262428,
        2376
    ],
    "3": [
        0.07454439997673035,
        2824
    ],
    "4": [
        0.07488004863262177,
        2505
    ],
    "5": [
        0.08295577764511108,
        304
    ],
    "6": [
        0.03251829370856285,
        2106
    ],
    "7": [
        0.044153571128845215,
        2503
    ],
    "8": [
        0.05932541936635971,
        2282
    ],
    "9": [
        0.08522336930036545,
        2495
    ],
    "10": [
        0.10701058059930801,
        3139
    ],
    "11": [
        0.05168262869119644,
        1925
    ],
    "12": [
        0.1216091737151146,
        2924
    ],
    "13": [
        0.041548777371644974,
        2703
    ],
    "14": [
        0.050256337970495224,
        2787
    ]
}