{
    "0": [
        0.030847446992993355,
        2625
    ],
    "1": [
        0.04348160699009895,
        2665
    ],
    "2": [
        0.12106741219758987,
        3369
    ],
    "3": [
        0.09471462666988373,
        3173
    ],
    "4": [
        0.06910383701324463,
        2590
    ],
    "5": [
        0.04090090095996857,
        2718
    ],
    "6": [
        0.0691889226436615,
        2908
    ],
    "7": [
        0.01750662736594677,
        54
    ],
    "8": [
        0.07033160328865051,
        2921
    ],
    "9": [
        0.08713112026453018,
        127
    ],
    "10": [
        0.08543252944946289,
        2977
    ],
    "11": [
        0.08020660281181335,
        2614
    ],
    "12": [
        0.035799041390419006,
        2624
    ],
    "13": [
        0.115273617208004,
        2735
    ],
    "14": [
        0.039014145731925964,
        113
    ]
}