{
    "0": [
        0.07309156656265259,
        2860
    ],
    "1": [
        0.13229557871818542,
        2231
    ],
    "2": [
        0.0733991265296936,
        2613
    ],
    "3": [
        0.05078528821468353,
        2572
    ],
    "4": [
        0.05368370935320854,
        2542
    ],
    "5": [
        0.08464556187391281,
        3018
    ],
    "6": [
        0.08312167227268219,
        1443
    ],
    "7": [
        0.046800632029771805,
        2539
    ],
    "8": [
        0.03508336469531059,
        1985
    ],
    "9": [
        0.03250758349895477,
        2258
    ],
    "10": [
        0.07079049944877625,
        2163
    ],
    "11": [
        0.07407893985509872,
        2687
    ],
    "12": [
        0.053504060953855515,
        2948
    ],
    "13": [
        0.10750089585781097,
        2284
    ],
    "14": [
        0.028711501508951187,
        1744
    ]
}