{
    "0": [
        0.04555702582001686,
        2505
    ],
    "1": [
        0.042474061250686646,
        2026
    ],
    "2": [
        0.11673015356063843,
        3017
    ],
    "3": [
        0.04953895881772041,
        2806
    ],
    "4": [
        0.0329320915043354,
        1387
    ],
    "5": [
        0.09152399003505707,
        1494
    ],
    "6": [
        0.09167133271694183,
        2902
    ],
    "7": [
        0.07020794600248337,
        2686
    ],
    "8": [
        0.08394242823123932,
        1934
    ],
    "9": [
        0.07562585175037384,
        2906
    ],
    "10": [
        0.03435481712222099,
        2295
    ],
    "11": [
        0.05831771343946457,
        1571
    ],
    "12": [
        0.10207903385162354,
        2315
    ],
    "13": [
        0.07205866277217865,
        2283
    ],
    "14": [
        0.032985981553792953,
        1957
    ]
}