{
    "0": [
        0.10079298913478851,
        1988
    ],
    "1": [
        0.06540398299694061,
        2360
    ],
    "2": [
        0.08233592659235,
        2477
    ],
    "3": [
        0.05625982582569122,
        2755
    ],
    "4": [
        0.08886454999446869,
        1830
    ],
    "5": [
        0.03214603289961815,
        1741
    ],
    "6": [
        0.07952126860618591,
        1700
    ],
    "7": [
        0.042234890162944794,
        2514
    ],
    "8": [
        0.06927049905061722,
        2619
    ],
    "9": [
        0.03712071105837822,
        2739
    ],
    "10": [
        0.07367665320634842,
        2253
    ],
    "11": [
        0.06267515569925308,
        2379
    ],
    "12": [
        0.06943726539611816,
        2226
    ],
    "13": [
        0.05707770213484764,
        1565
    ],
    "14": [
        0.0831824541091919,
        2759
    ]
}