{
    "0": [
        0.08674425631761551,
        2025
    ],
    "1": [
        0.06111953780055046,
        2473
    ],
    "2": [
        0.07398203760385513,
        2686
    ],
    "3": [
        0.039428114891052246,
        2162
    ],
    "4": [
        0.0461624339222908,
        2328
    ],
    "5": [
        0.07533189654350281,
        2038
    ],
    "6": [
        0.032920338213443756,
        1806
    ],
    "7": [
        0.10584605485200882,
        3060
    ],
    "8": [
        0.03983846306800842,
        2066
    ],
    "9": [
        0.07609134912490845,
        2246
    ],
    "10": [
        0.06059577688574791,
        2055
    ],
    "11": [
        0.07597170025110245,
        2799
    ],
    "12": [
        0.05414986237883568,
        1691
    ],
    "13": [
        0.11648737639188766,
        2703
    ],
    "14": [
        0.05533082038164139,
        2793
    ]
}