{
    "0": [
        0.12226321548223495,
        2571
    ],
    "1": [
        0.047684770077466965,
        1763
    ],
    "2": [
        0.0734858363866806,
        2031
    ],
    "3": [
        0.07929016649723053,
        2761
    ],
    "4": [
        0.039231911301612854,
        2112
    ],
    "5": [
        0.0690930038690567,
        2909
    ],
    "6": [
        0.054320015013217926,
        2089
    ],
    "7": [
        0.04895325377583504,
        2414
    ],
    "8": [
        0.037678103893995285,
        2031
    ],
    "9": [
        0.054897308349609375,
        2965
    ],
    "10": [
        0.053034789860248566,
        1959
    ],
    "11": [
        0.059250347316265106,
        1956
    ],
    "12": [
        0.0712815523147583,
        2196
    ],
    "13": [
        0.07351657748222351,
        1431
    ],
    "14": [
        0.11601915210485458,
        2985
    ]
}