{
    "0": [
        0.0683111920952797,
        2441
    ],
    "1": [
        0.03750239685177803,
        1835
    ],
    "2": [
        0.021808503195643425,
        1569
    ],
    "3": [
        0.06901303678750992,
        1941
    ],
    "4": [
        0.09716497361660004,
        2076
    ],
    "5": [
        0.06607159972190857,
        3283
    ],
    "6": [
        0.04345272108912468,
        1540
    ],
    "7": [
        0.05005411058664322,
        1886
    ],
    "8": [
        0.06439898908138275,
        3098
    ],
    "9": [
        0.025837423279881477,
        1222
    ],
    "10": [
        0.0842442661523819,
        3101
    ],
    "11": [
        0.07046335190534592,
        2586
    ],
    "12": [
        0.10212437063455582,
        3224
    ],
    "13": [
        0.07801073044538498,
        2249
    ],
    "14": [
        0.1215423047542572,
        2535
    ]
}