{
    "0": [
        0.11003298312425613,
        2979
    ],
    "1": [
        0.0578036904335022,
        2481
    ],
    "2": [
        0.0860571339726448,
        2521
    ],
    "3": [
        0.034010834991931915,
        1453
    ],
    "4": [
        0.07900345325469971,
        2516
    ],
    "5": [
        0.06465774774551392,
        1592
    ],
    "6": [
        0.046985406428575516,
        1985
    ],
    "7": [
        0.04684558883309364,
        2807
    ],
    "8": [
        0.07931867241859436,
        3091
    ],
    "9": [
        0.058247458189725876,
        2621
    ],
    "10": [
        0.07714605331420898,
        2564
    ],
    "11": [
        0.08047875761985779,
        1882
    ],
    "12": [
        0.08836275339126587,
        1346
    ],
    "13": [
        0.02975871041417122,
        1983
    ],
    "14": [
        0.061290860176086426,
        1997
    ]
}