{
    "0": [
        0.08407813310623169,
        3096
    ],
    "1": [
        0.05117140710353851,
        2066
    ],
    "2": [
        0.07872232794761658,
        2698
    ],
    "3": [
        0.07607968151569366,
        2295
    ],
    "4": [
        0.08308456838130951,
        1469
    ],
    "5": [
        0.08288808166980743,
        2342
    ],
    "6": [
        0.0941295325756073,
        3303
    ],
    "7": [
        0.03500442951917648,
        1916
    ],
    "8": [
        0.07956508547067642,
        1733
    ],
    "9": [
        0.05261940136551857,
        1690
    ],
    "10": [
        0.09302829951047897,
        2905
    ],
    "11": [
        0.05938105657696724,
        2841
    ],
    "12": [
        0.04493914172053337,
        2548
    ],
    "13": [
        0.05321202427148819,
        2126
    ],
    "14": [
        0.03209691494703293,
        1458
    ]
}