{
    "0": [
        0.05711851269006729,
        2605
    ],
    "1": [
        0.06698822230100632,
        2138
    ],
    "2": [
        0.030415037646889687,
        2476
    ],
    "3": [
        0.043962880969047546,
        2187
    ],
    "4": [
        0.08286147564649582,
        2318
    ],
    "5": [
        0.06519115716218948,
        2387
    ],
    "6": [
        0.07609808444976807,
        2365
    ],
    "7": [
        0.07063105702400208,
        1466
    ],
    "8": [
        0.06437792629003525,
        2332
    ],
    "9": [
        0.1026470810174942,
        2238
    ],
    "10": [
        0.06847890466451645,
        2505
    ],
    "11": [
        0.047832828015089035,
        2307
    ],
    "12": [
        0.14592237770557404,
        2676
    ],
    "13": [
        0.03401985764503479,
        1914
    ],
    "14": [
        0.0434546172618866,
        2082
    ]
}