{
    "0": [
        0.07061111181974411,
        2592
    ],
    "1": [
        0.07380100339651108,
        2168
    ],
    "2": [
        0.0685805082321167,
        2018
    ],
    "3": [
        0.07655692100524902,
        2021
    ],
    "4": [
        0.05429218336939812,
        2580
    ],
    "5": [
        0.08983537554740906,
        2680
    ],
    "6": [
        0.02157576009631157,
        1547
    ],
    "7": [
        0.1065591424703598,
        3011
    ],
    "8": [
        0.06529225409030914,
        2329
    ],
    "9": [
        0.04824865981936455,
        1847
    ],
    "10": [
        0.0328478142619133,
        1700
    ],
    "11": [
        0.14821161329746246,
        3202
    ],
    "12": [
        0.04925798997282982,
        2184
    ],
    "13": [
        0.04415133222937584,
        2438
    ],
    "14": [
        0.05017835646867752,
        2610
    ]
}