{
    "0": [
        0.09623508900403976,
        2153
    ],
    "1": [
        0.03133935108780861,
        2107
    ],
    "2": [
        0.08125946670770645,
        2833
    ],
    "3": [
        0.03775874897837639,
        1878
    ],
    "4": [
        0.03432818502187729,
        1381
    ],
    "5": [
        0.06366543471813202,
        2240
    ],
    "6": [
        0.03222748637199402,
        2538
    ],
    "7": [
        0.07993979007005692,
        2567
    ],
    "8": [
        0.10413199663162231,
        1838
    ],
    "9": [
        0.10919021815061569,
        2971
    ],
    "10": [
        0.10514665395021439,
        2488
    ],
    "11": [
        0.04118099808692932,
        2012
    ],
    "12": [
        0.07449015229940414,
        2136
    ],
    "13": [
        0.06231122836470604,
        2945
    ],
    "14": [
        0.04679517075419426,
        1914
    ]
}