{
    "0": [
        0.07702738791704178,
        2462
    ],
    "1": [
        0.04591594636440277,
        1987
    ],
    "2": [
        0.03754834458231926,
        2046
    ],
    "3": [
        0.0579652339220047,
        2150
    ],
    "4": [
        0.03203878179192543,
        2491
    ],
    "5": [
        0.03399566933512688,
        2094
    ],
    "6": [
        0.07168546319007874,
        2496
    ],
    "7": [
        0.05021010339260101,
        1938
    ],
    "8": [
        0.09510855376720428,
        2136
    ],
    "9": [
        0.06988529115915298,
        2692
    ],
    "10": [
        0.10527528822422028,
        2885
    ],
    "11": [
        0.044852517545223236,
        2399
    ],
    "12": [
        0.08315558731555939,
        2184
    ],
    "13": [
        0.0913957729935646,
        1807
    ],
    "14": [
        0.10394009947776794,
        2454
    ]
}