{
    "0": [
        0.06832798570394516,
        1553
    ],
    "1": [
        0.026374710723757744,
        1958
    ],
    "2": [
        0.06080258637666702,
        2195
    ],
    "3": [
        0.048275791108608246,
        2432
    ],
    "4": [
        0.04986512288451195,
        1900
    ],
    "5": [
        0.06328868120908737,
        2414
    ],
    "6": [
        0.06421252340078354,
        2078
    ],
    "7": [
        0.10774298757314682,
        3181
    ],
    "8": [
        0.08113525807857513,
        3096
    ],
    "9": [
        0.05487171560525894,
        2032
    ],
    "10": [
        0.11016962677240372,
        2874
    ],
    "11": [
        0.04588194191455841,
        2300
    ],
    "12": [
        0.08208250254392624,
        2282
    ],
    "13": [
        0.09263229370117188,
        2879
    ],
    "14": [
        0.04433632269501686,
        1413
    ]
}