{
    "0": [
        0.09461706876754761,
        2849
    ],
    "1": [
        0.08096831291913986,
        2611
    ],
    "2": [
        0.02817440778017044,
        1582
    ],
    "3": [
        0.05571141839027405,
        2637
    ],
    "4": [
        0.0897231325507164,
        2724
    ],
    "5": [
        0.041095487773418427,
        1669
    ],
    "6": [
        0.09162291884422302,
        2574
    ],
    "7": [
        0.10585533082485199,
        1167
    ],
    "8": [
        0.034448087215423584,
        1811
    ],
    "9": [
        0.06756681203842163,
        2620
    ],
    "10": [
        0.03504319489002228,
        2257
    ],
    "11": [
        0.06673455238342285,
        2460
    ],
    "12": [
        0.06725990772247314,
        2754
    ],
    "13": [
        0.07515617460012436,
        2693
    ],
    "14": [
        0.06602315604686737,
        1979
    ]
}