{
    "0": [
        0.05919631943106651,
        2597
    ],
    "1": [
        0.07136686891317368,
        1502
    ],
    "2": [
        0.06325140595436096,
        2527
    ],
    "3": [
        0.045466627925634384,
        2022
    ],
    "4": [
        0.07582847774028778,
        2542
    ],
    "5": [
        0.04634091258049011,
        3010
    ],
    "6": [
        0.058414556086063385,
        1715
    ],
    "7": [
        0.10149144381284714,
        2531
    ],
    "8": [
        0.09596524387598038,
        2885
    ],
    "9": [
        0.10493721812963486,
        2965
    ],
    "10": [
        0.050257954746484756,
        1567
    ],
    "11": [
        0.07377514988183975,
        2699
    ],
    "12": [
        0.07147111743688583,
        2386
    ],
    "13": [
        0.03207797184586525,
        2108
    ],
    "14": [
        0.05015869066119194,
        1993
    ]
}