{
    "0": [
        0.01755647361278534,
        1326
    ],
    "1": [
        0.04691113904118538,
        2212
    ],
    "2": [
        0.059652071446180344,
        1707
    ],
    "3": [
        0.03882260620594025,
        2504
    ],
    "4": [
        0.06642565131187439,
        2533
    ],
    "5": [
        0.07300923019647598,
        2306
    ],
    "6": [
        0.05829834192991257,
        2919
    ],
    "7": [
        0.07875414192676544,
        2876
    ],
    "8": [
        0.04499683156609535,
        2914
    ],
    "9": [
        0.04132027179002762,
        2218
    ],
    "10": [
        0.07693915069103241,
        2469
    ],
    "11": [
        0.0593363493680954,
        2486
    ],
    "12": [
        0.04017849639058113,
        2163
    ],
    "13": [
        0.03890075907111168,
        2457
    ],
    "14": [
        0.2588984966278076,
        244
    ]
}