{
    "0": [
        0.07839804887771606,
        2648
    ],
    "1": [
        0.04116341844201088,
        1816
    ],
    "2": [
        0.07557599991559982,
        1944
    ],
    "3": [
        0.09657155722379684,
        2866
    ],
    "4": [
        0.03089134208858013,
        1473
    ],
    "5": [
        0.06939275562763214,
        1975
    ],
    "6": [
        0.05796035751700401,
        1973
    ],
    "7": [
        0.05528973788022995,
        2614
    ],
    "8": [
        0.055531639605760574,
        2632
    ],
    "9": [
        0.10358475148677826,
        2839
    ],
    "10": [
        0.0808953046798706,
        2542
    ],
    "11": [
        0.0621323399245739,
        2592
    ],
    "12": [
        0.028742047026753426,
        2493
    ],
    "13": [
        0.07135346531867981,
        1631
    ],
    "14": [
        0.09251721203327179,
        3158
    ]
}