{
    "0": [
        0.08051349967718124,
        2179
    ],
    "1": [
        0.06055787578225136,
        2314
    ],
    "2": [
        0.020756833255290985,
        1336
    ],
    "3": [
        0.055153150111436844,
        2662
    ],
    "4": [
        0.11371807754039764,
        3070
    ],
    "5": [
        0.05898301303386688,
        2308
    ],
    "6": [
        0.049377914518117905,
        2518
    ],
    "7": [
        0.03655729442834854,
        1706
    ],
    "8": [
        0.0929466113448143,
        2202
    ],
    "9": [
        0.07563760131597519,
        2855
    ],
    "10": [
        0.03712434694170952,
        2328
    ],
    "11": [
        0.11964160948991776,
        1730
    ],
    "12": [
        0.05641355365514755,
        2998
    ],
    "13": [
        0.07449959963560104,
        2091
    ],
    "14": [
        0.06811914592981339,
        2227
    ]
}