{
    "0": [
        0.09389063715934753,
        2370
    ],
    "1": [
        0.11562174558639526,
        2474
    ],
    "2": [
        0.03948055952787399,
        2547
    ],
    "3": [
        0.025688432157039642,
        1738
    ],
    "4": [
        0.07793709635734558,
        3214
    ],
    "5": [
        0.0563640259206295,
        1845
    ],
    "6": [
        0.06294090300798416,
        2267
    ],
    "7": [
        0.058241162449121475,
        2086
    ],
    "8": [
        0.061970822513103485,
        2596
    ],
    "9": [
        0.045444417744874954,
        2783
    ],
    "10": [
        0.10426768660545349,
        2521
    ],
    "11": [
        0.10307802259922028,
        2555
    ],
    "12": [
        0.055775683373212814,
        1759
    ],
    "13": [
        0.04147467762231827,
        2658
    ],
    "14": [
        0.05782412365078926,
        2080
    ]
}