{
    "0": [
        0.06238289922475815,
        2039
    ],
    "1": [
        0.15079259872436523,
        2730
    ],
    "2": [
        0.059377044439315796,
        3251
    ],
    "3": [
        0.08019105345010757,
        2842
    ],
    "4": [
        0.060480982065200806,
        2478
    ],
    "5": [
        0.03360316529870033,
        2214
    ],
    "6": [
        0.08549115806818008,
        2272
    ],
    "7": [
        0.07453199476003647,
        2294
    ],
    "8": [
        0.03006044588983059,
        1724
    ],
    "9": [
        0.05049099400639534,
        2338
    ],
    "10": [
        0.03822098299860954,
        2392
    ],
    "11": [
        0.07139100134372711,
        2373
    ],
    "12": [
        0.05901368707418442,
        2409
    ],
    "13": [
        0.09408944845199585,
        3393
    ],
    "14": [
        0.04988248646259308,
        1633
    ]
}