{
    "0": [
        0.07158767431974411,
        3059
    ],
    "1": [
        0.05493483319878578,
        2580
    ],
    "2": [
        0.06110040098428726,
        2313
    ],
    "3": [
        0.10542555153369904,
        3086
    ],
    "4": [
        0.06522900611162186,
        2332
    ],
    "5": [
        0.09275705367326736,
        2299
    ],
    "6": [
        0.034935109317302704,
        1855
    ],
    "7": [
        0.042663395404815674,
        1413
    ],
    "8": [
        0.05822912976145744,
        1815
    ],
    "9": [
        0.05057241767644882,
        2041
    ],
    "10": [
        0.06804075837135315,
        2268
    ],
    "11": [
        0.06491147726774216,
        1857
    ],
    "12": [
        0.05777346342802048,
        2741
    ],
    "13": [
        0.10143908113241196,
        2656
    ],
    "14": [
        0.07040061056613922,
        2607
    ]
}