{
    "0": [
        0.07486695796251297,
        2515
    ],
    "1": [
        0.10377110540866852,
        2050
    ],
    "2": [
        0.07585438340902328,
        1976
    ],
    "3": [
        0.055677108466625214,
        2400
    ],
    "4": [
        0.06963441520929337,
        2217
    ],
    "5": [
        0.0433584563434124,
        2316
    ],
    "6": [
        0.09484271705150604,
        2176
    ],
    "7": [
        0.03916192054748535,
        1784
    ],
    "8": [
        0.056825947016477585,
        2903
    ],
    "9": [
        0.06296263635158539,
        1844
    ],
    "10": [
        0.08492621779441833,
        2635
    ],
    "11": [
        0.05075560510158539,
        2690
    ],
    "12": [
        0.047420185059309006,
        2056
    ],
    "13": [
        0.07230746746063232,
        2149
    ],
    "14": [
        0.0676349401473999,
        3152
    ]
}