{
    "0": [
        0.0975722149014473,
        2691
    ],
    "1": [
        0.020406028255820274,
        1759
    ],
    "2": [
        0.0834333747625351,
        2611
    ],
    "3": [
        0.07373443245887756,
        2327
    ],
    "4": [
        0.060759540647268295,
        2146
    ],
    "5": [
        0.12864862382411957,
        2559
    ],
    "6": [
        0.08095471560955048,
        1812
    ],
    "7": [
        0.05152548477053642,
        2837
    ],
    "8": [
        0.11523109674453735,
        2065
    ],
    "9": [
        0.054280392825603485,
        2336
    ],
    "10": [
        0.04020332172513008,
        1778
    ],
    "11": [
        0.039925746619701385,
        2174
    ],
    "12": [
        0.03559460863471031,
        2423
    ],
    "13": [
        0.03580775111913681,
        2242
    ],
    "14": [
        0.08192264288663864,
        2658
    ]
}