{
    "decision_tree": 0.72625,
    "xgboost": 0.85075,
    "random_forest": 0.82575,
    "elasticnet": 0.10325,
    "svm_linear": 0.78775,
    "logistic_regesssion": 0.76575,
    "nn": 0.82725
}