{
    "decision_tree": 0.7515,
    "xgboost": 0.874,
    "random_forest": 0.852,
    "elasticnet": 0.10275,
    "svm_linear": 0.81975,
    "logistic_regesssion": 0.80375,
    "nn": 0.85675
}