{"0": {"mean": -0.29156598448753357, "variance": 0.014989279210567474, "std_dev": 0.1224307119846344, "median": -0.3184276819229126, "range": 0.6079211831092834, "iq_range": 0.11410373449325562, "density": 0.23988865690761926, "accuracy": 1.0, "distance": 0.6614814400672913}, "1": {"mean": -0.28591716289520264, "variance": 0.018251361325383186, "std_dev": 0.13509759306907654, "median": -0.30846983194351196, "range": 0.6600216627120972, "iq_range": 0.16402581706643105, "density": 0.2354686611543906, "accuracy": -1.0, "distance": 0.7251141667366028}, "2": {"mean": -0.28323230147361755, "variance": 0.019779467955231667, "std_dev": 0.1406394988298416, "median": -0.29430338740348816, "range": 0.6288362145423889, "iq_range": 0.18661698698997498, "density": 0.23357600543640827, "accuracy": 1.0, "distance": 0.6375657320022583}, "3": {"mean": -0.2903653383255005, "variance": 0.0156879760324955, "std_dev": 0.1252516508102417, "median": -0.3187260627746582, "range": 0.6207359433174133, "iq_range": 0.1307610608637333, "density": 0.23968801724483838, "accuracy": 1.0, "distance": 0.46936094760894775}, "4": {"mean": -0.2853255271911621, "variance": 0.018589338287711143, "std_dev": 0.13634271919727325, "median": -0.2983059883117676, "range": 0.6288362145423889, "iq_range": 0.17418832704424858, "density": 0.2381030350100345, "accuracy": 1.0, "distance": 1.0573456287384033}, "5": {"mean": -0.2857288420200348, "variance": 0.018359031528234482, "std_dev": 0.13549549877643585, "median": -0.3041846752166748, "range": 0.6007345914840698, "iq_range": 0.1659003235399723, "density": 0.23549050921028397, "accuracy": 1.0, "distance": 0.5043919086456299}, "6": {"mean": -0.28972458839416504, "variance": 0.016059665009379387, "std_dev": 0.12672673165798187, "median": -0.31136003136634827, "range": 0.6600216627120972, "iq_range": 0.12910417467355728, "density": 0.23695101455574094, "accuracy": -1.0, "distance": 0.5522200465202332}, "7": {"mean": -0.2905845642089844, "variance": 0.015560592524707317, "std_dev": 0.12474210560321808, "median": -0.3161466419696808, "range": 0.6079211831092834, "iq_range": 0.12024178728461266, "density": 0.2403715730774074, "accuracy": -1.0, "distance": 0.7063257098197937}, "8": {"mean": -0.2910357117652893, "variance": 0.015298238024115562, "std_dev": 0.1236860454082489, "median": -0.3177463114261627, "range": 0.6288361549377441, "iq_range": 0.12328862026333809, "density": 0.24188748041441974, "accuracy": -1.0, "distance": 0.7101002931594849}, "9": {"mean": -0.28829729557037354, "variance": 0.01688465103507042, "std_dev": 0.1299409568309784, "median": -0.3064318895339966, "range": 0.6600216627120972, "iq_range": 0.13919423893094063, "density": 0.23991747194923776, "accuracy": -1.0, "distance": 1.0005134344100952}, "10": {"mean": -0.2879859507083893, "variance": 0.01706409826874733, "std_dev": 0.13062962889671326, "median": -0.3038250803947449, "range": 0.6600216627120972, "iq_range": 0.15197709202766418, "density": 0.23408532071849136, "accuracy": -1.0, "distance": 0.9458593726158142}, "11": {"mean": -0.2908264398574829, "variance": 0.015419970266520977, "std_dev": 0.12417717278003693, "median": -0.3174858093261719, "range": 0.6207359433174133, "iq_range": 0.12884891405701637, "density": 0.2381936918399218, "accuracy": 1.0, "distance": 0.6546517610549927}, "12": {"mean": -0.2888258993625641, "variance": 0.016579601913690567, "std_dev": 0.12876179814338684, "median": -0.3030698299407959, "range": 0.6135308146476746, "iq_range": 0.148143969476223, "density": 0.23312312423151224, "accuracy": 1.0, "distance": 0.19179609417915344}, "13": {"mean": -0.2852945029735565, "variance": 0.01860705018043518, "std_dev": 0.13640765845775604, "median": -0.2989806532859802, "range": 0.6288362145423889, "iq_range": 0.15885157138109207, "density": 0.2328069666899016, "accuracy": 1.0, "distance": 0.5245836973190308}, "14": {"mean": -0.29275304079055786, "variance": 0.014295642264187336, "std_dev": 0.11956438422203064, "median": -0.3221970796585083, "range": 0.6079211831092834, "iq_range": 0.11163224279880524, "density": 0.24385161832071506, "accuracy": 1.0, "distance": 0.8270170092582703}}