{"0": {"mean": -0.2923063337802887, "variance": 0.014557010494172573, "std_dev": 0.12065243721008301, "median": -0.317368745803833, "range": 0.6079211831092834, "iq_range": 0.11965721100568771, "density": 0.24219406981070066, "accuracy": 1.0, "distance": 0.2604847550392151}, "1": {"mean": -0.2820129096508026, "variance": 0.02046871930360794, "std_dev": 0.14306893944740295, "median": -0.28955137729644775, "range": 0.6288362145423889, "iq_range": 0.18364138901233673, "density": 0.23343840660537848, "accuracy": -1.0, "distance": 0.6216329336166382}, "2": {"mean": -0.29014527797698975, "variance": 0.015815718099474907, "std_dev": 0.12576055526733398, "median": -0.31658971309661865, "range": 0.588211178779602, "iq_range": 0.1342986263334751, "density": 0.23464693701698208, "accuracy": 1.0, "distance": 0.5182926058769226}, "3": {"mean": -0.2853999733924866, "variance": 0.018546875566244125, "std_dev": 0.13618691265583038, "median": -0.30101221799850464, "range": 0.6600216627120972, "iq_range": 0.15898927673697472, "density": 0.23212444676613486, "accuracy": -1.0, "distance": 1.4640949964523315}, "4": {"mean": -0.2883763909339905, "variance": 0.01683903858065605, "std_dev": 0.1297653168439865, "median": -0.3070526719093323, "range": 0.6191851496696472, "iq_range": 0.1430504024028778, "density": 0.23419900684567013, "accuracy": -1.0, "distance": 0.7725105881690979}, "5": {"mean": -0.2872251868247986, "variance": 0.017501695081591606, "std_dev": 0.1322939693927765, "median": -0.30434665083885193, "range": 0.6600216627120972, "iq_range": 0.15862048789858818, "density": 0.23566468204612478, "accuracy": 1.0, "distance": 0.7144458293914795}, "6": {"mean": -0.2870883047580719, "variance": 0.017580289393663406, "std_dev": 0.13259068131446838, "median": -0.30582213401794434, "range": 0.6600216627120972, "iq_range": 0.14650745317339897, "density": 0.23477664877957696, "accuracy": -1.0, "distance": 0.8553103804588318}, "7": {"mean": -0.2851219177246094, "variance": 0.018705498427152634, "std_dev": 0.13676804304122925, "median": -0.29599177837371826, "range": 0.6288362145423889, "iq_range": 0.16248349845409393, "density": 0.23477147770099646, "accuracy": -1.0, "distance": 1.1755313873291016}, "8": {"mean": -0.28845685720443726, "variance": 0.016792653128504753, "std_dev": 0.12958647310733795, "median": -0.31068897247314453, "range": 0.6007345914840698, "iq_range": 0.14800014719367027, "density": 0.23449506949666543, "accuracy": 1.0, "distance": 0.4601282477378845}, "9": {"mean": -0.28974100947380066, "variance": 0.016050146892666817, "std_dev": 0.12668918073177338, "median": -0.3070172071456909, "range": 0.6600216627120972, "iq_range": 0.14075549691915512, "density": 0.235839409529326, "accuracy": -1.0, "distance": 0.8060499429702759}, "10": {"mean": -0.286195307970047, "variance": 0.018092243000864983, "std_dev": 0.13450740277767181, "median": -0.3074333667755127, "range": 0.6179154515266418, "iq_range": 0.17027642205357552, "density": 0.24023272810024268, "accuracy": -1.0, "distance": 1.1376162767410278}, "11": {"mean": -0.2865399420261383, "variance": 0.01789485476911068, "std_dev": 0.13377165794372559, "median": -0.30496475100517273, "range": 0.6600216627120972, "iq_range": 0.16206598281860352, "density": 0.23415222677648295, "accuracy": 1.0, "distance": 0.8785632252693176}, "12": {"mean": -0.28964367508888245, "variance": 0.016106529161334038, "std_dev": 0.12691150605678558, "median": -0.31624650955200195, "range": 0.6288361549377441, "iq_range": 0.1329527422785759, "density": 0.24161441760635735, "accuracy": -1.0, "distance": 1.2481456995010376}, "13": {"mean": -0.28813135623931885, "variance": 0.016980323940515518, "std_dev": 0.13030856847763062, "median": -0.3060104250907898, "range": 0.6600216627120972, "iq_range": 0.15472444519400597, "density": 0.23662152685597804, "accuracy": -1.0, "distance": 0.5380939245223999}, "14": {"mean": -0.28830060362815857, "variance": 0.01688276045024395, "std_dev": 0.1299336701631546, "median": -0.3070172071456909, "range": 0.6600216627120972, "iq_range": 0.14227792248129845, "density": 0.2363851267448497, "accuracy": 1.0, "distance": 0.8654376268386841}}