{"0": {"mean": -0.28410375118255615, "variance": 0.019285045564174652, "std_dev": 0.13887061178684235, "median": -0.2950949966907501, "range": 0.6191851496696472, "iq_range": 0.16976597532629967, "density": 0.23319497003254094, "accuracy": 1.0, "distance": 0.5833290219306946}, "1": {"mean": -0.289939284324646, "variance": 0.01593523658812046, "std_dev": 0.12623484432697296, "median": -0.3169707953929901, "range": 0.6079211831092834, "iq_range": 0.1270250417292118, "density": 0.23713238858568658, "accuracy": 1.0, "distance": 1.154205322265625}, "2": {"mean": -0.28558892011642456, "variance": 0.018438976258039474, "std_dev": 0.13579019904136658, "median": -0.29848623275756836, "range": 0.6146379113197327, "iq_range": 0.17203429713845253, "density": 0.23298114401190806, "accuracy": 1.0, "distance": 0.5671350955963135}, "3": {"mean": -0.2871306836605072, "variance": 0.017555968835949898, "std_dev": 0.13249893486499786, "median": -0.30582213401794434, "range": 0.6600216627120972, "iq_range": 0.15275295451283455, "density": 0.23414612525231238, "accuracy": -1.0, "distance": 0.47082045674324036}, "4": {"mean": -0.2919875383377075, "variance": 0.014743262901902199, "std_dev": 0.12142183631658554, "median": -0.3216013014316559, "range": 0.6191851496696472, "iq_range": 0.12621982768177986, "density": 0.24348090610876436, "accuracy": 1.0, "distance": 0.5900048613548279}, "5": {"mean": -0.2908778488636017, "variance": 0.015390081331133842, "std_dev": 0.12405676394701004, "median": -0.31952279806137085, "range": 0.6600216627120972, "iq_range": 0.13223734498023987, "density": 0.2377282462246688, "accuracy": -1.0, "distance": 1.130334496498108}, "6": {"mean": -0.28734254837036133, "variance": 0.0174342542886734, "std_dev": 0.13203883171081543, "median": -0.3057270646095276, "range": 0.6207359433174133, "iq_range": 0.16565042734146118, "density": 0.2399404618326889, "accuracy": 1.0, "distance": 0.8010423183441162}, "7": {"mean": -0.28685611486434937, "variance": 0.01771356910467148, "std_dev": 0.13309232890605927, "median": -0.3035600185394287, "range": 0.6288362145423889, "iq_range": 0.16071444377303123, "density": 0.2342166572342628, "accuracy": 1.0, "distance": 0.6533193588256836}, "8": {"mean": -0.287803053855896, "variance": 0.017169412225484848, "std_dev": 0.13103210926055908, "median": -0.3004220724105835, "range": 0.6135308146476746, "iq_range": 0.15288422256708145, "density": 0.2345866417091477, "accuracy": -1.0, "distance": 0.7586115002632141}, "9": {"mean": -0.28595539927482605, "variance": 0.018229493871331215, "std_dev": 0.13501664996147156, "median": -0.29981935024261475, "range": 0.6191851496696472, "iq_range": 0.16701478511095047, "density": 0.23690408143423308, "accuracy": 1.0, "distance": 0.7964956760406494}, "10": {"mean": -0.29213616251945496, "variance": 0.014656461775302887, "std_dev": 0.12106387317180634, "median": -0.32145369052886963, "range": 0.6191851496696472, "iq_range": 0.12287356331944466, "density": 0.24479909990917237, "accuracy": -1.0, "distance": 0.8449640274047852}, "11": {"mean": -0.28925278782844543, "variance": 0.0163328368216753, "std_dev": 0.12779998779296875, "median": -0.3154221773147583, "range": 0.6207359433174133, "iq_range": 0.1341838538646698, "density": 0.23763788772847808, "accuracy": -1.0, "distance": 0.6767499446868896}, "12": {"mean": -0.2925684452056885, "variance": 0.01440370175987482, "std_dev": 0.12001542001962662, "median": -0.32101011276245117, "range": 0.5778919458389282, "iq_range": 0.11217601597309113, "density": 0.23922584591517915, "accuracy": 1.0, "distance": 0.3339456021785736}, "13": {"mean": -0.28776654601097107, "variance": 0.017190415412187576, "std_dev": 0.1311122179031372, "median": -0.3131519556045532, "range": 0.6600216627120972, "iq_range": 0.15013518929481506, "density": 0.23773859915898551, "accuracy": 1.0, "distance": 0.7093176245689392}, "14": {"mean": -0.2929891049861908, "variance": 0.014157379046082497, "std_dev": 0.11898478865623474, "median": -0.32352209091186523, "range": 0.5790396928787231, "iq_range": 0.11454900354146957, "density": 0.24269841124977384, "accuracy": 1.0, "distance": 0.26365384459495544}}