{"0": {"mean": -0.2874332368373871, "variance": 0.017382152378559113, "std_dev": 0.13184139132499695, "median": -0.30911505222320557, "range": 0.6600216627120972, "iq_range": 0.14890631288290024, "density": 0.23762680969117983, "accuracy": 1.0, "distance": 1.0025784969329834}, "1": {"mean": -0.2853584587574005, "variance": 0.01857054978609085, "std_dev": 0.1362738013267517, "median": -0.29963773488998413, "range": 0.6600216627120972, "iq_range": 0.16484201699495316, "density": 0.2365525605266603, "accuracy": -1.0, "distance": 0.7899501919746399}, "2": {"mean": -0.28246617317199707, "variance": 0.020212840288877487, "std_dev": 0.14217187464237213, "median": -0.2922044098377228, "range": 0.6288358569145203, "iq_range": 0.1701071858406067, "density": 0.235542782067953, "accuracy": 1.0, "distance": 0.9043605327606201}, "3": {"mean": -0.28648146986961365, "variance": 0.017928367480635643, "std_dev": 0.1338968575000763, "median": -0.3009047508239746, "range": 0.6288362145423889, "iq_range": 0.1638253666460514, "density": 0.23297417018248254, "accuracy": 1.0, "distance": 0.3444768786430359}, "4": {"mean": -0.2907731235027313, "variance": 0.015450994484126568, "std_dev": 0.12430202960968018, "median": -0.3193165361881256, "range": 0.5866883993148804, "iq_range": 0.13084577396512032, "density": 0.23582248266041844, "accuracy": -1.0, "distance": 0.9780114889144897}, "5": {"mean": -0.291657418012619, "variance": 0.014935966581106186, "std_dev": 0.12221278995275497, "median": -0.31951266527175903, "range": 0.6288362145423889, "iq_range": 0.11601147055625916, "density": 0.24535246062262928, "accuracy": 1.0, "distance": 0.7484608888626099}, "6": {"mean": -0.2884039878845215, "variance": 0.016823124140501022, "std_dev": 0.12970398366451263, "median": -0.3097255229949951, "range": 0.5918647646903992, "iq_range": 0.13831671327352524, "density": 0.23827767656787627, "accuracy": 1.0, "distance": 0.28029298782348633}, "7": {"mean": -0.2860705256462097, "variance": 0.01816365122795105, "std_dev": 0.13477258384227753, "median": -0.2987825870513916, "range": 0.6600216627120972, "iq_range": 0.15548217296600342, "density": 0.23314780547978675, "accuracy": 1.0, "distance": 0.4140605628490448}, "8": {"mean": -0.28783032298088074, "variance": 0.017153702676296234, "std_dev": 0.13097214698791504, "median": -0.3057343363761902, "range": 0.6600216627120972, "iq_range": 0.14643968641757965, "density": 0.235403784232665, "accuracy": 1.0, "distance": 1.2018810510635376}, "9": {"mean": -0.28606584668159485, "variance": 0.01816631853580475, "std_dev": 0.13478249311447144, "median": -0.30118685960769653, "range": 0.6600216627120972, "iq_range": 0.16225967183709145, "density": 0.2335684075305451, "accuracy": 1.0, "distance": 0.954282820224762}, "10": {"mean": -0.2898224890232086, "variance": 0.01600293070077896, "std_dev": 0.12650269269943237, "median": -0.312455415725708, "range": 0.588211178779602, "iq_range": 0.13192233070731163, "density": 0.23728619907320328, "accuracy": 1.0, "distance": 0.316095769405365}, "11": {"mean": -0.28505367040634155, "variance": 0.018744397908449173, "std_dev": 0.13691018521785736, "median": -0.29617273807525635, "range": 0.6288362145423889, "iq_range": 0.16668767482042313, "density": 0.23572412322309588, "accuracy": 1.0, "distance": 0.6168057322502136}, "12": {"mean": -0.2887643575668335, "variance": 0.016615143045783043, "std_dev": 0.1288997381925583, "median": -0.3109523057937622, "range": 0.6600216627120972, "iq_range": 0.14121149852871895, "density": 0.23404539570312277, "accuracy": 1.0, "distance": 0.42908912897109985}, "13": {"mean": -0.29373931884765625, "variance": 0.013717214576900005, "std_dev": 0.11712051182985306, "median": -0.32523995637893677, "range": 0.5784083008766174, "iq_range": 0.1107700914144516, "density": 0.24137568531371906, "accuracy": -1.0, "distance": 0.5225458741188049}, "14": {"mean": -0.28729918599128723, "variance": 0.017459174618124962, "std_dev": 0.13213317096233368, "median": -0.3053954243659973, "range": 0.6179154515266418, "iq_range": 0.1674194149672985, "density": 0.24061819031415635, "accuracy": 1.0, "distance": 0.5248460173606873}}