{"0": {"mean": -0.28766921162605286, "variance": 0.01724640652537346, "std_dev": 0.13132557272911072, "median": -0.30410444736480713, "range": 0.6600216627120972, "iq_range": 0.14782260358333588, "density": 0.2386932807227431, "accuracy": -1.0, "distance": 1.0929453372955322}, "1": {"mean": -0.29137465357780457, "variance": 0.015100807882845402, "std_dev": 0.12288534641265869, "median": -0.32030612230300903, "range": 0.6079211831092834, "iq_range": 0.12852595001459122, "density": 0.2406115182377643, "accuracy": -1.0, "distance": 0.7648153305053711}, "2": {"mean": -0.2893524765968323, "variance": 0.016275126487016678, "std_dev": 0.12757399678230286, "median": -0.3066762089729309, "range": 0.6207359433174133, "iq_range": 0.14551382884383202, "density": 0.2362644038380583, "accuracy": -1.0, "distance": 0.3532038927078247}, "3": {"mean": -0.2880244851112366, "variance": 0.017041893675923347, "std_dev": 0.13054460287094116, "median": -0.3168447017669678, "range": 0.6079211831092834, "iq_range": 0.152878288179636, "density": 0.23650609776625722, "accuracy": 1.0, "distance": 0.8110170364379883}, "4": {"mean": -0.2897647023200989, "variance": 0.016036400571465492, "std_dev": 0.12663491070270538, "median": -0.3116774260997772, "range": 0.6600216627120972, "iq_range": 0.13726907968521118, "density": 0.23278986760847548, "accuracy": -1.0, "distance": 0.6279118061065674}, "5": {"mean": -0.2858005464076996, "variance": 0.018318045884370804, "std_dev": 0.13534417748451233, "median": -0.30377650260925293, "range": 0.6600216627120972, "iq_range": 0.17110778763890266, "density": 0.23559765885670597, "accuracy": -1.0, "distance": 0.5567693114280701}, "6": {"mean": -0.2853444218635559, "variance": 0.018578555434942245, "std_dev": 0.13630317151546478, "median": -0.30377650260925293, "range": 0.6600216627120972, "iq_range": 0.16928425058722496, "density": 0.23468113392432238, "accuracy": -1.0, "distance": 0.540012776851654}, "7": {"mean": -0.28714412450790405, "variance": 0.017548242583870888, "std_dev": 0.1324697732925415, "median": -0.3110312223434448, "range": 0.6179154515266418, "iq_range": 0.1631537415087223, "density": 0.23615467030237539, "accuracy": -1.0, "distance": 1.0645097494125366}, "8": {"mean": -0.28629040718078613, "variance": 0.01803780347108841, "std_dev": 0.13430489599704742, "median": -0.3018437623977661, "range": 0.6600216627120972, "iq_range": 0.16013246774673462, "density": 0.23821125714658684, "accuracy": -1.0, "distance": 1.1658869981765747}, "9": {"mean": -0.2882858216762543, "variance": 0.016891270875930786, "std_dev": 0.12996642291545868, "median": -0.30915987491607666, "range": 0.6600216627120972, "iq_range": 0.14214737713336945, "density": 0.23763052314524646, "accuracy": 1.0, "distance": 1.0692471265792847}, "10": {"mean": -0.28526175022125244, "variance": 0.018625739961862564, "std_dev": 0.13647614419460297, "median": -0.3010985851287842, "range": 0.6135308146476746, "iq_range": 0.18308033049106598, "density": 0.23446567681674713, "accuracy": 1.0, "distance": 0.9027228951454163}, "11": {"mean": -0.2822776436805725, "variance": 0.020319338887929916, "std_dev": 0.1425459235906601, "median": -0.2902988791465759, "range": 0.6288362145423889, "iq_range": 0.17012479901313782, "density": 0.2350712057084145, "accuracy": -1.0, "distance": 0.8017249703407288}, "12": {"mean": -0.28627195954322815, "variance": 0.01804836094379425, "std_dev": 0.1343441903591156, "median": -0.3042181730270386, "range": 0.6288362145423889, "iq_range": 0.16532135754823685, "density": 0.2356173792503955, "accuracy": 1.0, "distance": 0.5822772979736328}, "13": {"mean": -0.2822776436805725, "variance": 0.020319337025284767, "std_dev": 0.1425459086894989, "median": -0.2902988791465759, "range": 0.6288362145423889, "iq_range": 0.17012479901313782, "density": 0.2350712057084144, "accuracy": -1.0, "distance": 0.8015490174293518}, "14": {"mean": -0.2872203290462494, "variance": 0.01750447414815426, "std_dev": 0.13230447471141815, "median": -0.3032901883125305, "range": 0.6600216627120972, "iq_range": 0.14630571752786636, "density": 0.23712246218402855, "accuracy": -1.0, "distance": 1.4050302505493164}}