{"0": {"mean": -0.2914072871208191, "variance": 0.015081780031323433, "std_dev": 0.12280789762735367, "median": -0.3128342628479004, "range": 0.6135308146476746, "iq_range": 0.13036590814590454, "density": 0.23615780579250426, "accuracy": -1.0, "distance": 0.6336122751235962}, "1": {"mean": -0.2906497120857239, "variance": 0.01552275475114584, "std_dev": 0.12459034472703934, "median": -0.316426157951355, "range": 0.588211178779602, "iq_range": 0.1310400851070881, "density": 0.23638937670293875, "accuracy": 1.0, "distance": 0.7674577236175537}, "2": {"mean": -0.2904070317745209, "variance": 0.015663763508200645, "std_dev": 0.12515495717525482, "median": -0.3130022883415222, "range": 0.6207359433174133, "iq_range": 0.13169878348708153, "density": 0.23610439596440494, "accuracy": -1.0, "distance": 0.989654004573822}, "3": {"mean": -0.2835186719894409, "variance": 0.01961715705692768, "std_dev": 0.14006125926971436, "median": -0.2926095426082611, "range": 0.6191851496696472, "iq_range": 0.17232192307710648, "density": 0.23562149652015757, "accuracy": -1.0, "distance": 1.1653369665145874}, "4": {"mean": -0.28803160786628723, "variance": 0.017037788406014442, "std_dev": 0.13052888214588165, "median": -0.3092089891433716, "range": 0.6146379113197327, "iq_range": 0.1395953744649887, "density": 0.2388203540502161, "accuracy": 1.0, "distance": 0.3469920754432678}, "5": {"mean": -0.2907230257987976, "variance": 0.015480113215744495, "std_dev": 0.12441910058259964, "median": -0.3214266002178192, "range": 0.6288362145423889, "iq_range": 0.12373004481196404, "density": 0.24251679862948416, "accuracy": 1.0, "distance": 1.1697925329208374}, "6": {"mean": -0.28491130471229553, "variance": 0.018825527280569077, "std_dev": 0.13720615208148956, "median": -0.3033539354801178, "range": 0.6600216627120972, "iq_range": 0.16505244001746178, "density": 0.2355267050808603, "accuracy": -1.0, "distance": 1.131104826927185}, "7": {"mean": -0.28558722138404846, "variance": 0.018439926207065582, "std_dev": 0.13579368591308594, "median": -0.30094051361083984, "range": 0.6179154515266418, "iq_range": 0.16940637677907944, "density": 0.236365954120642, "accuracy": 1.0, "distance": 1.0007740259170532}, "8": {"mean": -0.29181721806526184, "variance": 0.014842711389064789, "std_dev": 0.12183066457509995, "median": -0.31712883710861206, "range": 0.6079211831092834, "iq_range": 0.12083359062671661, "density": 0.241248861944555, "accuracy": 1.0, "distance": 0.5070778727531433}, "9": {"mean": -0.2893335521221161, "variance": 0.016286101192235947, "std_dev": 0.1276170164346695, "median": -0.3159308433532715, "range": 0.6079211831092834, "iq_range": 0.13210797309875488, "density": 0.2383194236261564, "accuracy": 1.0, "distance": 1.077724575996399}, "10": {"mean": -0.28803160786628723, "variance": 0.017037788406014442, "std_dev": 0.13052888214588165, "median": -0.3092089891433716, "range": 0.6146379113197327, "iq_range": 0.1395953744649887, "density": 0.2388203540502161, "accuracy": 1.0, "distance": 0.34526652097702026}, "11": {"mean": -0.29066187143325806, "variance": 0.015515690669417381, "std_dev": 0.12456199526786804, "median": -0.3214266002178192, "range": 0.6288362145423889, "iq_range": 0.12371397018432617, "density": 0.2424748254879628, "accuracy": 1.0, "distance": 1.1720319986343384}, "12": {"mean": -0.28918424248695374, "variance": 0.01637248322367668, "std_dev": 0.12795500457286835, "median": -0.315788209438324, "range": 0.6600216627120972, "iq_range": 0.1313086450099945, "density": 0.23884290104555256, "accuracy": 1.0, "distance": 1.076371192932129}, "13": {"mean": -0.28915873169898987, "variance": 0.01638723723590374, "std_dev": 0.12801264226436615, "median": -0.309514582157135, "range": 0.6600216627120972, "iq_range": 0.14096098020672798, "density": 0.23557894404402954, "accuracy": -1.0, "distance": 0.8610056638717651}, "14": {"mean": -0.28354546427726746, "variance": 0.019601967185735703, "std_dev": 0.14000701904296875, "median": -0.2925727069377899, "range": 0.6288362145423889, "iq_range": 0.1755359284579754, "density": 0.23595436073308834, "accuracy": 1.0, "distance": 0.7878554463386536}}