{"0": {"mean": -0.2882131040096283, "variance": 0.016933204606175423, "std_dev": 0.1301276534795761, "median": -0.3095664381980896, "range": 0.6207359433174133, "iq_range": 0.14448357000946999, "density": 0.23682639959496873, "accuracy": 1.0, "distance": 0.8412449359893799}, "1": {"mean": -0.28728899359703064, "variance": 0.017465028911828995, "std_dev": 0.13215531408786774, "median": -0.3076409697532654, "range": 0.6288362145423889, "iq_range": 0.1551244892179966, "density": 0.23661231918951653, "accuracy": 1.0, "distance": 0.8435889482498169}, "2": {"mean": -0.28889575600624084, "variance": 0.01653924584388733, "std_dev": 0.12860499322414398, "median": -0.31045085191726685, "range": 0.6600216627120972, "iq_range": 0.13982044905424118, "density": 0.23417672549234914, "accuracy": -1.0, "distance": 1.350625991821289}, "3": {"mean": -0.286398708820343, "variance": 0.017975781112909317, "std_dev": 0.13407379388809204, "median": -0.30091753602027893, "range": 0.6179154515266418, "iq_range": 0.1671786569058895, "density": 0.23472284721223108, "accuracy": 1.0, "distance": 0.9197867512702942}, "4": {"mean": -0.2940084934234619, "variance": 0.013559021055698395, "std_dev": 0.1164432093501091, "median": -0.32433411478996277, "range": 0.5778919458389282, "iq_range": 0.10797624289989471, "density": 0.2418659079785031, "accuracy": 1.0, "distance": 0.648351788520813}, "5": {"mean": -0.28748154640197754, "variance": 0.017354367300868034, "std_dev": 0.13173598051071167, "median": -0.30432015657424927, "range": 0.6191851496696472, "iq_range": 0.15180569142103195, "density": 0.23740472969837437, "accuracy": -1.0, "distance": 0.9939528703689575}, "6": {"mean": -0.2876725196838379, "variance": 0.017244521528482437, "std_dev": 0.13131839036941528, "median": -0.2986268997192383, "range": 0.6191851496696472, "iq_range": 0.14544594660401344, "density": 0.23575030707275071, "accuracy": -1.0, "distance": 0.9643185138702393}, "7": {"mean": -0.2827976644039154, "variance": 0.020025471225380898, "std_dev": 0.14151138067245483, "median": -0.29459327459335327, "range": 0.6288361549377441, "iq_range": 0.17161701619625092, "density": 0.2342998623073454, "accuracy": -1.0, "distance": 0.7628381848335266}, "8": {"mean": -0.28755462169647217, "variance": 0.017312319949269295, "std_dev": 0.1315762847661972, "median": -0.3070172071456909, "range": 0.6600216627120972, "iq_range": 0.14602156728506088, "density": 0.23497020034104618, "accuracy": -1.0, "distance": 1.2045743465423584}, "9": {"mean": -0.2836345136165619, "variance": 0.019551444798707962, "std_dev": 0.1398264765739441, "median": -0.2925727069377899, "range": 0.6288362145423889, "iq_range": 0.17269869148731232, "density": 0.23542724303816903, "accuracy": 1.0, "distance": 0.5601109266281128}, "10": {"mean": -0.2865423560142517, "variance": 0.017893467098474503, "std_dev": 0.13376645743846893, "median": -0.3065309524536133, "range": 0.6288362145423889, "iq_range": 0.157392717897892, "density": 0.23965875453622795, "accuracy": 1.0, "distance": 1.173957109451294}, "11": {"mean": -0.28598088026046753, "variance": 0.018214935436844826, "std_dev": 0.13496272265911102, "median": -0.3043132424354553, "range": 0.6179154515266418, "iq_range": 0.17240792512893677, "density": 0.23580485002652757, "accuracy": 1.0, "distance": 0.7820519804954529}, "12": {"mean": -0.2910221815109253, "variance": 0.0153060806915164, "std_dev": 0.12371774762868881, "median": -0.320462167263031, "range": 0.6288362145423889, "iq_range": 0.12467784807085991, "density": 0.24025101000031868, "accuracy": -1.0, "distance": 0.688970148563385}, "13": {"mean": -0.28618350625038147, "variance": 0.018098987638950348, "std_dev": 0.13453248143196106, "median": -0.3066931366920471, "range": 0.6179154515266418, "iq_range": 0.1660606823861599, "density": 0.23456023835712955, "accuracy": -1.0, "distance": 1.1411410570144653}, "14": {"mean": -0.2875291705131531, "variance": 0.017326977103948593, "std_dev": 0.1316319704055786, "median": -0.3069220781326294, "range": 0.6600216627120972, "iq_range": 0.14907590672373772, "density": 0.23892363336256275, "accuracy": 1.0, "distance": 0.6189427375793457}}