{"0": {"mean": -0.28959229588508606, "variance": 0.0161362923681736, "std_dev": 0.1270287036895752, "median": -0.3134978711605072, "range": 0.6288362145423889, "iq_range": 0.13134652376174927, "density": 0.2374000945149772, "accuracy": 1.0, "distance": 0.9112590551376343}, "1": {"mean": -0.2921157777309418, "variance": 0.014668360352516174, "std_dev": 0.12111300975084305, "median": -0.3221970796585083, "range": 0.6288362145423889, "iq_range": 0.11293019354343414, "density": 0.24195954505461878, "accuracy": -1.0, "distance": 1.2511240243911743}, "2": {"mean": -0.2891601622104645, "variance": 0.016386404633522034, "std_dev": 0.1280093938112259, "median": -0.3097986578941345, "range": 0.6207359433174133, "iq_range": 0.13956164568662643, "density": 0.23536416178916095, "accuracy": -1.0, "distance": 1.5153367519378662}, "3": {"mean": -0.28520628809928894, "variance": 0.018657363951206207, "std_dev": 0.13659195601940155, "median": -0.3003060817718506, "range": 0.6191850900650024, "iq_range": 0.1618698500096798, "density": 0.23425108016553195, "accuracy": -1.0, "distance": 0.7587334513664246}, "4": {"mean": -0.28752097487449646, "variance": 0.017331698909401894, "std_dev": 0.131649911403656, "median": -0.30075329542160034, "range": 0.6600216627120972, "iq_range": 0.15150382369756699, "density": 0.23511478128582322, "accuracy": -1.0, "distance": 0.8024448752403259}, "5": {"mean": -0.2849719822406769, "variance": 0.018790973350405693, "std_dev": 0.13708017766475677, "median": -0.2992706298828125, "range": 0.6288362145423889, "iq_range": 0.1739441156387329, "density": 0.2352285611951149, "accuracy": 1.0, "distance": 0.6867557168006897}, "6": {"mean": -0.2854309678077698, "variance": 0.018529171124100685, "std_dev": 0.13612189888954163, "median": -0.3043132424354553, "range": 0.6207359433174133, "iq_range": 0.17952090874314308, "density": 0.2355290996976926, "accuracy": 1.0, "distance": 0.6887415647506714}, "7": {"mean": -0.28647154569625854, "variance": 0.017934048548340797, "std_dev": 0.13391806185245514, "median": -0.3035277724266052, "range": 0.6600216627120972, "iq_range": 0.15526623651385307, "density": 0.23235452686640945, "accuracy": -1.0, "distance": 0.8962650299072266}, "8": {"mean": -0.2856428325176239, "variance": 0.018408171832561493, "std_dev": 0.13567671179771423, "median": -0.3063760995864868, "range": 0.6600216627120972, "iq_range": 0.16372312977910042, "density": 0.23703133472631838, "accuracy": 1.0, "distance": 0.8396936655044556}, "9": {"mean": -0.28703516721725464, "variance": 0.01761082373559475, "std_dev": 0.13270577788352966, "median": -0.30567964911460876, "range": 0.6600216627120972, "iq_range": 0.15057946369051933, "density": 0.2363500840723709, "accuracy": 1.0, "distance": 0.8380979299545288}, "10": {"mean": -0.2886185348033905, "variance": 0.016699347645044327, "std_dev": 0.129225954413414, "median": -0.3100077509880066, "range": 0.6207359433174133, "iq_range": 0.13701649010181427, "density": 0.23886488383539456, "accuracy": 1.0, "distance": 0.5252179503440857}, "11": {"mean": -0.28235918283462524, "variance": 0.020273296162486076, "std_dev": 0.14238432049751282, "median": -0.28822219371795654, "range": 0.6288361549377441, "iq_range": 0.1741393730044365, "density": 0.23539903311065055, "accuracy": 1.0, "distance": 1.0998187065124512}, "12": {"mean": -0.28979966044425964, "variance": 0.01601615734398365, "std_dev": 0.1265549510717392, "median": -0.31404727697372437, "range": 0.6600216627120972, "iq_range": 0.13165896013379097, "density": 0.2366905664746696, "accuracy": -1.0, "distance": 0.9996457099914551}, "13": {"mean": -0.28716763854026794, "variance": 0.017534755170345306, "std_dev": 0.13241885602474213, "median": -0.3066767454147339, "range": 0.6600216627120972, "iq_range": 0.15212377160787582, "density": 0.23520240193820388, "accuracy": -1.0, "distance": 1.1034587621688843}, "14": {"mean": -0.29066526889801025, "variance": 0.01551369670778513, "std_dev": 0.12455399334430695, "median": -0.31080853939056396, "range": 0.6135308146476746, "iq_range": 0.12902769446372986, "density": 0.23527165937390035, "accuracy": 1.0, "distance": 0.3605327904224396}}