{"0": {"mean": -0.28373610973358154, "variance": 0.019493812695145607, "std_dev": 0.13962024450302124, "median": -0.2961727976799011, "range": 0.6288362145423889, "iq_range": 0.1827056184411049, "density": 0.23584434109833635, "accuracy": -1.0, "distance": 1.3937937021255493}, "1": {"mean": -0.2883744537830353, "variance": 0.01684017851948738, "std_dev": 0.1297697126865387, "median": -0.3066704273223877, "range": 0.6600216627120972, "iq_range": 0.15104586631059647, "density": 0.2361461955817008, "accuracy": 1.0, "distance": 0.598277747631073}, "2": {"mean": -0.29050323367118835, "variance": 0.015607860870659351, "std_dev": 0.12493142485618591, "median": -0.3070172071456909, "range": 0.6207359433174133, "iq_range": 0.13265449181199074, "density": 0.2357970043883504, "accuracy": -1.0, "distance": 0.5813367366790771}, "3": {"mean": -0.2855098843574524, "variance": 0.01848408579826355, "std_dev": 0.13595619797706604, "median": -0.3025965690612793, "range": 0.6288362145423889, "iq_range": 0.16736920922994614, "density": 0.23572739838806306, "accuracy": -1.0, "distance": 0.8777648210525513}, "4": {"mean": -0.2861296534538269, "variance": 0.018129825592041016, "std_dev": 0.13464704155921936, "median": -0.2994460165500641, "range": 0.6288362145423889, "iq_range": 0.15768050774931908, "density": 0.23531391003836166, "accuracy": 1.0, "distance": 0.45805051922798157}, "5": {"mean": -0.291598916053772, "variance": 0.01497008465230465, "std_dev": 0.12235229462385178, "median": -0.32299989461898804, "range": 0.5790396928787231, "iq_range": 0.12303420528769493, "density": 0.23986176686070412, "accuracy": 1.0, "distance": 1.2263236045837402}, "6": {"mean": -0.2866857945919037, "variance": 0.017811261117458344, "std_dev": 0.13345883786678314, "median": -0.3097935914993286, "range": 0.6191851496696472, "iq_range": 0.14988791197538376, "density": 0.23615335717798486, "accuracy": -1.0, "distance": 1.0560839176177979}, "7": {"mean": -0.29030829668045044, "variance": 0.01572107896208763, "std_dev": 0.12538371980190277, "median": -0.31165677309036255, "range": 0.6207359433174133, "iq_range": 0.13162431865930557, "density": 0.23549964489074812, "accuracy": -1.0, "distance": 0.7283558249473572}, "8": {"mean": -0.2845648229122162, "variance": 0.019022855907678604, "std_dev": 0.13792337477207184, "median": -0.29618948698043823, "range": 0.6191851496696472, "iq_range": 0.16866753995418549, "density": 0.23374091917319956, "accuracy": 1.0, "distance": 0.9159921407699585}, "9": {"mean": -0.2845008075237274, "variance": 0.01905928924679756, "std_dev": 0.13805538415908813, "median": -0.2984561622142792, "range": 0.6600216627120972, "iq_range": 0.17211159318685532, "density": 0.23568237859551558, "accuracy": -1.0, "distance": 0.9998041987419128}, "10": {"mean": -0.28450146317481995, "variance": 0.019058918580412865, "std_dev": 0.1380540430545807, "median": -0.30097824335098267, "range": 0.6600216627120972, "iq_range": 0.16999055445194244, "density": 0.23484464479576517, "accuracy": -1.0, "distance": 1.2009406089782715}, "11": {"mean": -0.28718817234039307, "variance": 0.017522962763905525, "std_dev": 0.1323743313550949, "median": -0.3088510036468506, "range": 0.6288362145423889, "iq_range": 0.14709604904055595, "density": 0.23406495992561646, "accuracy": 1.0, "distance": 0.45392462611198425}, "12": {"mean": -0.28778234124183655, "variance": 0.01718132011592388, "std_dev": 0.13107752799987793, "median": -0.30538439750671387, "range": 0.6288362145423889, "iq_range": 0.1462264209985733, "density": 0.23708873228104882, "accuracy": 1.0, "distance": 0.5386224985122681}, "13": {"mean": -0.28636908531188965, "variance": 0.017992759123444557, "std_dev": 0.1341370940208435, "median": -0.3005701005458832, "range": 0.6207359433174133, "iq_range": 0.1594923511147499, "density": 0.2356985106605963, "accuracy": 1.0, "distance": 0.8639537692070007}, "14": {"mean": -0.28752604126930237, "variance": 0.017328782007098198, "std_dev": 0.13163882493972778, "median": -0.3033170700073242, "range": 0.6600216627120972, "iq_range": 0.15354689955711365, "density": 0.23658815572571268, "accuracy": -1.0, "distance": 1.1427295207977295}}