{"0": {"mean": -0.28242799639701843, "variance": 0.020234424620866776, "std_dev": 0.1422477513551712, "median": -0.2930755615234375, "range": 0.6288362145423889, "iq_range": 0.17539187893271446, "density": 0.23386717324445952, "accuracy": 1.0, "distance": 0.5363808870315552}, "1": {"mean": -0.2885260581970215, "variance": 0.016752710565924644, "std_dev": 0.12943226099014282, "median": -0.30326879024505615, "range": 0.6135308146476746, "iq_range": 0.1498732790350914, "density": 0.2346361984641847, "accuracy": -1.0, "distance": 0.6887741088867188}, "2": {"mean": -0.28969675302505493, "variance": 0.016075797379016876, "std_dev": 0.1267903745174408, "median": -0.3131321966648102, "range": 0.6600216627120972, "iq_range": 0.1299792416393757, "density": 0.23483030816711772, "accuracy": 1.0, "distance": 0.34420520067214966}, "3": {"mean": -0.2872016131877899, "variance": 0.01751524768769741, "std_dev": 0.13234518468379974, "median": -0.30690011382102966, "range": 0.6079211831092834, "iq_range": 0.15697257965803146, "density": 0.236496439239777, "accuracy": 1.0, "distance": 0.5745071768760681}, "4": {"mean": -0.28621214628219604, "variance": 0.01808258704841137, "std_dev": 0.13447150588035583, "median": -0.3052856922149658, "range": 0.6288361549377441, "iq_range": 0.15756525471806526, "density": 0.23695631578759943, "accuracy": 1.0, "distance": 1.0945444107055664}, "5": {"mean": -0.2876788377761841, "variance": 0.017240887507796288, "std_dev": 0.1313045620918274, "median": -0.3042185306549072, "range": 0.6600216627120972, "iq_range": 0.14936421811580658, "density": 0.23557843059999606, "accuracy": -1.0, "distance": 0.7243413925170898}, "6": {"mean": -0.28762149810791016, "variance": 0.01727387309074402, "std_dev": 0.13143010437488556, "median": -0.3095095157623291, "range": 0.5918647646903992, "iq_range": 0.1455548219382763, "density": 0.23777138664042424, "accuracy": 1.0, "distance": 0.5052160024642944}, "7": {"mean": -0.28616398572921753, "variance": 0.018110185861587524, "std_dev": 0.13457408547401428, "median": -0.30388644337654114, "range": 0.6179154515266418, "iq_range": 0.1762317605316639, "density": 0.23925514239408968, "accuracy": 1.0, "distance": 0.3971850275993347}, "8": {"mean": -0.2879917025566101, "variance": 0.017060786485671997, "std_dev": 0.1306169480085373, "median": -0.30770161747932434, "range": 0.6207359433174133, "iq_range": 0.14853651076555252, "density": 0.23405674959607398, "accuracy": 1.0, "distance": 0.5609180927276611}, "9": {"mean": -0.29249846935272217, "variance": 0.014444650150835514, "std_dev": 0.12018589675426483, "median": -0.32207751274108887, "range": 0.6079211831092834, "iq_range": 0.11438358575105667, "density": 0.24112487854296463, "accuracy": 1.0, "distance": 0.4638224244117737}, "10": {"mean": -0.2901608645915985, "variance": 0.01580667681992054, "std_dev": 0.12572461366653442, "median": -0.3067924380302429, "range": 0.6207359433174133, "iq_range": 0.13601365312933922, "density": 0.23678963882169113, "accuracy": -1.0, "distance": 0.3098667860031128}, "11": {"mean": -0.2875210642814636, "variance": 0.017331646755337715, "std_dev": 0.13164971768856049, "median": -0.30333757400512695, "range": 0.6600216627120972, "iq_range": 0.15526992455124855, "density": 0.2344569453668793, "accuracy": -1.0, "distance": 0.7789821028709412}, "12": {"mean": -0.2852911055088043, "variance": 0.018608983606100082, "std_dev": 0.13641475141048431, "median": -0.29826241731643677, "range": 0.6600216627120972, "iq_range": 0.16185042262077332, "density": 0.2329909885396219, "accuracy": 1.0, "distance": 1.0833295583724976}, "13": {"mean": -0.2891947031021118, "variance": 0.01636642776429653, "std_dev": 0.12793134152889252, "median": -0.3150235712528229, "range": 0.6288361549377441, "iq_range": 0.12880050763487816, "density": 0.24165361811993288, "accuracy": 1.0, "distance": 0.42684394121170044}, "14": {"mean": -0.2908843457698822, "variance": 0.01538629736751318, "std_dev": 0.12404151260852814, "median": -0.3203703761100769, "range": 0.6288362145423889, "iq_range": 0.12749381363391876, "density": 0.24008834586693156, "accuracy": 1.0, "distance": 0.7990813255310059}}