{"0": {"mean": -0.2870105504989624, "variance": 0.01762494258582592, "std_dev": 0.1327589601278305, "median": -0.3110313415527344, "range": 0.6288362145423889, "iq_range": 0.14798343926668167, "density": 0.23796536936443566, "accuracy": 1.0, "distance": 0.8286502361297607}, "1": {"mean": -0.2866383194923401, "variance": 0.01783846691250801, "std_dev": 0.13356071710586548, "median": -0.30376410484313965, "range": 0.6600216627120972, "iq_range": 0.1566382721066475, "density": 0.2346316546066815, "accuracy": -1.0, "distance": 1.1888408660888672}, "2": {"mean": -0.2860333025455475, "variance": 0.018184956163167953, "std_dev": 0.1348516047000885, "median": -0.30066022276878357, "range": 0.6288362145423889, "iq_range": 0.16620149835944176, "density": 0.23671606517233124, "accuracy": 1.0, "distance": 0.5750914216041565}, "3": {"mean": -0.28653308749198914, "variance": 0.017898783087730408, "std_dev": 0.13378633558750153, "median": -0.3056544065475464, "range": 0.6191851496696472, "iq_range": 0.16016297414898872, "density": 0.2355756817344741, "accuracy": 1.0, "distance": 0.5491916537284851}, "4": {"mean": -0.28740039467811584, "variance": 0.01740102283656597, "std_dev": 0.1319129317998886, "median": -0.30683934688568115, "range": 0.6600216627120972, "iq_range": 0.14373546838760376, "density": 0.23577793883441583, "accuracy": 1.0, "distance": 1.025458574295044}, "5": {"mean": -0.2891477644443512, "variance": 0.01639356091618538, "std_dev": 0.12803734838962555, "median": -0.30925559997558594, "range": 0.6600216627120972, "iq_range": 0.135514285415411, "density": 0.23268820415244806, "accuracy": -1.0, "distance": 0.8380954265594482}, "6": {"mean": -0.28764769434928894, "variance": 0.01725880242884159, "std_dev": 0.13137276470661163, "median": -0.3105894923210144, "range": 0.6146379113197327, "iq_range": 0.14199471101164818, "density": 0.2364445910670794, "accuracy": 1.0, "distance": 1.079813003540039}, "7": {"mean": -0.2867208421230316, "variance": 0.017791148275136948, "std_dev": 0.13338346779346466, "median": -0.3031561076641083, "range": 0.6079211831092834, "iq_range": 0.1668955683708191, "density": 0.23689583937602718, "accuracy": 1.0, "distance": 0.4433191418647766}, "8": {"mean": -0.2853013277053833, "variance": 0.018603144213557243, "std_dev": 0.13639333844184875, "median": -0.3016236126422882, "range": 0.6179154515266418, "iq_range": 0.17268938943743706, "density": 0.2355617861329961, "accuracy": 1.0, "distance": 0.7304685115814209}, "9": {"mean": -0.28741514682769775, "variance": 0.017392529174685478, "std_dev": 0.1318807452917099, "median": -0.30346065759658813, "range": 0.6600216627120972, "iq_range": 0.14983083680272102, "density": 0.23527575786713073, "accuracy": 1.0, "distance": 0.5761365294456482}, "10": {"mean": -0.289871484041214, "variance": 0.01597452349960804, "std_dev": 0.12639036774635315, "median": -0.3073936104774475, "range": 0.6207359433174133, "iq_range": 0.13603319600224495, "density": 0.23564825287129107, "accuracy": 1.0, "distance": 0.3527486324310303}, "11": {"mean": -0.2883809804916382, "variance": 0.01683639921247959, "std_dev": 0.1297551542520523, "median": -0.30908066034317017, "range": 0.6600216627120972, "iq_range": 0.14151543006300926, "density": 0.23550937972587171, "accuracy": -1.0, "distance": 1.198704719543457}, "12": {"mean": -0.2875000536441803, "variance": 0.017343714833259583, "std_dev": 0.13169553875923157, "median": -0.3066680133342743, "range": 0.6600216627120972, "iq_range": 0.1424662284553051, "density": 0.23498152180762158, "accuracy": 1.0, "distance": 1.0758243799209595}, "13": {"mean": -0.2894727289676666, "variance": 0.016205547377467155, "std_dev": 0.12730100750923157, "median": -0.30695873498916626, "range": 0.6007345914840698, "iq_range": 0.13970985263586044, "density": 0.23651783407436075, "accuracy": -1.0, "distance": 0.5550017356872559}, "14": {"mean": -0.28731250762939453, "variance": 0.017451539635658264, "std_dev": 0.1321042776107788, "median": -0.3058185875415802, "range": 0.6288362145423889, "iq_range": 0.15749236196279526, "density": 0.23571291348182905, "accuracy": -1.0, "distance": 0.9618998765945435}}