{"0": {"mean": -0.2869706451892853, "variance": 0.017647843807935715, "std_dev": 0.1328451931476593, "median": -0.3078455328941345, "range": 0.6288362145423889, "iq_range": 0.15442562848329544, "density": 0.23667160244262575, "accuracy": -1.0, "distance": 0.8719218373298645}, "1": {"mean": -0.29092904925346375, "variance": 0.015360287390649319, "std_dev": 0.12393662333488464, "median": -0.3166888356208801, "range": 0.6288362145423889, "iq_range": 0.12167710438370705, "density": 0.24392360247512196, "accuracy": 1.0, "distance": 0.14407376945018768}, "2": {"mean": -0.2890301048755646, "variance": 0.01646161638200283, "std_dev": 0.12830282747745514, "median": -0.3054879307746887, "range": 0.6600216627120972, "iq_range": 0.1427823044359684, "density": 0.235673344819946, "accuracy": -1.0, "distance": 0.8450673818588257}, "3": {"mean": -0.2908264696598053, "variance": 0.015419970266520977, "std_dev": 0.12417717278003693, "median": -0.316946804523468, "range": 0.6288361549377441, "iq_range": 0.12352535128593445, "density": 0.2408535228870409, "accuracy": 1.0, "distance": 0.5447809100151062}, "4": {"mean": -0.29046234488487244, "variance": 0.015631617978215218, "std_dev": 0.12502646446228027, "median": -0.31709492206573486, "range": 0.596330463886261, "iq_range": 0.12585578113794327, "density": 0.23564790279750683, "accuracy": 1.0, "distance": 0.45814651250839233}, "5": {"mean": -0.28409868478775024, "variance": 0.019287949427962303, "std_dev": 0.13888105750083923, "median": -0.2949250340461731, "range": 0.6288362145423889, "iq_range": 0.168313380330801, "density": 0.23543520617231514, "accuracy": -1.0, "distance": 0.5145461559295654}, "6": {"mean": -0.29092931747436523, "variance": 0.015360115095973015, "std_dev": 0.12393593043088913, "median": -0.31712883710861206, "range": 0.6288361549377441, "iq_range": 0.11818712949752808, "density": 0.24155310824756027, "accuracy": -1.0, "distance": 0.6948128342628479}, "7": {"mean": -0.2903890609741211, "variance": 0.015674196183681488, "std_dev": 0.125196635723114, "median": -0.31656596064567566, "range": 0.6079211831092834, "iq_range": 0.12704913690686226, "density": 0.24092009454355842, "accuracy": 1.0, "distance": 1.0207632780075073}, "8": {"mean": -0.2904003858566284, "variance": 0.015667632222175598, "std_dev": 0.12517040967941284, "median": -0.31090879440307617, "range": 0.6207359433174133, "iq_range": 0.12909938395023346, "density": 0.23688344255446755, "accuracy": -1.0, "distance": 0.6418851613998413}, "9": {"mean": -0.2858727276325226, "variance": 0.018276771530508995, "std_dev": 0.13519160449504852, "median": -0.30367720127105713, "range": 0.6288362145423889, "iq_range": 0.15898584201931953, "density": 0.2387964410477594, "accuracy": 1.0, "distance": 0.9766958355903625}, "10": {"mean": -0.2938436269760132, "variance": 0.013655925169587135, "std_dev": 0.116858571767807, "median": -0.3242316246032715, "range": 0.5784083008766174, "iq_range": 0.109703928232193, "density": 0.24300127939480537, "accuracy": 1.0, "distance": 0.6077479720115662}, "11": {"mean": -0.2925172746181488, "variance": 0.014433640986680984, "std_dev": 0.12014009058475494, "median": -0.32061728835105896, "range": 0.6007345914840698, "iq_range": 0.11193346977233887, "density": 0.24176319771899887, "accuracy": -1.0, "distance": 1.118114948272705}, "12": {"mean": -0.28402066230773926, "variance": 0.019332263618707657, "std_dev": 0.1390405148267746, "median": -0.2943611741065979, "range": 0.6146379113197327, "iq_range": 0.16506777703762054, "density": 0.2357785635635688, "accuracy": 1.0, "distance": 0.5025739073753357}, "13": {"mean": -0.28472936153411865, "variance": 0.018929172307252884, "std_dev": 0.13758333027362823, "median": -0.30148792266845703, "range": 0.6288361549377441, "iq_range": 0.16403625905513763, "density": 0.2344257922102656, "accuracy": 1.0, "distance": 0.795649528503418}, "14": {"mean": -0.2877196669578552, "variance": 0.017217403277754784, "std_dev": 0.13121511042118073, "median": -0.3114040493965149, "range": 0.6079211831092834, "iq_range": 0.15420203283429146, "density": 0.2376201350591714, "accuracy": 1.0, "distance": 0.286537766456604}}