{"0": {"mean": -0.287495881319046, "variance": 0.017346108332276344, "std_dev": 0.13170462846755981, "median": -0.3051595091819763, "range": 0.6288362145423889, "iq_range": 0.15278321877121925, "density": 0.23499704483818157, "accuracy": -1.0, "distance": 0.792319118976593}, "1": {"mean": -0.2843463718891144, "variance": 0.019147148355841637, "std_dev": 0.1383732259273529, "median": -0.3049563765525818, "range": 0.6600216627120972, "iq_range": 0.18200759962201118, "density": 0.23612062483438584, "accuracy": 1.0, "distance": 1.2522523403167725}, "2": {"mean": -0.29320448637008667, "variance": 0.014031127095222473, "std_dev": 0.11845305562019348, "median": -0.3221970796585083, "range": 0.6079211831092834, "iq_range": 0.10936935991048813, "density": 0.24807904324268187, "accuracy": 1.0, "distance": 0.3663657009601593}, "3": {"mean": -0.28737756609916687, "variance": 0.01741412840783596, "std_dev": 0.1319625973701477, "median": -0.31085658073425293, "range": 0.6207359433174133, "iq_range": 0.15700757130980492, "density": 0.23850727512524822, "accuracy": 1.0, "distance": 0.19711172580718994}, "4": {"mean": -0.2855271100997925, "variance": 0.018474284559488297, "std_dev": 0.13592013716697693, "median": -0.2986389398574829, "range": 0.6288362145423889, "iq_range": 0.16816600784659386, "density": 0.2364457126448859, "accuracy": 1.0, "distance": 0.7173054218292236}, "5": {"mean": -0.2876908481121063, "variance": 0.0172339528799057, "std_dev": 0.1312781572341919, "median": -0.3078450560569763, "range": 0.6600216627120972, "iq_range": 0.14180390536785126, "density": 0.23584969827077104, "accuracy": 1.0, "distance": 0.7537277936935425}, "6": {"mean": -0.2860533595085144, "variance": 0.01817348785698414, "std_dev": 0.13480907678604126, "median": -0.30678123235702515, "range": 0.6007345914840698, "iq_range": 0.1694905273616314, "density": 0.23577618091286923, "accuracy": 1.0, "distance": 0.39169618487358093}, "7": {"mean": -0.28478822112083435, "variance": 0.01889568567276001, "std_dev": 0.1374615728855133, "median": -0.3046804666519165, "range": 0.6600216627120972, "iq_range": 0.16650236770510674, "density": 0.23688052055718178, "accuracy": -1.0, "distance": 1.4275399446487427}, "8": {"mean": -0.2901759147644043, "variance": 0.0157979354262352, "std_dev": 0.12568983435630798, "median": -0.31532055139541626, "range": 0.6191851496696472, "iq_range": 0.13142529875040054, "density": 0.2373503609548304, "accuracy": -1.0, "distance": 0.5004207491874695}, "9": {"mean": -0.2838551700115204, "variance": 0.0194262582808733, "std_dev": 0.1393781155347824, "median": -0.2906012535095215, "range": 0.6179154515266418, "iq_range": 0.1751491315662861, "density": 0.23662265431900203, "accuracy": 1.0, "distance": 0.7436885237693787}, "10": {"mean": -0.2853933572769165, "variance": 0.018550625070929527, "std_dev": 0.1362006813287735, "median": -0.3071445822715759, "range": 0.6007345914840698, "iq_range": 0.17364144325256348, "density": 0.2344865974056899, "accuracy": 1.0, "distance": 0.7925674915313721}, "11": {"mean": -0.2850891053676605, "variance": 0.01872420124709606, "std_dev": 0.13683640956878662, "median": -0.2961727976799011, "range": 0.6288362145423889, "iq_range": 0.17196517065167427, "density": 0.2378785679853194, "accuracy": 1.0, "distance": 0.5965110063552856}, "12": {"mean": -0.28662264347076416, "variance": 0.01784745790064335, "std_dev": 0.13359437882900238, "median": -0.30395790934562683, "range": 0.6600216627120972, "iq_range": 0.16234612464904785, "density": 0.23501659319810128, "accuracy": -1.0, "distance": 1.1095725297927856}, "13": {"mean": -0.29030945897102356, "variance": 0.01572042889893055, "std_dev": 0.12538114190101624, "median": -0.3145684599876404, "range": 0.6207359433174133, "iq_range": 0.12717721983790398, "density": 0.23576611483968063, "accuracy": -1.0, "distance": 0.5026719570159912}, "14": {"mean": -0.2863623797893524, "variance": 0.017996590584516525, "std_dev": 0.1341513693332672, "median": -0.3062438666820526, "range": 0.6600216627120972, "iq_range": 0.15476587042212486, "density": 0.23303076182501933, "accuracy": -1.0, "distance": 0.7672967910766602}}