{"0": {"mean": -0.2860930860042572, "variance": 0.018150750547647476, "std_dev": 0.1347247213125229, "median": -0.3007888197898865, "range": 0.6135308146476746, "iq_range": 0.16743910685181618, "density": 0.2336234872823947, "accuracy": 1.0, "distance": 0.8189287185668945}, "1": {"mean": -0.28410565853118896, "variance": 0.01928398385643959, "std_dev": 0.13886678218841553, "median": -0.29660338163375854, "range": 0.6288361549377441, "iq_range": 0.16322074085474014, "density": 0.23648334284102293, "accuracy": -1.0, "distance": 0.9829595685005188}, "2": {"mean": -0.2854912579059601, "variance": 0.018494728952646255, "std_dev": 0.13599532842636108, "median": -0.30324167013168335, "range": 0.6191851496696472, "iq_range": 0.17050612345337868, "density": 0.2351195079331138, "accuracy": 1.0, "distance": 0.47809433937072754}, "3": {"mean": -0.28850287199020386, "variance": 0.016766097396612167, "std_dev": 0.12948396801948547, "median": -0.31009918451309204, "range": 0.6288362145423889, "iq_range": 0.14958392083644867, "density": 0.23834408060382806, "accuracy": 1.0, "distance": 0.8076669573783875}, "4": {"mean": -0.2905582785606384, "variance": 0.01557588204741478, "std_dev": 0.12480337172746658, "median": -0.3174622058868408, "range": 0.6288362145423889, "iq_range": 0.1299232393503189, "density": 0.24133710662863458, "accuracy": -1.0, "distance": 0.5385400056838989}, "5": {"mean": -0.28515177965164185, "variance": 0.018688447773456573, "std_dev": 0.1367056965827942, "median": -0.3057630658149719, "range": 0.6600216627120972, "iq_range": 0.1675032265484333, "density": 0.23587225441079077, "accuracy": -1.0, "distance": 0.9116690754890442}, "6": {"mean": -0.29080966114997864, "variance": 0.015429753810167313, "std_dev": 0.12421655654907227, "median": -0.3176937699317932, "range": 0.6288360953330994, "iq_range": 0.12107828259468079, "density": 0.24207413658022833, "accuracy": -1.0, "distance": 0.9561148881912231}, "7": {"mean": -0.28250864148139954, "variance": 0.020188869908452034, "std_dev": 0.14208754897117615, "median": -0.2926102876663208, "range": 0.6288362145423889, "iq_range": 0.17465413361787796, "density": 0.23480273774086285, "accuracy": 1.0, "distance": 1.1899793148040771}, "8": {"mean": -0.28899720311164856, "variance": 0.01648060604929924, "std_dev": 0.1283768117427826, "median": -0.31427454948425293, "range": 0.6207359433174133, "iq_range": 0.14349185302853584, "density": 0.2358220796157407, "accuracy": 1.0, "distance": 0.6618821620941162}, "9": {"mean": -0.2910047471523285, "variance": 0.015316237695515156, "std_dev": 0.12375878542661667, "median": -0.31712883710861206, "range": 0.6288361549377441, "iq_range": 0.12073115259408951, "density": 0.24420987110389308, "accuracy": 1.0, "distance": 0.3946954011917114}, "10": {"mean": -0.29007482528686523, "variance": 0.015856590121984482, "std_dev": 0.12592294812202454, "median": -0.3071344494819641, "range": 0.6600216627120972, "iq_range": 0.13486899808049202, "density": 0.23527022453407032, "accuracy": -1.0, "distance": 0.4060874581336975}, "11": {"mean": -0.28757935762405396, "variance": 0.017298104241490364, "std_dev": 0.1315222531557083, "median": -0.31078314781188965, "range": 0.6600216627120972, "iq_range": 0.1483851671218872, "density": 0.23593681167445904, "accuracy": 1.0, "distance": 0.9536056518554688}, "12": {"mean": -0.2927432358264923, "variance": 0.014301405288279057, "std_dev": 0.11958847939968109, "median": -0.32391202449798584, "range": 0.5790396928787231, "iq_range": 0.117002934217453, "density": 0.23994902678548247, "accuracy": 1.0, "distance": 0.28041350841522217}, "13": {"mean": -0.2834927439689636, "variance": 0.01963185891509056, "std_dev": 0.1401137411594391, "median": -0.2941417098045349, "range": 0.6191850900650024, "iq_range": 0.16406149044632912, "density": 0.23670759701661767, "accuracy": 1.0, "distance": 0.4049111604690552}, "14": {"mean": -0.2848895788192749, "variance": 0.01883791759610176, "std_dev": 0.13725128769874573, "median": -0.2992572784423828, "range": 0.6191851496696472, "iq_range": 0.16908489912748337, "density": 0.23717267434697992, "accuracy": -1.0, "distance": 0.7180785536766052}}