{
    "0": [
        0.0,
        0
    ],
    "1": [
        0.0,
        0
    ],
    "2": [
        1.3408928996388927,
        0
    ],
    "3": [
        3.1450371831007753,
        0
    ],
    "4": [
        0.6868788300665795,
        0
    ],
    "5": [
        1.612122312332267,
        0
    ],
    "6": [
        0.6064447814461238,
        0
    ],
    "7": [
        2.8628884238395056,
        0
    ],
    "8": [
        4.7321781767446245,
        0
    ],
    "9": [
        0.0,
        0
    ],
    "10": [
        4.072605048435922,
        0
    ],
    "11": [
        1.246330116375699,
        0
    ],
    "12": [
        3.1250888947290654,
        0
    ],
    "13": [
        0.6782825092921492,
        0
    ],
    "14": [
        4.704785456124493,
        0
    ]
}