{
    "0": [
        1.7866820894095796,
        0
    ],
    "1": [
        1.7759901732887777,
        0
    ],
    "2": [
        0.5404359442791754,
        0
    ],
    "3": [
        0.9744973908279405,
        0
    ],
    "4": [
        1.709915587431565,
        0
    ],
    "5": [
        1.7669522706057474,
        0
    ],
    "6": [
        2.7117555710780294,
        0
    ],
    "7": [
        2.4231414739094315,
        0
    ],
    "8": [
        4.302431108541799,
        0
    ],
    "9": [
        2.6556143106072057,
        0
    ],
    "10": [
        0.6882040867801941,
        0
    ],
    "11": [
        1.0928029198975242,
        0
    ],
    "12": [
        0.0,
        0
    ],
    "13": [
        2.5447975301755497,
        0
    ],
    "14": [
        1.3204289244218355,
        0
    ]
}