{
    "0": [
        0.0,
        0
    ],
    "1": [
        0.0,
        0
    ],
    "2": [
        0.0,
        0
    ],
    "3": [
        4.606726810209517,
        0
    ],
    "4": [
        0.0,
        0
    ],
    "5": [
        3.3168753741886206,
        0
    ],
    "6": [
        2.7844582437303815,
        0
    ],
    "7": [
        0.6707383784579115,
        0
    ],
    "8": [
        0.27204638192690433,
        0
    ],
    "9": [
        1.4553550746994677,
        0
    ],
    "10": [
        0.0,
        0
    ],
    "11": [
        5.079370591170938,
        0
    ],
    "12": [
        2.4561588692969516,
        0
    ],
    "13": [
        0.8317923303374714,
        0
    ],
    "14": [
        0.5964371267107748,
        0
    ]
}