{
    "0": [
        0.02681622708955081,
        159
    ],
    "1": [
        0.07138197119603319,
        216
    ],
    "2": [
        0.08729764546333894,
        219
    ],
    "3": [
        0.10093940404852753,
        218
    ],
    "4": [
        0.09766348639998595,
        253
    ],
    "5": [
        0.02339918027752358,
        197
    ],
    "6": [
        0.06683849651633293,
        221
    ],
    "7": [
        0.1113410874378081,
        207
    ],
    "8": [
        0.09219032550988475,
        207
    ],
    "9": [
        0.0307663903813201,
        202
    ],
    "10": [
        0.01844820410923423,
        128
    ],
    "11": [
        0.048142149758214604,
        194
    ],
    "12": [
        0.07927651996056542,
        218
    ],
    "13": [
        0.09204941588042154,
        185
    ],
    "14": [
        0.05344949597125838,
        262
    ]
}