{
    "0": [
        0.1780252465316022,
        155
    ],
    "1": [
        0.13013837480928925,
        246
    ],
    "2": [
        0.09538514664784883,
        163
    ],
    "3": [
        0.08733066736351586,
        200
    ],
    "4": [
        0.023280339126609196,
        169
    ],
    "5": [
        0.017743019666067,
        134
    ],
    "6": [
        0.028533471574052238,
        166
    ],
    "7": [
        0.05849704899327085,
        210
    ],
    "8": [
        0.05102822477415179,
        205
    ],
    "9": [
        0.033219590347842304,
        154
    ],
    "10": [
        0.07043712931526835,
        193
    ],
    "11": [
        0.05759733239407994,
        181
    ],
    "12": [
        0.06318963829058014,
        128
    ],
    "13": [
        0.06203791736500434,
        182
    ],
    "14": [
        0.0435568528008176,
        190
    ]
}