{
    "0": [
        0.14201555325799814,
        371
    ],
    "1": [
        0.10019336411700397,
        255
    ],
    "2": [
        0.04367729234746104,
        244
    ],
    "3": [
        0.07708411313483272,
        264
    ],
    "4": [
        0.09116024930664327,
        332
    ],
    "5": [
        0.01518659650320351,
        156
    ],
    "6": [
        0.05316953400643096,
        300
    ],
    "7": [
        0.03755105371391547,
        318
    ],
    "8": [
        0.08759480803337745,
        313
    ],
    "9": [
        0.07402806935128475,
        267
    ],
    "10": [
        0.0802453854209061,
        157
    ],
    "11": [
        0.08081499443107742,
        217
    ],
    "12": [
        0.02181600921091321,
        173
    ],
    "13": [
        0.025447109832563566,
        218
    ],
    "14": [
        0.07001586733238847,
        339
    ]
}