{
    "0": [
        0.04162270349459841,
        212
    ],
    "1": [
        0.08258322846576613,
        285
    ],
    "2": [
        0.02166132528912486,
        197
    ],
    "3": [
        0.07258133804058922,
        193
    ],
    "4": [
        0.044198476584723624,
        259
    ],
    "5": [
        0.05958234523801561,
        210
    ],
    "6": [
        0.11970765888493823,
        309
    ],
    "7": [
        0.054436349939322365,
        328
    ],
    "8": [
        0.030015077051063464,
        192
    ],
    "9": [
        0.043102765003791774,
        275
    ],
    "10": [
        0.0750605021185069,
        283
    ],
    "11": [
        0.12880260421065282,
        349
    ],
    "12": [
        0.11821328769124881,
        205
    ],
    "13": [
        0.0835742017423232,
        204
    ],
    "14": [
        0.024858136245334488,
        248
    ]
}