{
    "0": [
        0.09870275056577724,
        277
    ],
    "1": [
        0.09031121597068192,
        241
    ],
    "2": [
        0.02300222856677987,
        178
    ],
    "3": [
        0.07758478127865363,
        269
    ],
    "4": [
        0.02157830417105914,
        175
    ],
    "5": [
        0.1968606764873721,
        269
    ],
    "6": [
        0.07977605091691904,
        250
    ],
    "7": [
        0.04853154815317103,
        203
    ],
    "8": [
        0.02662811832060543,
        176
    ],
    "9": [
        0.09222782613176907,
        192
    ],
    "10": [
        0.01784919474269529,
        160
    ],
    "11": [
        0.018582486125761924,
        189
    ],
    "12": [
        0.07282532006587991,
        225
    ],
    "13": [
        0.049614679679070475,
        229
    ],
    "14": [
        0.08592481882380382,
        180
    ]
}