{
    "0": [
        0.11309114365620608,
        283
    ],
    "1": [
        0.07988991023481198,
        265
    ],
    "2": [
        0.04177823222890351,
        166
    ],
    "3": [
        0.13304364145057718,
        249
    ],
    "4": [
        0.0630547325391262,
        179
    ],
    "5": [
        0.023475705010695666,
        122
    ],
    "6": [
        0.08811367094511127,
        212
    ],
    "7": [
        0.0787270427077212,
        197
    ],
    "8": [
        0.12303469330634917,
        194
    ],
    "9": [
        0.038696949326619705,
        226
    ],
    "10": [
        0.02665467358724735,
        148
    ],
    "11": [
        0.015062568688021223,
        123
    ],
    "12": [
        0.014729696679833619,
        134
    ],
    "13": [
        0.06093658619973739,
        251
    ],
    "14": [
        0.09971075343903857,
        124
    ]
}