{
    "0": [
        0.12625975752105104,
        232
    ],
    "1": [
        0.035786591420135946,
        185
    ],
    "2": [
        0.07940795955237298,
        217
    ],
    "3": [
        0.0448103807550212,
        226
    ],
    "4": [
        0.04894688914820667,
        228
    ],
    "5": [
        0.10394990565480243,
        242
    ],
    "6": [
        0.09212134445255234,
        147
    ],
    "7": [
        0.09611831900428874,
        222
    ],
    "8": [
        0.055232581033999015,
        163
    ],
    "9": [
        0.04297499600679448,
        159
    ],
    "10": [
        0.025695576311760247,
        206
    ],
    "11": [
        0.07120511651713003,
        224
    ],
    "12": [
        0.05841678586804201,
        189
    ],
    "13": [
        0.06286002238978887,
        210
    ],
    "14": [
        0.05621377436405393,
        175
    ]
}