{
    "0": [
        0.09352473565185575,
        213
    ],
    "1": [
        0.048282833592665685,
        203
    ],
    "2": [
        0.044627908155821024,
        204
    ],
    "3": [
        0.06202181424350952,
        166
    ],
    "4": [
        0.025176186643806962,
        174
    ],
    "5": [
        0.07692162186438618,
        218
    ],
    "6": [
        0.08161857017475496,
        156
    ],
    "7": [
        0.052663990188685186,
        180
    ],
    "8": [
        0.039889171257917966,
        226
    ],
    "9": [
        0.10197376175864875,
        187
    ],
    "10": [
        0.041779473402340526,
        159
    ],
    "11": [
        0.1591954074009546,
        242
    ],
    "12": [
        0.06325697141954528,
        192
    ],
    "13": [
        0.06197988305494225,
        135
    ],
    "14": [
        0.047087671190165305,
        163
    ]
}