{
    "0": [
        42.749220198483734,
        0
    ],
    "1": [
        49.61530879783634,
        0
    ],
    "2": [
        70.79872776203139,
        0
    ],
    "3": [
        53.4628540060684,
        0
    ],
    "4": [
        79.3641973490375,
        0
    ],
    "5": [
        81.43332758161397,
        0
    ],
    "6": [
        67.54333273767811,
        0
    ],
    "7": [
        68.76836984808415,
        0
    ],
    "8": [
        49.93073821452188,
        0
    ],
    "9": [
        70.47781809689859,
        0
    ],
    "10": [
        53.660242857834,
        0
    ],
    "11": [
        48.88135441832907,
        0
    ],
    "12": [
        54.33577612970117,
        0
    ],
    "13": [
        66.2957240890946,
        0
    ],
    "14": [
        66.57608589603366,
        0
    ]
}