{
    "0": [
        50.72331592107011,
        0
    ],
    "1": [
        102.42983215151632,
        0
    ],
    "2": [
        58.319490182756724,
        0
    ],
    "3": [
        62.60393706000556,
        0
    ],
    "4": [
        68.78807297626625,
        0
    ],
    "5": [
        52.796409528417115,
        0
    ],
    "6": [
        65.31525424357667,
        0
    ],
    "7": [
        55.81316282753645,
        0
    ],
    "8": [
        70.23184682348365,
        0
    ],
    "9": [
        38.04654451943182,
        0
    ],
    "10": [
        38.997910924832745,
        0
    ],
    "11": [
        97.01795627251553,
        0
    ],
    "12": [
        62.55824612798781,
        0
    ],
    "13": [
        49.76818605891455,
        0
    ],
    "14": [
        52.77355900348891,
        0
    ]
}