{
    "0": [
        89.7272546298786,
        0
    ],
    "1": [
        116.5618215363904,
        0
    ],
    "2": [
        48.564693892638815,
        0
    ],
    "3": [
        72.40428598590897,
        0
    ],
    "4": [
        56.42359598855715,
        0
    ],
    "5": [
        59.730202034213434,
        0
    ],
    "6": [
        56.43675042388759,
        0
    ],
    "7": [
        59.07043502837783,
        0
    ],
    "8": [
        72.68261844933492,
        0
    ],
    "9": [
        74.45671276772666,
        0
    ],
    "10": [
        55.85675774630248,
        0
    ],
    "11": [
        51.99908752186737,
        0
    ],
    "12": [
        37.71329916348755,
        0
    ],
    "13": [
        44.578619312365454,
        0
    ],
    "14": [
        59.18093088922957,
        0
    ]
}