{
    "0": [
        96.67124337490263,
        0
    ],
    "1": [
        45.03534863307951,
        0
    ],
    "2": [
        103.32853356900648,
        0
    ],
    "3": [
        53.65002727157229,
        0
    ],
    "4": [
        73.3818144012108,
        0
    ],
    "5": [
        38.38175532229903,
        0
    ],
    "6": [
        60.52848306175344,
        0
    ],
    "7": [
        85.26566611299681,
        0
    ],
    "8": [
        72.69899956372574,
        0
    ],
    "9": [
        49.54040430785559,
        0
    ],
    "10": [
        65.35102622190887,
        0
    ],
    "11": [
        81.8083528798309,
        0
    ],
    "12": [
        61.46293661173702,
        0
    ],
    "13": [
        70.58132069722548,
        0
    ],
    "14": [
        57.310020767156466,
        0
    ]
}