{
    "0": [
        86.56062996896176,
        0
    ],
    "1": [
        59.91139576830686,
        0
    ],
    "2": [
        44.405673766589935,
        0
    ],
    "3": [
        44.37546473363486,
        0
    ],
    "4": [
        71.30252553020111,
        0
    ],
    "5": [
        89.96669217810415,
        0
    ],
    "6": [
        52.00334590212375,
        0
    ],
    "7": [
        51.217818638416084,
        0
    ],
    "8": [
        64.39692962605999,
        0
    ],
    "9": [
        89.75220017123624,
        0
    ],
    "10": [
        76.24554024404814,
        0
    ],
    "11": [
        65.82078095103371,
        0
    ],
    "12": [
        80.16003133193979,
        0
    ],
    "13": [
        49.60653370077374,
        0
    ],
    "14": [
        57.55233138998473,
        0
    ]
}