{
    "0": [
        38.13311778149641,
        0
    ],
    "1": [
        64.42816113943229,
        0
    ],
    "2": [
        48.4178573733095,
        0
    ],
    "3": [
        49.36992687695235,
        0
    ],
    "4": [
        40.44880850466226,
        0
    ],
    "5": [
        49.41482122251808,
        0
    ],
    "6": [
        56.19290409938832,
        0
    ],
    "7": [
        68.60445956248493,
        0
    ],
    "8": [
        55.57803200496322,
        0
    ],
    "9": [
        35.56578523786235,
        0
    ],
    "10": [
        66.11843890920103,
        0
    ],
    "11": [
        39.47328199917527,
        0
    ],
    "12": [
        74.27579454585054,
        0
    ],
    "13": [
        84.37914764341693,
        0
    ],
    "14": [
        50.40760441721479,
        0
    ]
}