{
    "0": [
        52.30604949292639,
        0
    ],
    "1": [
        51.8828255778668,
        0
    ],
    "2": [
        43.51578939647532,
        0
    ],
    "3": [
        69.42749940688762,
        0
    ],
    "4": [
        107.90364750609396,
        0
    ],
    "5": [
        70.26484144674151,
        0
    ],
    "6": [
        51.522317676835335,
        0
    ],
    "7": [
        63.720850308142275,
        0
    ],
    "8": [
        43.527410887670534,
        0
    ],
    "9": [
        48.17852829652157,
        0
    ],
    "10": [
        63.371115470473555,
        0
    ],
    "11": [
        115.64498439802061,
        0
    ],
    "12": [
        34.31361584937536,
        0
    ],
    "13": [
        87.38402974994762,
        0
    ],
    "14": [
        57.11674562815769,
        0
    ]
}