{
    "0": [
        75.83593175136927,
        0
    ],
    "1": [
        81.01628538129158,
        0
    ],
    "2": [
        76.91866843480832,
        0
    ],
    "3": [
        60.47606605033521,
        0
    ],
    "4": [
        67.23768146863127,
        0
    ],
    "5": [
        47.3915242876665,
        0
    ],
    "6": [
        71.41937595684074,
        0
    ],
    "7": [
        49.57148177637441,
        0
    ],
    "8": [
        69.91260893610496,
        0
    ],
    "9": [
        76.5900245541829,
        0
    ],
    "10": [
        59.87910437997884,
        0
    ],
    "11": [
        58.08965795534598,
        0
    ],
    "12": [
        61.19899404129376,
        0
    ],
    "13": [
        53.17108612605419,
        0
    ],
    "14": [
        52.005724188846905,
        0
    ]
}