{
    "0": [
        113.51623492652178,
        0
    ],
    "1": [
        55.478279923583585,
        0
    ],
    "2": [
        64.84885413111225,
        0
    ],
    "3": [
        67.0774839958853,
        0
    ],
    "4": [
        64.28949782602483,
        0
    ],
    "5": [
        56.29033696299068,
        0
    ],
    "6": [
        64.44593503871276,
        0
    ],
    "7": [
        31.860532081114172,
        0
    ],
    "8": [
        55.78775955693051,
        0
    ],
    "9": [
        62.568435661562134,
        0
    ],
    "10": [
        27.718188445999285,
        0
    ],
    "11": [
        61.29511366621805,
        0
    ],
    "12": [
        80.63382372295509,
        0
    ],
    "13": [
        49.72753797979296,
        0
    ],
    "14": [
        60.74313130273654,
        0
    ]
}