{
    "0": [
        101.23818619116722,
        0
    ],
    "1": [
        46.936832355050285,
        0
    ],
    "2": [
        57.928929083073406,
        0
    ],
    "3": [
        65.4115852300714,
        0
    ],
    "4": [
        40.040985588834495,
        0
    ],
    "5": [
        83.65994173743474,
        0
    ],
    "6": [
        77.90298408382684,
        0
    ],
    "7": [
        93.40776872094783,
        0
    ],
    "8": [
        63.84991498544498,
        0
    ],
    "9": [
        40.46481446195571,
        0
    ],
    "10": [
        46.0664539693721,
        0
    ],
    "11": [
        61.042239182621714,
        0
    ],
    "12": [
        47.26420986571533,
        0
    ],
    "13": [
        78.41188112430952,
        0
    ],
    "14": [
        50.90652067435955,
        0
    ]
}