{
    "0": [
        39.85006710564089,
        0
    ],
    "1": [
        57.58846830328042,
        0
    ],
    "2": [
        58.04239310873403,
        0
    ],
    "3": [
        54.32914808874034,
        0
    ],
    "4": [
        59.57680371478533,
        0
    ],
    "5": [
        60.384045521578855,
        0
    ],
    "6": [
        66.49129997688179,
        0
    ],
    "7": [
        97.31149159230623,
        0
    ],
    "8": [
        51.48578809836258,
        0
    ],
    "9": [
        82.11430406194299,
        0
    ],
    "10": [
        40.87878526075249,
        0
    ],
    "11": [
        74.63705944860715,
        0
    ],
    "12": [
        38.91972847989829,
        0
    ],
    "13": [
        40.59814531975839,
        0
    ],
    "14": [
        73.93525997433912,
        0
    ]
}