{
    "0": [
        0.04780751178403181,
        44025
    ],
    "1": [
        0.04822023234344832,
        41916
    ],
    "2": [
        0.08218273595074041,
        51158
    ],
    "3": [
        0.048858821574567585,
        46606
    ],
    "4": [
        0.07804009113105873,
        46688
    ],
    "5": [
        0.06789532025017364,
        47518
    ],
    "6": [
        0.0697991750817625,
        47028
    ],
    "7": [
        0.09979429448155246,
        51165
    ],
    "8": [
        0.059622229781131776,
        43199
    ],
    "9": [
        0.0835958893450248,
        50006
    ],
    "10": [
        0.0741958942228535,
        48923
    ],
    "11": [
        0.06692584889070269,
        45395
    ],
    "12": [
        0.08269277874679991,
        45851
    ],
    "13": [
        0.048376791015315994,
        42079
    ],
    "14": [
        0.041992385400835934,
        45035
    ]
}