{
    "0": [
        0.06316027294385547,
        43134
    ],
    "1": [
        0.05471062310734998,
        42998
    ],
    "2": [
        0.05622628698803284,
        47140
    ],
    "3": [
        0.07620257088584995,
        45021
    ],
    "4": [
        0.08597589363255582,
        49445
    ],
    "5": [
        0.06030719132017534,
        45663
    ],
    "6": [
        0.052651682288479475,
        42133
    ],
    "7": [
        0.06828949134533625,
        45701
    ],
    "8": [
        0.08315706510292693,
        48524
    ],
    "9": [
        0.06491354639444451,
        47856
    ],
    "10": [
        0.09540897665558437,
        51235
    ],
    "11": [
        0.06930256453005607,
        43796
    ],
    "12": [
        0.04815513427478531,
        42182
    ],
    "13": [
        0.061586440070161244,
        45746
    ],
    "14": [
        0.059952260460406546,
        48631
    ]
}