{
    "0": [
        0.07191082568960225,
        51837
    ],
    "1": [
        0.07398693544940114,
        49162
    ],
    "2": [
        0.103715762893313,
        50681
    ],
    "3": [
        0.05181725866997672,
        48061
    ],
    "4": [
        0.04894590977574935,
        48674
    ],
    "5": [
        0.0624899228766876,
        47447
    ],
    "6": [
        0.05573771192630478,
        48668
    ],
    "7": [
        0.04734919271849452,
        45555
    ],
    "8": [
        0.06327677844836915,
        47567
    ],
    "9": [
        0.07403271717345726,
        47627
    ],
    "10": [
        0.05781685337460847,
        46885
    ],
    "11": [
        0.09758412118430941,
        54513
    ],
    "12": [
        0.06671055757168959,
        49230
    ],
    "13": [
        0.0566130587278521,
        45409
    ],
    "14": [
        0.06801239352018477,
        50647
    ]
}