{
    "0": [
        0.06835695608892566,
        49499
    ],
    "1": [
        0.05585395536626504,
        43085
    ],
    "2": [
        0.10161125033148787,
        44226
    ],
    "3": [
        0.0894967810486132,
        47791
    ],
    "4": [
        0.05237237778561397,
        43978
    ],
    "5": [
        0.059038146223269944,
        44533
    ],
    "6": [
        0.0488907956588418,
        42285
    ],
    "7": [
        0.06811088762002324,
        42687
    ],
    "8": [
        0.07361370876588769,
        45971
    ],
    "9": [
        0.07291890406536561,
        45664
    ],
    "10": [
        0.06537505637159467,
        45067
    ],
    "11": [
        0.05998291756559355,
        44843
    ],
    "12": [
        0.07810949648712177,
        44982
    ],
    "13": [
        0.052930392202866654,
        46934
    ],
    "14": [
        0.05333837441852927,
        43546
    ]
}