{
    "0": [
        0.06212306682360178,
        48835
    ],
    "1": [
        0.058323889902800075,
        47422
    ],
    "2": [
        0.057560423816564885,
        49735
    ],
    "3": [
        0.05801347385081488,
        46440
    ],
    "4": [
        0.060359946694395615,
        48129
    ],
    "5": [
        0.04410987656182669,
        46383
    ],
    "6": [
        0.06481968645808237,
        51131
    ],
    "7": [
        0.059420971127932445,
        47675
    ],
    "8": [
        0.09677165033698704,
        50118
    ],
    "9": [
        0.06592893800712551,
        46261
    ],
    "10": [
        0.09719946567195707,
        53462
    ],
    "11": [
        0.06911218991734422,
        50500
    ],
    "12": [
        0.07122234265619853,
        51278
    ],
    "13": [
        0.07938661401921066,
        52782
    ],
    "14": [
        0.05564746415515825,
        48006
    ]
}