{
    "0": [
        0.08527671106048405,
        53400
    ],
    "1": [
        0.06866112111904828,
        53015
    ],
    "2": [
        0.0988993950401835,
        48967
    ],
    "3": [
        0.05468909834528458,
        46293
    ],
    "4": [
        0.051900056908768165,
        46040
    ],
    "5": [
        0.03715238270695673,
        41931
    ],
    "6": [
        0.03743856371503559,
        42210
    ],
    "7": [
        0.0719633299394013,
        52230
    ],
    "8": [
        0.0744460811511593,
        50094
    ],
    "9": [
        0.05374819219857959,
        46831
    ],
    "10": [
        0.0643452221373579,
        47708
    ],
    "11": [
        0.06920867919292902,
        51865
    ],
    "12": [
        0.11660818319019274,
        57446
    ],
    "13": [
        0.04728340762811073,
        48282
    ],
    "14": [
        0.06837957566650875,
        49431
    ]
}