{
    "0": [
        0.06574166656973839,
        52578
    ],
    "1": [
        0.09242273981927379,
        50398
    ],
    "2": [
        0.08125281781866324,
        52475
    ],
    "3": [
        0.05365955667388906,
        44870
    ],
    "4": [
        0.09506092534452708,
        49595
    ],
    "5": [
        0.05272297209439195,
        46408
    ],
    "6": [
        0.041070025051964804,
        43057
    ],
    "7": [
        0.05865987576521063,
        49099
    ],
    "8": [
        0.07079509754506517,
        53360
    ],
    "9": [
        0.07122759861119433,
        51401
    ],
    "10": [
        0.05605448675647987,
        46650
    ],
    "11": [
        0.07281546585830904,
        50332
    ],
    "12": [
        0.08484081569601311,
        53307
    ],
    "13": [
        0.04207862940705013,
        45189
    ],
    "14": [
        0.06159732698822947,
        46245
    ]
}