{
    "0": [
        0.053220772852068554,
        46644
    ],
    "1": [
        0.07312041202630008,
        49740
    ],
    "2": [
        0.04621299864488689,
        47375
    ],
    "3": [
        0.05782242051937321,
        46681
    ],
    "4": [
        0.08521964989633088,
        49999
    ],
    "5": [
        0.05441566197510477,
        43947
    ],
    "6": [
        0.06466436157644653,
        50167
    ],
    "7": [
        0.058419121417845395,
        48635
    ],
    "8": [
        0.049085496153382736,
        42779
    ],
    "9": [
        0.08350403490316993,
        49027
    ],
    "10": [
        0.08417396882598473,
        46779
    ],
    "11": [
        0.05890253770633961,
        45786
    ],
    "12": [
        0.10617563664583939,
        54141
    ],
    "13": [
        0.0735157493062665,
        51802
    ],
    "14": [
        0.051547177550660864,
        45135
    ]
}