{
    "0": [
        0.06307645440589027,
        46971
    ],
    "1": [
        0.07468523114415836,
        49922
    ],
    "2": [
        0.07451407205062172,
        50324
    ],
    "3": [
        0.06497588339566876,
        47660
    ],
    "4": [
        0.052607253340234555,
        45547
    ],
    "5": [
        0.08882451998098702,
        50919
    ],
    "6": [
        0.09132273628282216,
        47417
    ],
    "7": [
        0.06460579480840294,
        46709
    ],
    "8": [
        0.07316380363089893,
        48102
    ],
    "9": [
        0.05730525020882316,
        47123
    ],
    "10": [
        0.052045212763524674,
        43652
    ],
    "11": [
        0.06671087351526668,
        49017
    ],
    "12": [
        0.04457076557052557,
        45084
    ],
    "13": [
        0.05148686715699278,
        46580
    ],
    "14": [
        0.08010528174518235,
        52275
    ]
}