{
    "0": [
        0.05815457248285424,
        44389
    ],
    "1": [
        0.049144106447726106,
        48361
    ],
    "2": [
        0.06682550685952851,
        47626
    ],
    "3": [
        0.06548631611137437,
        48203
    ],
    "4": [
        0.053975024077033855,
        43300
    ],
    "5": [
        0.0797974103863709,
        51086
    ],
    "6": [
        0.05674691371431373,
        44726
    ],
    "7": [
        0.0493222587784394,
        48083
    ],
    "8": [
        0.08990416133295365,
        55683
    ],
    "9": [
        0.09643104397551472,
        48126
    ],
    "10": [
        0.09305385591415907,
        55027
    ],
    "11": [
        0.04832547642914754,
        46807
    ],
    "12": [
        0.04974233989472774,
        49478
    ],
    "13": [
        0.05286242103988338,
        42577
    ],
    "14": [
        0.09022859255597286,
        51830
    ]
}