{
    "0": [
        0.05344150715832241,
        48348
    ],
    "1": [
        0.07808642802617652,
        50571
    ],
    "2": [
        0.07169190971825512,
        46949
    ],
    "3": [
        0.0524192800204037,
        44517
    ],
    "4": [
        0.06851108781767022,
        46792
    ],
    "5": [
        0.06383814724576875,
        48846
    ],
    "6": [
        0.07081751553083647,
        47239
    ],
    "7": [
        0.07294868523957841,
        50880
    ],
    "8": [
        0.0541351577147954,
        45362
    ],
    "9": [
        0.07826243750297478,
        51660
    ],
    "10": [
        0.06471812712978027,
        50038
    ],
    "11": [
        0.06355818859219545,
        47680
    ],
    "12": [
        0.09200521790120841,
        49100
    ],
    "13": [
        0.04950369281103838,
        46536
    ],
    "14": [
        0.06606261759099577,
        47713
    ]
}