{
    "0": [
        0.08003314408005271,
        48084
    ],
    "1": [
        0.08715782409630426,
        50232
    ],
    "2": [
        0.056670592392094966,
        47137
    ],
    "3": [
        0.053020319771487995,
        44385
    ],
    "4": [
        0.04789086785091878,
        44361
    ],
    "5": [
        0.05668096821593279,
        49829
    ],
    "6": [
        0.051157976985799936,
        44641
    ],
    "7": [
        0.05331511022151741,
        42607
    ],
    "8": [
        0.08334173268624517,
        50336
    ],
    "9": [
        0.0698078154527115,
        45659
    ],
    "10": [
        0.07785663258660311,
        48862
    ],
    "11": [
        0.06076840018903961,
        45568
    ],
    "12": [
        0.07360906091171292,
        47768
    ],
    "13": [
        0.08966628130404208,
        49957
    ],
    "14": [
        0.05902327325553677,
        48177
    ]
}