{
    "0": [
        0.0676622981285445,
        49923
    ],
    "1": [
        0.05271375376012336,
        47662
    ],
    "2": [
        0.05484452491874401,
        47178
    ],
    "3": [
        0.05383562876694249,
        47657
    ],
    "4": [
        0.06799901776100917,
        46399
    ],
    "5": [
        0.07264320495477876,
        46341
    ],
    "6": [
        0.09608933347999482,
        56246
    ],
    "7": [
        0.06327174466625285,
        45357
    ],
    "8": [
        0.07651576399587842,
        52220
    ],
    "9": [
        0.05232465591473471,
        48388
    ],
    "10": [
        0.04898514357475009,
        47453
    ],
    "11": [
        0.054830654123224326,
        46238
    ],
    "12": [
        0.07042358246599503,
        51374
    ],
    "13": [
        0.05971794799542072,
        46985
    ],
    "14": [
        0.10814274549360683,
        54605
    ]
}