{
    "0": [
        0.0748561621884438,
        48356
    ],
    "1": [
        0.06203405269300776,
        45927
    ],
    "2": [
        0.08065954596716625,
        46300
    ],
    "3": [
        0.06252164327529913,
        45805
    ],
    "4": [
        0.07447144898529873,
        46790
    ],
    "5": [
        0.050659256979547124,
        43661
    ],
    "6": [
        0.07490893371710348,
        49985
    ],
    "7": [
        0.06014941382612348,
        44093
    ],
    "8": [
        0.08758805631169207,
        46797
    ],
    "9": [
        0.06843118642369492,
        47146
    ],
    "10": [
        0.05024210841030099,
        44539
    ],
    "11": [
        0.0758823991928764,
        49928
    ],
    "12": [
        0.059017244411111114,
        46331
    ],
    "13": [
        0.05415332051119242,
        45961
    ],
    "14": [
        0.06442522710714241,
        45507
    ]
}