{
    "0": [
        0.07570370030833294,
        53732
    ],
    "1": [
        0.06393234601791666,
        50522
    ],
    "2": [
        0.05431865718597056,
        45260
    ],
    "3": [
        0.05471131224132675,
        47998
    ],
    "4": [
        0.07747577618145016,
        49364
    ],
    "5": [
        0.0663382968066264,
        47078
    ],
    "6": [
        0.11321649637921856,
        55118
    ],
    "7": [
        0.0635416096897281,
        45634
    ],
    "8": [
        0.06466362619816228,
        51112
    ],
    "9": [
        0.0487611900014196,
        45284
    ],
    "10": [
        0.05811691405792005,
        48633
    ],
    "11": [
        0.05628553534995734,
        51622
    ],
    "12": [
        0.07909309871472259,
        52019
    ],
    "13": [
        0.07378579094772895,
        49233
    ],
    "14": [
        0.05005564991951912,
        43499
    ]
}