{
    "0": [
        0.056902292736008886,
        48118
    ],
    "1": [
        0.06007717934837805,
        50017
    ],
    "2": [
        0.06363091854556806,
        49598
    ],
    "3": [
        0.05086638694962278,
        51481
    ],
    "4": [
        0.11528105209654411,
        60008
    ],
    "5": [
        0.05785124567545853,
        45900
    ],
    "6": [
        0.058093342436114734,
        46307
    ],
    "7": [
        0.063523765386551,
        48497
    ],
    "8": [
        0.06094805676203762,
        49659
    ],
    "9": [
        0.0559773067165072,
        44031
    ],
    "10": [
        0.0620666914275199,
        52409
    ],
    "11": [
        0.1259740903505558,
        59770
    ],
    "12": [
        0.03377034017557164,
        43379
    ],
    "13": [
        0.07789364110290724,
        50594
    ],
    "14": [
        0.05714369029065462,
        47502
    ]
}