{
    "0": [
        146.30697693345687,
        0
    ],
    "1": [
        208.72250881574712,
        0
    ],
    "2": [
        220.10734205071446,
        0
    ],
    "3": [
        118.94417830091403,
        0
    ],
    "4": [
        161.89382505596896,
        0
    ],
    "5": [
        119.66116764584433,
        0
    ],
    "6": [
        261.169259847965,
        0
    ],
    "7": [
        250.67766366503253,
        0
    ],
    "8": [
        236.93318364848008,
        0
    ],
    "9": [
        263.04298433617856,
        0
    ],
    "10": [
        290.69089437475054,
        0
    ],
    "11": [
        128.57033378338429,
        0
    ],
    "12": [
        176.49208595589718,
        0
    ],
    "13": [
        228.232618578354,
        0
    ],
    "14": [
        145.06104634614343,
        0
    ]
}