{
    "0": [
        281.98619748897397,
        0
    ],
    "1": [
        94.32450226626624,
        0
    ],
    "2": [
        146.41001903769026,
        0
    ],
    "3": [
        184.42220559758366,
        0
    ],
    "4": [
        231.46449827394832,
        0
    ],
    "5": [
        199.93447178900988,
        0
    ],
    "6": [
        205.4255890810215,
        0
    ],
    "7": [
        198.7265712035047,
        0
    ],
    "8": [
        274.22591852922716,
        0
    ],
    "9": [
        168.91181839779753,
        0
    ],
    "10": [
        72.29589240072761,
        0
    ],
    "11": [
        222.0876475470191,
        0
    ],
    "12": [
        173.05410129620697,
        0
    ],
    "13": [
        195.2248199483288,
        0
    ],
    "14": [
        122.68111259207551,
        0
    ]
}