{
    "0": [
        233.09458897072335,
        0
    ],
    "1": [
        138.86433700400656,
        0
    ],
    "2": [
        193.4538419977888,
        0
    ],
    "3": [
        204.20486258403085,
        0
    ],
    "4": [
        242.3665239866641,
        0
    ],
    "5": [
        272.8883005937781,
        0
    ],
    "6": [
        150.92736669415925,
        0
    ],
    "7": [
        179.4460534639,
        0
    ],
    "8": [
        156.28614967127686,
        0
    ],
    "9": [
        131.1828000496736,
        0
    ],
    "10": [
        84.82806919581036,
        0
    ],
    "11": [
        195.19101470117027,
        0
    ],
    "12": [
        194.7929734547505,
        0
    ],
    "13": [
        186.4211218043049,
        0
    ],
    "14": [
        153.9226235593847,
        0
    ]
}