{
    "0": [
        110.02518033908885,
        0
    ],
    "1": [
        153.27639292795584,
        0
    ],
    "2": [
        121.23504903180043,
        0
    ],
    "3": [
        212.7768340749338,
        0
    ],
    "4": [
        252.3794143807686,
        0
    ],
    "5": [
        201.2532148607554,
        0
    ],
    "6": [
        154.58391490469813,
        0
    ],
    "7": [
        287.18843618257944,
        0
    ],
    "8": [
        134.57796750031778,
        0
    ],
    "9": [
        180.74292091125082,
        0
    ],
    "10": [
        256.0457407444974,
        0
    ],
    "11": [
        122.31042443493843,
        0
    ],
    "12": [
        221.61711786776155,
        0
    ],
    "13": [
        97.92217466185156,
        0
    ],
    "14": [
        176.03512906247113,
        0
    ]
}