{
    "0": [
        210.3142313397465,
        0
    ],
    "1": [
        151.20467920842344,
        0
    ],
    "2": [
        386.1136404826177,
        0
    ],
    "3": [
        130.27502554450223,
        0
    ],
    "4": [
        288.1273906756438,
        0
    ],
    "5": [
        131.76655343974315,
        0
    ],
    "6": [
        239.26613824515434,
        0
    ],
    "7": [
        167.37977002672454,
        0
    ],
    "8": [
        248.8533408053124,
        0
    ],
    "9": [
        155.8207496293082,
        0
    ],
    "10": [
        159.41130452993832,
        0
    ],
    "11": [
        222.76056802404543,
        0
    ],
    "12": [
        204.19756880840546,
        0
    ],
    "13": [
        131.51131670118133,
        0
    ],
    "14": [
        271.59939048392414,
        0
    ]
}