{
    "0": [
        196.74094479333695,
        0
    ],
    "1": [
        164.45980716519352,
        0
    ],
    "2": [
        151.69751775802797,
        0
    ],
    "3": [
        232.50438135556098,
        0
    ],
    "4": [
        315.5084565780956,
        0
    ],
    "5": [
        298.6774905125513,
        0
    ],
    "6": [
        161.3094428639602,
        0
    ],
    "7": [
        115.1627281116221,
        0
    ],
    "8": [
        206.53553938898884,
        0
    ],
    "9": [
        200.7235013431522,
        0
    ],
    "10": [
        179.05489962925878,
        0
    ],
    "11": [
        207.5392814003045,
        0
    ],
    "12": [
        228.1431340703769,
        0
    ],
    "13": [
        177.92742187672334,
        0
    ],
    "14": [
        261.1924340853765,
        0
    ]
}