{
    "0": [
        135.80684028951242,
        0
    ],
    "1": [
        191.09234587374812,
        0
    ],
    "2": [
        239.3559984324017,
        0
    ],
    "3": [
        208.48707622324997,
        0
    ],
    "4": [
        195.04773827054134,
        0
    ],
    "5": [
        155.9503909641972,
        0
    ],
    "6": [
        155.38255232489914,
        0
    ],
    "7": [
        221.68616617319935,
        0
    ],
    "8": [
        118.25969881971058,
        0
    ],
    "9": [
        282.1676890747536,
        0
    ],
    "10": [
        161.258303980633,
        0
    ],
    "11": [
        140.07875612532132,
        0
    ],
    "12": [
        171.18975358974765,
        0
    ],
    "13": [
        263.2209811529889,
        0
    ],
    "14": [
        227.5507615294792,
        0
    ]
}