{
    "0": [
        280.77299750260084,
        0
    ],
    "1": [
        202.0477677864335,
        0
    ],
    "2": [
        100.30660903290537,
        0
    ],
    "3": [
        181.28723684928678,
        0
    ],
    "4": [
        215.76253571662238,
        0
    ],
    "5": [
        202.07185166200858,
        0
    ],
    "6": [
        214.287883178146,
        0
    ],
    "7": [
        195.5273613089336,
        0
    ],
    "8": [
        100.32534365004757,
        0
    ],
    "9": [
        243.28370999883862,
        0
    ],
    "10": [
        190.3128902447731,
        0
    ],
    "11": [
        113.0263530833272,
        0
    ],
    "12": [
        110.62282170410704,
        0
    ],
    "13": [
        212.28134980307354,
        0
    ],
    "14": [
        309.5114156795193,
        0
    ]
}