{
    "0": [
        0.04539238288998604,
        2673
    ],
    "1": [
        0.058876510709524155,
        2719
    ],
    "2": [
        0.036903947591781616,
        2574
    ],
    "3": [
        0.06940755993127823,
        2605
    ],
    "4": [
        0.0793764740228653,
        3820
    ],
    "5": [
        0.07617080956697464,
        3443
    ],
    "6": [
        0.048556189984083176,
        3002
    ],
    "7": [
        0.05103551223874092,
        2766
    ],
    "8": [
        0.0405421182513237,
        2012
    ],
    "9": [
        0.03946400061249733,
        3129
    ],
    "10": [
        0.10874473303556442,
        2439
    ],
    "11": [
        0.08698371052742004,
        3614
    ],
    "12": [
        0.08576419949531555,
        3050
    ],
    "13": [
        0.09938880801200867,
        2278
    ],
    "14": [
        0.07339318096637726,
        4127
    ]
}