{
    "0": [
        0.10419746488332748,
        3543
    ],
    "1": [
        0.07021144777536392,
        2920
    ],
    "2": [
        0.08336348831653595,
        2532
    ],
    "3": [
        0.03812243416905403,
        2676
    ],
    "4": [
        0.07496025413274765,
        3253
    ],
    "5": [
        0.053113602101802826,
        3335
    ],
    "6": [
        0.03710152581334114,
        1879
    ],
    "7": [
        0.05022500827908516,
        2981
    ],
    "8": [
        0.08091297745704651,
        3254
    ],
    "9": [
        0.08480994403362274,
        3184
    ],
    "10": [
        0.06893080472946167,
        2357
    ],
    "11": [
        0.04282897710800171,
        2885
    ],
    "12": [
        0.08004400134086609,
        3151
    ],
    "13": [
        0.08997610211372375,
        3087
    ],
    "14": [
        0.04120199382305145,
        2542
    ]
}