{
    "0": [
        0.05644359439611435,
        3416
    ],
    "1": [
        0.07263180613517761,
        3073
    ],
    "2": [
        0.07645324617624283,
        3660
    ],
    "3": [
        0.03394711762666702,
        2308
    ],
    "4": [
        0.08107313513755798,
        3671
    ],
    "5": [
        0.13876217603683472,
        611
    ],
    "6": [
        0.06764176487922668,
        3912
    ],
    "7": [
        0.058727607131004333,
        2709
    ],
    "8": [
        0.05507821962237358,
        3177
    ],
    "9": [
        0.0650748759508133,
        2451
    ],
    "10": [
        0.07464007288217545,
        3997
    ],
    "11": [
        0.026694878935813904,
        2800
    ],
    "12": [
        0.07718240469694138,
        2956
    ],
    "13": [
        0.026319701224565506,
        3508
    ],
    "14": [
        0.08932939171791077,
        1959
    ]
}