{
    "0": [
        0.05934365838766098,
        2371
    ],
    "1": [
        0.05960189923644066,
        3124
    ],
    "2": [
        0.039955224841833115,
        3275
    ],
    "3": [
        0.08687187731266022,
        3711
    ],
    "4": [
        0.026384195312857628,
        2037
    ],
    "5": [
        0.08383376151323318,
        3262
    ],
    "6": [
        0.06528805196285248,
        3281
    ],
    "7": [
        0.09049756079912186,
        2193
    ],
    "8": [
        0.03042740933597088,
        2321
    ],
    "9": [
        0.10266105085611343,
        3414
    ],
    "10": [
        0.11430934816598892,
        2187
    ],
    "11": [
        0.029830217361450195,
        2676
    ],
    "12": [
        0.049034398049116135,
        2632
    ],
    "13": [
        0.06361445784568787,
        3813
    ],
    "14": [
        0.09834694117307663,
        3441
    ]
}