{
    "0": [
        0.055613625794649124,
        2519
    ],
    "1": [
        0.031979259103536606,
        3187
    ],
    "2": [
        0.07709935307502747,
        2856
    ],
    "3": [
        0.07560310512781143,
        2875
    ],
    "4": [
        0.07610063254833221,
        3631
    ],
    "5": [
        0.06204366683959961,
        2825
    ],
    "6": [
        0.06823983043432236,
        3167
    ],
    "7": [
        0.07851887494325638,
        3406
    ],
    "8": [
        0.05964701250195503,
        2371
    ],
    "9": [
        0.09080181270837784,
        3070
    ],
    "10": [
        0.041326381266117096,
        2589
    ],
    "11": [
        0.057403307408094406,
        2419
    ],
    "12": [
        0.07748894393444061,
        2912
    ],
    "13": [
        0.07284199446439743,
        2985
    ],
    "14": [
        0.07529223710298538,
        2351
    ]
}