{
    "0": [
        0.06386204808950424,
        3433
    ],
    "1": [
        0.041756365448236465,
        2341
    ],
    "2": [
        0.13901789486408234,
        3342
    ],
    "3": [
        0.09340522438287735,
        3661
    ],
    "4": [
        0.03340217471122742,
        2545
    ],
    "5": [
        0.0717368796467781,
        2635
    ],
    "6": [
        0.07288798689842224,
        2155
    ],
    "7": [
        0.07801813632249832,
        2848
    ],
    "8": [
        0.06760399043560028,
        2870
    ],
    "9": [
        0.07532612979412079,
        3296
    ],
    "10": [
        0.05811825022101402,
        2327
    ],
    "11": [
        0.06132132560014725,
        2958
    ],
    "12": [
        0.06644124537706375,
        2942
    ],
    "13": [
        0.038477152585983276,
        3329
    ],
    "14": [
        0.038625214248895645,
        2009
    ]
}