{
    "0": [
        0.04204750061035156,
        3116
    ],
    "1": [
        0.06479030847549438,
        2604
    ],
    "2": [
        0.09580522030591965,
        2043
    ],
    "3": [
        0.05903457850217819,
        2582
    ],
    "4": [
        0.03163723275065422,
        3854
    ],
    "5": [
        0.08446794748306274,
        2774
    ],
    "6": [
        0.04866887256503105,
        2414
    ],
    "7": [
        0.08259875327348709,
        4163
    ],
    "8": [
        0.0636071115732193,
        3006
    ],
    "9": [
        0.052435390651226044,
        2688
    ],
    "10": [
        0.08439099788665771,
        2349
    ],
    "11": [
        0.09196941554546356,
        2068
    ],
    "12": [
        0.028018876910209656,
        2135
    ],
    "13": [
        0.09952367842197418,
        3643
    ],
    "14": [
        0.07100410014390945,
        3752
    ]
}