{
    "0": [
        0.07813090085983276,
        3724
    ],
    "1": [
        0.07593508064746857,
        2802
    ],
    "2": [
        0.11265788972377777,
        3245
    ],
    "3": [
        0.07482359558343887,
        1882
    ],
    "4": [
        0.05581153556704521,
        3060
    ],
    "5": [
        0.04005000740289688,
        3162
    ],
    "6": [
        0.07000544667243958,
        3070
    ],
    "7": [
        0.07953383773565292,
        2949
    ],
    "8": [
        0.09530314058065414,
        3151
    ],
    "9": [
        0.0817994773387909,
        2339
    ],
    "10": [
        0.016241997480392456,
        1442
    ],
    "11": [
        0.04020192474126816,
        2480
    ],
    "12": [
        0.08176694810390472,
        3551
    ],
    "13": [
        0.029949864372611046,
        2470
    ],
    "14": [
        0.06778839230537415,
        3624
    ]
}