{
    "0": [
        0.06677373498678207,
        4414
    ],
    "1": [
        0.031303770840168,
        3285
    ],
    "2": [
        0.09592051804065704,
        2772
    ],
    "3": [
        0.11258850246667862,
        2410
    ],
    "4": [
        0.08344635367393494,
        3509
    ],
    "5": [
        0.029385259374976158,
        2144
    ],
    "6": [
        0.10670618712902069,
        4117
    ],
    "7": [
        0.06501881778240204,
        3488
    ],
    "8": [
        0.06030716001987457,
        1937
    ],
    "9": [
        0.06519464403390884,
        2853
    ],
    "10": [
        0.11949518322944641,
        2337
    ],
    "11": [
        0.030151866376399994,
        2414
    ],
    "12": [
        0.04799691215157509,
        2471
    ],
    "13": [
        0.04239974543452263,
        3517
    ],
    "14": [
        0.04331142082810402,
        2101
    ]
}