{
    "0": [
        0.02298070676624775,
        1739
    ],
    "1": [
        0.03554072603583336,
        2221
    ],
    "2": [
        0.09168387949466705,
        3215
    ],
    "3": [
        0.03004908747971058,
        3075
    ],
    "4": [
        0.03597554564476013,
        2776
    ],
    "5": [
        0.024645159021019936,
        2290
    ],
    "6": [
        0.1356136053800583,
        3543
    ],
    "7": [
        0.048818256705999374,
        3128
    ],
    "8": [
        0.07901298254728317,
        3622
    ],
    "9": [
        0.05370333045721054,
        2927
    ],
    "10": [
        0.06920915842056274,
        3083
    ],
    "11": [
        0.07513976842164993,
        3750
    ],
    "12": [
        0.0958704799413681,
        2513
    ],
    "13": [
        0.09884434938430786,
        2203
    ],
    "14": [
        0.10291292518377304,
        3269
    ]
}