{
    "0": [
        0.07135491818189621,
        2789
    ],
    "1": [
        0.03438522294163704,
        2198
    ],
    "2": [
        0.05533493310213089,
        4127
    ],
    "3": [
        0.06561502069234848,
        3584
    ],
    "4": [
        0.04112595319747925,
        2677
    ],
    "5": [
        0.040726158767938614,
        2834
    ],
    "6": [
        0.06176561117172241,
        1982
    ],
    "7": [
        0.051459480077028275,
        2597
    ],
    "8": [
        0.07161400467157364,
        3235
    ],
    "9": [
        0.13099895417690277,
        1824
    ],
    "10": [
        0.09461431950330734,
        2946
    ],
    "11": [
        0.07942424714565277,
        3577
    ],
    "12": [
        0.03513135015964508,
        1223
    ],
    "13": [
        0.09889872372150421,
        3673
    ],
    "14": [
        0.0675511285662651,
        2838
    ]
}