{
    "0": [
        0.05628993362188339,
        3218
    ],
    "1": [
        0.02820751443505287,
        2268
    ],
    "2": [
        0.08196363598108292,
        2720
    ],
    "3": [
        0.05899638682603836,
        2875
    ],
    "4": [
        0.030346082523465157,
        2152
    ],
    "5": [
        0.07792899012565613,
        3497
    ],
    "6": [
        0.05014141649007797,
        2501
    ],
    "7": [
        0.06146255508065224,
        3169
    ],
    "8": [
        0.08443183451890945,
        2299
    ],
    "9": [
        0.09865176677703857,
        3257
    ],
    "10": [
        0.1095602884888649,
        2612
    ],
    "11": [
        0.044474150985479355,
        3570
    ],
    "12": [
        0.07131565362215042,
        3752
    ],
    "13": [
        0.03567591682076454,
        3253
    ],
    "14": [
        0.1105538159608841,
        3381
    ]
}