{
    "0": [
        0.07243011146783829,
        2571
    ],
    "1": [
        0.07701939344406128,
        3651
    ],
    "2": [
        0.06117017939686775,
        2610
    ],
    "3": [
        0.06670290976762772,
        3182
    ],
    "4": [
        0.08155445754528046,
        3296
    ],
    "5": [
        0.13837160170078278,
        2135
    ],
    "6": [
        0.036303259432315826,
        2701
    ],
    "7": [
        0.06113220006227493,
        3030
    ],
    "8": [
        0.09473950415849686,
        3805
    ],
    "9": [
        0.08283398300409317,
        3045
    ],
    "10": [
        0.0370597168803215,
        2064
    ],
    "11": [
        0.062317728996276855,
        2632
    ],
    "12": [
        0.05117487162351608,
        2277
    ],
    "13": [
        0.04330417886376381,
        3437
    ],
    "14": [
        0.033886030316352844,
        3021
    ]
}