{
    "0": [
        0.07682864367961884,
        3327
    ],
    "1": [
        0.0301893912255764,
        3061
    ],
    "2": [
        0.03767238184809685,
        2129
    ],
    "3": [
        0.0865153819322586,
        2685
    ],
    "4": [
        0.046913210302591324,
        3128
    ],
    "5": [
        0.06098596751689911,
        2552
    ],
    "6": [
        0.07251595705747604,
        2582
    ],
    "7": [
        0.05740221217274666,
        3366
    ],
    "8": [
        0.12157543748617172,
        2874
    ],
    "9": [
        0.07571889460086823,
        2493
    ],
    "10": [
        0.031543005257844925,
        3017
    ],
    "11": [
        0.06884285062551498,
        1859
    ],
    "12": [
        0.10219141840934753,
        4228
    ],
    "13": [
        0.04924236610531807,
        2549
    ],
    "14": [
        0.08186279982328415,
        4154
    ]
}