{"0": {"mean": 0.02600186876952648, "variance": 0.0014224916230887175, "std_dev": 0.037715934216976166, "median": 0.0, "range": 0.15493816137313843, "iq_range": 0.04320245608687401, "density": 0.7464841974671091, "accuracy": 0.0, "distance": 0.7810243964195251}, "1": {"mean": 0.02600240893661976, "variance": 0.001421819208189845, "std_dev": 0.037707019597291946, "median": 0.0, "range": 0.15493816137313843, "iq_range": 0.04321875050663948, "density": 0.7921105610664388, "accuracy": 0.0, "distance": 0.8277291655540466}, "2": {"mean": 0.025991709902882576, "variance": 0.0014204442268237472, "std_dev": 0.03768878057599068, "median": 0.0, "range": 0.15493816137313843, "iq_range": 0.04326274711638689, "density": 0.6987285454093594, "accuracy": 0.0, "distance": 0.912068784236908}, "3": {"mean": 0.026002636179327965, "variance": 0.001422475092113018, "std_dev": 0.037715714424848557, "median": 0.0, "range": 0.15493816137313843, "iq_range": 0.04320245608687401, "density": 0.7541142403111446, "accuracy": 0.0, "distance": 0.8152946829795837}, "4": {"mean": 0.025743674486875534, "variance": 0.0013702709693461657, "std_dev": 0.03701717033982277, "median": 0.0, "range": 0.15457014739513397, "iq_range": 0.04326662700623274, "density": 0.5181147459187136, "accuracy": 0.0, "distance": 0.8752596974372864}}