{"('random',)": [0.8031765520572662, 62.8], "('random0',)": [0.7924018353223801, 66.2], "('random0', 'random1')": [0.7668099701404572, 66.6], "('random0', 'random1', 'random2')": [0.8542766645550728, 63.8], "('random0', 'random1', 'random2', 'random3')": [0.8043674156069756, 66.2], "('goal_in_front',)": [0.6884001865983009, 67.0], "('goal_in_view',)": [0.5209349319338799, 76.6], "('goal_to_left',)": [0.7410657554864883, 64.5], "('goal_to_right',)": [0.8251187801361084, 64.1], "('wall_in_view',)": [0.6464363783597946, 64.8], "('goal_in_front', 'goal_in_view')": [0.48802515864372253, 76.9], "('goal_in_front', 'goal_to_left')": [0.4513898007571697, 84.3], "('goal_in_front', 'goal_to_right')": [0.6046965047717094, 66.0], "('goal_in_front', 'wall_in_view')": [0.5401172935962677, 73.1], "('goal_in_view', 'goal_to_left')": [0.2806002628058195, 85.8], "('goal_in_view', 'goal_to_right')": [0.4383675567805767, 74.6], "('goal_in_view', 'wall_in_view')": [0.5144190564751625, 75.4], "('goal_to_left', 'goal_to_right')": [0.6774598509073257, 65.7], "('goal_to_left', 'wall_in_view')": [0.4836304150521755, 77.8], "('goal_to_right', 'wall_in_view')": [0.6332245320081711, 67.4], "('goal_in_front', 'goal_in_view', 'goal_to_left')": [0.2558086905628443, 86.1], "('goal_in_front', 'goal_in_view', 'goal_to_right')": [0.42924460768699646, 74.7], "('goal_in_front', 'goal_in_view', 'wall_in_view')": [0.5130085498094559, 75.4], "('goal_in_front', 'goal_to_left', 'goal_to_right')": [0.3327404819428921, 85.2], "('goal_in_front', 'goal_to_left', 'wall_in_view')": [0.28211154602468014, 87.8], "('goal_in_front', 'goal_to_right', 'wall_in_view')": [0.5217486955225468, 70.4], "('goal_in_view', 'goal_to_left', 'goal_to_right')": [0.26154498383402824, 87.6], "('goal_in_view', 'goal_to_left', 'wall_in_view')": [0.2508914638310671, 88.6], "('goal_in_view', 'goal_to_right', 'wall_in_view')": [0.43804841488599777, 76.9], "('goal_to_left', 'goal_to_right', 'wall_in_view')": [0.4489767253398895, 75.0], "('goal_in_front', 'goal_in_view', 'goal_to_left', 'goal_to_right')": [0.2888092715293169, 86.1], "('goal_in_front', 'goal_in_view', 'goal_to_left', 'wall_in_view')": [0.24628621898591518, 87.9], "('goal_in_front', 'goal_in_view', 'goal_to_right', 'wall_in_view')": [0.4216578043997288, 75.9], "('goal_in_front', 'goal_to_left', 'goal_to_right', 'wall_in_view')": [0.2522308360785246, 87.2], "('goal_in_view', 'goal_to_left', 'goal_to_right', 'wall_in_view')": [0.2667049188166857, 85.3], "('goal_in_front', 'goal_in_view', 'goal_to_left', 'goal_to_right', 'wall_in_view')": [0.24495933391153812, 87.9]}