{"('random',)": [1.0501927137374878, 46.0], "('goal_in_front',)": [0.9920006096363068, 53.0], "('goal_in_view',)": [1.083174705505371, 39.0], "('goal_to_left',)": [1.0962103009223938, 39.0], "('goal_to_right',)": [1.0908299684524536, 40.0], "('wall_in_view',)": [1.0776731371879578, 48.0], "('goal_in_front', 'goal_in_view')": [1.0480558276176453, 44.0], "('goal_in_front', 'goal_to_left')": [1.002923846244812, 50.0], "('goal_in_front', 'goal_to_right')": [1.0865861773490906, 35.0], "('goal_in_front', 'wall_in_view')": [0.9928492903709412, 50.0], "('goal_in_view', 'goal_to_left')": [1.0946711301803589, 45.0], "('goal_in_view', 'goal_to_right')": [1.0803174376487732, 34.0], "('goal_in_view', 'wall_in_view')": [1.093957006931305, 38.0], "('goal_to_left', 'goal_to_right')": [1.0793447494506836, 42.0], "('goal_to_left', 'wall_in_view')": [1.0567626357078552, 46.0], "('goal_to_right', 'wall_in_view')": [1.1238755583763123, 42.0], "('goal_in_front', 'goal_in_view', 'goal_to_left')": [1.0060722529888153, 53.0], "('goal_in_front', 'goal_in_view', 'goal_to_right')": [1.061614453792572, 41.0], "('goal_in_front', 'goal_in_view', 'wall_in_view')": [0.9934580028057098, 53.0], "('goal_in_front', 'goal_to_left', 'goal_to_right')": [1.0396992564201355, 47.0], "('goal_in_front', 'goal_to_left', 'wall_in_view')": [1.0040313303470612, 50.0], "('goal_in_front', 'goal_to_right', 'wall_in_view')": [1.1028537154197693, 41.0], "('goal_in_view', 'goal_to_left', 'goal_to_right')": [1.049991488456726, 50.0], "('goal_in_view', 'goal_to_left', 'wall_in_view')": [1.0924615263938904, 42.0], "('goal_in_view', 'goal_to_right', 'wall_in_view')": [1.0900207161903381, 41.0], "('goal_to_left', 'goal_to_right', 'wall_in_view')": [1.0923935770988464, 37.0], "('goal_in_front', 'goal_in_view', 'goal_to_left', 'goal_to_right')": [1.039762794971466, 40.0], "('goal_in_front', 'goal_in_view', 'goal_to_left', 'wall_in_view')": [1.0568037033081055, 51.0], "('goal_in_front', 'goal_in_view', 'goal_to_right', 'wall_in_view')": [0.9803626835346222, 52.0], "('goal_in_front', 'goal_to_left', 'goal_to_right', 'wall_in_view')": [0.99258953332901, 56.0], "('goal_in_view', 'goal_to_left', 'goal_to_right', 'wall_in_view')": [1.1020580530166626, 36.0], "('goal_in_front', 'goal_in_view', 'goal_to_left', 'goal_to_right', 'wall_in_view')": [0.9942874908447266, 48.0]}