{
<<<<<<< HEAD
    "decision_tree": 0.7957,
    "xgboost": 0.8897,
    "random_forest": 0.8723,
    "elasticnet": 0.0963,
    "svm": 0.8502,
    "logistic_regesssion": 0.8273,
    "nn": 0.88925
=======
    "decision_tree": 0.7905,
    "xgboost": 0.8853,
    "random_forest": 0.873,
    "elasticnet": 0.0739,
    "svm": 0.8507,
    "logistic_regesssion": 0.8212,
    "nn": 0.88325
>>>>>>> 312a5c5b0b742f9a9960331bcf7a5cc4e6e32747
}