{
<<<<<<< HEAD
    "decision_tree": 0.8048,
    "xgboost": 0.9048,
    "random_forest": 0.8842,
    "elasticnet": 0.0676,
    "svm": 0.8616,
    "logistic_regesssion": 0.8336,
    "nn": 0.8890833333333333
=======
    "decision_tree": 0.8068,
    "xgboost": 0.9037,
    "random_forest": 0.8914,
    "elasticnet": 0.1057,
    "svm": 0.864,
    "logistic_regesssion": 0.8423,
    "nn": 0.90425
>>>>>>> 312a5c5b0b742f9a9960331bcf7a5cc4e6e32747
}