{
<<<<<<< HEAD
    "decision_tree": 0.8105,
    "xgboost": 0.8966,
    "random_forest": 0.8824,
    "elasticnet": 0.0993,
    "svm": 0.857,
    "logistic_regesssion": 0.8342,
    "nn": 0.8936666666666667
=======
    "decision_tree": 0.8022,
    "xgboost": 0.9018,
    "random_forest": 0.8836,
    "elasticnet": 0.0784,
    "svm": 0.8646,
    "logistic_regesssion": 0.8418,
    "nn": 0.8998333333333334
>>>>>>> 312a5c5b0b742f9a9960331bcf7a5cc4e6e32747
}