{
<<<<<<< HEAD
    "decision_tree": 0.7927,
    "xgboost": 0.9013,
    "random_forest": 0.8826,
    "elasticnet": 0.101,
    "svm": 0.8611,
    "logistic_regesssion": 0.8382,
    "nn": 0.8973333333333333
=======
    "decision_tree": 0.8008,
    "xgboost": 0.8987,
    "random_forest": 0.886,
    "elasticnet": 0.1172,
    "svm": 0.8707,
    "logistic_regesssion": 0.8422,
    "nn": 0.8943333333333333
>>>>>>> 312a5c5b0b742f9a9960331bcf7a5cc4e6e32747
}