{
<<<<<<< HEAD
    "decision_tree": 0.7969,
    "xgboost": 0.8945,
    "random_forest": 0.8748,
    "elasticnet": 0.1109,
    "svm": 0.8607,
    "logistic_regesssion": 0.8375,
    "nn": 0.8895833333333333
=======
    "decision_tree": 0.7993,
    "xgboost": 0.8963,
    "random_forest": 0.8786,
    "elasticnet": 0.1009,
    "svm": 0.853,
    "logistic_regesssion": 0.83,
    "nn": 0.8869166666666667
>>>>>>> 312a5c5b0b742f9a9960331bcf7a5cc4e6e32747
}