{
<<<<<<< HEAD
    "decision_tree": 0.8024,
    "xgboost": 0.9025,
    "random_forest": 0.8897,
    "elasticnet": 0.1021,
    "svm": 0.8656,
    "logistic_regesssion": 0.8337,
    "nn": 0.8980833333333333
=======
    "decision_tree": 0.7995,
    "xgboost": 0.9028,
    "random_forest": 0.8827,
    "elasticnet": 0.1125,
    "svm": 0.864,
    "logistic_regesssion": 0.8356,
    "nn": 0.89175
>>>>>>> 312a5c5b0b742f9a9960331bcf7a5cc4e6e32747
}