{
<<<<<<< HEAD
    "decision_tree": 0.7688,
    "xgboost": 0.8764,
    "random_forest": 0.853,
    "elasticnet": 0.0823,
    "svm": 0.8338,
    "logistic_regesssion": 0.8108,
    "nn": 0.8835833333333334
=======
    "decision_tree": 0.7958,
    "xgboost": 0.8975,
    "random_forest": 0.8746,
    "elasticnet": 0.0881,
    "svm": 0.8576,
    "logistic_regesssion": 0.8291,
    "nn": 0.89175
>>>>>>> 312a5c5b0b742f9a9960331bcf7a5cc4e6e32747
}