{
<<<<<<< HEAD
    "decision_tree": 0.7967,
    "xgboost": 0.8978,
    "random_forest": 0.8755,
    "elasticnet": 0.1055,
    "svm": 0.8574,
    "logistic_regesssion": 0.8303,
    "nn": 0.89625
=======
    "decision_tree": 0.7993,
    "xgboost": 0.9014,
    "random_forest": 0.8788,
    "elasticnet": 0.1172,
    "svm": 0.8609,
    "logistic_regesssion": 0.8278,
    "nn": 0.8958333333333334
>>>>>>> 312a5c5b0b742f9a9960331bcf7a5cc4e6e32747
}