{
<<<<<<< HEAD
    "decision_tree": 0.8019,
    "xgboost": 0.8991,
    "random_forest": 0.8781,
    "elasticnet": 0.1146,
    "svm": 0.8581,
    "logistic_regesssion": 0.8313,
    "nn": 0.8995833333333333
=======
    "decision_tree": 0.806,
    "xgboost": 0.901,
    "random_forest": 0.88,
    "elasticnet": 0.0863,
    "svm": 0.8692,
    "logistic_regesssion": 0.8463,
    "nn": 0.8986666666666666
>>>>>>> 312a5c5b0b742f9a9960331bcf7a5cc4e6e32747
}