{
<<<<<<< HEAD
    "decision_tree": 0.802,
    "xgboost": 0.8884,
    "random_forest": 0.8746,
    "elasticnet": 0.1028,
    "svm": 0.8486,
    "logistic_regesssion": 0.8245,
    "nn": 0.88575
=======
    "decision_tree": 0.7876,
    "xgboost": 0.898,
    "random_forest": 0.8763,
    "elasticnet": 0.094,
    "svm": 0.8514,
    "logistic_regesssion": 0.8264,
    "nn": 0.8863333333333333
>>>>>>> 312a5c5b0b742f9a9960331bcf7a5cc4e6e32747
}