{
<<<<<<< HEAD
    "decision_tree": 0.8104,
    "xgboost": 0.8988,
    "random_forest": 0.8814,
    "elasticnet": 0.087,
    "svm": 0.8608,
    "logistic_regesssion": 0.8392,
    "nn": 0.8974166666666666
=======
    "decision_tree": 0.8004,
    "xgboost": 0.9028,
    "random_forest": 0.8857,
    "elasticnet": 0.1154,
    "svm": 0.8581,
    "logistic_regesssion": 0.8326,
    "nn": 0.8951666666666667
>>>>>>> 312a5c5b0b742f9a9960331bcf7a5cc4e6e32747
}